ID_POLIGONO,cultivo,area_ha,municipio,estado,conjunto,rendimiento_t_ha,lon,lat,lluvia_ciclo_mm,lluvia_mes_max_mm,tmin_ciclo_c,tmax_ciclo_c,tmedia_ciclo_c,amplitud_ciclo_c,elevacion_m,elevacion_min_m,elevacion_max_m,pendiente_grados,pendiente_max_grados,relieve_m,pixel_clima,n_obs_s2,n_obs_landsat,n_obs_planet,ndvi_s2_max,ndvi_s2_media,ndvi_s2_int,ndvi_s2_doy_max,ndvi_s2_std_media,evi_s2_max,evi_s2_media,evi_s2_int,evi_s2_doy_max,evi_s2_std_media,savi_s2_max,savi_s2_media,savi_s2_int,savi_s2_doy_max,savi_s2_std_media,lai_s2_max,lai_s2_media,lai_s2_int,lai_s2_doy_max,lai_s2_std_media,fapar_s2_max,fapar_s2_media,fapar_s2_int,fapar_s2_doy_max,fapar_s2_std_media,ndwi_s2_media,ndwi_s2_max,ndwi_s2_min,endwi_s2_media,endwi_s2_max,endwi_s2_min,msi_s2_media,msi_s2_max,msi_s2_min,emsi_s2_media,emsi_s2_max,emsi_s2_min,ndti_s2_media,ndti_s2_max,ndti_s2_min,sti_s2_media,sti_s2_max,sti_s2_min,crc_s2_media,crc_s2_max,crc_s2_min,ndvi_s2_media_ago,ndvi_s2_media_may_jul,ndvi_s2_media_sep_oct,vi6t_landsat_media,vi6t_landsat_max,vi6t_landsat_min,ndvi_planet_max,ndvi_planet_media,ndvi_planet_int,ndvi_planet_doy_max,ndvi_planet_std_media,evi_planet_max,evi_planet_media,evi_planet_int,evi_planet_doy_max,evi_planet_std_media,lai_planet_max,lai_planet_media,lai_planet_int,lai_planet_doy_max,lai_planet_std_media,msavi_planet_max,msavi_planet_media,msavi_planet_int,msavi_planet_doy_max,msavi_planet_std_media,ndvi_planet_media_ago,ndvi_planet_media_may_jul,ndvi_planet_media_sep_oct,sensores_confiables,ndvi_s2_max_2022,ndvi_s2_int_2022,ndvi_s2_media_sep_oct_2022,ndvi_s2_max_2023,ndvi_s2_int_2023,ndvi_s2_media_sep_oct_2023,ndvi_s2_max_2024,ndvi_s2_int_2024,ndvi_s2_media_sep_oct_2024,crc_s2_media_2022,crc_s2_media_2023,crc_s2_media_2024,vi6t_landsat_max_2022,vi6t_landsat_max_2023,vi6t_landsat_max_2024,lluvia_ciclo_mm_2022,lluvia_ciclo_mm_2023,lluvia_ciclo_mm_2024,ndvi_s2_max_hist_media,ndvi_s2_int_hist_media,ndvi_s2_media_sep_oct_hist_media,crc_s2_media_hist_media,vi6t_landsat_max_hist_media,lluvia_ciclo_mm_hist_media
AGC_001,Cebada,7.61,Calpulalpan,Tlaxcala,ENTRENAMIENTO,3.5,-98.561839830489,19.5425185,1360.9191226959229,360.6580810546875,11.596076556614468,23.34951673235212,17.472796644483296,11.753440175737657,2708.937488097546,2697,2721,3.039547547321454,3.557457685470581,24,2433,35,12,91,0.745,0.3394,70.9365,265,0.06122857142857143,0.682,0.28068571428571426,59.0465,265,0.06574285714285714,0.499,0.21337142857142857,44.8595,265,0.04634285714285714,1.275,0.30588571428571426,65.197,265,0.1368,0.733,0.3172285714285714,65.6025,265,0.05922857142857143,0.08674285714285714,0.444,-0.117,0.2249428571428571,0.69,-0.053,0.9058857142857144,1.266,0.387,0.7170857142857143,1.114,0.185,0.16297142857142857,0.359,0.057,1.436942857142857,2.125,1.121,0.3024,0.387,-0.065,0.41,0.196,0.6277,-0.6244166666666666,-0.596,-0.658,0.836,0.38869230769230767,90.5125,245,0.04605494505494505,0.693,0.2543846153846154,58.878,254,0.03841758241758242,3.142,1.353021978021978,316.378,265,0.1888021978021978,0.638,0.25235164835164836,58.2815,254,0.03901098901098901,0.5211428571428571,0.2386388888888889,0.7496190476190476,3,0.572,67.34,0.46659999999999996,0.597,62.4,0.35133333333333333,0.683,66.04,0.5812,0.3488846153846154,0.3478148148148148,0.28632,-0.554,-0.531,-0.608,864.134204864502,760.2821846008301,1295.2941226959229,0.6173333333333333,65.26,0.4663777777777778,0.3276731433998101,-0.5643333333333334,973.236837387085
AGC_002,Cebada,2.31,Chignahuapan,Puebla,ENTRENAMIENTO,4.63,-98.2529397936639,19.86103531203965,961.35080909729,237.6761016845703,13.32825333731515,23.78072602408273,18.55448968069894,10.452472686767578,2611.461294672004,2610,2613,0.5975071106380666,0.6804600954055786,3,1984,31,19,89,0.751,0.417258064516129,91.6625,185,0.06270967741935483,0.773,0.3500645161290323,77.0515,185,0.06696774193548387,0.547,0.2646774193548387,57.86,185,0.04687096774193548,1.712,0.4529032258064516,104.4945,185,0.15916129032258064,0.717,0.3757096774193549,83.98649999999999,185,0.05561290322580645,0.07403225806451613,0.351,-0.181,0.2558064516129032,0.619,-0.12,0.9369032258064516,1.446,0.484,0.6924516129032259,1.275,0.239,0.20525806451612905,0.346,0.044,1.5700645161290323,2.07,1.092,0.3757096774193549,0.471,0.153,0.6245,0.4564166666666667,0.447,-0.6226842105263158,-0.58,-0.657,0.835,0.4430674157303371,105.0525,184,0.04449438202247191,0.677,0.2924157303370786,72.381,193,0.03620224719101123,2.805,1.5358314606741572,362.937,184,0.17575280898876405,0.671,0.28852808988764045,70.0405,184,0.03767415730337079,0.721375,0.42703125,0.5626875,3,0.693,77.855,0.491,0.486,57.88,0.2724285714285714,0.704,71.35,0.6308,0.34230434782608693,0.38073913043478264,0.35816,-0.541,-0.523,-0.592,516.0190601348877,571.0173530578613,992.8766441345215,0.6276666666666666,69.02833333333334,0.4647428571428571,0.36040115942028983,-0.552,693.3043524424235
AGC_003,Cebada,18.68,Singuilucan,Hidalgo,PREDICCION,,-98.37500688898182,19.980657732491288,1335.0902252197266,357.91552734375,13.277612549918038,23.801090785435267,18.53935166767665,10.52347823551723,2642.6009501463227,2635,2657,2.2784374573396216,6.549473285675049,22,1852,32,13,63,0.741,0.3956875,84.009,240,0.07425,0.764,0.295375,64.6095,245,0.08712500000000001,0.508,0.22928125,49.1285,245,0.06109375,1.466,0.35571875,82.86,245,0.20153125,0.75,0.32603125,71.2245,245,0.08225,0.0568125,0.426,-0.198,0.24815625,0.692,-0.153,0.9843125,1.502,0.405,0.69528125,1.371,0.183,0.21828125,0.398,0.046,1.6084375,2.334,1.099,0.34796875,0.511,-0.131,0.6433333333333333,0.28533333333333333,0.5845,-0.6451538461538462,-0.612,-0.661,0.829,0.44426984126984126,103.111,286,0.05117460317460317,0.656,0.2679047619047619,62.7205,268,0.04568253968253968,3.126,1.5545238095238094,356.909,241,0.21044444444444443,0.606,0.26966666666666667,62.686499999999995,238,0.0472063492063492,0.7424444444444445,0.2878,0.6782307692307692,3,0.644,69.51,0.611,0.642,51.464999999999996,0.38116666666666665,0.66,67.79,0.48124999999999996,0.4276190476190476,0.3373181818181818,0.39894117647058824,-0.563,-0.543,-0.608,621.6697158813477,607.8970184326172,1117.1492729187012,0.6486666666666667,62.92166666666667,0.49113888888888885,0.3879594686359392,-0.5713333333333334,782.2386690775553
AGC_004,Cebada,8,Calpulalpan,Tlaxcala,ENTRENAMIENTO,3,-98.5367061076292,19.577954,887.9460887908936,223.35414123535156,12.122947284153527,23.791027886526926,17.95698758534023,11.668080602373395,2564.1995983111897,2557,2570,1.3451827115764228,1.4953147172927856,13,2369,36,14,97,0.577,0.322,67.527,257,0.10155555555555557,0.518,0.2673611111111111,56.5695,250,0.09927777777777776,0.371,0.20355555555555557,42.759,265,0.07,0.781,0.26366666666666666,56.5555,265,0.1985555555555555,0.578,0.2756388888888889,58.8275,257,0.10011111111111112,-0.00313888888888888,0.276,-0.194,0.1386388888888889,0.503,-0.126,1.0723888888888888,1.489,0.593,0.8402499999999999,1.299,0.352,0.15380555555555556,0.3,0.063,1.393888888888889,1.879,1.138,0.36088888888888887,0.425,0.198,0.4558571428571429,0.23341666666666663,0.49766666666666665,-0.631,-0.616,-0.646,0.7,0.40122680412371137,89.6095,245,0.09677319587628866,0.481,0.25622680412371135,56.816,252,0.06924742268041237,2.599,1.4171340206185568,316.315,261,0.37212371134020616,0.467,0.25,55.174,250,0.07164948453608247,0.5644117647058824,0.28647058823529414,0.59824,3,0.634,64.915,0.3095,0.525,56.03,0.26585714285714285,0.671,68.1525,0.4565,0.3765,0.40014814814814814,0.35051724137931034,-0.574,-0.575,-0.613,543.5141906738281,521.8285694122314,800.2204971313477,0.61,63.032500000000006,0.34395238095238095,0.37572179650915283,-0.5873333333333333,621.8544190724691
AGC_005,Cebada,2.27,Chignahuapan,Puebla,ENTRENAMIENTO,5.16,-98.24413470858867,19.8587523243044,793.7303228378296,195.0574951171875,13.248210770743237,23.513994216918945,18.38110249383109,10.26578344617571,2623.981209473153,2622,2625,1.4320193173199771,2.680464506149292,3,1985,30,24,88,0.799,0.37356666666666666,94.3275,265,0.07446666666666667,0.79,0.3149666666666667,83.445,265,0.0867,0.567,0.2351,61.2065,265,0.05903333333333333,2.229,0.4394666666666666,144.9125,265,0.2539,0.805,0.29413333333333336,80.64,265,0.08236666666666667,-0.03483333333333333,0.439,-0.267,0.1044,0.704,-0.203,1.2191,1.737,0.401,0.9798666666666668,1.522,0.176,0.1642,0.411,0.05,1.4504666666666666,2.404,1.107,0.4132,0.502,0.17,0.4915,0.288,0.7322,-0.639125,-0.611,-0.66,0.871,0.47275,110.555,265,0.05414772727272727,0.798,0.3281022727272727,79.371,253,0.05523863636363636,3.345,1.718409090909091,405.8455,265,0.218375,0.78,0.320125,76.998,253,0.05544318181818182,0.605875,0.37082758620689654,0.8168333333333333,3,0.699,84.07000000000001,0.38575000000000004,0.554,69.81,0.284625,0.73,84.48,0.5756,0.3917727272727273,0.4636363636363636,0.42254166666666665,-0.573,-0.597,-0.589,442.7937717437744,479.3665199279785,852.943962097168,0.661,79.45333333333333,0.415325,0.42598358585858587,-0.5863333333333333,591.7014179229736
AGC_006,Cebada,3.84,Chignahuapan,Puebla,ENTRENAMIENTO,4.49,-98.23634622219258,19.8983045508203,793.7303228378296,195.0574951171875,13.248210770743237,23.513994216918945,18.38110249383109,10.26578344617571,2894.1334699510753,2881,2898,2.4128724188578685,5.251580715179443,17,1985,27,23,77,0.711,0.3725185185185185,84.25150000000001,240,0.06903703703703704,0.607,0.3161481481481481,69.4695,210,0.0758888888888889,0.461,0.247,54.417,240,0.05185185185185185,1.128,0.4169259259259259,94.186,210,0.1812962962962963,0.689,0.33466666666666667,76.359,240,0.06092592592592592,0.06814814814814815,0.373,-0.145,0.22814814814814816,0.613,-0.091,0.9317407407407408,1.34,0.462,0.7155555555555555,1.204,0.245,0.17951851851851852,0.324,0.035,1.485,1.962,1.073,0.3864444444444444,0.451,0.186,0.6516,0.33836363636363637,0.55725,-0.6101739130434782,-0.561,-0.65,0.813,0.3982337662337662,96.156,248,0.04983116883116883,0.644,0.2737922077922078,65.727,232,0.04023376623376623,2.993,1.3220649350649352,322.642,249,0.19303896103896104,0.621,0.27596103896103896,65.7535,248,0.04077922077922077,0.7289333333333333,0.2540769230769231,0.6658571428571428,3,0.419,43.62,0.4023333333333333,0.228,35.0875,0.19242857142857142,0.735,75.7925,0.6216,0.337,0.36136842105263156,0.3192857142857143,-0.542,-0.482,-0.557,442.7937717437744,479.3665199279785,852.943962097168,0.46066666666666667,51.5,0.4054539682539683,0.339218045112782,-0.527,591.7014179229736
AGC_007,Cebada,2.87,Singuilucan,Hidalgo,ENTRENAMIENTO,3.5,-98.41568144754996,19.955904734463097,1274.5569305419922,361.1207885742187,12.802263123648506,23.584245954241073,18.19325453894479,10.781982830592566,2762.1503539093906,2756,2767,3.607715046809161,3.931095838546753,11,1851,33,10,64,0.817,0.39960606060606063,84.411,240,0.06066666666666667,0.813,0.3413939393939394,71.6315,235,0.07390909090909091,0.568,0.25657575757575757,54.006,240,0.04896969696969697,2.017,0.5566969696969697,116.552,235,0.25633333333333336,0.867,0.4033333333333333,85.116,240,0.06106060606060606,0.16721212121212123,0.542,-0.095,0.3382121212121212,0.751,-0.029,0.7827272727272727,1.213,0.3,0.5745454545454546,1.066,0.144,0.21393939393939393,0.376,0.053,1.6082121212121212,2.218,1.114,0.2696363636363636,0.442,-0.268,0.7515714285714286,0.30963636363636365,0.457375,-0.642,-0.616,-0.656,0.907,0.429078125,99.5845,238,0.042484375,0.823,0.30415625,69.802,227,0.04084375,3.663,1.5505,353.435,238,0.18746875,0.728,0.305609375,69.8685,238,0.04075,0.8446153846153847,0.33490909090909093,0.5024545454545455,3,0.581,66.7525,0.49675,0.398,39.52,0.2521111111111111,0.784,78.83,0.5535,0.298,0.27507692307692305,0.3296,-0.593,-0.544,-0.632,573.2268009185791,526.2208614349365,1000.8445796966553,0.5876666666666667,61.700833333333335,0.4341203703703704,0.3008923076923077,-0.5896666666666667,700.0974140167236
AGC_008,Cebada,10.77,Chignahuapan,Puebla,ENTRENAMIENTO,4.55,-98.27119050211958,19.86337894688115,961.35080909729,237.6761016845703,13.32825333731515,23.78072602408273,18.55448968069894,10.452472686767578,2614.8365568344702,2605,2631,2.948304181729892,3.5723683834075928,26,1984,31,15,85,0.604,0.3558709677419355,76.877,245,0.06293548387096774,0.485,0.2739032258064516,58.5695,245,0.06793548387096775,0.37,0.214,45.621,265,0.04809677419354839,0.695,0.27599999999999997,60.6495,265,0.14012903225806453,0.564,0.2904193548387097,63.43,245,0.063,0.00816129032258064,0.29,-0.211,0.1782258064516129,0.558,-0.14,1.0499677419354838,1.538,0.555,0.7893548387096774,1.33,0.285,0.18264516129032257,0.322,0.053,1.4851612903225806,1.96,1.113,0.36906451612903224,0.458,0.004,0.5301666666666667,0.30827272727272725,0.49142857142857144,-0.6344666666666666,-0.6,-0.654,0.738,0.41403529411764706,93.601,248,0.05391764705882353,0.506,0.2573764705882353,58.7275,266,0.04329411764705882,2.647,1.424,321.251,249,0.20538823529411765,0.5,0.25371764705882355,57.4975,253,0.04387058823529412,0.6288,0.3263448275862069,0.6245555555555555,3,0.705,75.1775,0.2784,0.601,59.5475,0.22175,0.666,71.65,0.489,0.38325,0.3996521739130435,0.35785185185185187,-0.556,-0.534,-0.617,516.0190601348877,571.0173530578613,992.8766441345215,0.6573333333333333,68.79166666666667,0.32971666666666666,0.3802513419216318,-0.5690000000000001,693.3043524424235
AGC_009,Cebada,0.38,Cuautepec de Hinojosa,Hidalgo,ENTRENAMIENTO,4.79,-98.27688339283202,19.9275949163709,1046.5036239624023,257.7463684082031,13.484571865626744,23.714047023228236,18.59930944442749,10.229475157601492,2640.8882224119325,2630,2661,7.428509088102471,8.264516830444336,31,1919,34,17,74,0.607,0.35094117647058826,78.603,210,0.07520588235294118,0.482,0.24229411764705883,53.504,210,0.06244117647058823,0.37,0.19358823529411764,42.5225,210,0.04411764705882353,0.706,0.21629411764705883,50.545,210,0.10697058823529412,0.558,0.30011764705882354,67.2005,210,0.06,0.07100000000000001,0.399,-0.07,0.26141176470588234,0.656,0.04,0.9022058823529412,1.16,0.432,0.6265588235294117,0.931,0.209,0.20455882352941177,0.349,0.095,1.5425,2.077,1.213,0.30076470588235293,0.4,-0.275,0.569,0.30291666666666667,0.42075,-0.6494705882352941,-0.632,-0.66,0.713,0.3991216216216216,97.2155,203,0.06393243243243243,0.443,0.2254054054054054,55.63,214,0.03647297297297297,2.479,1.3321351351351352,321.921,231,0.23674324324324325,0.444,0.22875675675675675,55.8755,214,0.03614864864864865,0.6585833333333333,0.3064,0.5147368421052632,3,0.404,52.745,0.3215,0.34,47.57,0.22342857142857142,0.636,73.06,0.459,0.28875,0.27022727272727276,0.2544090909090909,-0.599,-0.631,-0.631,534.9626350402832,605.3766250610352,1027.1596298217773,0.46,57.791666666666664,0.33464285714285713,0.2711287878787879,-0.6203333333333333,722.4996299743652
AGC_010,Cebada,7.27,Chignahuapan,Puebla,ENTRENAMIENTO,4.1,-98.26400057224224,19.85587868048425,961.35080909729,237.6761016845703,13.32825333731515,23.78072602408273,18.55448968069894,10.452472686767578,2602.364856680349,2601,2604,0.45213028073430866,0.5338064432144165,3,1984,34,14,84,0.689,0.385,85.2175,185,0.04891176470588235,0.647,0.3106470588235294,68.218,185,0.05052941176470588,0.471,0.23747058823529413,51.9555,185,0.03411764705882353,1.189,0.35205882352941176,82.5905,185,0.11597058823529412,0.633,0.33926470588235297,75.5035,185,0.04391176470588235,0.0893235294117647,0.368,-0.175,0.2644705882352941,0.615,-0.122,0.9073529411764706,1.427,0.469,0.6775294117647059,1.28,0.246,0.1998529411764706,0.335,0.035,1.552029411764706,2.028,1.074,0.3155588235294118,0.436,-0.248,0.568,0.3879166666666667,0.5017142857142858,-0.6247142857142857,-0.601,-0.654,0.772,0.4327142857142857,103.861,184,0.04466666666666667,0.57,0.275702380952381,67.868,186,0.03525,2.53,1.4214404761904762,339.5795,249,0.17507142857142857,0.566,0.27182142857142855,66.6255,186,0.03617857142857143,0.6591875,0.3891481481481482,0.6329411764705882,3,0.551,71.07249999999999,0.43766666666666665,0.531,57.0375,0.2603333333333333,0.69,72.78999999999999,0.6036,0.37026315789473685,0.3794444444444444,0.32269230769230767,-0.516,-0.512,-0.6,516.0190601348877,571.0173530578613,992.8766441345215,0.5906666666666667,66.96666666666667,0.4338666666666667,0.357466636677163,-0.5426666666666666,693.3043524424235
AGC_011,Cebada,7.17,Chignahuapan,Puebla,PREDICCION,,-98.20887551489182,19.8642308553457,793.7303228378296,195.0574951171875,13.248210770743231,23.513994216918945,18.38110249383109,10.265783446175712,2722.530574593613,2715,2740,4.222894201039296,6.305333137512207,25,1985,32,29,69,0.623,0.36012500000000003,82.2045,240,0.0663125,0.57,0.28371875,65.0685,257,0.0620625,0.418,0.22240625,50.553,257,0.04409375,0.907,0.30915625,75.9215,257,0.13640625,0.623,0.3000625,70.132,257,0.06303125,0.039,0.332,-0.184,0.21040625,0.553,-0.112,0.9943125,1.46,0.507,0.739625,1.263,0.294,0.18725,0.321,0.057,1.4976875,1.955,1.122,0.34596875,0.451,-0.289,0.58375,0.33825,0.493875,-0.625551724137931,-0.6,-0.646,0.726,0.42468115942028983,101.9385,238,0.0648695652173913,0.527,0.2646231884057971,63.3805,232,0.04452173913043478,2.479,1.4078260869565218,334.6905,238,0.24028985507246375,0.508,0.2642898550724638,63.195,232,0.04643478260869565,0.6698461538461539,0.3408095238095238,0.6331538461538462,3,0.482,64.2075,0.4145,0.463,50.0075,0.329375,0.623,70.2025,0.4598,0.3967272727272727,0.3885,0.34042307692307694,-0.549,-0.525,-0.584,442.7937717437744,479.3665199279785,852.943962097168,0.5226666666666666,61.4725,0.401225,0.3752167832167832,-0.5526666666666666,591.7014179229736
AGC_012,Cebada,4.08,Chignahuapan,Puebla,ENTRENAMIENTO,4.69,-98.23808281092631,19.88793625578855,793.7303228378296,195.05749511718747,13.248210770743231,23.513994216918945,18.38110249383109,10.265783446175712,2884.796552991907,2855,2897,5.512204900990482,6.526986122131348,42,1985,31,24,78,0.699,0.40696774193548385,89.5995,265,0.08080645161290323,0.655,0.33958064516129033,74.7605,237,0.08574193548387098,0.461,0.263,57.411,237,0.05909677419354838,1.078,0.4329032258064516,99.3485,237,0.19,0.716,0.3764193548387097,84.2905,237,0.07696774193548388,0.11367741935483872,0.394,-0.099,0.2843225806451613,0.624,-0.013,0.8495806451612903,1.228,0.442,0.6278387096774194,1.042,0.234,0.1954516129032258,0.335,0.071,1.529483870967742,2.014,1.159,0.34935483870967743,0.419,0.077,0.6384,0.34323076923076923,0.6203333333333333,-0.620625,-0.599,-0.647,0.783,0.43515384615384617,102.904,238,0.0752051282051282,0.583,0.2881153846153846,69.5,270,0.05678205128205128,2.901,1.507346153846154,360.5145,241,0.29035897435897434,0.55,0.2888846153846154,68.844,261,0.05694871794871795,0.6978,0.33625925925925926,0.7057692307692308,3,0.531,62.277499999999996,0.4816666666666667,0.429,59.4675,0.28075,0.624,76.045,0.6025,0.36327777777777776,0.3693636363636364,0.35623809523809524,-0.587,-0.542,-0.599,442.7937717437744,479.3665199279785,852.943962097168,0.528,65.93,0.4549722222222222,0.3629598364598365,-0.576,591.7014179229736
AGC_013,Cebada,5.6,Chignahuapan,Puebla,ENTRENAMIENTO,4.01,-98.23683498195967,19.891902550622,793.7303228378296,195.0574951171875,13.248210770743231,23.513994216918945,18.38110249383109,10.265783446175712,2901.2919699919216,2888,2911,2.8526420938732526,3.3575339317321777,23,1985,30,24,77,0.753,0.39,89.058,265,0.0524,0.747,0.31296666666666667,72.033,270,0.0578,0.518,0.2432,55.435500000000005,270,0.04033333333333333,1.403,0.3892,97.432,270,0.13186666666666666,0.82,0.3505,81.461,270,0.04973333333333333,0.11453333333333332,0.497,-0.145,0.2681,0.723,-0.092,0.8739333333333333,1.341,0.338,0.6765,1.204,0.162,0.18663333333333337,0.371,0.045,1.518333333333333,2.188,1.095,0.32426666666666665,0.452,-0.141,0.5816,0.305,0.6981666666666666,-0.611,-0.576,-0.654,0.823,0.403974025974026,101.8955,265,0.04533766233766233,0.655,0.2647922077922078,67.7725,268,0.0348961038961039,3.239,1.4342077922077925,368.0265,268,0.19103896103896104,0.612,0.2654415584415584,67.0935,268,0.0358961038961039,0.6552142857142857,0.26642307692307693,0.7684285714285715,3,0.42,50.9525,0.3913333333333333,0.404,49.345,0.250125,0.701,68.2225,0.58725,0.3793888888888889,0.3686086956521739,0.3171904761904762,-0.549,-0.491,-0.564,442.7937717437744,479.3665199279785,852.943962097168,0.5083333333333333,56.17333333333333,0.40956944444444443,0.355062686910513,-0.5346666666666666,591.7014179229736
AGC_014,Cebada,7.44,Chignahuapan,Puebla,ENTRENAMIENTO,4.83,-98.26315948734344,19.84964397335425,924.4160351217532,236.93122925589597,13.109853526028422,23.72353056405524,18.41669204504183,10.613677038026816,2602.6342506765995,2600,2605,0.677175531233725,0.881140947341919,5,1984,30,16,82,0.72,0.4257333333333333,95.9925,225,0.03406666666666667,0.694,0.35083333333333333,77.0075,195,0.04203333333333333,0.482,0.2631,58.0765,195,0.02833333333333333,1.178,0.4459666666666666,100.0025,195,0.1046,0.703,0.36870000000000003,84.6615,237,0.03816666666666667,0.08786666666666666,0.41,-0.205,0.2735666666666667,0.68,-0.143,0.9374333333333332,1.519,0.42,0.6952,1.334,0.192,0.21983333333333333,0.377,0.038,1.6348,2.215,1.08,0.3429333333333333,0.427,-0.072,0.6855714285714285,0.42366666666666664,0.4825,-0.632125,-0.601,-0.656,0.816,0.47647560975609754,111.8545,238,0.02710975609756097,0.573,0.30291463414634145,70.8405,232,0.02763414634146341,2.904,1.631890243902439,379.645,231,0.13125609756097562,0.572,0.3011463414634146,70.1505,221,0.02854878048780488,0.777875,0.43272,0.6335882352941177,3,0.766,81.345,0.24,0.346,48.1375,0.1982857142857143,0.62,72.53,0.4314,0.38205,0.395375,0.31425000000000003,-0.523,-0.561,-0.61,518.9381619067655,540.3373972356356,985.5731893334635,0.5773333333333334,67.3375,0.2898952380952381,0.36389166666666667,-0.56466666666666665,681.6162494919548
AGC_015,Cebada,1.97,Chignahuapan,Puebla,ENTRENAMIENTO,2.64,-98.23721848446957,19.866081812736397,793.7303228378296,195.0574951171875,13.248210770743237,23.513994216918945,18.38110249383109,10.26578344617571,2670.9745184692188,2666,2680,2.917908545049088,4.159395694732666,14,1985,33,24,89,0.634,0.3422121212121212,78.9215,265,0.07745454545454546,0.587,0.2863030303030303,66.806,270,0.0767878787878788,0.424,0.22015151515151515,50.6955,265,0.05454545454545454,0.934,0.2945151515151515,76.348,265,0.15493939393939393,0.676,0.2935151515151515,70.166,270,0.06772727272727273,0.00896969696969696,0.367,-0.182,0.1666969696969697,0.619,-0.103,1.0406666666666666,1.45,0.468,0.788,1.236,0.238,0.16936363636363636,0.331,0.069,1.436,1.995,1.15,0.376,0.447,0.172,0.442,0.2788333333333333,0.5805,-0.6170833333333333,-0.588,-0.641,0.748,0.4141011235955056,94.919,248,0.06475280898876404,0.567,0.27348314606741575,63.744,253,0.05134831460674157,2.701,1.4397640449438205,330.3185,249,0.2403483146067416,0.563,0.26685393258426965,61.528,253,0.05197752808988764,0.5353125,0.31317241379310345,0.68225,3,0.628,70.18,0.40249999999999997,0.343,48.7,0.23775,0.639,75.69500000000001,0.55125,0.3470416666666667,0.38429166666666664,0.37656,-0.572,-0.542,-0.597,442.7937717437744,479.3665199279785,852.943962097168,0.5366666666666666,64.85833333333333,0.39716666666666667,0.3692977777777778,-0.5703333333333334,591.7014179229736
AGC_016,Cebada,7.47,Chignahuapan,Puebla,PREDICCION,,-98.25321270411746,19.86269012421505,961.35080909729,237.6761016845703,13.32825333731515,23.78072602408273,18.55448968069894,10.452472686767578,2611.5379527673363,2610,2614,0.5574679189867917,0.9878332614898682,4,1984,31,18,88,0.679,0.3872903225806451,83.8595,225,0.05687096774193549,0.634,0.3119677419354839,65.64,210,0.0602258064516129,0.467,0.23951612903225805,50.3955,210,0.04183870967741935,1.109,0.3700322580645161,76.9705,210,0.1296774193548387,0.659,0.3417741935483871,75.041,210,0.052,0.05819354838709677,0.325,-0.177,0.2238064516129032,0.579,-0.133,0.9611612903225808,1.434,0.516,0.7315806451612903,1.315,0.272,0.18487096774193548,0.333,0.034,1.4983548387096777,2.006,1.071,0.36035483870967744,0.457,0.004,0.6598333333333334,0.3821818181818182,0.4231666666666667,-0.6305555555555555,-0.595,-0.654,0.783,0.4350795454545454,99.718,238,0.04245454545454545,0.605,0.27829545454545457,65.5385,193,0.03414772727272727,2.832,1.512318181818182,346.9215,216,0.1771931818181818,0.556,0.2768181818181818,64.06700000000001,206,0.03444318181818182,0.7431875,0.3715333333333333,0.5464705882352942,3,0.796,84.275,0.3388,0.313,43.375,0.2112857142857143,0.782,78.1925,0.485,0.3576521739130435,0.3733913043478261,0.356875,-0.59,-0.541,-0.605,516.0190601348877,571.0173530578613,992.8766441345215,0.6303333333333334,68.61416666666666,0.3450285714285714,0.36263949275362317,-0.5786666666666667,693.3043524424235
AGC_017,Cebada,1.6,Chignahuapan,Puebla,ENTRENAMIENTO,4.98,-98.24093323774414,19.850599073660653,793.7303228378296,195.0574951171875,13.248210770743231,23.513994216918945,18.38110249383109,10.265783446175712,2657.3328529241985,2648,2668,4.736939010551105,5.449644088745117,20,1985,35,22,88,0.609,0.3776285714285714,80.04299999999999,245,0.06885714285714285,0.511,0.2968857142857143,63.3185,210,0.06108571428571428,0.388,0.22811428571428571,48.1595,210,0.04294285714285714,0.768,0.31134285714285714,66.4095,210,0.12268571428571429,0.595,0.3261428571428571,70.17999999999999,245,0.06357142857142857,0.05654285714285714,0.425,-0.175,0.24268571428571428,0.66,-0.08,0.9594285714285714,1.431,0.408,0.6854857142857143,1.183,0.208,0.2044571428571429,0.36,0.084,1.5480571428571428,2.133,1.183,0.3368285714285714,0.435,-0.303,0.5628333333333333,0.3049090909090909,0.5261,-0.6211818181818182,-0.595,-0.642,0.716,0.42664772727272726,97.2885,248,0.055625,0.501,0.26792045454545454,61.94,236,0.03279545454545454,2.607,1.5132954545454544,347.25600000000003,249,0.2340909090909091,0.472,0.26129545454545455,59.691,236,0.03338636363636364,0.6451176470588236,0.34232142857142855,0.6447777777777778,3,0.598,70.935,0.3685,0.479,51.54,0.2885,0.591,67.6375,0.47900000000000004,0.401,0.3823846153846154,0.35032142857142856,-0.564,-0.519,-0.59,442.7937717437744,479.3665199279785,852.943962097168,0.5559999999999999,63.37083333333334,0.37866666666666665,0.3779020146520147,-0.5576666666666666,591.7014179229736
AGC_018,Cebada,1.67,Chignahuapan,Puebla,ENTRENAMIENTO,4.49,-98.29562795703308,19.8643452049862,961.35080909729,237.6761016845703,13.32825333731515,23.78072602408273,18.55448968069894,10.452472686767578,2619.264515737434,2616,2625,2.0023127998936245,2.7575266361236572,9,1984,32,19,87,0.706,0.4230625,88.30850000000001,215,0.05171875,0.705,0.3573125,72.98,200,0.06359375,0.502,0.2679375,54.7015,215,0.04240625,1.357,0.4728125,94.0405,210,0.160625,0.67,0.356375,75.0385,210,0.05015625,0.0431875,0.294,-0.234,0.23084375,0.577,-0.157,1.00796875,1.613,0.548,0.73584375,1.376,0.269,0.209375,0.342,0.066,1.57771875,2.042,1.142,0.387125,0.476,-0.054,0.6898,0.41207692307692306,0.4891428571428571,-0.638421052631579,-0.618,-0.676,0.791,0.4746551724137931,112.561,221,0.03824137931034482,0.611,0.3069770114942529,72.5975,224,0.03582758620689655,2.77,1.6245977011494253,379.352,249,0.1508965517241379,0.604,0.30149425287356324,71.3085,214,0.03632183908045977,0.7586428571428572,0.4104642857142857,0.62705,3,0.677,73.2225,0.387,0.538,59.695,0.2847142857142857,0.732,79.8725,0.5346666666666666,0.38522727272727275,0.4409130434782609,0.37292000000000003,-0.522,-0.578,-0.624,516.0190601348877,571.0173530578613,992.8766441345215,0.649,70.93,0.4021269841269841,0.3996867720685112,-0.5746666666666667,693.3043524424235
AGC_019,Cebada,5.65,Calpulalpan,Tlaxcala,ENTRENAMIENTO,3,-98.58578340478807,19.5846025,1074.463642120361,267.2244873046875,12.002432550702776,23.73442649841309,17.868429524557932,11.73199394771031,2585.190830693939,2577,2594,2.6479885558682303,3.578315258026123,17,2368,34,16,93,0.762,0.37391176470588233,75.836,215,0.05005882352941177,0.799,0.3438235294117647,67.7955,215,0.05817647058823529,0.567,0.25308823529411767,50.5105,215,0.03864705882352941,1.906,0.5166470588235295,93.952,215,0.17761764705882352,0.797,0.35311764705882354,71.5555,217,0.04761764705882353,0.07538235294117647,0.43,-0.176,0.2335,0.691,-0.116,0.9515,1.43,0.4,0.7302058823529411,1.265,0.183,0.18744117647058825,0.374,0.046,1.5161470588235295,2.2,1.096,0.34347058823529414,0.409,0.202,0.7294285714285714,0.33215384615384613,0.3322857142857143,-0.6320625,-0.592,-0.653,0.848,0.4097956989247312,93.816,215,0.04417204301075269,0.7,0.269505376344086,62.5125,222,0.03652688172043011,3.207,1.450516129032258,334.6235,230,0.17787096774193548,0.688,0.26801075268817204,61.948,216,0.03673118279569892,0.7926666666666666,0.3717878787878788,0.43807407407407406,3,0.538,60.1925,0.352,0.677,56.597500000000004,0.4279,0.776,74.10000000000001,0.52325,0.36646153846153845,0.35774193548387095,0.331,-0.574,-0.568,-0.603,661.6120376586914,609.7914009094238,966.4598865509033,0.6636666666666667,63.63,0.43438333333333334,0.35173449131513645,-0.5816666666666667,745.9544417063395
AGC_020,Cebada,8.34,Emiliano Zapata,Hidalgo,ENTRENAMIENTO,3.5,-98.5860167725597,19.6281115,834.4776458740234,216.96379089355472,12.22477504185268,23.93532453264509,18.080049787248885,11.710549490792411,2528.9248280685792,2528,2531,0.5613961138745913,0.7781245708465576,3,2303,37,20,88,0.793,0.3585945945945946,79.7215,215,0.04902702702702703,0.847,0.3328648648648649,74.139,215,0.05391891891891891,0.591,0.24802702702702703,54.9055,215,0.03529729729729729,2.24,0.5251081081081082,117.4805,215,0.1800810810810811,0.829,0.3481081081081081,77.4215,217,0.04732432432432432,0.06667567567567567,0.468,-0.191,0.23545945945945945,0.71,-0.134,0.9737567567567568,1.474,0.366,0.73464864864864865,1.316,0.172,0.20078378378378375,0.368,0.053,1.5653783783783783,2.173,1.112,0.3581621621621622,0.451,0.179,0.7776000000000001,0.3426923076923077,0.3528181818181818,-0.62425,-0.599,-0.657,0.882,0.43229545454545454,97.1275,221,0.04694318181818182,0.744,0.3037840909090909,68.044,211,0.03693181818181818,3.464,1.531943181818182,346.013,230,0.18976136363636364,0.725,0.3059659090909091,68.359,216,0.03759090909090909,0.8486153846153845,0.3970344827586207,0.44912,3,0.58,58.735,0.4298571428571428,0.729,63.2225,0.4716,0.804,76.2275,0.47383333333333333,0.3385357142857143,0.3896296296296296,0.34,-0.567,-0.527,-0.609,495.5309009552002,475.41568756103516,733.5465536117554,0.7043333333333334,66.06166666666667,0.45843015873015874,0.35605511463844797,-0.5676666666666667,568.1643807093302
AGC_021,Cebada,2.86,Chignahuapan,Puebla,ENTRENAMIENTO,4.94,-98.21793332477816,19.86242060274705,793.7303228378296,195.0574951171875,13.248210770743231,23.513994216918945,18.38110249383109,10.265783446175712,2753.478024970821,2748,2756,2.079852304886478,5.494658946990967,8,1985,33,28,77,0.664,0.33384848484848484,72.307,265,0.0730909090909091,0.675,0.2734848484848485,60.1775,260,0.07842424242424242,0.452,0.20745454545454545,45.166,265,0.05418181818181818,1.125,0.29087878787878785,66.394,265,0.18654545454545457,0.69,0.29154545454545455,64.2985,260,0.072,0.02921212121212121,0.369,-0.174,0.19606060606060605,0.632,-0.088,1.0203939393939394,1.429,0.467,0.7592121212121212,1.201,0.235,0.1857878787878788,0.365,0.075,1.4943333333333333,2.17,1.164,0.33790909090909094,0.424,0.061,0.321,0.25516666666666665,0.5994444444444444,-0.6196071428571428,-0.587,-0.646,0.742,0.373948051948052,89.4415,261,0.06115584415584416,0.597,0.24155844155844156,58.856,280,0.05015584415584415,2.55,1.2716363636363637,301.664,256,0.23872727272727273,0.556,0.23362337662337665,56.666,267,0.04993506493506493,0.3978666666666667,0.28814285714285715,0.6933529411764706,3,0.441,49.3675,0.39775,0.464,47.03,0.2885,0.608,59.2325,0.377,0.3983888888888889,0.4030416666666667,0.34944444444444445,-0.533,-0.529,-0.577,442.7937717437744,479.3665199279785,852.943962097168,0.5043333333333333,51.876666666666665,0.35441666666666666,0.383625,-0.5463333333333333,591.7014179229736
AGC_022,Cebada,11.99,Chignahuapan,Puebla,ENTRENAMIENTO,4.55,-98.26707989194,19.8755448381642,961.35080909729,237.6761016845703,13.32825333731515,23.78072602408273,18.55448968069894,10.452472686767578,2620.9683832026417,2617,2627,1.1267926563997988,2.704209089279175,10,1984,33,17,78,0.575,0.339030303030303,74.885,225,0.06612121212121212,0.504,0.2701818181818182,58.6395,220,0.06466666666666666,0.386,0.2085757575757576,45.0535,217,0.04451515151515151,0.798,0.2737272727272727,59.911,210,0.14272727272727273,0.547,0.2785151515151515,62.875,220,0.06448484848484848,-0.01115151515151515,0.215,-0.223,0.15196969696969698,0.479,-0.156,1.0952727272727272,1.582,0.653,0.8364848484848485,1.379,0.357,0.174,0.299,0.048,1.4570303030303031,1.86,1.101,0.3760909090909091,0.455,-0.066,0.5501666666666667,0.3244166666666667,0.40814285714285714,-0.631,-0.607,-0.647,0.681,0.4041025641025641,95.333,238,0.05855128205128205,0.462,0.2458205128205128,58.0535,221,0.04428205128205128,2.293,1.3641153846153846,320.4565,217,0.2330512820512821,0.469,0.24147435897435895,56.4945,221,0.04584615384615385,0.6446153846153846,0.35534615384615387,0.549125,3,0.541,70.02250000000001,0.359,0.6,62.427499999999995,0.221,0.724,72.595,0.42100000000000004,0.3957894736842105,0.44752380952380955,0.38292,-0.595,-0.517,-0.597,516.0190601348877,571.0173530578613,992.8766441345215,0.6216666666666667,68.34833333333333,0.33366666666666667,0.40874442773600667,-0.5696666666666667,693.3043524424235
AGC_023,Cebada,7.72,Calpulalpan,Tlaxcala,ENTRENAMIENTO,3,-98.52308284141128,19.6063745,770.9277410507202,203.25317382812503,12.28092806679862,23.94456318446568,18.11274562563215,11.663635117667065,2502.4572989583744,2500,2509,1.76618094686929,1.7899105548858645,9,2304,39,16,97,0.658,0.3558974358974359,74.7225,225,0.03756410256410256,0.627,0.29635897435897435,62.0415,205,0.04330769230769231,0.46,0.22305128205128205,46.5155,215,0.03005128205128205,1.057,0.3253589743589744,67.315,215,0.09628205128205128,0.639,0.30048717948717946,63.7265,210,0.03833333333333333,0.01376923076923077,0.325,-0.199,0.17961538461538462,0.597,-0.128,1.0496153846153846,1.497,0.512,0.794025641025641,1.295,0.253,0.18135897435897436,0.339,0.052,1.4830769230769232,2.027,1.11,0.3634871794871795,0.427,0.207,0.6387142857142857,0.2927142857142857,0.4228,-0.6359375,-0.618,-0.648,0.779,0.42086597938144327,95.8555,245,0.03381443298969072,0.597,0.26028865979381444,59.4415,211,0.03024742268041237,2.761,1.422865979381443,321.54949999999997,245,0.14784536082474226,0.555,0.2532061855670103,57.615,211,0.03054639175257732,0.7213999999999999,0.3276486486486486,0.5406,3,0.633,64.855,0.34500000000000003,0.724,54.905,0.2808888888888889,0.648,64.885,0.41140000000000004,0.3639642857142857,0.4146896551724138,0.36860714285714286,-0.571,-0.556,-0.607,460.788724899292,431.61855125427246,683.358883857727,0.6683333333333333,61.54833333333334,0.345762962962963,0.3824203612479474,-0.578,525.2553866704305
AGC_024,Cebada,11.53,Chignahuapan,Puebla,ENTRENAMIENTO,3.03,-98.27292186255956,19.8696688683509,961.35080909729,237.6761016845703,13.32825333731515,23.78072602408273,18.55448968069894,10.452472686767578,2630.5238309739075,2627,2633,0.7059169428409586,1.1322598457336426,6,1984,32,15,82,0.685,0.3729375,82.22,245,0.045375,0.604,0.2976875,65.325,245,0.04534375,0.438,0.22690625,49.514,245,0.03209375,0.953,0.32009375,73.903,245,0.093375,0.69,0.3173125,71.36149999999999,245,0.0431875,0.02678125,0.335,-0.21,0.20003125,0.625,-0.14,1.028375,1.532,0.5,0.766375,1.331,0.232,0.19221875,0.368,0.066,1.52103125,2.171,1.143,0.3575,0.461,0.077,0.6024,0.26892307692307693,0.631,-0.6364666666666666,-0.606,-0.66,0.815,0.444609756097561,100.452,248,0.04136585365853659,0.529,0.27846341463414637,62.475,256,0.02980487804878048,3.165,1.6351341463414637,371.9545,249,0.18704878048780488,0.535,0.27213414634146343,60.606,248,0.03123170731707317,0.6811333333333334,0.32121428571428573,0.7326470588235294,3,0.654,71.1425,0.316,0.6,58.7525,0.22775,0.675,70.1675,0.405,0.37433333333333335,0.3968260869565217,0.35084615384615386,-0.527,-0.528,-0.604,516.0190601348877,571.0173530578613,992.8766441345215,0.643,66.6875,0.31625000000000003,0.3740018580453363,-0.553,693.3043524424235
AGC_025,Cebada,2,Calpulalpan,Tlaxcala,PREDICCION,,-98.5369296545432,19.5916365,887.9460887908936,223.35414123535156,12.122947284153527,23.791027886526926,17.95698758534023,11.668080602373395,2538.4613167877205,2537,2540,0.8714984541259005,0.9622706174850464,3,2369,39,16,95,0.616,0.3275128205128205,75.8775,257,0.05525641025641026,0.553,0.25774358974358974,60.7815,250,0.05674358974358974,0.396,0.1967179487179487,45.703,265,0.03992307692307692,0.777,0.23648717948717948,61.4915,265,0.11164102564102564,0.607,0.2804615384615385,66.612,270,0.05287179487179487,0.01592307692307692,0.318,-0.188,0.16692307692307692,0.587,-0.128,1.032205128205128,1.467,0.519,0.7965641025641026,1.296,0.261,0.1641794871794872,0.332,0.062,1.4255897435897436,1.995,1.132,0.3294102564102564,0.417,0.009,0.4154285714285714,0.2411333333333333,0.5602222222222222,-0.641,-0.624,-0.654,0.766,0.4205894736842105,95.727,245,0.04147368421052631,0.525,0.25462105263157897,57.9505,256,0.03252631578947368,2.674,1.428178947368421,324.11,245,0.17197894736842106,0.51,0.24818947368421052,56.304,256,0.03296842105263158,0.4978571428571429,0.33169444444444446,0.6427692307692308,3,0.684,68.8025,0.419,0.713,60.2975,0.29388888888888887,0.749,73.235,0.4446,0.37626923076923074,0.40525,0.3424285714285714,-0.579,-0.574,-0.608,543.5141906738281,521.8285694122314,800.2204971313477,0.7153333333333334,67.445,0.38582962962962963,0.3746492673992674,-0.587,621.8544190724691
AGC_026,Cebada,5.49,Chignahuapan,Puebla,ENTRENAMIENTO,3.55,-98.2499031608545,19.85248318732735,864.0992128634313,212.94924633154892,13.281813504455313,23.625971109621577,18.453892307038444,10.34415760516626,2617.5413230896083,2616,2620,0.7896812378366987,1.5212688446044922,4,1984,32,21,86,0.575,0.349875,77.3335,257,0.04884375,0.478,0.27303125,59.783,257,0.0435625,0.35,0.21196875,46.008,257,0.030875,0.621,0.26078125,59.367,257,0.084875,0.578,0.31059375,69.613,280,0.044875,0.03615625,0.271,-0.177,0.18165625,0.567,-0.125,0.98109375,1.431,0.576,0.76825,1.288,0.278,0.1563125,0.352,0.028,1.4015625,2.091,1.059,0.3453125,0.427,0.121,0.49616666666666664,0.29791666666666666,0.535,-0.6231904761904762,-0.579,-0.665,0.664,0.3909186046511628,92.044,248,0.04830232558139535,0.423,0.2444418604651163,56.9745,209,0.03013953488372093,2.53,1.4086744186046511,335.81,249,0.22276744186046513,0.401,0.23693023255813953,54.8575,221,0.03043023255813953,0.5661428571428572,0.3276071428571429,0.6258947368421053,3,0.669,72.5175,0.2515,0.439,53.417500000000004,0.23928571428571427,0.567,63.495,0.3476,0.28582608695652173,0.39452173913043476,0.34842307692307695,-0.564,-0.506,-0.559,473.5345384655175,517.8425292821603,911.6892129493338,0.5583333333333333,63.14333333333333,0.27946190476190474,0.34292363433667783,-0.543,634.3554268990039
AGC_027,Cebada,8.46,Calpulalpan,Tlaxcala,PREDICCION,,-98.53778727782291,19.5618155,887.9460887908936,223.35414123535156,12.122947284153527,23.791027886526926,17.95698758534023,11.668080602373395,2608.156047547583,2601,2619,1.413340783772319,2.3393118381500244,18,2369,37,13,93,0.723,0.377027027027027,78.072,225,0.07835135135135135,0.746,0.3402162162162162,69.771,220,0.09737837837837836,0.527,0.2501891891891892,51.3415,225,0.06454054054054054,1.862,0.5181891891891892,100.879,217,0.32116216216216215,0.749,0.357,73.799,220,0.0824054054054054,0.0712972972972973,0.4,-0.179,0.2324054054054054,0.663,-0.128,0.9488918918918918,1.439,0.438,0.7286756756756757,1.3,0.208,0.1858108108108108,0.367,0.039,1.507945945945946,2.17,1.083,0.3374864864864865,0.435,0.055,0.7097142857142856,0.32125000000000004,0.4078,-0.6273076923076923,-0.607,-0.65,0.837,0.4437204301075269,99.154,238,0.06863440860215053,0.685,0.29910752688172043,66.5835,226,0.06287096774193549,3.235,1.5804086021505377,351.7925,238,0.2735806451612903,0.674,0.29538709677419356,65.7925,216,0.06317204301075269,0.8002666666666667,0.3122,0.5525517241379311,3,0.627,79.4775,0.421,0.561,60.5225,0.2838888888888889,0.748,82.035,0.5748333333333333,0.36968,0.3955862068965517,0.34113793103448276,-0.593,-0.573,-0.603,543.5141906738281,521.8285694122314,800.2204971313477,0.6453333333333333,74.01166666666667,0.42657407407407405,0.36880137931034485,-0.5896666666666667,621.8544190724691
AGC_028,Cebada,1.86,Chignahuapan,Puebla,PREDICCION,,-98.26011665311238,19.87670071353235,961.35080909729,237.6761016845703,13.32825333731515,23.78072602408273,18.55448968069894,10.452472686767578,2653.7104271495227,2640,2669,7.699088835670559,10.561826705932615,29,1984,33,17,82,0.519,0.3209090909090909,70.8055,270,0.08957575757575757,0.429,0.2446363636363636,53.7825,235,0.0743030303030303,0.323,0.1982121212121212,43.2095,265,0.05281818181818182,0.546,0.22454545454545455,52.117,265,0.13254545454545455,0.539,0.28593939393939394,64.038,270,0.06587878787878788,0.03648484848484849,0.269,-0.112,0.20124242424242425,0.554,-0.003,0.9595454545454546,1.254,0.584,0.7039090909090909,1.009,0.291,0.17336363636363636,0.341,0.084,1.4396666666666669,2.042,1.184,0.35269696969696973,0.408,0.03,0.4318571428571429,0.2703333333333333,0.48683333333333334,-0.6290588235294118,-0.59,-0.65,0.654,0.3554024390243902,84.626,248,0.07995121951219512,0.396,0.21963414634146344,52.67,256,0.04964634146341464,2.297,1.203048780487805,288.1955,248,0.2888170731707317,0.395,0.22021951219512195,52.5155,248,0.04908536585365854,0.5018333333333334,0.28846875,0.5523750000000001,3,0.565,71.3575,0.47575,0.367,53.57,0.23683333333333334,0.564,65.7375,0.46225,0.35905555555555557,0.3986818181818182,0.337037037037037,-0.543,-0.55,-0.605,516.0190601348877,571.0173530578613,992.8766441345215,0.49866666666666665,63.555,0.39161111111111113,0.3649248035914703,-0.5660000000000001,693.3043524424235
AGC_029,Cebada,5.9,Calpulalpan,Tlaxcala,PREDICCION,,-98.55661034558456,19.5471045,1360.9191226959229,360.6580810546875,11.596076556614468,23.34951673235212,17.472796644483296,11.753440175737657,2692.9996805010837,2679,2700,3.3253658188316555,4.646597862243652,21,2433,35,12,86,0.627,0.29851428571428573,65.2275,257,0.0568,0.542,0.24111428571428573,52.3535,270,0.05874285714285714,0.388,0.1866,40.3275,265,0.04217142857142857,0.756,0.2154,48.986,265,0.11288571428571428,0.655,0.2765714285714286,60.207,270,0.05291428571428571,0.0378,0.343,-0.129,0.1733142857142857,0.595,-0.065,0.9721142857142856,1.297,0.497,0.7683714285714286,1.139,0.256,0.14734285714285714,0.328,0.055,1.3754857142857142,1.981,1.116,0.3171428571428571,0.408,-0.033,0.41314285714285715,0.193,0.54125,-0.6175833333333334,-0.585,-0.654,0.774,0.3884302325581395,87.1785,257,0.04482558139534884,0.602,0.24477906976744185,54.8265,256,0.03711627906976744,2.859,1.3384883720930232,300.6595,261,0.18755813953488373,0.561,0.2423139534883721,54.009,256,0.03754651162790697,0.5150714285714286,0.2395483870967742,0.6723913043478261,3,0.624,67.0625,0.35300000000000004,0.597,62.3175,0.3224444444444444,0.59,57.835,0.524,0.335,0.37148148148148147,0.29842857142857143,-0.557,-0.541,-0.59,864.134204864502,760.2821846008301,1295.2941226959229,0.6036666666666667,62.405,0.39981481481481485,0.3349700176366843,-0.5626666666666666,973.236837387085
AGC_030,Cebada,13.05,Singuilucan,Hidalgo,PREDICCION,,-98.41060752134274,19.957934017779337,1274.5569305419922,361.1207885742187,12.802263123648506,23.584245954241073,18.19325453894479,10.781982830592566,2766.1422852380083,2751,2780,1.910256782333632,2.635026216506958,29,1851,30,10,63,0.628,0.33986666666666665,75.478,240,0.0723,0.509,0.2502333333333333,55.586,260,0.0698,0.378,0.19876666666666667,43.8165,257,0.0492,0.731,0.2415,56.9295,257,0.13616666666666666,0.624,0.289,65.18,260,0.06453333333333333,0.05653333333333334,0.392,-0.147,0.23206666666666667,0.639,-0.027,0.9469666666666666,1.35,0.441,0.6814333333333333,1.061,0.222,0.1912,0.335,0.083,1.4995333333333334,2.016,1.184,0.3138666666666667,0.447,-0.103,0.5568,0.2394,0.5284285714285715,-0.6381,-0.631,-0.645,0.744,0.40034920634920634,93.143,246,0.05917460317460317,0.499,0.2366031746031746,54.6965,256,0.04636507936507936,2.416,1.3202539682539682,303.64050000000003,238,0.22507936507936507,0.474,0.2358095238095238,54.0315,256,0.04684126984126984,0.653,0.29214285714285715,0.5735833333333333,3,0.53,65.095,0.4395,0.498,50.585,0.294,0.741,78.7225,0.531,0.3083157894736842,0.29624,0.29535,-0.598,-0.557,-0.625,573.2268009185791,526.2208614349365,1000.8445796966553,0.5896666666666667,64.80083333333333,0.4215,0.2999685964912281,-0.5933333333333334,700.0974140167236
AGC_031,Cebada,1.98,Chignahuapan,Puebla,PREDICCION,,-98.26566138933336,19.861871476217253,961.35080909729,237.6761016845703,13.32825333731515,23.78072602408273,18.55448968069894,10.452472686767578,2604.2849225602595,2604,2605,0.45906891012355255,0.8312311172485352,1,1984,33,14,86,0.626,0.3852424242424242,83.3265,240,0.09290909090909091,0.547,0.3162121212121212,67.3275,237,0.09984848484848484,0.396,0.24284848484848484,51.185,240,0.0713030303030303,0.832,0.3679393939393939,79.7935,265,0.21242424242424243,0.632,0.35284848484848486,77.1605,237,0.08424242424242424,0.10357575757575756,0.378,-0.142,0.294969696969697,0.634,-0.042,0.8686060606060606,1.336,0.454,0.6127575757575757,1.1,0.226,0.21545454545454543,0.372,0.084,1.591909090909091,2.192,1.19,0.30178787878787877,0.45,-0.231,0.5836,0.34925,0.518,-0.6249285714285714,-0.6,-0.646,0.723,0.4365232558139535,100.168,246,0.0802906976744186,0.497,0.29543023255813955,69.2375,248,0.06962790697674419,2.507,1.4979767441860463,345.0095,249,0.33951162790697675,0.509,0.2909651162790698,67.181,248,0.07059302325581396,0.6513333333333333,0.3648387096774194,0.6388823529411765,3,0.615,77.7225,0.44275,0.619,73.7625,0.35325,0.642,79.1675,0.5444,0.3596,0.41763636363636364,0.3596153846153846,-0.584,-0.517,-0.61,516.0190601348877,571.0173530578613,992.8766441345215,0.6253333333333333,76.88416666666667,0.4468,0.37895058275058274,-0.5703333333333334,693.3043524424235
AGC_032,Cebada,1.44,Chignahuapan,Puebla,ENTRENAMIENTO,4.03,-98.2563714784977,19.8730961442509,961.35080909729,237.6761016845703,13.32825333731515,23.78072602408273,18.55448968069894,10.452472686767578,2639.504491962996,2628,2659,5.4540083676600535,6.644428730010986,31,1984,35,17,87,0.705,0.3913142857142857,81.619,225,0.06377142857142858,0.693,0.33831428571428573,69.8625,235,0.07248571428571429,0.497,0.2550857142857143,52.4975,217,0.04785714285714285,1.344,0.44294285714285714,88.5405,217,0.17965714285714285,0.73,0.3597714285714286,75.594,235,0.05502857142857143,0.06922857142857143,0.342,-0.181,0.24337142857142857,0.6,-0.113,0.9441428571428572,1.453,0.492,0.7039142857142857,1.265,0.25,0.19528571428571428,0.342,0.05,1.5292571428571429,2.046,1.105,0.36005714285714285,0.446,0.016,0.6865714285714285,0.3446923076923077,0.47814285714285715,-0.6282352941176471,-0.6,-0.658,0.796,0.4053908045977011,96.5025,221,0.05110344827586207,0.596,0.26689655172413795,65.122,224,0.03891954022988506,2.941,1.4276551724137931,338.7285,238,0.19916091954022988,0.631,0.26575862068965517,64.1295,221,0.03868965517241379,0.7639230769230769,0.3115294117647059,0.5834705882352941,3,0.744,76.5925,0.41859999999999997,0.382,51.53,0.24357142857142858,0.736,78.8325,0.6146666666666667,0.38266666666666665,0.421375,0.38768,-0.605,-0.554,-0.602,516.0190601348877,571.0173530578613,992.8766441345215,0.6206666666666667,68.985,0.42561269841269844,0.39724055555555554,-0.587,693.3043524424235
AGC_033,Cebada,21.04,Chignahuapan,Puebla,ENTRENAMIENTO,4.47,-98.20063572766269,19.85613342203705,826.9673471215851,198.4863863280682,13.310678357639464,23.49813708390563,18.404407720772543,10.187458726266165,2758.331292690388,2739,2790,5.84849920681481,13.511134147644045,51,1985,31,28,70,0.608,0.3250967741935484,75.2825,265,0.10016129032258064,0.5,0.26025806451612904,60.402,265,0.10258064516129033,0.385,0.20667741935483872,47.2505,265,0.07248387096774193,0.821,0.2786451612903226,70.6975,265,0.22806451612903225,0.576,0.28119354838709676,66.171,257,0.0996774193548387,0.037,0.35,-0.139,0.19103225806451613,0.584,-0.064,0.9862903225806452,1.325,0.494,0.750258064516129,1.143,0.27,0.17012903225806453,0.327,0.06,1.4444193548387096,1.993,1.13,0.3634516129032258,0.442,0.102,0.4271666666666667,0.26175,0.5633333333333334,-0.6156428571428572,-0.584,-0.646,0.698,0.37297142857142856,89.8645,261,0.08565714285714286,0.491,0.2337428571428571,56.815999999999995,253,0.06412857142857142,2.45,1.2423285714285714,300.28950000000003,249,0.32092857142857145,0.494,0.2357857142857143,56.8665,253,0.06545714285714285,0.5127272727272727,0.29424,0.6500714285714286,3,0.495,58.0525,0.4115,0.387,43.54,0.23857142857142857,0.637,70.525,0.5214,0.3308421052631579,0.3724782608695652,0.35953846153846153,-0.572,-0.503,-0.585,460.8812988370116,506.4070106702697,901.014205223544,0.5063333333333333,57.3725,0.39049047619047617,0.35428627589039485,-0.5533333333333333,622.7675049102751
AGC_034,Cebada,8.09,Singuilucan,Hidalgo,ENTRENAMIENTO,2,-98.38491173797172,19.954570539210707,1335.0902252197266,357.91552734375,13.27761254991804,23.801090785435267,18.539351667676655,10.523478235517228,2690.848138930221,2688,2700,1.521904373572137,3.087877035140991,12,1852,32,12,70,0.596,0.34665625,71.433,220,0.06475,0.46,0.26446875,53.3795,225,0.07178125,0.357,0.20825,42.196,225,0.04990625,0.65,0.26853125,53.2565,225,0.1455,0.533,0.3068125,62.462,220,0.05525,0.07190625,0.273,-0.145,0.24359375,0.518,-0.069,0.90721875,1.345,0.574,0.66425,1.151,0.32,0.18484375,0.298,0.064,1.48328125,1.853,1.139,0.3041875,0.409,-0.229,0.5518571428571428,0.2998,0.44942857142857146,-0.6419166666666667,-0.629,-0.651,0.682,0.3954,89.93599999999999,238,0.05755714285714285,0.449,0.23415714285714287,53.1215,222,0.04761428571428571,2.285,1.277542857142857,288.907,238,0.23231428571428572,0.437,0.2317142857142857,52.2745,222,0.04642857142857143,0.6423076923076924,0.31286363636363634,0.5373333333333333,3,0.593,66.9,0.41700000000000004,0.615,53.612500000000004,0.27616666666666667,0.678,71.875,0.492,0.3215,0.30745833333333333,0.3018181818181818,-0.436,-0.587,-0.621,621.6697158813477,607.8970184326172,1117.1492729187012,0.6286666666666667,64.12916666666666,0.39505555555555555,0.3102588383838384,-0.548,782.2386690775553
AGC_035,Cebada,23.8,Cuautepec de Hinojosa,Hidalgo,ENTRENAMIENTO,4.68,-98.36298658048248,19.868619886743048,945.3030643463136,257.29644775390625,13.10578441619873,23.97196660723005,18.53887551171439,10.86618219103132,2527.7254844037975,2526,2529,0.287670785756005,0.4774537682533264,3,1982,34,18,83,0.716,0.3786764705882353,78.9585,257,0.05685294117647059,0.614,0.3059705882352941,63.4975,245,0.06011764705882353,0.446,0.23026470588235293,47.8495,257,0.04188235294117647,0.982,0.3358235294117647,70.6675,257,0.12611764705882353,0.703,0.31791176470588234,67.457,257,0.05308823529411764,0.04170588235294117,0.384,-0.215,0.2243529411764706,0.658,-0.134,1.006764705882353,1.549,0.451,0.7420588235294118,1.311,0.209,0.20561764705882352,0.371,0.059,1.5718529411764706,2.189,1.126,0.3383529411764706,0.445,-0.051,0.598,0.2887692307692308,0.578,-0.6267222222222222,-0.578,-0.658,0.822,0.4213614457831325,96.351,246,0.04573493975903614,0.618,0.2786265060240964,61.888,253,0.03426506024096385,3.109,1.469987951807229,330.5725,241,0.1773012048192771,0.577,0.26796385542168677,59.6675,253,0.03504819277108433,0.691,0.27679310344827585,0.668952380952381,3,0.651,70.2025,0.29919999999999997,0.563,58.705,0.18555555555555556,0.671,74.595,0.3906,0.3607391304347826,0.3995185185185185,0.36012,-0.589,-0.545,-0.589,484.19910049438477,475.1905174255371,865.9242210388184,0.6283333333333333,67.83416666666666,0.29178518518518515,0.373459216317767,-0.5743333333333334,608.4379463195801
AGC_036,Cebada,5,Chignahuapan,Puebla,PREDICCION,,-98.25152704512092,19.85666858232295,961.35080909729,237.6761016845703,13.32825333731515,23.78072602408273,18.55448968069894,10.452472686767578,2613.814304949556,2612,2615,0.6904861587080698,0.9089896082878112,3,1984,33,20,88,0.683,0.3794848484848485,83.461,185,0.05824242424242424,0.656,0.3126969696969697,70.548,185,0.05854545454545454,0.474,0.23912121212121212,53.2505,185,0.03990909090909091,1.207,0.3514848484848485,85.094,185,0.12542424242424244,0.617,0.33145454545454545,74.1025,185,0.05715151515151515,0.06157575757575757,0.335,-0.19,0.2442121212121212,0.62,-0.129,0.9578181818181818,1.471,0.505,0.7022121212121212,1.298,0.236,0.204,0.382,0.047,1.5603030303030303,2.244,1.098,0.34493939393939393,0.458,-0.103,0.5931666666666666,0.37981818181818183,0.4262222222222222,-0.6219,-0.584,-0.65,0.765,0.4246363636363637,99.5655,184,0.049375,0.624,0.28260227272727273,69.1195,179,0.03948863636363636,2.363,1.3978522727272726,325.51599999999996,216,0.1895340909090909,0.58,0.2771931818181818,66.908,186,0.04034090909090909,0.6707500000000001,0.41923333333333335,0.5328235294117647,3,0.736,77.0125,0.33075,0.451,56.375,0.27125,0.699,67.6125,0.5764,0.32256521739130434,0.41104545454545455,0.3252307692307692,-0.586,-0.515,-0.577,516.0190601348877,571.0173530578613,992.8766441345214,0.6286666666666667,67,0.3928,0.3529471470558427,-0.5593333333333333,693.3043524424235
AGC_037,Cebada,2.66,Calpulalpan,Tlaxcala,ENTRENAMIENTO,3.5,-98.53218774855073,19.5586465,887.9460887908936,223.35414123535156,12.122947284153527,23.791027886526926,17.95698758534023,11.668080602373395,2613.5776599253095,2610,2618,1.739001309293067,2.0683064460754395,8,2369,37,15,91,0.644,0.35848648648648646,74.468,257,0.04272972972972973,0.555,0.2911891891891892,60.259,215,0.04943243243243243,0.415,0.21891891891891893,45.2565,215,0.03397297297297297,0.857,0.30594594594594593,62.4205,215,0.10497297297297298,0.6,0.30648648648648646,63.514,257,0.03867567567567567,0.03864864864864865,0.29,-0.196,0.21335135135135136,0.579,-0.131,0.9885405405405404,1.488,0.552,0.7324594594594594,1.301,0.268,0.18967567567567567,0.353,0.057,1.507837837837838,2.096,1.121,0.3224054054054054,0.424,-0.074,0.6072857142857143,0.28683333333333333,0.4689,-0.628,-0.616,-0.647,0.79,0.4350769230769231,96.964,245,0.03531868131868132,0.517,0.2684615384615385,60.0005,271,0.03183516483516483,2.913,1.4747582417582417,329.9105,245,0.14683516483516484,0.504,0.261978021978022,58.411,243,0.03234065934065934,0.6913333333333334,0.312625,0.6108,3,0.608,74.185,0.397,0.528,57.0675,0.28944444444444445,0.708,67.4225,0.35975,0.37653333333333333,0.38682758620689656,0.3527777777777778,-0.595,-0.576,-0.609,543.5141906738281,521.8285694122314,800.2204971313477,0.6146666666666667,66.225,0.3487314814814815,0.3720462324393359,-0.5933333333333333,621.8544190724691
AGC_038,Cebada,3.28,Singuilucan,Hidalgo,ENTRENAMIENTO,3.3,-98.38985898314075,19.953207851802453,1335.0902252197266,357.91552734375,13.27761254991804,23.801090785435267,18.539351667676655,10.523478235517228,2707.258961994019,2698,2723,4.25548437152683,5.229398250579834,25,1852,35,13,71,0.685,0.4020857142857142,79.0115,220,0.06788571428571429,0.609,0.32657142857142857,63.3355,215,0.07328571428571429,0.46,0.25385714285714284,49.3415,215,0.05022857142857143,1.061,0.40154285714285715,74.791,215,0.159,0.655,0.3869714285714286,75.6755,240,0.05817142857142857,0.13865714285714287,0.42,-0.089,0.3169142857142857,0.668,-0.006,0.8008285714285714,1.196,0.411,0.5745142857142858,1.015,0.2,0.20385714285714285,0.349,0.07,1.5493142857142856,2.078,1.151,0.3172857142857143,0.403,0.12,0.6505714285714286,0.33,0.4673,-0.6406923076923077,-0.617,-0.653,0.764,0.4123521126760563,93.192,246,0.05495774647887324,0.563,0.25673239436619716,58.5,236,0.0433943661971831,2.731,1.3898732394366198,310.96299999999997,238,0.2221549295774648,0.534,0.2582676056338028,58.212,236,0.04301408450704225,0.7271538461538462,0.3129,0.5135882352941177,3,0.58,68.255,0.44525000000000003,0.558,49.98500000000001,0.2598333333333333,0.766,78.9225,0.5222,0.33343478260869563,0.2788333333333333,0.30838095238095237,-0.584,-0.56,-0.614,621.6697158813477,607.8970184326172,1117.1492729187012,0.6346666666666667,65.72083333333333,0.4090944444444444,0.3068830227743271,-0.586,782.2386690775553
AGC_039,Cebada,7.71,Calpulalpan,Tlaxcala,PREDICCION,,-98.59602570654758,19.57547,1074.463642120361,267.2244873046875,12.002432550702776,23.73442649841309,17.868429524557932,11.73199394771031,2638.902930716172,2619,2660,5.42157907664003,5.973370552062988,41,2368,36,15,86,0.666,0.33025,68.512,225,0.05011111111111111,0.626,0.27769444444444447,57.3005,215,0.04983333333333333,0.464,0.21322222222222223,44.0425,215,0.03408333333333333,1.091,0.30669444444444444,62.0735,215,0.10133333333333332,0.665,0.3042222222222222,63.075,235,0.04475,0.05794444444444444,0.365,-0.14,0.22005555555555556,0.633,-0.074,0.9482777777777778,1.326,0.467,0.7124166666666667,1.162,0.226,0.1783611111111111,0.351,0.057,1.4666944444444443,2.083,1.121,0.3248888888888889,0.401,-0.235,0.6471666666666667,0.2946666666666667,0.3413,-0.6254666666666666,-0.585,-0.648,0.755,0.398,87.6705,225,0.04425581395348837,0.591,0.25777906976744186,55.588,222,0.03233720930232558,2.79,1.3769767441860463,303.063,211,0.17168604651162792,0.559,0.2566279069767442,55.303,222,0.03290697674418604,0.7095,0.33366666666666667,0.4408,3,0.58,60.5525,0.3396,0.674,55.95,0.4,0.786,69.0825,0.44775,0.34355555555555556,0.3624,0.3233333333333333,-0.555,-0.509,-0.612,661.6120376586914,609.7914009094238,966.4598865509033,0.68,61.861666666666665,0.3957833333333333,0.3430962962962963,-0.5586666666666666,745.9544417063395
AGC_040,Cebada,5.46,Calpulalpan,Tlaxcala,ENTRENAMIENTO,3,-98.53788391816347,19.5952695,887.9460887908936,223.35414123535156,12.122947284153527,23.791027886526926,17.95698758534023,11.668080602373395,2532.505230013486,2528,2537,1.0719932145945723,1.5212688446044922,9,2369,42,15,97,0.697,0.3442857142857143,76.2165,265,0.04964285714285714,0.625,0.2783095238095238,62.924,250,0.05038095238095238,0.452,0.20847619047619048,46.519,265,0.03469047619047619,1.016,0.27814285714285714,66.861,265,0.1013095238095238,0.697,0.3011190476190476,67.3185,280,0.04859523809523809,0.03316666666666667,0.414,-0.187,0.1865952380952381,0.663,-0.118,1.0210714285714286,1.463,0.417,0.7901904761904762,1.27,0.204,0.17402380952380953,0.358,0.068,1.4653809523809525,2.115,1.148,0.3248809523809524,0.43,0.007,0.4272857142857142,0.223,0.5815833333333333,-0.6404666666666666,-0.621,-0.657,0.828,0.4374536082474227,98.855,245,0.04088659793814433,0.618,0.26963917525773196,60.952,248,0.03235051546391752,2.915,1.502721649484536,338.5245,245,0.17955670103092783,0.593,0.26548453608247424,59.832,248,0.03306185567010309,0.5457857142857143,0.30883333333333335,0.6943928571428571,3,0.637,67.895,0.41174999999999995,0.663,57.44,0.3051111111111111,0.82,76.47749999999999,0.48760000000000003,0.39576923076923076,0.3747142857142857,0.3467586206896552,-0.568,-0.574,-0.608,543.5141906738281,521.8285694122314,800.2204971313477,0.7066666666666667,67.27083333333333,0.40148703703703703,0.3724140457243906,-0.5833333333333333,621.8544190724691
AGC_041,Cebada,25.13,Singuilucan,Hidalgo,ENTRENAMIENTO,2.5,-98.39420998975662,19.94742890614493,1140.1180751356171,315.16634973193084,13.149631548971412,23.84018032074112,18.494905934856263,10.690548771769707,2701.378960955659,2684,2720,2.789745793313818,4.111494541168213,36,1852,34,14,72,0.664,0.3997352941176471,80.2845,210,0.05702941176470588,0.592,0.307,60.9925,195,0.06285294117647058,0.436,0.2373235294117647,47.101,205,0.04470588235294118,0.972,0.35202941176470587,68.2015,205,0.1375,0.615,0.3557941176470588,70.5205,210,0.05391176470588235,0.10973529411764706,0.347,-0.138,0.3100294117647059,0.606,-0.057,0.8541470588235294,1.322,0.489,0.5958529411764706,1.122,0.249,0.22555882352941176,0.345,0.065,1.631764705882353,2.065,1.139,0.3028235294117647,0.396,-0.045,0.6018571428571429,0.4114,0.443,-0.6446428571428572,-0.63,-0.659,0.747,0.4290555555555556,98.6935,203,0.041,0.578,0.25419444444444445,58.737,200,0.03629166666666666,2.403,1.3927361111111112,319.153,224,0.16318055555555555,0.53,0.2504027777777778,57.615,200,0.03684722222222222,0.696,0.38245454545454544,0.5443529411764706,3,0.561,66.07000000000001,0.4788,0.483,44.262499999999996,0.22525,0.687,70.9175,0.45633333333333337,0.32661904761904764,0.3242083333333333,0.30835,-0.577,-0.559,-0.63,559.043608249172,533.7611985285627,994.6733439926438,0.5770000000000001,60.41666666666667,0.38679444444444444,0.3197257936507937,-0.5886666666666667,695.8260502567929
AGC_042,Cebada,3.81,Singuilucan,Hidalgo,PREDICCION,,-98.38846665923944,19.95068246200988,1290.7507311175605,348.19374447489406,13.248524562295408,23.80997519726781,18.52924987978161,10.561450634972402,2691.465811970691,2679,2700,3.8911515580161664,4.918874263763428,21,1852,36,12,72,0.668,0.3973055555555556,79.66,220,0.06286111111111112,0.568,0.31972222222222224,63.24100000000001,237,0.07447222222222222,0.417,0.24555555555555555,48.6055,217,0.05047222222222222,0.899,0.382,73.246,225,0.1711111111111111,0.682,0.3665833333333333,73.0125,260,0.05825,0.10930555555555556,0.414,-0.131,0.29983333333333334,0.669,-0.043,0.8619722222222223,1.307,0.417,0.6079166666666667,1.095,0.2,0.2157777777777778,0.357,0.078,1.5914166666666667,2.116,1.17,0.31419444444444444,0.427,0.032,0.6397142857142858,0.31825000000000003,0.4968,-0.6485000000000001,-0.633,-0.659,0.77,0.4403888888888889,97.8105,238,0.05254166666666667,0.58,0.26663888888888887,59.293,236,0.04919444444444444,2.73,1.4814166666666666,326.7965,238,0.2227916666666667,0.537,0.265625,58.5745,236,0.04961111111111111,0.7279285714285714,0.3404736842105263,0.5590555555555555,3,0.569,67.46000000000001,0.44475,0.67,55.432500000000005,0.26357142857142857,0.651,75.07249999999999,0.53575,0.3488095238095238,0.3044,0.3316,-0.573,-0.579,-0.625,607.4276309025413,591.0374579878202,1089.296470731663,0.63,65.98833333333333,0.41469047619047616,0.32826984126984127,-0.5923333333333333,762.5871865406748
AGC_043,Cebada,7.15,Chignahuapan,Puebla,PREDICCION,,-98.26046861775964,19.85165778602315,961.2017663135872,237.67309590307164,13.327376031639703,23.78049627158708,18.553936151613392,10.453120239947374,2605.3413541146683,2603,2607,0.6312577242612539,0.881140947341919,4,1984,32,16,81,0.723,0.36365625,84.582,287,0.04953125,0.692,0.29571875,69.5165,280,0.05690625,0.466,0.22078125,51.479,280,0.03878125,1.106,0.321375,82.855,280,0.12190625,0.719,0.29440625,70.3325,280,0.05309375,0.01128125,0.426,-0.218,0.16753125,0.687,-0.162,1.0770625,1.559,0.407,0.837875,1.387,0.188,0.17775,0.375,0.035,1.48478125,2.207,1.073,0.3528125,0.448,0.154,0.31814285714285717,0.3505,0.7018333333333333,-0.632375,-0.606,-0.659,0.842,0.4072345679012346,103.4475,299,0.03123456790123456,0.603,0.2546172839506173,64.495,266,0.02853086419753086,2.846,1.405925925925926,346.8515,285,0.13728395061728396,0.566,0.246641975308642,62.791,266,0.02882716049382716,0.4180625,0.37264,0.7722666666666667,3,0.759,78.555,0.261,0.535,57.6275,0.235875,0.578,73.135,0.4382,0.389578947368421,0.41834615384615387,0.3626666666666667,-0.55,-0.534,-0.615,516.0308395775961,570.8935503232717,992.8471725250588,0.624,69.77250000000001,0.31169166666666664,0.3901972559604139,-0.5663333333333334,693.2571874753089
AGC_044,Cebada,0.68,Emiliano Zapata,Hidalgo,ENTRENAMIENTO,3.5,-98.58665513880126,19.629015,834.4776458740234,216.9637908935547,12.22477504185268,23.93532453264509,18.080049787248885,11.710549490792411,2529.9936251999734,2529,2531,0.34886233714736486,0.5661851763725281,2,2303,39,19,90,0.685,0.3324871794871795,71.6465,200,0.04746153846153846,0.707,0.2976666666666667,64.5755,205,0.05417948717948718,0.508,0.2247692307692308,48.3905,205,0.03679487179487179,1.35,0.35425641025641025,77.6125,205,0.1270769230769231,0.701,0.3086153846153846,67.2075,210,0.04576923076923077,0.03823076923076923,0.325,-0.165,0.20971794871794872,0.591,-0.084,0.992,1.396,0.511,0.733025641025641,1.184,0.258,0.18825641025641027,0.33,0.063,1.5003846153846154,1.985,1.134,0.35735897435897435,0.45,0.151,0.6345000000000001,0.2997142857142857,0.36254545454545456,-0.6189473684210526,-0.595,-0.645,0.766,0.3885,88.989,203,0.04088888888888889,0.609,0.26505555555555554,60.445,205,0.03482222222222222,2.747,1.3394,307.6535,230,0.1665,0.606,0.2624666666666667,59.611,203,0.03565555555555556,0.7103333333333333,0.3420625,0.46164,3,0.554,56.765,0.432,0.727,57.2475,0.3994,0.793,70.7075,0.3992,0.3346071428571429,0.3851538461538462,0.33641379310344827,-0.562,-0.512,-0.603,495.5309009552002,475.41568756103516,733.5465536117554,0.6913333333333334,61.57333333333333,0.4102,0.35205826070481244,-0.559,568.1643807093302
AGC_045,Cebada,1.49,Chignahuapan,Puebla,ENTRENAMIENTO,4.1,-98.29407395318154,19.8654588298547,961.35080909729,237.6761016845703,13.32825333731515,23.78072602408273,18.55448968069894,10.452472686767578,2617.0172286920592,2615,2620,1.58399072072652,2.3393118381500244,5,1984,32,19,86,0.714,0.415125,87.653,240,0.0568125,0.683,0.34346875,72.27799999999999,237,0.0615625,0.474,0.260625,54.51,237,0.0420625,1.132,0.43528125,92.358,237,0.14125,0.709,0.35028125,75.1905,237,0.048,0.05859375,0.348,-0.216,0.24890625,0.634,-0.129,0.98,1.554,0.486,0.70740625,1.301,0.225,0.21509375,0.368,0.078,1.5965625,2.169,1.17,0.367375,0.467,-0.16,0.6822,0.36915384615384617,0.545,-0.6377368421052632,-0.617,-0.672,0.814,0.46563953488372095,110.604,238,0.04481395348837209,0.65,0.30865116279069765,72.8075,236,0.03719767441860465,2.802,1.5772558139534885,370.2545,249,0.1695232558139535,0.61,0.30503488372093024,72.0795,236,0.03874418604651163,0.7477857142857143,0.36714814814814817,0.6666,3,0.721,73.745,0.3913333333333333,0.574,63.64,0.2776666666666667,0.747,84.9375,0.5366666666666666,0.3641739130434783,0.43182608695652175,0.39429166666666665,-0.528,-0.567,-0.627,516.0190601348877,571.0173530578613,992.8766441345215,0.6806666666666666,74.1075,0.40188888888888885,0.3967638888888889,-0.574,693.3043524424235
AGC_046,Cebada,7.92,Calpulalpan,Tlaxcala,ENTRENAMIENTO,3,-98.55850530793192,19.5544965,1074.463642120361,267.2244873046875,12.002432550702776,23.73442649841309,17.868429524557932,11.73199394771031,2653.676867689585,2646,2659,1.8373901554363097,2.1558470726013184,13,2368,36,13,88,0.709,0.3680833333333333,71.441,240,0.05102777777777777,0.631,0.30974999999999997,59.6125,225,0.06072222222222222,0.465,0.23277777777777775,45.0655,225,0.04155555555555555,1.08,0.3581388888888889,65.468,225,0.138,0.674,0.33505555555555555,64.215,240,0.05308333333333333,0.08825,0.377,-0.15,0.2556388888888889,0.661,-0.1,0.8981388888888889,1.355,0.454,0.6794166666666667,1.225,0.205,0.1895,0.379,0.041,1.5184444444444445,2.225,1.087,0.311,0.416,-0.091,0.6597142857142857,0.28991666666666666,0.4369,-0.6193846153846154,-0.584,-0.643,0.84,0.4079090909090909,90.8525,238,0.03898863636363636,0.556,0.2604659090909091,57.999,236,0.03435227272727272,3.087,1.3629318181818182,303.6825,238,0.1682840909090909,0.553,0.25939772727272725,57.3705,243,0.035375,0.7472666666666666,0.2773448275862069,0.5597391304347826,3,0.644,67.025,0.36514285714285716,0.611,63.0875,0.338,0.691,63.29,0.5604,0.31666666666666665,0.355,0.32107407407407407,-0.568,-0.532,-0.593,661.6120376586914,609.7914009094238,966.4598865509033,0.6486666666666666,64.4675,0.4211809523809524,0.3309135802469136,-0.5643333333333334,745.9544417063395
AGC_047,Cebada,64.3,Tepeapulco,Hidalgo,ENTRENAMIENTO,4.45,-98.39402182448822,19.83866765027025,805.1693305969238,219.0658416748047,12.805855342320031,23.84338787623814,18.324621609279085,11.037532533918109,2527.9600310073815,2522,2531,0.5147665687968904,0.932197630405426,9,2047,34,17,78,0.714,0.36267647058823527,80.8265,240,0.05073529411764706,0.614,0.29708823529411765,64.935,245,0.06029411764705882,0.448,0.2248235294117647,49.042,245,0.04079411764705882,1.012,0.3385,78.0975,245,0.13908823529411765,0.686,0.29894117647058827,68.2385,257,0.04955882352941176,0.00441176470588235,0.33,-0.22,0.17791176470588235,0.6,-0.162,1.081264705882353,1.567,0.507,0.8165294117647058,1.392,0.252,0.1916764705882353,0.355,0.052,1.5255,2.105,1.11,0.37023529411764705,0.465,-0.076,0.6324,0.31014285714285716,0.5382857142857143,-0.6344117647058823,-0.607,-0.651,0.818,0.4193846153846154,99.159,241,0.03666666666666667,0.571,0.2737948717948718,64.6255,247,0.03744871794871795,3.074,1.475320512820513,341.97,241,0.15125641025641026,0.565,0.26546153846153847,62.5285,247,0.03757692307692308,0.7298461538461538,0.2899259259259259,0.6715,3,0.64,67.455,0.32116666666666666,0.6,61.08,0.2571428571428572,0.615,67.9675,0.4782,0.3715,0.3960740740740741,0.32517857142857143,-0.563,-0.532,-0.621,424.4489116668701,404.6186752319336,756.9280281066895,0.6183333333333333,65.50083333333333,0.3521698412698413,0.36425088183421517,-0.572,528.665205001831
AGC_048,Cebada,8.29,Nanacamilpa de Mariano Arista,Tlaxcala,ENTRENAMIENTO,2.5,-98.51801267122524,19.5512885,927.5942473269544,238.77130533943696,12.06391407657617,23.733020670683544,17.898467373629856,11.669106594107374,2563.582950837307,2550,2573,4.350358134918051,10.26369571685791,23,2369,32,16,87,0.716,0.36846875,76.348,257,0.096625,0.626,0.2944375,61.101,257,0.10071875,0.457,0.2269375,46.8565,257,0.06984375,1.07,0.33240625,70.183,257,0.21346875,0.71,0.33003125,68.2455,257,0.09096875,0.069375,0.404,-0.158,0.23171875,0.664,-0.08,0.94528125,1.382,0.433,0.7155625,1.181,0.207,0.1866875,0.369,0.073,1.50975,2.201,1.16,0.333375,0.42,-0.08,0.5356000000000001,0.243,0.5599,-0.625875,-0.61,-0.644,0.806,0.4465402298850575,97.5905,245,0.0867816091954023,0.591,0.28933333333333333,62.6595,254,0.06501149425287356,3.199,1.6038850574712644,351.3545,245,0.3523218390804598,0.598,0.28783908045977014,62.0255,246,0.06635632183908045,0.6520666666666667,0.29370967741935483,0.677125,3,0.675,69.94,0.3288333333333333,0.629,61.32,0.341,0.771,69.735,0.5556,0.32548275862068965,0.32992857142857146,0.33089285714285716,-0.586,-0.573,-0.598,572.9411033649037,541.6080303292525,849.0491465067854,0.6916666666666667,66.99833333333333,0.4084777777777778,0.3287680623973728,-0.5856666666666667,654.5327600669806
AGC_049,Cebada,0.87,Chignahuapan,Puebla,ENTRENAMIENTO,5.53,-98.23574009091864,19.8859696332928,793.7303228378296,195.0574951171875,13.248210770743237,23.513994216918945,18.38110249383109,10.26578344617571,2859.481227771415,2858,2876,7.417681176582453,7.594643115997315,18,1985,31,24,81,0.644,0.33170967741935486,80.072,285,0.06596774193548387,0.513,0.2553225806451613,62.307,237,0.05567741935483871,0.394,0.2052258064516129,49.3395,265,0.04032258064516129,0.769,0.2498064516129032,70.486,265,0.09919354838709678,0.571,0.28938709677419355,70.9695,237,0.05112903225806452,0.043,0.266,-0.106,0.2020322580645161,0.542,-0.011,0.9478387096774192,1.238,0.583,0.7069354838709677,1.028,0.299,0.1685483870967742,0.324,0.081,1.430806451612903,1.961,1.18,0.3502258064516129,0.411,-0.033,0.466,0.26821428571428574,0.6074,-0.6231666666666666,-0.604,-0.651,0.759,0.38622222222222224,93.7745,248,0.05781481481481481,0.501,0.24058024691358024,59.5125,248,0.03811111111111111,2.672,1.3041234567901234,318.656,248,0.22108641975308643,0.531,0.2410493827160494,58.8895,248,0.03735802469135802,0.5306000000000001,0.29210344827586204,0.6876428571428571,3,0.478,53.3925,0.407,0.37,52.4225,0.23922222222222222,0.635,75.915,0.617,0.3610952380952381,0.31270833333333337,0.3621904761904762,-0.589,-0.529,-0.606,442.7937717437744,479.3665199279785,852.943962097168,0.49433333333333335,60.57666666666667,0.42107407407407405,0.3453313492063492,-0.5746666666666667,591.7014179229736
AGC_050,Cebada,2.42,Calpulalpan,Tlaxcala,PREDICCION,,-98.59012583793177,19.5805365,1074.463642120361,267.2244873046875,12.002432550702776,23.73442649841309,17.868429524557932,11.73199394771031,2601.5827070917894,2595,2608,2.9811235177839532,3.475822687149048,13,2368,32,13,87,0.753,0.3855625,79.3665,215,0.051125,0.775,0.3433125,69.0685,215,0.05946875,0.558,0.25734375,52.1465,217,0.04053125,1.762,0.49309375,92.993,217,0.16671875,0.78,0.3560625,73.725,217,0.05453125,0.07684375,0.432,-0.183,0.24571875,0.69,-0.115,0.937625,1.45,0.399,0.6990625,1.263,0.185,0.195125,0.371,0.067,1.53125,2.187,1.143,0.35825,0.423,0.118,0.7291666666666666,0.3426666666666667,0.4025714285714286,-0.6246153846153846,-0.589,-0.651,0.838,0.41958620689655174,97.6685,215,0.04550574712643678,0.789,0.27839080459770116,65.087,227,0.03510344827586207,3.197,1.4885517241379311,347.8775,230,0.18491954022988505,0.684,0.2756206896551724,64.3745,222,0.03547126436781609,0.79525,0.3652058823529411,0.4726818181818182,3,0.577,63.0225,0.4115,0.566,55.14,0.3432,0.79,76.4975,0.5349999999999999,0.3505714285714286,0.3843225806451613,0.3383793103448276,-0.568,-0.558,-0.602,661.6120376586914,609.7914009094238,966.4598865509033,0.6443333333333333,64.88666666666667,0.42989999999999995,0.35775777318713914,-0.576,745.9544417063395
AGC_051,Cebada,11.12,Almoloya,Hidalgo,ENTRENAMIENTO,4.45,-98.34781165341158,19.75103920723405,740.4930205870243,199.51296823349543,12.295181613228785,23.391045356145156,17.84311348468697,11.095863742916372,2748.939795790499,2720,2778,4.510134434538898,6.203880310058594,58,2113,32,15,83,0.693,0.39978125,88.26350000000001,185,0.071625,0.613,0.32034375,72.448,185,0.07846875,0.449,0.249,55.3665,185,0.0539375,1.053,0.392375,93.2075,185,0.17846875,0.671,0.35825,80.1565,237,0.06909375,0.0665,0.331,-0.179,0.251375,0.588,-0.122,0.94703125,1.446,0.507,0.69203125,1.288,0.262,0.20640625,0.328,0.051,1.5668125,1.984,1.109,0.37809375,0.467,0.225,0.6348,0.3990909090909091,0.46122222222222226,-0.6361333333333333,-0.613,-0.654,0.775,0.4415301204819277,106.7875,185,0.05957831325301205,0.574,0.27267469879518075,67.786,186,0.04918072289156627,2.827,1.5047349397590362,361.8845,231,0.22486746987951808,0.568,0.2735542168674699,67.7145,186,0.04963855421686747,0.7271666666666666,0.38696875,0.55925,3,0.81,78.6025,0.5836666666666667,0.488,55.8975,0.25583333333333336,0.719,73.3475,0.522,0.31369565217391304,0.3827083333333333,0.34342307692307694,-0.543,-0.605,-0.632,433.13079990022106,400.64476305642637,741.4930686776044,0.6723333333333333,69.2825,0.45383333333333337,0.34660902081010775,-0.5933333333333334,525.089543878084
AGC_052,Cebada,6.23,Cuautepec de Hinojosa,Hidalgo,PREDICCION,,-98.27885835627792,19.9288303055997,1046.5036239624023,257.7463684082031,13.484571865626744,23.714047023228236,18.59930944442749,10.229475157601492,2626.7706233081612,2616,2647,6.0774152100815115,13.417810440063477,31,1919,33,16,73,0.714,0.3791818181818182,84.9985,210,0.0720909090909091,0.688,0.29957575757575755,66.185,210,0.0733939393939394,0.502,0.2331515151515151,50.9175,210,0.05096969696969697,1.428,0.3647575757575757,81.7005,210,0.1729090909090909,0.711,0.338,75.843,210,0.06442424242424243,0.06642424242424243,0.408,-0.15,0.2472121212121212,0.666,-0.079,0.9403939393939394,1.357,0.427,0.6882424242424242,1.18,0.205,0.2023939393939394,0.363,0.053,1.556060606060606,2.156,1.115,0.3545151515151515,0.453,-0.013,0.6688333333333333,0.30154545454545456,0.4494444444444444,-0.6346875,-0.614,-0.656,0.79,0.4242876712328767,102.0305,221,0.05460273972602739,0.586,0.27079452054794523,65.4375,214,0.04338356164383562,2.903,1.4715890410958905,351.507,231,0.21463013698630137,0.608,0.27393150684931505,65.694,221,0.04426027397260274,0.7545714285714286,0.30011764705882354,0.544,3,0.404,55.07,0.34875,0.468,53.5175,0.23514285714285715,0.683,77.435,0.5325,0.3887,0.3082857142857143,0.31769565217391305,-0.562,-0.604,-0.6,534.9626350402832,605.3766250610352,1027.1596298217773,0.5183333333333333,62.0075,0.3721309523809524,0.3382271221532091,-0.5886666666666667,722.4996299743652
AGC_053,Cebada,8.54,Calpulalpan,Tlaxcala,ENTRENAMIENTO,3.5,-98.52233587908653,19.560706,887.9460887908936,223.35414123535156,12.122947284153527,23.791027886526926,17.95698758534023,11.668080602373395,2589.119435285249,2584,2594,1.5819479419505451,2.55007266998291,10,2369,36,13,86,0.602,0.2940833333333333,63.626,257,0.05783333333333333,0.496,0.22477777777777777,48.675,275,0.05566666666666667,0.377,0.17716666666666667,38.0905,265,0.04011111111111111,0.716,0.182,41.7125,265,0.10327777777777776,0.557,0.24158333333333337,53.4755,257,0.05011111111111111,-0.01880555555555555,0.278,-0.186,0.11030555555555556,0.548,-0.131,1.0891666666666666,1.457,0.568,0.8793055555555556,1.304,0.295,0.13722222222222222,0.321,0.038,1.346666666666667,1.949,1.08,0.3579722222222222,0.431,0.116,0.3382857142857143,0.20208333333333336,0.525,-0.6290769230769231,-0.609,-0.652,0.695,0.3838604651162791,85.625,257,0.05348837209302325,0.479,0.22895348837209303,50.631,254,0.03847674418604651,2.373,1.3088255813953489,292.1745,246,0.2002325581395349,0.444,0.2236046511627907,49.2075,268,0.03855813953488372,0.4267857142857142,0.2905,0.6117916666666666,3,0.671,62.645,0.205,0.446,53.37,0.2692,0.733,68.1525,0.4564,0.3624137931034483,0.38503225806451613,0.338,-0.574,-0.574,-0.612,543.5141906738281,521.8285694122314,800.2204971313477,0.6166666666666667,61.38916666666667,0.3102,0.3618153503893215,-0.5866666666666667,621.8544190724691
AGC_054,Cebada,2.01,Calpulalpan,Tlaxcala,ENTRENAMIENTO,2.5,-98.53681598214284,19.548026,1059.8037815093994,290.180908203125,11.867007528032577,23.539536339896063,17.70327193396432,11.672528811863488,2644.794082408528,2639,2650,2.162278932252798,2.3754944801330566,11,2434,36,17,96,0.576,0.33305555555555555,69.8365,235,0.05388888888888889,0.512,0.27344444444444443,57.144,220,0.05583333333333333,0.391,0.2116111111111111,44.1685,215,0.03858333333333333,0.767,0.2756388888888889,57.211,215,0.10997222222222222,0.563,0.3071388888888889,64.4325,220,0.04802777777777778,0.05749999999999999,0.272,-0.136,0.2113611111111111,0.537,-0.08,0.93625,1.317,0.574,0.71875,1.177,0.303,0.16616666666666666,0.312,0.04,1.4299722222222222,1.909,1.085,0.32558333333333334,0.407,-0.045,0.5552857142857143,0.27708333333333335,0.42044444444444445,-0.6222941176470588,-0.599,-0.641,0.71,0.393,88.32300000000001,238,0.04632291666666666,0.514,0.24314583333333337,54.989,211,0.03507291666666667,2.591,1.3312604166666666,299.6245,238,0.18626041666666668,0.479,0.23977083333333332,53.9865,226,0.03509375,0.6619285714285714,0.2921891891891892,0.5299259259259259,3,0.567,58.47,0.221,0.425,51.1075,0.26322222222222225,0.726,74.14750000000001,0.516,0.32965384615384613,0.37442857142857144,0.32425925925925925,-0.574,-0.542,-0.607,671.0671844482422,607.5640144348145,1011.8716640472412,0.5726666666666667,61.24166666666667,0.33340740740740743,0.3427805589472256,-0.5743333333333334,763.5009543100992
AGC_055,Cebada,1.37,Chignahuapan,Puebla,ENTRENAMIENTO,5.45,-98.21763948377644,19.87491114318495,793.7303228378296,195.0574951171875,13.248210770743231,23.513994216918945,18.38110249383109,10.265783446175712,2729.316296599203,2725,2745,3.714152773499012,5.002054214477539,20,1985,32,30,71,0.6,0.383375,82.05,265,0.0864375,0.493,0.3076875,65.1635,185,0.095125,0.377,0.237125,49.664,265,0.06534375,0.854,0.3606875,75.3975,205,0.2359375,0.529,0.3200625,69.1665,265,0.08884375,0.0398125,0.36,-0.178,0.22425,0.597,-0.068,0.99040625,1.439,0.477,0.70659375,1.157,0.256,0.20153125,0.351,0.095,1.536125,2.1,1.211,0.36553125,0.457,-0.096,0.5395,0.33675,0.5238571428571429,-0.6313,-0.603,-0.649,0.71,0.4452112676056338,102.2295,248,0.07792957746478874,0.529,0.2882394366197183,67.7265,236,0.06383098591549295,2.416,1.5076338028169014,346.674,249,0.29883098591549295,0.504,0.28561971830985916,66.6035,236,0.06543661971830986,0.6346428571428572,0.3729130434782609,0.6427857142857143,3,0.456,60.64,0.38875,0.405,50.5,0.3028571428571429,0.657,75.3375,0.46225,0.406,0.38816,0.3874444444444444,-0.591,-0.554,-0.605,442.7937717437744,479.3665199279785,852.943962097168,0.506,62.15916666666667,0.38461904761904764,0.39386814814814813,-0.5833333333333334,591.7014179229736
AGC_056,Cebada,3.65,Chignahuapan,Puebla,ENTRENAMIENTO,5.07,-98.20679828475232,19.87149187744565,793.7303228378296,195.0574951171875,13.248210770743237,23.513994216918945,18.38110249383109,10.26578344617571,2745.1607671027864,2736,2752,2.8707233609843303,4.413441181182861,16,1985,31,31,72,0.588,0.2867096774193548,72.1625,265,0.06187096774193548,0.484,0.22538709677419355,57.168,245,0.05445161290322581,0.363,0.1800967741935484,44.8735,265,0.03996774193548387,0.675,0.1895806451612903,58.5175,265,0.10248387096774192,0.577,0.2394516129032258,62.65,280,0.05674193548387096,-0.00638709677419354,0.283,-0.164,0.13070967741935485,0.556,-0.099,1.0608709677419357,1.396,0.564,0.8352903225806452,1.226,0.289,0.14561290322580644,0.327,0.047,1.3659032258064516,1.978,1.1,0.3540967741935484,0.433,-0.133,0.47375,0.23092307692307693,0.5006666666666667,-0.6108709677419355,-0.582,-0.65,0.734,0.37144444444444447,87.219,248,0.05533333333333333,0.464,0.24197222222222223,57.354,256,0.03818055555555556,2.598,1.246736111111111,293.8515,249,0.20222222222222225,0.484,0.23744444444444443,55.927499999999995,248,0.03877777777777778,0.5544,0.2718695652173913,0.6010714285714286,3,0.433,53.37,0.40549999999999997,0.496,48.574999999999996,0.320375,0.561,65.2425,0.46625,0.3381904761904762,0.38008333333333333,0.3685,-0.524,-0.529,-0.583,442.7937717437744,479.3665199279785,852.943962097168,0.4966666666666667,55.729166666666664,0.397375,0.36225793650793653,-0.5453333333333333,591.7014179229736
AGC_057,Cebada,0.63,Chignahuapan,Puebla,ENTRENAMIENTO,4.55,-98.24930571774284,19.87993935436935,793.7303228378296,195.0574951171875,13.248210770743237,23.513994216918945,18.38110249383109,10.26578344617571,2729.5863766393045,2722,2750,8.243090782027208,8.889588356018066,28,1985,32,20,87,0.581,0.3271875,72.7235,245,0.10309375,0.517,0.25778125,57.8295,245,0.08265625,0.388,0.2070625,45.877,245,0.05928125,0.762,0.25034375,60.3005,245,0.1514375,0.596,0.30759375,69.3695,245,0.084,0.066875,0.351,-0.071,0.229,0.587,0.041,0.904125,1.16,0.485,0.66696875,0.934,0.263,0.1731875,0.301,0.08,1.44215625,1.871,1.179,0.33640625,0.389,0.058,0.42,0.25669230769230766,0.5297142857142857,-0.6184499999999999,-0.586,-0.642,0.696,0.37533333333333335,82.8145,248,0.06936781609195403,0.482,0.2453103448275862,55.041,253,0.04588505747126437,2.529,1.2981264367816092,289.1245,248,0.2646091954022989,0.497,0.24371264367816092,53.9675,253,0.04551724137931035,0.5014,0.2823793103448276,0.5915,3,0.395,57.3825,0.35625,0.369,49.13,0.24271428571428572,0.645,66.345,0.58875,0.3223,0.33249999999999996,0.30954166666666666,-0.574,-0.524,-0.587,442.7937717437744,479.3665199279785,852.943962097168,0.4696666666666667,57.619166666666665,0.3959047619047619,0.3214472222222222,-0.5616666666666666,591.7014179229736
AGC_058,Cebada,7.7,Calpulalpan,Tlaxcala,ENTRENAMIENTO,2.5,-98.53598993886432,19.5576385,887.9460887908936,223.35414123535156,12.122947284153527,23.791027886526926,17.95698758534023,11.668080602373395,2620.482752403701,2616,2625,1.904522828809339,2.3393118381500244,9,2369,34,15,92,0.649,0.33897058823529413,70.26350000000001,265,0.05614705882352941,0.552,0.273,56.7215,235,0.06073529411764706,0.405,0.20794117647058824,42.8675,265,0.04247058823529411,0.819,0.26873529411764707,55.6755,265,0.12,0.629,0.28655882352941175,59.955,270,0.05517647058823529,0.01897058823529411,0.329,-0.19,0.1751470588235294,0.599,-0.12,1.029,1.469,0.508,0.7894411764705882,1.274,0.252,0.17105882352941176,0.349,0.065,1.4529117647058825,2.077,1.14,0.3427941176470588,0.437,-0.174,0.5438333333333334,0.22245454545454543,0.5301111111111111,-0.6228666666666667,-0.611,-0.639,0.801,0.4163804347826087,91.08,245,0.04901086956521739,0.539,0.26375,57.7195,259,0.04091304347826087,3.101,1.4768152173913045,325.1485,245,0.21769565217391304,0.526,0.25705434782608694,56.071,243,0.04079347826086956,0.6687333333333333,0.2514545454545455,0.64372,3,0.604,73.58,0.3736,0.558,58.93,0.26566666666666666,0.724,72.2775,0.5176000000000001,0.3798888888888889,0.3778214285714286,0.33875,-0.586,-0.577,-0.606,543.5141906738281,521.8285694122314,800.2204971313477,0.6286666666666667,68.2625,0.38562222222222226,0.36548677248677247,-0.5896666666666667,621.8544190724691
AGC_059,Cebada,19.53,Almoloya,Hidalgo,ENTRENAMIENTO,4.41,-98.2657075110348,19.7998766123997,853.5066448849767,228.55117554804937,12.623013727698437,23.440756150263052,18.031884938980745,10.817742422564615,2644.4842025331563,2637,2671,3.2104276061865225,15.202095985412598,34,2049,34,23,81,0.738,0.4528235294117647,92.6965,225,0.06173529411764706,0.748,0.3845588235294118,77.527,237,0.07658823529411765,0.513,0.2878529411764706,58.2365,237,0.05273529411764706,1.395,0.5522647058823529,108.9675,237,0.22141176470588236,0.751,0.4012352941176471,82.3885,237,0.06535294117647059,0.12914705882352942,0.428,-0.184,0.33997058823529414,0.7,-0.098,0.8613823529411765,1.461,0.404,0.59382352941176475,1.23,0.178,0.25320588235294117,0.392,0.077,1.7486470588235294,2.291,1.168,0.33888235294117647,0.447,-0.054,0.7218571428571429,0.4123076923076923,0.503125,-0.6298695652173913,-0.583,-0.654,0.837,0.487679012345679,111.8185,221,0.05144444444444444,0.598,0.3088271604938272,72.18350000000001,224,0.04965432098765432,2.737,1.5621975308641975,356.4155,231,0.2288271604938272,0.612,0.31362962962962965,72.579,221,0.04960493827160494,0.7997058823529412,0.3817083333333333,0.6274210526315789,3,0.673,76.96,0.37325,0.556,67.6975,0.30466666666666664,0.729,80.685,0.5871666666666666,0.35405,0.3666923076923077,0.3442,-0.599,-0.584,-0.62,497.68793931931754,497.0209654075913,917.6070944181183,0.6526666666666667,75.11416666666666,0.4216944444444444,0.3549807692307692,-0.601,637.4386663816757
AGC_060,Cebada,2.34,Chignahuapan,Puebla,ENTRENAMIENTO,4.52,-98.25558063901887,19.8793137576988,961.35080909729,237.6761016845703,13.32825333731515,23.78072602408273,18.55448968069894,10.452472686767578,2720.073966269763,2702,2733,9.39639520768144,13.506239891052246,31,1984,33,18,82,0.55,0.3428787878787879,74.58,225,0.0636969696969697,0.446,0.25054545454545457,54.839,235,0.05512121212121212,0.337,0.20163636363636364,43.693,225,0.03996969696969697,0.574,0.2313939393939394,52.381,225,0.09606060606060604,0.523,0.30633333333333335,67.4505,235,0.05027272727272727,0.06178787878787879,0.333,-0.101,0.23745454545454545,0.582,0.001,0.9133030303030304,1.23,0.507,0.6555454545454545,1.007,0.268,0.18545454545454543,0.312,0.08,1.475090909090909,1.913,1.177,0.3160909090909091,0.408,-0.103,0.503,0.29591666666666666,0.48828571428571427,-0.6398333333333334,-0.612,-0.653,0.655,0.4013536585365854,90.9515,248,0.05529268292682927,0.409,0.23880487804878048,54.919,253,0.03578048780487805,2.322,1.3904268292682926,314.9645,248,0.2137682926829268,0.428,0.23914634146341465,54.2855,253,0.03514634146341464,0.5772666666666667,0.33075,0.5836250000000001,3,0.455,59.9375,0.427,0.399,55.92,0.2612857142857143,0.655,73.3275,0.6176666666666667,0.3115263157894737,0.3948333333333333,0.35176,-0.548,-0.569,-0.622,516.0190601348877,571.0173530578613,992.8766441345215,0.503,63.06166666666667,0.4353174603174603,0.35270654970760235,-0.5796666666666667,693.3043524424235
AGC_061,Cebada,7.23,Calpulalpan,Tlaxcala,PREDICCION,,-98.61175188380412,19.5355835,1459.1384239196775,359.62786865234375,11.415898050580706,23.2502509525844,17.333074501582555,11.834352902003696,2785.1347265264303,2757,2798,4.809010054341711,7.277092456817627,41,2432,31,15,83,0.666,0.3905483870967742,75.844,225,0.07609677419354839,0.647,0.3203225806451613,61.8565,225,0.08058064516129032,0.476,0.24870967741935485,48.13,225,0.05674193548387097,1.164,0.3939032258064516,72.753,225,0.17935483870967742,0.659,0.3599032258064516,69.442,237,0.07225806451612904,0.11861290322580643,0.434,-0.103,0.28838709677419355,0.681,-0.016,0.839,1.231,0.398,0.6163225806451613,1.035,0.192,0.19396774193548383,0.355,0.078,1.5197096774193548,2.113,1.17,0.33119354838709675,0.415,-0.01,0.6416666666666667,0.2753333333333333,0.5268888888888889,-0.6198,-0.588,-0.649,0.758,0.3866626506024096,93.691,238,0.06602409638554217,0.621,0.25427710843373497,60.683,235,0.0466144578313253,2.521,1.2996746987951808,315.735,245,0.2538433734939759,0.564,0.25390361445783133,60.4685,235,0.0466867469879518,0.7084166666666667,0.2818181818181818,0.5861176470588235,3,0.682,68.37,0.5898,0.663,57.3325,0.4255,0.753,73.845,0.58125,0.3602,0.3385925925925926,0.29215384615384615,-0.566,-0.504,-0.607,890.8766059875488,783.0181579589844,1350.220027923584,0.6993333333333334,66.51583333333333,0.5321833333333333,0.33031547958214624,-0.5589999999999999,1008.0382639567057
AGC_062,Cebada,2,Chignahuapan,Puebla,ENTRENAMIENTO,3.81,-98.27265656748207,19.85696291589585,961.35080909729,237.6761016845703,13.32825333731515,23.78072602408273,18.55448968069894,10.452472686767578,2600.2860239866677,2599,2602,0.3193923208237962,0.8606972098350525,3,1984,37,15,85,0.479,0.2987567567567568,65.6745,245,0.09745945945945944,0.445,0.23840540540540545,52.402,220,0.09616216216216215,0.315,0.1830810810810811,39.981,220,0.07024324324324324,0.541,0.20427027027027028,47.9025,220,0.1822972972972973,0.484,0.271027027027027,61.107,237,0.08386486486486486,0.06978378378378379,0.352,-0.177,0.23475675675675675,0.574,-0.112,0.935891891891892,1.43,0.492,0.7021621621621622,1.254,0.275,0.18364864864864863,0.317,0.049,1.487027027027027,1.94,1.103,0.25494594594594594,0.429,-0.138,0.42528571428571427,0.2541538461538462,0.4068888888888889,-0.6188666666666667,-0.576,-0.639,0.599,0.3542,81.4405,246,0.0874,0.359,0.2214,51.3635,247,0.06672941176470588,1.91,1.1523411764705882,261.4765,246,0.34289411764705885,0.35,0.2169764705882353,49.7225,246,0.06943529411764705,0.4882,0.29415384615384615,0.5314736842105263,3,0.702,83.245,0.41775,0.49,54.805,0.242625,0.688,72.7625,0.4845,0.35615,0.39111538461538464,0.35114814814814815,-0.574,-0.521,-0.595,516.0190601348877,571.0173530578613,992.8766441345215,0.6266666666666666,70.27083333333334,0.381625,0.36613784425451096,-0.5633333333333334,693.3043524424235
AGC_063,Cebada,12.54,Chignahuapan,Puebla,PREDICCION,,-98.27783747997452,19.85905059537145,961.35080909729,237.6761016845703,13.32825333731515,23.78072602408273,18.55448968069894,10.452472686767578,2607.0543078704945,2604,2614,1.134429777251584,2.271474123001098,10,1984,34,13,85,0.649,0.3372058823529412,77.67099999999999,287,0.06679411764705882,0.559,0.26426470588235296,61.0245,195,0.07488235294117647,0.396,0.20026470588235296,45.947,300,0.05170588235294118,0.817,0.26038235294117645,65.9105,300,0.16014705882352942,0.618,0.26373529411764707,62.5125,290,0.06929411764705883,-0.011911764705882349,0.338,-0.226,0.14702941176470588,0.607,-0.162,1.1103529411764703,1.587,0.511,0.853,1.39,0.253,0.1748529411764706,0.352,0.046,1.4670882352941177,2.105,1.097,0.34202941176470586,0.457,-0.048,0.3444285714285714,0.29246153846153844,0.6022857142857143,-0.6340769230769231,-0.609,-0.66,0.767,0.40087058823529415,99.0855,299,0.053,0.527,0.2463058823529412,61.211,266,0.04609411764705882,2.58,1.3698470588235294,331.8375,285,0.19994117647058823,0.489,0.23769411764705883,59.09,266,0.04735294117647059,0.4541875,0.3496296296296296,0.6916470588235294,3,0.736,76.2025,0.282,0.645,63.1,0.27585714285714286,0.696,77.53,0.5151666666666667,0.3573181818181818,0.40158333333333335,0.3718461538461538,-0.511,-0.535,-0.612,516.0190601348877,571.0173530578613,992.8766441345215,0.6923333333333334,72.2775,0.35767460317460315,0.3769158896658897,-0.5526666666666666,693.3043524424235
AGC_064,Cebada,2.45,Cuautepec de Hinojosa,Hidalgo,ENTRENAMIENTO,4.51,-98.27569348271476,19.929074498764,1046.5036239624023,257.7463684082031,13.484571865626744,23.714047023228236,18.59930944442749,10.229475157601492,2654.6368576591003,2645,2670,6.216478667566432,8.264516830444336,25,1919,34,17,71,0.621,0.36767647058823527,81.191,245,0.08658823529411765,0.56,0.2896470588235294,64.5085,195,0.08294117647058824,0.419,0.2275294117647059,49.967,210,0.05685294117647058,0.937,0.32541176470588234,74.9485,210,0.17723529411764707,0.597,0.3190882352941177,71.941,210,0.07620588235294118,0.0456764705882353,0.28,-0.129,0.2325,0.55,-0.009,0.9597941176470588,1.302,0.578,0.6755882352941176,1.022,0.3,0.2013235294117647,0.33,0.096,1.532735294117647,1.995,1.215,0.3702058823529411,0.449,0.137,0.5961666666666666,0.29953846153846153,0.456,-0.6372941176470588,-0.62,-0.654,0.715,0.4204647887323944,99.6255,238,0.08277464788732394,0.514,0.258,61.999,253,0.05874647887323944,2.513,1.4263521126760563,335.8945,249,0.3135774647887324,0.519,0.2605633802816901,62.03,253,0.05884507042253521,0.673,0.30626315789473685,0.5652222222222222,3,0.44,56.0075,0.3945,0.427,56.28,0.300875,0.625,71.005,0.5483333333333333,0.3480952380952381,0.351695652173913,0.3101904761904762,-0.54,-0.478,-0.61,534.9626350402832,605.3766250610352,1027.1596298217773,0.49733333333333335,61.0975,0.41456944444444443,0.33666045548654244,-0.5426666666666666,722.4996299743652
AGC_065,Cebada,60.88,Almoloya,Hidalgo,PREDICCION,,-98.3415305710692,19.76797952180105,757.6721591949463,207.35818481445312,12.405567577907018,23.459239687238423,17.932403632572722,11.053672109331403,2735.805523271492,2721,2751,1.8867341865510177,6.696868419647217,30,2113,32,15,78,0.775,0.42903125,97.501,185,0.06790625,0.77,0.35181250000000003,82.28,185,0.0818125,0.545,0.26796875,61.7315,185,0.05559375,1.923,0.5045,129.1075,185,0.22684375,0.725,0.39121875,90.4615,195,0.07065625,0.09815625,0.377,-0.191,0.2829375,0.648,-0.141,0.914125,1.478,0.458,0.6728125,1.343,0.216,0.21903125,0.368,0.047,1.62646875,2.171,1.101,0.34715625,0.47,-0.011,0.7302500000000001,0.45208333333333334,0.4725555555555555,-0.6450666666666667,-0.605,-0.665,0.848,0.4859871794871795,118.7025,185,0.06185897435897436,0.68,0.3008461538461539,77.26950000000001,186,0.05494871794871795,3.184,1.6744615384615384,408.07,231,0.2544230769230769,0.687,0.3046923076923077,77.935,186,0.0557051282051282,0.8039999999999999,0.452,0.5491111111111111,3,0.678,71.4325,0.5906666666666667,0.513,66.34,0.30433333333333334,0.713,85.9175,0.63725,0.31375,0.37127272727272725,0.3297826086956522,-0.562,-0.625,-0.633,434.2247142791748,405.79462814331055,760.2894887924194,0.6346666666666667,74.56333333333333,0.51075,0.33826844532279315,-0.6066666666666667,533.4362770716349
AGC_066,Cebada,7.15,Calpulalpan,Tlaxcala,ENTRENAMIENTO,3,-98.52219433122656,19.5988765,864.6091782027183,219.34541535451925,12.154468296262465,23.82166191621362,17.988065106238043,11.667193619951156,2513.6046844545217,2509,2520,1.4655263481600798,2.3874330520629883,11,2304,36,16,90,0.612,0.2807777777777778,64.947,185,0.06155555555555556,0.535,0.22075,52.777,185,0.05980555555555555,0.398,0.17280555555555557,40.493,185,0.04333333333333333,0.82,0.17383333333333334,49.2365,185,0.11616666666666668,0.534,0.22636111111111112,54.079,185,0.06041666666666667,-0.02366666666666666,0.245,-0.194,0.12383333333333334,0.482,-0.095,1.095972222222222,1.483,0.615,0.8376111111111111,1.212,0.355,0.15494444444444444,0.29,0.087,1.3856388888888889,1.822,1.19,0.35644444444444445,0.419,0.029,0.332,0.21561538461538465,0.4402,-0.624625,-0.601,-0.649,0.708,0.35713333333333336,84.5105,245,0.05462222222222222,0.495,0.22973333333333337,54.515,254,0.0423,2.394,1.2079444444444445,284.895,245,0.21135555555555555,0.486,0.22281111111111113,52.9865,186,0.04253333333333333,0.43066666666666664,0.26925,0.54,3,0.583,60.464999999999996,0.3835,0.713,53.885,0.32987500000000003,0.768,66.66,0.514,0.3595833333333333,0.3573928571428571,0.3618928571428571,-0.567,-0.58,-0.608,527.0162923918245,503.83803059019675,776.91484401948,0.688,60.336666666666666,0.409125,0.35962301587301587,-0.585,602.5897223338338
AGC_067,Cebada,1.53,Singuilucan,Hidalgo,ENTRENAMIENTO,3,-98.40854334824664,19.9479902,1231.6271858215332,366.0626525878906,12.5864497593471,23.51395743233817,18.050203595842635,10.927507672991071,2745.774080274438,2742,2754,2.93776764481903,6.241633415222168,12,1916,29,11,63,0.736,0.42917241379310345,82.8015,225,0.04458620689655172,0.664,0.33648275862068966,63.8815,235,0.0593448275862069,0.48,0.25624137931034485,48.872,235,0.04013793103448276,1.19,0.429,78.45349999999999,235,0.16231034482758622,0.736,0.3600344827586207,67.654,260,0.04875862068965517,0.05041379310344827,0.468,-0.285,0.2446551724137931,0.715,-0.196,1.0444137931034485,1.801,0.363,0.7493448275862069,1.499,0.167,0.22558620689655173,0.372,0.081,1.630103448275862,2.186,1.177,0.37289655172413794,0.502,0.144,0.707,0.3538888888888889,0.49775,-0.6469090909090909,-0.625,-0.659,0.823,0.4407142857142857,102.0145,225,0.03315873015873016,0.586,0.2664761904761905,61.814,260,0.03039682539682539,2.906,1.5257936507936507,348.8555,238,0.14936507936507937,0.578,0.2627777777777778,60.608,246,0.03123809523809524,0.7934444444444445,0.3407,0.5815333333333333,3,0.656,77.2775,0.509,0.595,58.0375,0.34933333333333333,0.819,82.63499999999999,0.515,0.35391304347826086,0.44975,0.363,-0.613,-0.575,-0.622,557.5809020996094,507.86975860595703,1018.7258358001709,0.69,72.65,0.4577777777777778,0.3888876811594203,-0.6033333333333333,694.7254988352457
AGC_068,Cebada,3.1,Calpulalpan,Tlaxcala,ENTRENAMIENTO,2.5,-98.52335256318268,19.5922655,887.9460887908936,223.35414123535156,12.122947284153527,23.791027886526926,17.95698758534023,11.668080602373395,2521.890131880283,2515,2528,1.6135596320627543,2.3499231338500977,13,2369,36,14,96,0.692,0.33525,76.3405,257,0.06441666666666666,0.634,0.2679722222222222,63.092000000000006,257,0.06469444444444444,0.451,0.20466666666666664,47.489,265,0.04588888888888889,1.019,0.2753888888888889,72.158,265,0.1339722222222222,0.688,0.2913611111111111,66.93900000000001,270,0.06052777777777778,0.02049999999999999,0.374,-0.201,0.17255555555555557,0.638,-0.116,1.0438888888888889,1.505,0.458,0.80875,1.265,0.222,0.1713888888888889,0.353,0.066,1.4579722222222222,2.103,1.143,0.3377222222222222,0.416,0.022,0.4225,0.20661538461538465,0.5916,-0.6349285714285714,-0.606,-0.653,0.819,0.43892708333333336,97.925,245,0.05048958333333333,0.64,0.2821875,63.1795,254,0.0400625,2.908,1.5361979166666666,340.925,245,0.21139583333333337,0.61,0.27734375,61.9855,256,0.04103125,0.5619411764705883,0.2835625,0.6976071428571429,3,0.658,68.0275,0.37633333333333335,0.641,56.4875,0.3441111111111111,0.681,67.265,0.5818333333333333,0.38108,0.3726451612903226,0.35086666666666666,-0.577,-0.583,-0.603,543.5141906738281,521.8285694122314,800.2204971313477,0.66,63.92666666666667,0.4340925925925926,0.3681972759856631,-0.5876666666666667,621.8544190724691
AGC_069,Cebada,0.38,Chignahuapan,Puebla,ENTRENAMIENTO,5.46,-98.24800880934332,19.869458935948103,793.7303228378296,195.0574951171875,13.248210770743231,23.513994216918945,18.38110249383109,10.265783446175712,2626.4626860672956,2622,2628,4.362900285616133,4.800540447235107,6,1985,34,22,95,0.661,0.3987058823529412,83.6945,265,0.05629411764705882,0.621,0.32335294117647057,68.7445,280,0.06179411764705882,0.443,0.2483235294117647,52.414,280,0.04176470588235294,0.989,0.3705,80.4565,280,0.12688235294117647,0.685,0.3509705882352941,73.962,280,0.05661764705882353,0.02741176470588235,0.307,-0.201,0.18864705882352945,0.579,-0.135,1.0136470588235291,1.508,0.532,0.7721176470588236,1.318,0.268,0.1753529411764706,0.331,0.05,1.462058823529412,1.998,1.107,0.3941764705882353,0.456,0.254,0.5504285714285714,0.29841666666666666,0.608625,-0.6256818181818182,-0.595,-0.642,0.769,0.432421052631579,97.088,248,0.03473684210526315,0.564,0.27089473684210524,61.7605,266,0.02731578947368421,2.876,1.5787368421052632,356.465,248,0.15042105263157896,0.567,0.2654736842105263,59.9,253,0.02705263157894737,0.6215,0.3169090909090909,0.686047619047619,3,0.539,66.9975,0.37033333333333335,0.385,53.9525,0.2385,0.698,68.325,0.459,0.425,0.388,0.3978076923076923,-0.59,-0.536,-0.603,442.7937717437744,479.3665199279785,852.943962097168,0.5406666666666666,63.09166666666667,0.35594444444444445,0.4036025641025641,-0.5763333333333334,591.7014179229736
AGC_070,Cebada,20.83,Singuilucan,Hidalgo,ENTRENAMIENTO,3.3,-98.39529246647407,19.95412356846328,1335.0902252197266,357.91552734375,13.277612549918038,23.801090785435267,18.53935166767665,10.52347823551723,2739.829248482904,2720,2765,4.022468652918097,7.070934772491455,45,1852,35,13,66,0.714,0.3776,77.5435,257,0.11434285714285716,0.662,0.2937142857142857,60.485,260,0.10531428571428572,0.454,0.2258,46.349,260,0.07331428571428572,1.056,0.3355714285714286,69.16250000000001,260,0.2102857142857143,0.748,0.35528571428571426,73.204,260,0.0912,0.12065714285714284,0.47,-0.072,0.2873142857142857,0.715,0.021,0.8280571428571428,1.159,0.365,0.6108285714285714,0.966,0.168,0.1906857142857143,0.373,0.079,1.517542857142857,2.199,1.179,0.2885714285714286,0.388,-0.074,0.5142857142857142,0.23825,0.6137777777777778,-0.6507692307692308,-0.633,-0.657,0.806,0.4338030303030303,95.729,246,0.10587878787878788,0.555,0.25501515151515153,56.0905,236,0.07227272727272727,2.861,1.4968181818181818,330.9335,257,0.4023484848484848,0.541,0.2551818181818182,55.702,246,0.07151515151515152,0.6336428571428572,0.2882105263157895,0.6846428571428571,3,0.6,76.1275,0.452,0.633,55.5375,0.3636666666666667,0.755,79.18,0.6865,0.31675,0.30525,0.27904761904761904,-0.597,-0.578,-0.634,621.6697158813477,607.8970184326172,1117.1492729187012,0.6626666666666666,70.28166666666667,0.5007222222222223,0.30034920634920637,-0.603,782.2386690775553
AGC_071,Cebada,5.21,Calpulalpan,Tlaxcala,PREDICCION,,-98.53325355156905,19.5602195,887.9460887908936,223.35414123535156,12.122947284153527,23.791027886526926,17.95698758534023,11.668080602373395,2610.398599756892,2605,2619,1.8986238788535352,2.4563944339752197,14,2369,37,13,91,0.637,0.3499189189189189,73.1015,265,0.06713513513513514,0.524,0.2790810810810811,58.4495,250,0.06805405405405406,0.394,0.2117027027027027,44.154,265,0.04762162162162162,0.769,0.2779189189189189,58.132,265,0.13572972972972974,0.598,0.2921891891891892,61.26,270,0.0632972972972973,0.02408108108108108,0.326,-0.187,0.1895945945945946,0.606,-0.116,1.015864864864865,1.462,0.512,0.7658918918918919,1.262,0.247,0.1797027027027027,0.35,0.062,1.4776486486486486,2.082,1.132,0.33783783783783783,0.432,-0.184,0.5038571428571429,0.27075,0.5109,-0.6276923076923077,-0.618,-0.643,0.772,0.425032967032967,94.996,245,0.05827472527472528,0.498,0.25865934065934065,58.3035,271,0.04494505494505494,2.83,1.4543406593406594,325.8045,245,0.2217472527472527,0.478,0.2522967032967033,56.754,252,0.04559340659340659,0.6085333333333334,0.3149705882352941,0.6304583333333333,3,0.634,76.4275,0.3746,0.539,57.6975,0.29460000000000003,0.69,64.0375,0.4276,0.3714642857142857,0.37546666666666667,0.3202333333333333,-0.592,-0.579,-0.609,543.5141906738281,521.8285694122314,800.2204971313477,0.621,66.05416666666666,0.3656,0.3557214285714286,-0.5933333333333333,621.8544190724691
AGC_072,Cebada,4.38,Chignahuapan,Puebla,ENTRENAMIENTO,4.55,-98.23593316243,19.88978564048485,793.7303228378296,195.0574951171875,13.248210770743231,23.513994216918945,18.38110249383109,10.265783446175712,2891.5565902287203,2886,2903,3.452602834014136,4.149178981781006,17,1985,31,23,81,0.757,0.3705806451612903,86.2405,265,0.04529032258064516,0.658,0.2894193548387097,67.0875,265,0.05145161290322581,0.488,0.2259032258064516,51.8655,265,0.03612903225806451,1.198,0.3286774193548387,83.3055,265,0.11119354838709676,0.748,0.32583870967741935,77.258,265,0.04580645161290322,0.09867741935483872,0.521,-0.154,0.2461290322580645,0.723,-0.101,0.8998064516129032,1.364,0.317,0.7061935483870968,1.227,0.161,0.1767741935483871,0.367,0.038,1.4831612903225806,2.171,1.08,0.31561290322580643,0.443,-0.206,0.5678,0.2913076923076923,0.6626666666666666,-0.6126521739130435,-0.575,-0.655,0.828,0.4074320987654321,101.4545,261,0.03781481481481481,0.641,0.26680246913580247,68.1285,270,0.03049382716049382,3.273,1.4239382716049382,362.343,253,0.15853086419753087,0.647,0.26608641975308645,67.1935,253,0.03107407407407407,0.63125,0.29188888888888886,0.7636428571428572,3,0.433,50.795,0.4026666666666667,0.449,51.805,0.250625,0.711,70.24,0.591,0.3788,0.3879090909090909,0.3494285714285714,-0.546,-0.502,-0.547,442.7937717437744,479.3665199279785,852.943962097168,0.531,57.61333333333333,0.4147638888888889,0.37204588744588746,-0.5316666666666667,591.7014179229736
AGC_073,Cebada,2.05,Chignahuapan,Puebla,ENTRENAMIENTO,4.3,-98.27153698592642,19.85832055599355,961.35080909729,237.6761016845703,13.32825333731515,23.78072602408273,18.55448968069894,10.452472686767578,2600.526033022269,2600,2602,0.3842317838551064,0.8006807565689087,2,1984,34,14,86,0.509,0.30770588235294116,66.7595,235,0.09511764705882352,0.454,0.24123529411764705,51.532,235,0.08955882352941176,0.325,0.18614705882352944,39.68,235,0.067,0.565,0.2091764705882353,46.5265,235,0.1723529411764706,0.526,0.2771764705882353,60.749,235,0.07567647058823529,0.08485294117647059,0.417,-0.184,0.2509705882352941,0.637,-0.121,0.9247058823529412,1.45,0.437,0.6979411764705882,1.277,0.231,0.18991176470588236,0.327,0.043,1.5139117647058824,1.996,1.09,0.2454705882352941,0.431,-0.378,0.4655714285714286,0.2576363636363636,0.4145,-0.6183571428571428,-0.58,-0.642,0.614,0.3585697674418605,81.4855,246,0.08393023255813953,0.358,0.21954651162790695,49.9205,268,0.0591860465116279,1.88,1.1229883720930232,250.391,246,0.3334186046511628,0.351,0.21309302325581397,47.8925,246,0.06143023255813953,0.5158,0.285,0.5352,3,0.719,75.0575,0.3666,0.668,65.2625,0.3211111111111111,0.641,69.695,0.47883333333333333,0.34299999999999997,0.4165,0.34873076923076923,-0.574,-0.53,-0.602,516.0190601348877,571.0173530578613,992.8766441345215,0.676,70.005,0.38884814814814816,0.3694102564102564,-0.5686666666666667,693.3043524424235
AGC_074,Cebada,8.54,Calpulalpan,Tlaxcala,ENTRENAMIENTO,2.5,-98.60981390244402,19.5257865,1459.1384239196775,359.62786865234375,11.415898050580706,23.2502509525844,17.333074501582555,11.834352902003696,2812.36036331617,2783,2833,5.317043614611158,8.647069931030273,50,2432,32,13,76,0.812,0.38753125,80.17999999999999,240,0.0610625,0.815,0.33618750000000003,69.6715,225,0.0670625,0.584,0.25628125,52.894,240,0.047,1.993,0.4805625,102.7945,240,0.17571875,0.851,0.37090625,77.2165,240,0.05865625,0.110875,0.507,-0.123,0.28571875,0.737,-0.036,0.87265625,1.282,0.329,0.63840625,1.079,0.152,0.20784375,0.377,0.079,1.578375,2.217,1.172,0.344125,0.425,0.105,0.7336666666666667,0.2439090909090909,0.526625,-0.6192307692307693,-0.586,-0.648,0.898,0.4363026315789474,97.0845,238,0.04601315789473684,0.786,0.30078947368421055,65.7925,235,0.03881578947368421,3.377,1.5488157894736845,343.2095,241,0.1798421052631579,0.738,0.3060921052631579,67.0925,238,0.03940789473684211,0.8338461538461538,0.2773333333333333,0.6202777777777778,3,0.733,73.2025,0.51,0.707,57.3,0.4875,0.806,81.97500000000001,0.5942500000000001,0.38285185185185183,0.3408076923076923,0.35247826086956524,-0.567,-0.509,-0.581,890.8766059875488,783.0181579589844,1350.220027923584,0.7486666666666667,70.82583333333334,0.5305833333333334,0.3587126016763698,-0.5523333333333333,1008.0382639567057
AGC_075,Cebada,3.9,Calpulalpan,Tlaxcala,PREDICCION,,-98.54574339461384,19.5641095,887.9460887908936,223.35414123535156,12.122947284153527,23.791027886526926,17.95698758534023,11.668080602373395,2611.351962607333,2608,2616,1.6314023807487334,1.88666307926178,8,2369,37,15,92,0.605,0.3379189189189189,71.9805,185,0.05575675675675676,0.545,0.26735135135135135,58.1415,185,0.05697297297297298,0.403,0.20551351351351352,44.495,185,0.03967567567567567,0.87,0.2582432432432432,60.2205,185,0.1151081081081081,0.557,0.30302702702702705,64.6125,237,0.05051351351351351,0.04540540540540541,0.289,-0.18,0.20256756756756755,0.529,-0.125,0.9735405405405404,1.44,0.552,0.7464594594594595,1.286,0.314,0.17013513513513517,0.325,0.041,1.4427837837837838,1.967,1.085,0.30967567567567567,0.417,-0.196,0.5471666666666667,0.32458333333333333,0.3831818181818182,-0.6361333333333333,-0.6,-0.664,0.697,0.41357608695652176,93.9495,235,0.0486195652173913,0.521,0.25821739130434784,60.1435,182,0.03870652173913044,2.476,1.4329565217391305,324.238,245,0.19227173913043477,0.466,0.2543804347826087,58.598,185,0.03897826086956522,0.6332,0.34427586206896554,0.5082142857142857,3,0.612,63.8125,0.256,0.502,56.3275,0.3011111111111111,0.737,75.72,0.46275,0.4005416666666667,0.3911428571428571,0.31892857142857145,-0.567,-0.546,-0.605,543.5141906738281,521.8285694122314,800.2204971313477,0.617,65.28666666666666,0.3399537037037037,0.3702043650793651,-0.5726666666666667,621.8544190724691
AGC_076,Cebada,1.01,Chignahuapan,Puebla,PREDICCION,,-98.26626677147873,19.880781081278847,961.35080909729,237.6761016845703,13.32825333731515,23.78072602408273,18.55448968069894,10.452472686767578,2633.5671793921297,2620,2637,5.495703215032581,8.530765533447266,17,1984,32,17,77,0.67,0.359875,82.262,265,0.05846875,0.588,0.278125,64.254,265,0.06175,0.44,0.21459375,48.8885,265,0.043625,0.992,0.28409375,70.917,265,0.12621875,0.658,0.28921875,68.375,270,0.052125,0.0339375,0.43,-0.181,0.20834375,0.65,-0.079,1.01040625,1.444,0.404,0.7391875,1.175,0.214,0.19321875,0.343,0.087,1.51346875,2.046,1.191,0.34115625,0.439,-0.368,0.414,0.33525,0.5904285714285714,-0.6404117647058823,-0.612,-0.674,0.778,0.4214675324675325,103.988,285,0.04597402597402597,0.595,0.2651428571428571,66.47,268,0.03612987012987013,2.725,1.4327402597402596,349.236,285,0.1725064935064935,0.569,0.26076623376623376,64.9545,268,0.03666233766233766,0.4924615384615385,0.36525,0.73675,3,0.541,68.99249999999999,0.3912,0.393,53.7025,0.219,0.691,73.9275,0.5272,0.3502,0.4056,0.3043461538461538,-0.546,-0.534,-0.618,516.0190601348877,571.0173530578613,992.8766441345215,0.5416666666666666,65.54083333333332,0.3791333333333333,0.3533820512820513,-0.5660000000000001,693.3043524424235
AGC_077,Cebada,6.08,Chignahuapan,Puebla,ENTRENAMIENTO,4.76,-98.25223342429824,19.8899325807205,961.35080909729,237.6761016845703,13.32825333731515,23.78072602408273,18.55448968069894,10.452472686767578,2848.906431250035,2839,2855,1.92085729796266,3.1739985942840576,16,1984,29,18,76,0.623,0.316448275862069,72.236,285,0.06313793103448276,0.498,0.2446206896551724,55.438,265,0.06093103448275862,0.386,0.1959310344827586,44.0985,265,0.04327586206896552,0.766,0.2322068965517241,57.73950000000001,265,0.11989655172413792,0.591,0.2682413793103448,62.3715,265,0.0606551724137931,0.01444827586206896,0.366,-0.183,0.14644827586206896,0.589,-0.125,1.040551724137931,1.451,0.474,0.8321724137931035,1.288,0.263,0.14544827586206896,0.316,0.039,1.3696896551724138,1.937,1.083,0.3640689655172414,0.453,0.033,0.4604,0.22890909090909092,0.5775,-0.6190555555555556,-0.577,-0.654,0.732,0.38432894736842105,86.853,248,0.05844736842105263,0.521,0.2421578947368421,56.024,253,0.04276315789473684,2.728,1.3395,306.6435,248,0.24046052631578949,0.538,0.24019736842105263,55.014,253,0.04255263157894737,0.5597692307692308,0.2747307692307692,0.665625,3,0.466,59.035000000000004,0.40775,0.482,50.94,0.243,0.691,66.8675,0.6383333333333333,0.3946842105263158,0.3649047619047619,0.35539130434782606,-0.562,-0.497,-0.604,516.0190601348877,571.0173530578613,992.8766441345215,0.5463333333333333,58.947500000000005,0.42969444444444443,0.3716600922596346,-0.5543333333333333,693.3043524424235
AGC_078,Cebada,2.3,Singuilucan,Hidalgo,ENTRENAMIENTO,3,-98.4115570174578,19.954088457668224,1274.5569305419922,361.1207885742187,12.802263123648506,23.584245954241073,18.19325453894479,10.781982830592566,2752.1050533380517,2749,2760,1.7425653687949147,2.3993117809295654,11,1851,31,11,61,0.744,0.3414838709677419,73.10600000000001,240,0.06664516129032258,0.676,0.25703225806451613,56.1245,235,0.06016129032258065,0.481,0.19919354838709677,43.1685,240,0.04251612903225806,1.194,0.26703225806451614,61.9695,240,0.1192258064516129,0.738,0.32125806451612904,69.5235,260,0.05354838709677419,0.10293548387096774,0.491,-0.096,0.27219354838709675,0.724,-0.002,0.8606129032258064,1.215,0.347,0.6308709677419355,1.007,0.162,0.19148387096774191,0.368,0.082,1.514677419354839,2.17,1.182,0.263,0.368,-0.276,0.6296666666666667,0.21736363636363637,0.5041428571428571,-0.6459090909090909,-0.63,-0.654,0.85,0.3847704918032787,90.012,238,0.04437704918032787,0.669,0.23378688524590163,54.657,236,0.03245901639344262,3.01,1.3161639344262297,309.6265,238,0.18204918032786885,0.623,0.23463934426229507,54.461,236,0.03234426229508196,0.7643636363636364,0.23552380952380952,0.5834545454545454,3,0.452,54.8525,0.38,0.387,42.69,0.24855555555555556,0.768,72.81750000000001,0.5806,0.29795,0.29242307692307695,0.20091304347826086,-0.604,-0.608,-0.634,573.2268009185791,526.2208614349365,1000.8445796966553,0.5356666666666667,56.78666666666667,0.4030518518518519,0.26376204013377924,-0.6153333333333333,700.0974140167236
AGC_079,Cebada,18.87,Singuilucan,Hidalgo,ENTRENAMIENTO,3.3,-98.38579062727312,19.958913093986844,1335.0902252197266,357.91552734375,13.277612549918038,23.801090785435267,18.53935166767665,10.52347823551723,2701.564834341783,2688,2733,3.643082002395246,7.994534492492676,45,1852,30,12,68,0.689,0.3658666666666667,74.391,240,0.07696666666666667,0.577,0.28573333333333334,57.897499999999994,245,0.08626666666666667,0.419,0.22213333333333332,44.9655,235,0.05786666666666666,0.911,0.3307333333333333,66.25800000000001,235,0.19656666666666667,0.677,0.34696666666666665,70.77250000000001,240,0.07296666666666667,0.11963333333333331,0.369,-0.088,0.28926666666666667,0.61,-0.016,0.8335666666666667,1.196,0.466,0.6157666666666667,1.037,0.245,0.1947,0.332,0.053,1.5321333333333331,2.006,1.114,0.2942666666666667,0.383,-0.012,0.6598,0.2727272727272727,0.49325,-0.6409166666666667,-0.626,-0.659,0.792,0.3992352941176471,91.195,238,0.06119117647058823,0.587,0.24125,54.449,236,0.05527941176470588,2.967,1.3648529411764705,307.91,238,0.2588970588235294,0.543,0.24332352941176472,54.5825,236,0.05626470588235294,0.7304999999999999,0.2569047619047619,0.5727857142857142,3,0.595,66.8975,0.419,0.599,49.32,0.22785714285714287,0.761,72.2625,0.636,0.26372,0.24575,0.28426315789473683,-0.583,-0.573,-0.615,621.6697158813477,607.8970184326172,1117.1492729187012,0.6516666666666666,62.82666666666667,0.4276190476190476,0.2645777192982456,-0.5903333333333333,782.2386690775553
AGC_080,Cebada,18.99,Singuilucan,Hidalgo,ENTRENAMIENTO,3.5,-98.43003932163242,19.976565847805663,1274.5569305419922,361.1207885742187,12.802263123648506,23.584245954241073,18.19325453894479,10.781982830592566,2762.992481035708,2760,2766,0.6094973209852778,1.1322598457336426,6,1851,29,11,62,0.801,0.3704827586206896,83.94500000000001,240,0.06251724137931035,0.712,0.2886896551724138,65.5985,240,0.07848275862068965,0.523,0.21927586206896552,49.567,240,0.05475862068965517,1.48,0.3697241379310345,90.223,240,0.1969655172413793,0.805,0.33513793103448275,77.343,240,0.06351724137931035,0.10175862068965516,0.482,-0.128,0.26713793103448275,0.722,-0.058,0.8949655172413793,1.298,0.355,0.675344827586207,1.128,0.164,0.19924137931034483,0.38,0.058,1.564,2.234,1.126,0.2809655172413793,0.374,0,0.7273333333333334,0.24918181818181817,0.5382,-0.6514545454545455,-0.634,-0.664,0.892,0.43066129032258066,103.44,241,0.0499516129032258,0.679,0.25870967741935486,63.7845,246,0.04308064516129032,3.385,1.495758064516129,359.2535,241,0.2033225806451613,0.705,0.2606935483870968,63.5415,246,0.04466129032258064,0.8276666666666667,0.30013636363636365,0.6693076923076923,3,0.731,80.35,0.4774,0.437,51.1025,0.31325,0.748,82.3325,0.51625,0.320625,0.3214347826086957,0.2789473684210526,-0.607,-0.579,-0.622,573.2268009185791,526.2208614349365,1000.8445796966553,0.6386666666666667,71.26166666666666,0.4356333333333333,0.3070023836765828,-0.6026666666666667,700.0974140167236
AGC_081,Cebada,3.28,Singuilucan,Hidalgo,ENTRENAMIENTO,3.7,-98.3713974170117,19.980577439621538,1335.0902252197266,357.91552734375,13.277612549918038,23.801090785435267,18.53935166767665,10.52347823551723,2636.015552260299,2631,2639,1.6096896591731995,2.3041014671325684,8,1852,34,14,63,0.775,0.34288235294117647,75.565,240,0.06282352941176471,0.71,0.24905882352941175,53.708,240,0.06185294117647059,0.525,0.1935294117647059,41.338,240,0.04320588235294118,1.495,0.2571764705882353,56.7395,240,0.12338235294117648,0.759,0.29005882352941176,63.98,240,0.055,0.056,0.425,-0.145,0.2118823529411765,0.684,-0.077,0.963735294117647,1.34,0.406,0.7412352941176471,1.171,0.19,0.17761764705882352,0.395,0.053,1.483470588235294,2.33,1.114,0.3022941176470588,0.436,-0.28,0.6671666666666667,0.25885714285714284,0.4731666666666667,-0.6467857142857143,-0.633,-0.661,0.857,0.39680952380952383,96.8565,238,0.04979365079365079,0.629,0.23457142857142857,56.954,235,0.03666666666666667,3.25,1.3850793650793651,336.9695,241,0.19328571428571428,0.645,0.23603174603174604,56.702,238,0.03679365079365079,0.7873,0.26925,0.5886666666666667,3,0.7,73.11,0.56975,0.413,45.41,0.2936666666666667,0.67,60.83,0.596,0.3853809523809524,0.29083333333333333,0.32326315789473686,-0.546,-0.575,-0.615,621.6697158813477,607.8970184326172,1117.1492729187012,0.5943333333333334,59.78333333333333,0.4864722222222222,0.3331591478696742,-0.5786666666666667,782.2386690775553
AGC_082,Cebada,2.77,Almoloya,Hidalgo,PREDICCION,,-98.26922277051112,19.80197957204605,900.2249836132853,235.21373541452604,12.954835787583365,23.655469466150343,18.305152626866853,10.70063367856698,2637.443421845756,2629,2649,3.2202460092733207,7.481053829193115,20,2049,37,14,84,0.636,0.38175675675675674,80.1855,225,0.05205405405405405,0.541,0.2977027027027027,62.0555,237,0.0512972972972973,0.383,0.22689189189189188,47.207,210,0.03621621621621621,0.73,0.3085675675675676,64.132,210,0.09802702702702702,0.587,0.324,68.2265,237,0.04567567567567567,0.08113513513513514,0.311,-0.149,0.28935135135135137,0.599,-0.049,0.9014594594594596,1.352,0.529,0.6130540540540541,1.106,0.252,0.2289189189189189,0.359,0.089,1.6342432432432432,2.127,1.196,0.2991081081081081,0.409,-0.154,0.619,0.34514285714285714,0.43122222222222223,-0.6325714285714286,-0.607,-0.657,0.733,0.4391904761904762,99.009,238,0.04284523809523809,0.449,0.2623333333333333,59.9915,198,0.02935714285714285,2.301,1.3914761904761903,313.63100000000003,231,0.15711904761904763,0.463,0.2590952380952381,58.7795,221,0.03002380952380952,0.6977777777777777,0.35785185185185187,0.5610555555555555,3,0.63,72.85,0.33175,0.475,58.3,0.276,0.615,72.0125,0.545,0.3437368421052632,0.34844444444444445,0.32553846153846155,-0.537,-0.617,-0.606,516.0988602049299,523.0003461506186,971.245556114056,0.5733333333333334,67.72083333333333,0.38425000000000004,0.33923991602938974,-0.5866666666666667,670.1149208232015
AGC_083,Cebada,2.87,Cuautepec de Hinojosa,Hidalgo,ENTRENAMIENTO,4.61,-98.29264344746286,19.888297781942548,961.35080909729,237.6761016845703,13.32825333731515,23.78072602408273,18.55448968069894,10.452472686767578,2564.037732237001,2557,2569,2.3682269399391114,2.904266834259033,12,1984,36,17,84,0.674,0.35505555555555557,74.168,220,0.04286111111111111,0.645,0.28597222222222224,58.2175,220,0.04583333333333333,0.464,0.21869444444444444,44.417,220,0.03180555555555556,1.091,0.3158611111111111,62.697,217,0.10311111111111113,0.654,0.28991666666666666,61.17,220,0.03911111111111111,0.00922222222222222,0.301,-0.213,0.20083333333333336,0.57,-0.127,1.054111111111111,1.543,0.541,0.7573055555555556,1.293,0.277,0.2069166666666667,0.351,0.068,1.5661666666666667,2.092,1.147,0.35786111111111113,0.448,-0.212,0.6536666666666667,0.2950714285714286,0.461125,-0.6317058823529412,-0.594,-0.656,0.757,0.4170595238095238,94.973,238,0.03260714285714285,0.573,0.26621428571428574,60.1315,236,0.02686904761904762,2.604,1.3777619047619047,312.5925,216,0.12826190476190477,0.562,0.2597857142857143,58.3135,216,0.02722619047619047,0.7360769230769231,0.3274444444444444,0.5655,3,0.634,67.6075,0.3616,0.566,57.1075,0.23644444444444446,0.692,66.6075,0.3214,0.4036818181818182,0.39495833333333336,0.31073076923076925,-0.498,-0.543,-0.593,516.0190601348877,571.0173530578613,992.8766441345215,0.6306666666666666,63.774166666666666,0.30648148148148147,0.36979030691530695,-0.5446666666666666,693.3043524424235
AGC_084,Cebada,12.42,Almoloya,Hidalgo,ENTRENAMIENTO,4.54,-98.28725961356768,19.7987402777778,843.0456554317782,227.0593209489413,12.548714207606745,23.392678887608323,17.97069654760753,10.84396468000158,2685.470761598646,2677,2712,3.6277561509587057,8.5518159866333,35,2049,33,14,86,0.672,0.3993333333333333,87.32050000000001,257,0.0973939393939394,0.596,0.32503030303030306,71.3745,257,0.09796969696969696,0.436,0.24766666666666667,53.903499999999994,265,0.06766666666666667,1.155,0.3923939393939394,89.6915,265,0.2446969696969697,0.637,0.3324848484848485,74.137,257,0.09409090909090909,0.03845454545454545,0.322,-0.162,0.23263636363636364,0.58,-0.046,0.993060606060606,1.392,0.531,0.6946363636363636,1.107,0.276,0.21324242424242423,0.343,0.108,1.5786060606060606,2.057,1.245,0.38075757575757574,0.456,0.188,0.4448571428571429,0.35941666666666666,0.6244285714285714,-0.6345714285714286,-0.613,-0.65,0.764,0.44726744186046513,102.5255,299,0.0919186046511628,0.512,0.2793953488372093,65.217,289,0.06797674418604652,2.683,1.5342558139534883,352.027,256,0.3357906976744186,0.515,0.2749767441860465,63.3435,265,0.06945348837209302,0.5271176470588236,0.3800689655172414,0.7234117647058823,3,0.676,82.1925,0.47725,0.523,65.06,0.3098888888888889,0.635,76.2875,0.51875,0.3771818181818182,0.3827307692307692,0.363,-0.606,-0.563,-0.62,493.56543722590806,491.203763097939,905.5965778338245,0.6113333333333334,74.51333333333334,0.4352962962962963,0.37430419580419577,-0.5963333333333333,630.1219260525572
AGC_085,Cebada,5.5,Chignahuapan,Puebla,PREDICCION,,-98.25193742344273,19.85293355529005,961.35080909729,237.6761016845703,13.32825333731515,23.78072602408273,18.55448968069894,10.452472686767578,2615.101276454727,2612,2617,0.8363667263553518,0.932197630405426,5,1984,33,20,86,0.56,0.32521212121212123,70.891,240,0.06384848484848485,0.471,0.2575454545454545,55.8125,257,0.05948484848484848,0.357,0.2018484848484849,43.3475,257,0.04090909090909091,0.651,0.2404848484848485,53.75,257,0.11636363636363636,0.559,0.27915151515151515,62.052,257,0.05572727272727273,0.02209090909090909,0.247,-0.161,0.17384848484848486,0.521,-0.118,1.0012424242424245,1.387,0.608,0.7767575757575758,1.268,0.32,0.1616969696969697,0.32,0.024,1.422939393939394,1.966,1.05,0.3532121212121212,0.452,-0.058,0.5091666666666667,0.28791666666666665,0.42375,-0.6174,-0.574,-0.651,0.686,0.3665697674418605,86.5245,248,0.0576046511627907,0.432,0.23346511627906977,55.3745,253,0.03983720930232558,2.324,1.221220930232558,287.4045,249,0.21603488372093024,0.445,0.2297674418604651,54.093,253,0.04059302325581395,0.5773333333333334,0.31542857142857145,0.5378888888888889,3,0.749,77.0025,0.2685,0.404,52.737500000000004,0.25057142857142856,0.61,67.0175,0.405,0.2698333333333333,0.3988260869565217,0.3354,-0.558,-0.493,-0.581,516.0190601348877,571.0173530578613,992.8766441345215,0.5876666666666667,65.58583333333334,0.30802380952380953,0.33468647342995167,-0.544,693.3043524424235
AGC_086,Cebada,4.73,Calpulalpan,Tlaxcala,PREDICCION,,-98.53154717970102,19.584897,887.9460887908936,223.35414123535156,12.122947284153527,23.791027886526926,17.95698758534023,11.668080602373395,2547.4484170363908,2542,2550,1.1060645939304452,1.7557971477508545,8,2369,37,15,94,0.644,0.3227837837837838,68.1795,265,0.04902702702702703,0.557,0.25756756756756755,54.8605,265,0.05089189189189189,0.417,0.196,41.563,265,0.03532432432432432,0.862,0.23516216216216215,51.1475,265,0.09748648648648647,0.636,0.2772702702702703,59.058,270,0.04948648648648648,0.00329729729729729,0.353,-0.195,0.14372972972972972,0.603,-0.137,1.0662162162162163,1.485,0.482,0.8492972972972973,1.319,0.25,0.15532432432432433,0.343,0.046,1.4097567567567568,2.048,1.096,0.3442972972972973,0.418,0.091,0.368,0.21483333333333335,0.5759,-0.636,-0.612,-0.648,0.744,0.3912553191489362,87.43900000000001,257,0.03795744680851064,0.552,0.23898936170212767,52.7615,255,0.029542553191489358,2.745,1.3493829787234042,302.566,265,0.154468085106383,0.503,0.2310531914893617,50.821,265,0.02913829787234042,0.4777142857142857,0.2705142857142857,0.65824,3,0.584,60.95,0.3413333333333333,0.69,56.7225,0.2748888888888889,0.692,70.8,0.484,0.35548148148148145,0.37924137931034485,0.3062068965517241,-0.585,-0.575,-0.619,543.5141906738281,521.8285694122314,800.2204971313477,0.6553333333333333,62.82416666666666,0.36674074074074076,0.34697658578118346,-0.593,621.8544190724691
AGC_087,Cebada,5.66,Calpulalpan,Tlaxcala,PREDICCION,,-98.53901021410816,19.548682,1059.8037815093994,290.180908203125,11.867007528032577,23.539536339896067,17.70327193396432,11.672528811863492,2650.339790747846,2639,2658,2.1264388581320137,2.794621229171753,19,2434,34,16,91,0.615,0.34458823529411764,69.8125,215,0.05135294117647059,0.57,0.2832647058823529,57.1535,215,0.054,0.43,0.21761764705882353,43.8725,215,0.03694117647058823,0.933,0.302,58.3125,215,0.114,0.604,0.31358823529411767,63.639,220,0.04985294117647058,0.0526764705882353,0.274,-0.155,0.2045,0.536,-0.11,0.9525882352941176,1.368,0.573,0.741,1.248,0.304,0.1653235294117647,0.309,0.029,1.4321764705882354,1.898,1.06,0.33452941176470585,0.418,0.019,0.5885714285714285,0.3295,0.36922222222222223,-0.6229375,-0.603,-0.641,0.726,0.3940659340659341,87.855,222,0.042,0.507,0.2427032967032967,54.11,226,0.03354945054945055,2.605,1.340681318681319,299.4845,238,0.17151648351648352,0.503,0.23805494505494507,53.1,216,0.03371428571428572,0.6724285714285714,0.3013125,0.5101153846153846,3,0.664,61.025,0.2075,0.447,50.78,0.257125,0.742,74.3375,0.5354,0.3111111111111111,0.3732962962962963,0.33585185185185185,-0.571,-0.545,-0.592,671.0671844482422,607.5640144348145,1011.8716640472412,0.6176666666666667,62.0475,0.33334166666666665,0.3400864197530864,-0.5693333333333334,763.5009543100992
AGC_088,Cebada,5.91,Chignahuapan,Puebla,PREDICCION,,-98.2380434135308,19.8940025382769,793.7303228378296,195.0574951171875,13.248210770743231,23.513994216918945,18.38110249383109,10.265783446175712,2906.0395204557385,2893,2912,2.06417192802281,2.9079315662384033,19,1985,29,23,71,0.706,0.3991034482758621,86.9305,240,0.05779310344827586,0.611,0.3259310344827586,70.5415,270,0.06989655172413793,0.449,0.2528620689655172,54.56,265,0.04724137931034482,1,0.41020689655172415,91.6375,265,0.16010344827586206,0.722,0.36082758620689653,79.412,270,0.0523448275862069,0.10720689655172412,0.439,-0.145,0.27389655172413796,0.681,-0.098,0.8746896551724138,1.339,0.396,0.6628620689655172,1.218,0.193,0.19420689655172413,0.354,0.037,1.535448275862069,2.117,1.077,0.34806896551724137,0.435,-0.008,0.6305999999999999,0.33375,0.611,-0.6106086956521739,-0.564,-0.653,0.798,0.39198591549295775,100.17,238,0.04980281690140845,0.631,0.25483098591549297,65.4665,268,0.04219718309859155,2.977,1.331774647887324,347.8795,241,0.1854929577464789,0.597,0.25698591549295774,65.4475,268,0.04249295774647888,0.6964166666666667,0.27416666666666667,0.6935384615384615,3,0.433,43.565,0.3843333333333333,0.371,45.36,0.24757142857142858,0.7,70.8875,0.5751999999999999,0.3112105263157895,0.3889565217391304,0.33645833333333336,-0.537,-0.467,-0.562,442.7937717437744,479.3665199279785,852.943962097168,0.5013333333333333,53.270833333333336,0.40236825396825393,0.3455417937960844,-0.522,591.7014179229736
AGC_089,Cebada,1.72,Singuilucan,Hidalgo,ENTRENAMIENTO,3,-98.40983840275987,19.95162775,1274.5569305419922,361.1207885742187,12.802263123648506,23.584245954241073,18.19325453894479,10.781982830592566,2744.1366300894465,2742,2745,1.0802922511581077,1.2545647621154783,3,1851,30,11,64,0.743,0.3721333333333333,76.8625,220,0.03713333333333333,0.659,0.29163333333333336,59.568,215,0.04316666666666666,0.482,0.22503333333333336,46.1505,215,0.02823333333333333,1.171,0.3408,69.2445,215,0.09153333333333331,0.708,0.3415666666666667,70.2155,220,0.0353,0.10876666666666666,0.432,-0.141,0.28563333333333335,0.676,-0.076,0.8744666666666666,1.33,0.398,0.6407666666666667,1.165,0.194,0.2066,0.356,0.056,1.5718666666666667,2.108,1.118,0.2970333333333333,0.413,-0.198,0.7086666666666667,0.326,0.382,-0.642,-0.623,-0.651,0.826,0.3881875,93.3275,225,0.027359375,0.629,0.23659375,57.3745,236,0.022015625,2.905,1.31771875,315.325,225,0.120296875,0.596,0.23790625,57.3525,236,0.02228125,0.7843,0.3014090909090909,0.46714285714285714,3,0.587,67.2275,0.495,0.509,47.495,0.28185714285714286,0.708,74.60000000000001,0.505,0.33405,0.3472692307692308,0.2853809523809524,-0.607,-0.541,-0.624,573.2268009185791,526.2208614349365,1000.8445796966553,0.6013333333333333,63.1075,0.42728571428571427,0.3222333943833944,-0.5906666666666667,700.0974140167236
AGC_090,Cebada,10.98,Chignahuapan,Puebla,ENTRENAMIENTO,4.68,-98.28727780033388,19.8544617353136,961.35080909729,237.6761016845703,13.32825333731515,23.78072602408273,18.55448968069894,10.452472686767578,2626.974810417427,2619,2637,2.554585011366528,3.359645366668701,18,1984,32,14,89,0.668,0.35703125,82.5865,240,0.056375,0.617,0.28890625,67.684,237,0.06025,0.432,0.2229375,51.861,237,0.04274999999999999,0.944,0.3091875,79.3115,237,0.1319375,0.654,0.2924375,70.3705,237,0.05074999999999999,0.00406249999999999,0.313,-0.216,0.180375,0.6,-0.128,1.06765625,1.553,0.526,0.7846875,1.296,0.251,0.19078125,0.356,0.074,1.5071875,2.108,1.16,0.37971875,0.446,-0.031,0.5836,0.31476923076923075,0.541,-0.6300714285714286,-0.608,-0.643,0.775,0.4331685393258427,99.773,238,0.04956179775280898,0.584,0.2801123595505618,64.6395,253,0.0429438202247191,2.662,1.4731123595505615,336.445,249,0.1952696629213483,0.579,0.27323595505617976,62.8375,253,0.04410112359550561,0.6680625,0.34114285714285714,0.63705,3,0.72,71.775,0.2965,0.613,60.222500000000004,0.293375,0.689,74.385,0.515,0.363,0.40012000000000003,0.37120833333333336,-0.57,-0.556,-0.618,516.0190601348877,571.0173530578613,992.8766441345215,0.6739999999999999,68.79416666666667,0.3682916666666667,0.37810944444444444,-0.5813333333333334,693.3043524424235
AGC_091,Cebada,0.35,Chignahuapan,Puebla,PREDICCION,,-98.23908796020164,19.85973255730965,793.7303228378296,195.0574951171875,13.248210770743231,23.513994216918945,18.38110249383109,10.265783446175712,2636,2636,2636,2.345381021499634,2.345381021499634,0,1985,34,25,88,0.709,0.4035882352941176,86.1515,265,0.06441176470588235,0.716,0.3482941176470588,74.896,257,0.06367647058823529,0.494,0.2640588235294118,56.244,257,0.04388235294117647,1.263,0.4360294117647059,95.625,257,0.14073529411764707,0.732,0.37708823529411767,81.2375,280,0.04708823529411764,0.1135,0.424,-0.131,0.2876764705882353,0.65,-0.026,0.8534705882352941,1.302,0.407,0.6166176470588235,1.056,0.214,0.1995,0.373,0.088,1.5348235294117647,2.191,1.194,0.33141176470588235,0.415,-0.225,0.5302,0.29208333333333336,0.6278,-0.62652,-0.596,-0.652,0.812,0.4129318181818182,99.2335,248,0.05239772727272727,0.602,0.27986363636363637,69.2805,256,0.03628409090909091,2.938,1.448909090909091,352.4575,249,0.2077159090909091,0.599,0.2755568181818182,67.393,248,0.03642045454545455,0.5885625,0.3136774193548387,0.7101875,3,0.644,77.455,0.4225,0.587,62.62,0.34114285714285714,0.718,78.05,0.519,0.33317391304347826,0.3790434782608696,0.353,-0.588,-0.529,-0.595,442.7937717437744,479.3665199279785,852.943962097168,0.6496666666666666,72.70833333333333,0.42754761904761907,0.35507246376811596,-0.5706666666666667,591.7014179229736
AGC_092,Cebada,0.5,Chignahuapan,Puebla,ENTRENAMIENTO,4.57,-98.24163072097636,19.861829112768703,793.7303228378296,195.0574951171875,13.248210770743231,23.513994216918945,18.38110249383109,10.265783446175712,2636.251103191575,2631,2639,4.781271073696014,5.553885459899902,8,1985,31,25,90,0.685,0.30929032258064515,68.386,285,0.06541935483870968,0.605,0.253,56.111,285,0.06296774193548386,0.444,0.1957741935483871,43.165,285,0.04470967741935484,1.027,0.2494838709677419,57.742,285,0.1300967741935484,0.67,0.2819032258064516,62.37,285,0.05335483870967741,0.04432258064516129,0.384,-0.138,0.19625806451612904,0.61,-0.056,0.9674516129032258,1.321,0.448,0.7323548387096774,1.12,0.246,0.1656774193548387,0.326,0.071,1.4215806451612902,1.974,1.154,0.3136451612903226,0.407,-0.23,0.2915,0.2327,0.57825,-0.61548,-0.579,-0.648,0.77,0.35905555555555557,82.5555,285,0.04622222222222222,0.603,0.23643333333333333,56.131,280,0.0351,2.811,1.2485777777777778,289.2635,285,0.17657777777777778,0.518,0.2298111111111111,53.61,299,0.03484444444444444,0.37106666666666666,0.25110714285714286,0.6736818181818182,3,0.517,61.7925,0.31425000000000003,0.417,50.025,0.221,0.657,69.8475,0.46775,0.32813043478260867,0.36577272727272725,0.341875,-0.574,-0.526,-0.589,442.7937717437744,479.3665199279785,852.943962097168,0.5303333333333333,60.555,0.33433333333333337,0.34525938735177863,-0.563,591.7014179229736
AGC_093,Cebada,3.71,Calpulalpan,Tlaxcala,PREDICCION,,-98.54625854584154,19.562253,887.9460887908936,223.35414123535156,12.122947284153527,23.791027886526926,17.95698758534023,11.668080602373395,2617.66952514046,2612,2622,1.8265758034769464,2.227224349975586,10,2369,38,14,90,0.586,0.3399736842105263,71.1195,235,0.05560526315789473,0.504,0.2735,57.301,237,0.05847368421052632,0.373,0.20955263157894735,43.8635,237,0.04063157894736842,0.691,0.26444736842105265,57.0705,237,0.118,0.561,0.30194736842105263,62.818,237,0.05368421052631578,0.04047368421052631,0.288,-0.189,0.1961842105263158,0.535,-0.135,0.982578947368421,1.466,0.556,0.7554473684210526,1.312,0.304,0.16794736842105262,0.309,0.041,1.434342105263158,1.903,1.085,0.32126315789473686,0.421,-0.146,0.536,0.3134166666666667,0.3879090909090909,-0.6337857142857143,-0.61,-0.666,0.716,0.4115555555555555,92.879,245,0.0475,0.448,0.2564666666666667,58.5515,182,0.03816666666666667,2.527,1.4181555555555556,317.977,238,0.18984444444444443,0.455,0.25205555555555553,57.0495,235,0.03864444444444445,0.6342666666666666,0.33686206896551724,0.5014444444444445,3,0.549,58.830000000000005,0.2376,0.475,54.29,0.26844444444444443,0.714,74.105,0.42866666666666664,0.393375,0.3887241379310345,0.3375925925925926,-0.568,-0.554,-0.606,543.5141906738281,521.8285694122314,800.2204971313477,0.5793333333333334,62.40833333333334,0.3115703703703704,0.373230576841209,-0.576,621.8544190724691
AGC_094,Cebada,3.63,Chignahuapan,Puebla,PREDICCION,,-98.20507088371524,19.87117118699765,793.7303228378296,195.0574951171875,13.248210770743237,23.513994216918945,18.38110249383109,10.26578344617571,2750.433599699508,2743,2752,0.8204820438956029,3.292478084564209,9,1985,32,32,68,0.673,0.28765625,69.4535,265,0.04615625,0.616,0.21615625,52.907,265,0.05096875,0.459,0.16896875,40.7535,265,0.036375,1.069,0.16990625,51.209,265,0.09721875,0.612,0.21853125,55.3515,265,0.04790625,-0.03278125,0.399,-0.209,0.11396875,0.636,-0.137,1.14340625,1.532,0.436,0.886375,1.321,0.225,0.1586875,0.325,0.06,1.40721875,1.971,1.127,0.342125,0.466,-0.149,0.25780000000000003,0.2693846153846154,0.5673333333333334,-0.62475,-0.596,-0.649,0.759,0.36677941176470585,89.4125,285,0.04098529411764706,0.572,0.22355882352941175,55.4035,267,0.03155882352941176,2.541,1.2451470588235294,299.7595,285,0.16729411764705882,0.557,0.2187058823529412,53.926,267,0.03139705882352941,0.3767142857142857,0.2911,0.7187692307692307,3,0.41,46.9,0.36675,0.411,44.0975,0.26,0.573,65.585,0.40199999999999997,0.37133333333333335,0.41063636363636363,0.36816666666666664,-0.535,-0.533,-0.59,442.7937717437744,479.3665199279785,852.943962097168,0.4646666666666666,52.19416666666666,0.34291666666666665,0.3833787878787879,-0.5526666666666666,591.7014179229736
AGC_095,Cebada,1.33,Chignahuapan,Puebla,PREDICCION,,-98.26139485595225,19.876119175314003,961.35080909729,237.67610168457028,13.32825333731515,23.78072602408273,18.55448968069894,10.452472686767578,2640.481345267384,2637,2644,4.145281860050776,6.167026042938232,7,1984,33,16,81,0.572,0.3354848484848485,71.645,217,0.05863636363636364,0.501,0.2685757575757576,56.7945,217,0.05606060606060606,0.387,0.21045454545454545,44.3465,217,0.03860606060606061,0.762,0.2662424242424242,56.3865,217,0.11003030303030303,0.571,0.29354545454545455,64.047,237,0.04927272727272727,0.02118181818181818,0.272,-0.167,0.17596969696969697,0.535,-0.095,1.0103636363636364,1.403,0.573,0.771969696969697,1.21,0.306,0.1652727272727273,0.32,0.055,1.4226363636363637,1.951,1.116,0.3643939393939394,0.439,0.019,0.5365714285714286,0.2895,0.43833333333333335,-0.63075,-0.592,-0.652,0.703,0.3669135802469136,87.60600000000001,248,0.05017283950617284,0.451,0.229320987654321,55.2635,221,0.03537037037037037,2.519,1.267111111111111,302.0385,248,0.19328395061728396,0.459,0.22796296296296295,54.6165,221,0.0351358024691358,0.6325833333333334,0.29558064516129035,0.53,3,0.644,76.2325,0.4194,0.404,54.455,0.2532,0.598,63.125,0.4445,0.33835,0.42557142857142854,0.3622962962962963,-0.585,-0.556,-0.588,516.0190601348877,571.0173530578613,992.8766441345215,0.5486666666666666,64.60416666666667,0.3723666666666667,0.3754059082892416,-0.5763333333333334,693.3043524424235
AGC_096,Cebada,12.87,Chignahuapan,Puebla,ENTRENAMIENTO,4.59,-98.27011012056172,19.8767227005009,961.35080909729,237.6761016845703,13.32825333731515,23.78072602408273,18.55448968069894,10.452472686767578,2618.449297458179,2610,2621,1.0005293367428671,2.434598684310913,11,1984,32,16,80,0.531,0.28628125,64.87,245,0.05646875,0.409,0.2136875,48.1685,237,0.05125,0.306,0.17025,38.022,245,0.03790625,0.481,0.16028125,39.82,245,0.0911875,0.506,0.22740625,53.6115,237,0.05065625,-0.03465625,0.224,-0.204,0.1278125,0.464,-0.111,1.123,1.514,0.64,0.8419375,1.255,0.37,0.16884375,0.296,0.07,1.429625,1.849,1.152,0.3566875,0.44,-0.246,0.4766,0.24525,0.40071428571428575,-0.62775,-0.589,-0.654,0.661,0.3707125,83.656,248,0.0526125,0.451,0.2207125,50.264,236,0.036875,2.308,1.249675,282.1675,248,0.2064,0.42,0.2145375,48.283,236,0.03675,0.569076923076923,0.29112,0.52445,3,0.62,66.5975,0.355,0.565,54.5575,0.18866666666666668,0.693,67.44,0.3716,0.38155555555555554,0.3849090909090909,0.34199999999999997,-0.58,-0.517,-0.594,516.0190601348877,571.0173530578613,992.8766441345215,0.626,62.864999999999995,0.30508888888888885,0.3694882154882155,-0.5636666666666666,693.3043524424235
AGC_097,Cebada,2.35,Chignahuapan,Puebla,ENTRENAMIENTO,4.69,-98.21733756991364,19.862200139090497,793.7303228378296,195.0574951171875,13.248210770743237,23.513994216918945,18.38110249383109,10.26578344617571,2753.7017321351964,2742,2755,1.7325076929793748,5.494658946990967,13,1985,34,28,76,0.663,0.3358529411764706,70.584,285,0.06214705882352941,0.679,0.2787058823529412,59.4035,260,0.06273529411764706,0.448,0.2107058823529412,44.4645,260,0.04402941176470588,1.037,0.28511764705882353,60.9915,260,0.1323529411764706,0.668,0.29161764705882354,62.477,260,0.05585294117647059,0.04229411764705882,0.393,-0.158,0.21961764705882353,0.668,-0.057,0.9872058823529412,1.379,0.442,0.7131764705882353,1.126,0.203,0.1961176470588235,0.38,0.095,1.5223235294117647,2.236,1.211,0.32941176470588235,0.426,0.048,0.2928,0.25366666666666665,0.593,-0.6176071428571428,-0.586,-0.644,0.714,0.3579342105263158,86.32300000000001,286,0.0509078947368421,0.568,0.2327763157894737,57.235,280,0.03775,2.439,1.190907894736842,285.494,256,0.1880921052631579,0.533,0.22455263157894736,54.8725,267,0.03714473684210526,0.3704,0.2802857142857143,0.676625,3,0.414,53.375,0.3745,0.547,49.51,0.33475,0.653,70.255,0.456,0.3854444444444444,0.399,0.34708,-0.543,-0.525,-0.588,442.7937717437744,479.3665199279785,852.943962097168,0.538,57.71333333333333,0.3884166666666667,0.3771748148148148,-0.552,591.7014179229736
AGC_098,Cebada,4.9,Calpulalpan,Tlaxcala,ENTRENAMIENTO,3,-98.57858401956832,19.5461325,1360.9191226959229,360.6580810546875,11.596076556614468,23.34951673235212,17.472796644483296,11.753440175737657,2698.7022429501476,2679,2716,3.469707546655249,4.397397518157959,37,2433,33,12,88,0.694,0.362,76.175,265,0.09233333333333334,0.583,0.2771818181818182,59.2395,270,0.07718181818181818,0.433,0.21584848484848485,46.026,265,0.05572727272727273,0.946,0.28515151515151516,62.7835,265,0.14796969696969697,0.677,0.3233030303030303,67.711,270,0.07742424242424242,0.07030303030303031,0.355,-0.108,0.2335757575757576,0.617,-0.011,0.9176969696969696,1.249,0.481,0.6851818181818182,1.029,0.24,0.18054545454545456,0.34,0.085,1.4777272727272728,2.035,1.19,0.32836363636363636,0.405,-0.147,0.4003333333333333,0.2905,0.5894444444444444,-0.6341666666666667,-0.614,-0.655,0.787,0.41370454545454544,95.631,256,0.0745909090909091,0.626,0.24972727272727271,58.16,256,0.0485,2.88,1.4373068181818185,334.8985,265,0.29164772727272725,0.582,0.24802272727272728,57.579,256,0.04896590909090909,0.501,0.3106969696969697,0.7108095238095238,3,0.612,69.17999999999999,0.4374,0.547,60.2625,0.3706666666666667,0.752,74.89,0.57525,0.3327777777777778,0.34339285714285717,0.321,-0.579,-0.551,-0.618,864.134204864502,760.2821846008301,1295.2941226959229,0.637,68.11083333333333,0.4611055555555556,0.33239021164021165,-0.5826666666666667,973.236837387085
AGC_099,Cebada,1.17,Calpulalpan,Tlaxcala,ENTRENAMIENTO,3.5,-98.52895729596094,19.569837,887.9460887908936,223.35414123535156,12.122947284153527,23.791027886526926,17.95698758534023,11.668080602373395,2576.9233069536745,2574,2582,1.6746764296977574,1.7799452543258667,8,2369,37,15,93,0.683,0.32551351351351354,70.3265,260,0.03948648648648648,0.707,0.2613783783783784,56.5315,260,0.04289189189189189,0.48,0.20075675675675675,43.048,260,0.03018918918918919,1.164,0.24956756756756757,55.1695,260,0.08224324324324324,0.711,0.25894594594594594,56.891,260,0.0397027027027027,-0.02713513513513513,0.325,-0.221,0.1137027027027027,0.599,-0.151,1.1267027027027028,1.567,0.513,0.8892972972972973,1.358,0.252,0.15197297297297296,0.344,0.056,1.391081081081081,2.058,1.12,0.3768918918918919,0.463,-0.086,0.3555,0.2306923076923077,0.5838,-0.6246,-0.603,-0.651,0.751,0.4101290322580645,92.4425,257,0.0294516129032258,0.572,0.25729032258064516,57.4685,254,0.02558064516129032,2.63,1.4431182795698925,324.633,264,0.11697849462365592,0.526,0.2501827956989247,55.764,254,0.02526881720430107,0.4694,0.28459375,0.670923076923077,3,0.564,65.5675,0.335,0.711,64.85000000000001,0.33755555555555555,0.766,71.2375,0.5605,0.41676,0.3965666666666667,0.3532,-0.585,-0.588,-0.606,543.5141906738281,521.8285694122314,800.2204971313477,0.6803333333333333,67.21833333333333,0.4110185185185185,0.38884222222222226,-0.593,621.8544190724691
AGC_100,Cebada,11.24,Chignahuapan,Puebla,ENTRENAMIENTO,4.5,-98.2910802058887,19.858931949880105,961.35080909729,237.6761016845703,13.32825333731515,23.78072602408273,18.55448968069894,10.452472686767578,2647.2428556239392,2643,2650,1.0859704808591966,2.29172682762146,7,1984,33,15,86,0.694,0.34493939393939393,80.325,245,0.06493939393939394,0.661,0.28354545454545454,66.2465,245,0.07278787878787879,0.466,0.218,50.649,245,0.05006060606060606,1.142,0.31242424242424244,82.41449999999999,245,0.1630909090909091,0.67,0.2763939393939394,68.07600000000001,245,0.06636363636363636,-0.00424242424242424,0.324,-0.211,0.15754545454545454,0.606,-0.137,1.0893030303030302,1.536,0.516,0.8283939393939393,1.318,0.248,0.17733333333333334,0.355,0.059,1.471666666666667,2.109,1.127,0.3790909090909091,0.464,0.023,0.5128333333333334,0.294,0.586,-0.6281333333333333,-0.615,-0.647,0.807,0.41330232558139535,100.6285,246,0.05230232558139534,0.595,0.2701627906976744,64.772,236,0.04743023255813954,2.779,1.3920232558139534,336.548,249,0.19832558139534884,0.572,0.26545348837209304,63.9665,246,0.04783720930232558,0.6426000000000001,0.3176333333333333,0.6654375,3,0.707,71.65,0.33575,0.619,60.8875,0.2935714285714286,0.714,77.97,0.5125,0.39845454545454545,0.44158333333333333,0.37433333333333335,-0.557,-0.558,-0.618,516.0190601348877,571.0173530578613,992.8766441345215,0.6799999999999999,70.16916666666667,0.38060714285714287,0.40479040404040406,-0.5776666666666667,693.3043524424235
AGC_101,Cebada,12.35,Chignahuapan,Puebla,ENTRENAMIENTO,4.57,-98.27641531362968,19.87405451762975,961.35080909729,237.6761016845703,13.32825333731515,23.78072602408273,18.55448968069894,10.452472686767578,2622.940453414154,2616,2631,2.02666283495588,2.818658351898194,15,1984,30,15,82,0.567,0.3026333333333333,68.0985,237,0.05466666666666667,0.467,0.2339,52.126,237,0.0529,0.337,0.18356666666666663,40.8025,237,0.0382,0.575,0.1953,47.187,237,0.09843333333333332,0.541,0.23996666666666663,55.5515,237,0.04763333333333333,-0.03,0.232,-0.206,0.1327,0.501,-0.108,1.1134,1.522,0.627,0.8341000000000001,1.247,0.334,0.1693,0.307,0.077,1.4306333333333334,1.889,1.168,0.363,0.454,0.005,0.5048,0.24475,0.44,-0.6266666666666667,-0.579,-0.657,0.693,0.3845487804878049,86.504,248,0.0494390243902439,0.421,0.23947560975609755,53.666,247,0.03635365853658536,2.38,1.305841463414634,292.2485,248,0.1875365853658537,0.413,0.23137804878048784,51.649,248,0.03632926829268292,0.5862142857142857,0.3042142857142857,0.5588888888888889,3,0.593,62.660000000000004,0.3004,0.497,53.434999999999995,0.21114285714285713,0.676,70.8625,0.42275,0.36804545454545456,0.4113181818181818,0.37376,-0.586,-0.529,-0.611,516.0190601348877,571.0173530578613,992.8766441345215,0.5886666666666667,62.31916666666667,0.31143095238095236,0.38437454545454547,-0.5753333333333334,693.3043524424235
AGC_102,Cebada,12.75,Chignahuapan,Puebla,ENTRENAMIENTO,4.4,-98.28002342560652,19.8727583693498,961.35080909729,237.6761016845703,13.32825333731515,23.78072602408273,18.55448968069894,10.452472686767578,2625.059643760274,2619,2631,1.549269886035494,2.327125310897827,12,1984,32,16,87,0.604,0.32478125,70.8075,237,0.04975,0.489,0.24434375,53.097,237,0.04921875,0.351,0.19103125,41.3,237,0.034875,0.614,0.21353125,48.5065,237,0.09528125,0.569,0.25890625,57.8165,237,0.04396875,-0.02246875,0.248,-0.217,0.149,0.529,-0.122,1.1071875,1.557,0.605,0.82028125,1.283,0.309,0.18021875,0.326,0.072,1.46803125,1.968,1.157,0.364875,0.459,0.018,0.52,0.24833333333333332,0.473,-0.6313125,-0.584,-0.656,0.732,0.3997241379310345,89.1485,238,0.04232183908045977,0.437,0.24159770114942528,53.563,242,0.03450574712643678,2.525,1.371022988505747,303.371,249,0.16593103448275862,0.434,0.23357471264367816,51.4155,248,0.03471264367816092,0.6259333333333333,0.3083214285714286,0.57655,3,0.707,71.2825,0.3134,0.494,53.004999999999995,0.21175,0.738,75.425,0.44175,0.33579166666666665,0.41725,0.38186363636363635,-0.555,-0.548,-0.61,516.0190601348877,571.0173530578613,992.8766441345215,0.6463333333333333,66.57083333333333,0.3223,0.37830176767676765,-0.5710000000000001,693.3043524424235
AGC_103,Cebada,2.48,Calpulalpan,Tlaxcala,ENTRENAMIENTO,3,-98.58380464032945,19.5837725,1074.463642120361,267.2244873046875,12.002432550702776,23.73442649841309,17.868429524557932,11.73199394771031,2580.8374737215436,2577,2601,2.5313971834992075,7.783228874206543,24,2368,34,16,95,0.736,0.38888235294117646,77.5685,225,0.0711764705882353,0.753,0.3528529411764706,68.9615,215,0.07976470588235295,0.539,0.26029411764705884,51.3795,215,0.05276470588235294,1.786,0.5265294117647059,95.5035,217,0.23144117647058823,0.777,0.3749705882352941,74.4915,237,0.06826470588235294,0.1018235294117647,0.438,-0.163,0.2681764705882353,0.695,-0.091,0.9001764705882352,1.392,0.396,0.6752058823529412,1.204,0.182,0.1978235294117647,0.377,0.061,1.545,2.217,1.132,0.3294705882352941,0.405,-0.08,0.719,0.3431666666666667,0.3895,-0.6304375,-0.59,-0.651,0.832,0.432421052631579,95.7405,225,0.06269473684210526,0.695,0.28717894736842103,64.065,222,0.05078947368421052,3.222,1.544421052631579,343.607,230,0.2548947368421053,0.667,0.2864842105263158,63.4565,222,0.05202105263157895,0.7954666666666667,0.3626363636363637,0.4952692307692308,3,0.602,63.3925,0.3914,0.744,62.75,0.5374,0.763,74.72,0.5692,0.32285185185185183,0.3526,0.3322413793103448,-0.592,-0.567,-0.599,661.6120376586914,609.7914009094238,966.4598865509033,0.703,66.95416666666667,0.49933333333333335,0.3358977437207322,-0.586,745.9544417063395
AGC_104,Cebada,3.02,Chignahuapan,Puebla,ENTRENAMIENTO,4.56,-98.2508681858388,19.858950366875803,961.35080909729,237.6761016845703,13.32825333731515,23.78072602408273,18.55448968069894,10.452472686767578,2613.795267014496,2612,2615,0.790522170930856,0.9089896082878112,3,1984,33,22,91,0.622,0.3573939393939394,78.334,237,0.05906060606060606,0.515,0.2881212121212121,63.49400000000001,257,0.0583030303030303,0.375,0.22263636363636363,48.666999999999994,237,0.04106060606060606,0.698,0.2994545454545455,68.96050000000001,237,0.11875757575757576,0.599,0.31281818181818183,70.458,237,0.05327272727272727,0.04193939393939393,0.282,-0.175,0.20293939393939395,0.547,-0.114,0.982909090909091,1.427,0.564,0.7510909090909091,1.26,0.295,0.1763030303030303,0.331,0.043,1.468060606060606,2.003,1.089,0.35078787878787876,0.444,-0.029,0.5678333333333333,0.3333333333333333,0.46914285714285714,-0.6172272727272727,-0.575,-0.651,0.742,0.4120219780219781,96.173,248,0.04637362637362637,0.552,0.26991208791208793,63.8395,182,0.03684615384615385,2.546,1.398989010989011,326.1985,249,0.1793076923076923,0.481,0.26415384615384613,61.8515,248,0.0373076923076923,0.648,0.3844705882352941,0.5699411764705883,3,0.75,80.2625,0.3415,0.35,48.1675,0.244625,0.741,76.5775,0.47783333333333333,0.3610434782608696,0.39708695652173914,0.33317857142857144,-0.578,-0.526,-0.589,516.0190601348877,571.0173530578613,992.8766441345215,0.6136666666666667,68.33583333333334,0.3546527777777778,0.36376966873706007,-0.5643333333333334,693.3043524424235
AGC_105,Cebada,2.99,Chignahuapan,Puebla,ENTRENAMIENTO,4.41,-98.2573052917387,19.850904287955203,961.35080909729,237.6761016845703,13.32825333731515,23.78072602408273,18.55448968069894,10.452472686767578,2609.1650311039116,2607,2612,0.6965322248469946,0.912898600101471,5,1984,31,16,80,0.627,0.3733548387096774,85.7975,265,0.04016129032258064,0.525,0.30412903225806454,69.7085,237,0.04174193548387096,0.377,0.23193548387096777,52.7635,237,0.02867741935483871,0.709,0.3164193548387097,78.2,237,0.08361290322580646,0.581,0.3071935483870968,72.7745,237,0.03780645161290322,0.00609677419354838,0.235,-0.224,0.1822258064516129,0.521,-0.162,1.052741935483871,1.58,0.625,0.7906129032258065,1.387,0.318,0.188,0.329,0.036,1.5079032258064515,1.986,1.075,0.38470967741935486,0.444,0.261,0.5526666666666666,0.3318333333333333,0.5513333333333333,-0.6241875,-0.599,-0.645,0.753,0.4086125,100.867,248,0.0296125,0.489,0.2584375,63.5305,257,0.0251375,2.654,1.3681625,332.7625,249,0.11975,0.491,0.2505875,61.596,248,0.0251,0.6358571428571429,0.3421851851851852,0.6634285714285715,3,0.71,66.9225,0.34900000000000003,0.542,58.765,0.251125,0.735,81.355,0.599,0.3526666666666667,0.43334782608695654,0.34620833333333334,-0.575,-0.524,-0.6,516.0190601348877,571.0173530578613,992.8766441345215,0.6623333333333333,69.01416666666667,0.39970833333333333,0.3774076086956522,-0.5663333333333334,693.3043524424235
AGC_106,Cebada,6.09,Chignahuapan,Puebla,ENTRENAMIENTO,4.43,-98.25926587635476,19.857537494758553,961.35080909729,237.6761016845703,13.32825333731515,23.78072602408273,18.55448968069894,10.452472686767578,2606.208917118333,2604,2609,0.5663277229623543,0.6086277365684509,5,1984,31,15,83,0.607,0.3548387096774194,78.3605,185,0.05103225806451612,0.512,0.2749677419354839,60.2345,195,0.05054838709677419,0.38,0.21225806451612905,46.2755,210,0.03477419354838709,0.756,0.2767096774193548,63.332,185,0.11225806451612905,0.575,0.30129032258064514,67.5525,237,0.05112903225806451,0.05693548387096774,0.322,-0.168,0.22503225806451613,0.581,-0.116,0.9598709677419356,1.408,0.524,0.7231290322580646,1.263,0.272,0.18725806451612903,0.341,0.039,1.5066451612903229,2.049,1.082,0.31887096774193546,0.447,-0.13,0.5428571428571428,0.3482727272727273,0.4101666666666667,-0.6224666666666666,-0.593,-0.655,0.703,0.3985301204819277,96.044,184,0.04901204819277108,0.488,0.2476265060240964,60.4815,199,0.03471084337349398,2.402,1.3346024096385545,323.084,238,0.1989156626506024,0.459,0.24333734939759036,58.7375,186,0.03559036144578313,0.6354666666666666,0.3728620689655172,0.569,3,0.728,78.53999999999999,0.23966666666666667,0.505,52.3175,0.210125,0.641,69.3425,0.4048,0.36910526315789477,0.33732,0.3368846153846154,-0.431,-0.512,-0.597,516.0190601348877,571.0173530578613,992.8766441345215,0.6246666666666667,66.73333333333333,0.2848638888888889,0.34776995951417006,-0.5133333333333333,693.3043524424235
AGC_107,Cebada,2.63,Almoloya,Hidalgo,PREDICCION,,-98.26571015409692,19.80487388515185,910.2673473358154,236.64588928222656,13.026136807032994,23.701606478009904,18.36387164252145,10.67546967097691,2630.134899705386,2629,2632,0.7812542787763705,1.0971262454986572,3,2049,36,21,86,0.691,0.44475,93.2705,215,0.05588888888888889,0.614,0.36777777777777776,76.226,235,0.06169444444444445,0.436,0.2743888888888889,56.781,235,0.04336111111111111,0.946,0.45158333333333334,92.7385,235,0.13411111111111113,0.645,0.3728888888888889,78.3845,237,0.05725,0.06708333333333333,0.341,-0.258,0.27997222222222223,0.627,-0.166,0.9944444444444444,1.709,0.494,0.6942777777777778,1.421,0.231,0.24416666666666667,0.376,0.078,1.7045,2.211,1.173,0.37027777777777776,0.482,0.212,0.6711428571428572,0.411,0.524,-0.6397142857142857,-0.619,-0.652,0.795,0.49346511627906975,110.607,221,0.04211627906976744,0.521,0.3019418604651163,68.62349999999999,237,0.03781395348837209,2.473,1.6108488372093024,358.6185,216,0.18238372093023256,0.539,0.29822093023255813,67.134,221,0.03926744186046511,0.7444444444444445,0.4163448275862069,0.6351666666666667,3,0.732,85.2175,0.368,0.654,76.65,0.459375,0.621,73.9625,0.5368333333333333,0.37342105263157893,0.4098076923076923,0.36260714285714285,-0.614,-0.616,-0.613,520.0563888549805,528.5847568511963,982.7754383087158,0.669,78.61,0.45473611111111106,0.38194529593213805,-0.6143333333333333,677.1388613382975
AGC_108,Cebada,3.79,Chignahuapan,Puebla,ENTRENAMIENTO,4.51,-98.21717340945531,19.89002932620795,793.7303228378296,195.0574951171875,13.248210770743231,23.513994216918945,18.38110249383109,10.265783446175712,2869.560683064893,2840,2881,6.665995422430866,11.999417304992676,41,1985,31,27,66,0.54,0.3069677419354839,65.304,245,0.06203225806451613,0.467,0.2333548387096774,50.0555,250,0.05919354838709678,0.318,0.18596774193548388,39.459,250,0.04319354838709677,0.516,0.19519354838709677,43.0175,250,0.11203225806451612,0.489,0.25267741935483873,54.729499999999994,245,0.05261290322580645,-0.01103225806451613,0.19,-0.169,0.14725806451612902,0.484,-0.077,1.056709677419355,1.409,0.685,0.7890645161290323,1.17,0.35,0.1636774193548387,0.325,0.087,1.409258064516129,1.969,1.192,0.3628709677419355,0.439,0.053,0.3611666666666667,0.2273,0.497125,-0.6265925925925926,-0.601,-0.684,0.654,0.3516212121212121,82.2135,248,0.05248484848484848,0.425,0.2112272727272727,49.6665,256,0.03801515151515151,2.188,1.173742424242424,276.572,248,0.18668181818181817,0.412,0.2090757575757576,48.597,248,0.03833333333333333,0.46090909090909093,0.2755714285714286,0.5786923076923077,3,0.436,46.7725,0.36925,0.36,46.7125,0.2775,0.527,59.7875,0.4463333333333333,0.3512727272727273,0.4013333333333333,0.3624782608695652,-0.578,-0.52,-0.609,442.7937717437744,479.3665199279785,852.943962097168,0.441,51.090833333333336,0.36436111111111114,0.3716947738252086,-0.569,591.7014179229736
AGC_109,Cebada,3.14,Chignahuapan,Puebla,ENTRENAMIENTO,4.54,-98.22052921368038,19.86304940103465,793.7303228378296,195.0574951171875,13.248210770743231,23.513994216918945,18.38110249383109,10.265783446175712,2751.8818506291673,2749,2755,2.382770227985215,4.5800018310546875,6,1985,32,31,79,0.541,0.32546875000000003,71.657,265,0.096125,0.492,0.27603125,61.912,265,0.09621875,0.375,0.21284375,47.123,265,0.06684375,0.8,0.29165625,69.0845,265,0.20975,0.509,0.28659375,64.492,280,0.09840625,0.0293125,0.257,-0.161,0.2044375,0.55,-0.06,0.998625,1.385,0.595,0.72078125,1.131,0.292,0.188625,0.344,0.094,1.48965625,2.055,1.209,0.3529375,0.427,0.058,0.398,0.2915,0.492875,-0.6085806451612903,-0.576,-0.633,0.615,0.36935443037974686,86.929,248,0.08715189873417721,0.465,0.2498481012658228,59.492,270,0.06556962025316455,2.098,1.2328987341772153,290.219,248,0.3160126582278481,0.445,0.24256962025316456,57.338,267,0.066126582278481,0.4683333333333333,0.31295833333333334,0.565,3,0.43,53.755,0.3625,0.53,49.1725,0.304875,0.636,69.25,0.45625,0.36015,0.41033333333333333,0.3516923076923077,-0.547,-0.543,-0.581,442.7937717437744,479.3665199279785,852.943962097168,0.532,57.3925,0.37454166666666666,0.374058547008547,-0.557,591.7014179229736
AGC_110,Cebada,6.19,Chignahuapan,Puebla,ENTRENAMIENTO,4.18,-98.25900291957063,19.8551420440146,961.35080909729,237.6761016845703,13.32825333731515,23.78072602408273,18.55448968069894,10.452472686767578,2607.399334381997,2605,2609,0.5771335347977363,0.6804600954055786,4,1984,32,15,82,0.56,0.33796875,75.38850000000001,185,0.0840625,0.482,0.2750625,61.595,280,0.08484375000000001,0.346,0.21184375,47.303999999999995,185,0.05859375,0.674,0.27871875,67.496,280,0.183,0.525,0.28121875,63.366,280,0.08609375,0.00734375,0.2,-0.182,0.16125,0.482,-0.13,1.0474375,1.449,0.677,0.809125,1.301,0.359,0.16671875,0.329,0.034,1.4381875,1.999,1.07,0.3666875,0.441,0.114,0.44657142857142856,0.31225,0.49933333333333335,-0.6230666666666667,-0.6,-0.65,0.728,0.38740243902439025,92.3075,248,0.06803658536585366,0.499,0.25002439024390244,59.8215,253,0.04887804878048781,2.521,1.311658536585366,305.6365,249,0.25626829268292683,0.507,0.2445731707317073,58.3405,253,0.04997560975609756,0.52475,0.34088,0.6163124999999999,3,0.725,80.275,0.23175,0.495,53.74,0.21685714285714286,0.651,69.8125,0.37516666666666665,0.3809047619047619,0.393125,0.3345185185185185,-0.539,-0.51,-0.605,516.0190601348877,571.0173530578613,992.8766441345215,0.6236666666666667,67.9425,0.27459126984126986,0.3695160934744268,-0.5513333333333333,693.3043524424235
AGC_111,Cebada,1.71,Chignahuapan,Puebla,ENTRENAMIENTO,4.72,-98.24625855688478,19.89500651229685,793.7303228378296,195.0574951171875,13.248210770743231,23.513994216918945,18.38110249383109,10.265783446175712,2880.674073387486,2870,2891,6.92229087214541,8.559898376464844,21,1985,29,19,77,0.68,0.3526206896551724,80.88600000000001,245,0.05941379310344828,0.608,0.274448275862069,64.038,245,0.05420689655172413,0.441,0.21858620689655173,50.213,245,0.03868965517241379,0.961,0.2977586206896552,75.971,245,0.11093103448275862,0.688,0.3167931034482759,73.4255,245,0.0483103448275862,0.07975862068965517,0.419,-0.142,0.24144827586206896,0.644,-0.065,0.9071379310344828,1.335,0.411,0.678344827586207,1.145,0.217,0.17986206896551724,0.332,0.058,1.4708620689655172,2,1.125,0.3257931034482759,0.452,-0.122,0.4908,0.24454545454545457,0.6084285714285714,-0.6169473684210526,-0.579,-0.667,0.74,0.3751948051948052,91.049,265,0.05328571428571428,0.586,0.2435974025974026,60.138,247,0.0381038961038961,2.7,1.2687402597402595,313.6605,265,0.2141688311688312,0.541,0.2432987012987013,59.078,247,0.03858441558441558,0.5862727272727273,0.26565384615384613,0.6640625,3,0.555,64.18,0.4691666666666667,0.422,50.4075,0.25657142857142856,0.687,77.9725,0.624,0.33591304347826084,0.37152380952380953,0.33904347826086956,-0.507,-0.502,-0.594,442.7937717437744,479.3665199279785,852.943962097168,0.5546666666666666,64.18666666666667,0.44991269841269843,0.34882677708764664,-0.5343333333333333,591.7014179229736
AGC_112,Cebada,7.96,Calpulalpan,Tlaxcala,ENTRENAMIENTO,3,-98.52720627313091,19.5867455,887.9460887908936,223.35414123535153,12.122947284153527,23.791027886526926,17.95698758534023,11.668080602373395,2537.691549645394,2533,2541,1.1220354179324934,1.3127985000610352,8,2369,38,15,93,0.65,0.34560526315789475,76.9385,240,0.05639473684210526,0.569,0.2849736842105263,64.4395,235,0.05978947368421052,0.422,0.2168421052631579,48.3605,240,0.04097368421052631,0.894,0.2929473684210526,70.4705,240,0.1241578947368421,0.653,0.30010526315789476,68.627,257,0.05628947368421053,0.01018421052631579,0.321,-0.199,0.16592105263157894,0.586,-0.135,1.044894736842105,1.499,0.515,0.8013684210526316,1.313,0.264,0.1681842105263158,0.341,0.06,1.4391578947368422,2.044,1.128,0.3622631578947368,0.437,0.095,0.5588333333333333,0.2382142857142857,0.5402,-0.6324666666666666,-0.607,-0.654,0.804,0.4488494623655914,99.1715,245,0.0542258064516129,0.551,0.28531182795698923,62.5665,235,0.04147311827956989,3.14,1.6148924731182797,353.772,245,0.22134408602150535,0.552,0.2804516129032258,61.248,243,0.042623655913978493,0.6722941176470588,0.3115,0.65436,3,0.659,67.7175,0.41825,0.682,55.4575,0.3266,0.707,70.225,0.4945,0.3828,0.3930909090909091,0.3615555555555556,-0.58,-0.577,-0.619,543.5141906738281,521.8285694122314,800.2204971313477,0.6826666666666666,64.46666666666667,0.4131166666666667,0.37914882154882157,-0.592,621.8544190724691
AGC_113,Cebada,10.58,Singuilucan,Hidalgo,PREDICCION,,-98.38918002247226,19.95527971347493,1335.0902252197266,357.91552734375,13.277612549918038,23.801090785435267,18.53935166767665,10.52347823551723,2711.822107883356,2695,2731,3.348745934458474,4.409435749053955,36,1852,32,14,68,0.676,0.354625,67.8715,220,0.051875,0.562,0.27709375,52.2095,215,0.0555,0.426,0.21553125,40.8495,215,0.0384375,0.917,0.30640625,53.7445,215,0.11746875,0.655,0.3450625,66.3615,240,0.04415625,0.13084375,0.367,-0.069,0.2896875,0.614,-0.01,0.80828125,1.15,0.465,0.60909375,1.022,0.241,0.1808125,0.322,0.036,1.48253125,1.955,1.076,0.2706875,0.383,0.007,0.6368571428571429,0.26990000000000003,0.429375,-0.6467857142857143,-0.627,-0.663,0.763,0.3721176470588235,85.3655,238,0.04175,0.527,0.21960294117647056,50.9165,232,0.03345588235294117,2.782,1.238485294117647,283.3375,241,0.17373529411764707,0.508,0.22125,50.8205,225,0.03348529411764706,0.7281538461538462,0.24915,0.4978571428571429,3,0.507,59.302499999999995,0.40725,0.615,49.8025,0.298,0.767,71.895,0.69125,0.31021739130434783,0.28543478260869565,0.2870952380952381,-0.591,-0.58,-0.622,621.6697158813477,607.8970184326172,1117.1492729187012,0.6296666666666667,60.33333333333333,0.4655,0.29424913733609387,-0.5976666666666667,782.2386690775553
AGC_114,Cebada,6.95,Calpulalpan,Tlaxcala,ENTRENAMIENTO,3,-98.57689774341154,19.5530055,1074.463642120361,267.2244873046875,12.002432550702776,23.73442649841309,17.868429524557932,11.73199394771031,2677.666832290541,2671,2687,2.557309390559846,3.205139636993408,16,2368,35,14,91,0.648,0.33922857142857143,71.355,240,0.08185714285714285,0.59,0.2769714285714286,58.1205,237,0.08077142857142858,0.428,0.21371428571428572,44.713,237,0.05657142857142857,0.91,0.29845714285714287,62.572,237,0.16574285714285714,0.633,0.30882857142857145,65.56,237,0.07388571428571429,0.06454285714285714,0.341,-0.127,0.21757142857142855,0.591,-0.054,0.9316285714285716,1.292,0.493,0.7160857142857143,1.115,0.259,0.17,0.34,0.059,1.4486285714285714,2.038,1.125,0.32865714285714287,0.393,-0.012,0.5722857142857143,0.24275,0.48375,-0.6240714285714286,-0.586,-0.646,0.806,0.399043956043956,90.5235,238,0.06878021978021978,0.565,0.2528131868131868,56.5605,235,0.05196703296703296,2.851,1.3705164835164836,311.716,245,0.2622967032967033,0.538,0.2512197802197802,56.2885,235,0.052,0.6644117647058824,0.2771818181818182,0.5846,3,0.622,62.0775,0.4228,0.542,55.055,0.3539,0.712,67.7,0.5554,0.32271428571428573,0.3084193548387097,0.30888,-0.564,-0.546,-0.607,661.6120376586914,609.7914009094238,966.4598865509033,0.6253333333333333,61.61083333333333,0.44403333333333334,0.3133378801843318,-0.5723333333333334,745.9544417063395
AGC_115,Cebada,1.93,Chignahuapan,Puebla,ENTRENAMIENTO,4.6,-98.27105369034508,19.85736629531415,961.35080909729,237.6761016845703,13.32825333731515,23.78072602408273,18.55448968069894,10.452472686767578,2600.4181168486907,2599,2603,0.3606146732344978,1.0675201416015625,4,1984,34,14,86,0.55,0.3296764705882353,73.689,240,0.08538235294117646,0.523,0.26635294117647057,59.3415,235,0.08600000000000001,0.372,0.20573529411764707,45.503,235,0.06370588235294118,0.732,0.26426470588235296,62.5275,235,0.17220588235294118,0.565,0.29444117647058826,67.114,235,0.07264705882352941,0.07852941176470588,0.403,-0.181,0.24914705882352944,0.642,-0.12,0.9291764705882352,1.441,0.442,0.6989705882352941,1.274,0.223,0.19355882352941176,0.34,0.04,1.5294411764705882,2.037,1.084,0.2863235294117647,0.43,-0.332,0.5188333333333334,0.2971666666666667,0.4355,-0.6202142857142857,-0.585,-0.641,0.67,0.3888023255813954,90.148,246,0.06502325581395349,0.441,0.2463488372093023,57.636,247,0.05253488372093023,2.082,1.2269651162790698,280.5045,246,0.25315116279069766,0.421,0.2436046511627907,56.4365,253,0.05573255813953488,0.5942,0.31196296296296294,0.5736,3,0.73,77.85000000000001,0.4666,0.645,63.6925,0.3412222222222222,0.649,71.0925,0.5261666666666667,0.3352272727272727,0.4158,0.3528846153846154,-0.573,-0.525,-0.6,516.0190601348877,571.0173530578613,992.8766441345215,0.6746666666666666,70.87833333333333,0.444662962962963,0.36797062937062935,-0.566,693.3043524424235
AGC_116,Cebada,7.43,Chignahuapan,Puebla,PREDICCION,,-98.26205582656036,19.84814238179105,910.2673473358154,236.64588928222656,13.026136807032994,23.701606478009904,18.36387164252145,10.67546967097691,2604.934458964534,2602,2609,0.7907546746432403,0.9878332614898682,7,2049,32,16,80,0.688,0.37559375,84.3185,240,0.0434375,0.567,0.29846875,67.011,240,0.05134375,0.437,0.22946875,51.445,265,0.03615625,0.948,0.32271875,79.186,265,0.11628125,0.651,0.321125,74.1455,240,0.04528125,0.047375,0.371,-0.201,0.22315625,0.64,-0.139,0.98753125,1.503,0.462,0.73353125,1.323,0.221,0.196625,0.355,0.048,1.5366875,2.106,1.101,0.34265625,0.431,0.06,0.5509999999999999,0.32658333333333334,0.5448333333333333,-0.6326875,-0.605,-0.658,0.806,0.4292625,102.3295,248,0.0312,0.638,0.2766375,65.56,253,0.027075,2.866,1.454375,342.229,249,0.13205,0.643,0.2722375,64.62650000000001,253,0.0279,0.6344375,0.35208,0.6845333333333333,3,0.701,73.9875,0.31625,0.513,58.88,0.21114285714285713,0.586,69.2925,0.4092,0.3395,0.39176923076923076,0.3216086956521739,-0.522,-0.559,-0.604,520.0563888549805,528.5847568511963,982.7754383087158,0.6,67.38666666666667,0.31219761904761906,0.3509593088071349,-0.5616666666666666,677.1388613382975
AGC_117,Cebada,5.68,Calpulalpan,Tlaxcala,ENTRENAMIENTO,3.5,-98.52119247526733,19.5593555,887.9460887908936,223.35414123535156,12.122947284153527,23.791027886526926,17.95698758534023,11.668080602373395,2583.3421484896935,2579,2589,2.0062491651698577,2.80350112915039,10,2369,37,14,84,0.621,0.3358108108108108,70.265,257,0.06362162162162162,0.52,0.26094594594594595,54.6735,280,0.06678378378378379,0.387,0.20113513513513517,41.933,265,0.04710810810810811,0.75,0.2430810810810811,51.2505,265,0.1308108108108108,0.59,0.27724324324324323,58.7775,280,0.0615945945945946,-0.00562162162162161,0.261,-0.209,0.1338918918918919,0.528,-0.156,1.0732702702702703,1.529,0.59,0.8544594594594594,1.372,0.311,0.1498108108108108,0.312,0.04,1.385135135135135,1.909,1.084,0.3594864864864865,0.447,-0.017,0.3914285714285714,0.22754545454545455,0.5399090909090909,-0.6360714285714286,-0.613,-0.654,0.722,0.42242857142857143,94.7655,257,0.05097619047619047,0.492,0.25179761904761905,56.328,254,0.04095238095238095,2.467,1.465845238095238,328.405,257,0.19101190476190477,0.455,0.24602380952380953,54.765,268,0.04132142857142857,0.48615384615384616,0.3458333333333333,0.634695652173913,3,0.67,66.1825,0.224,0.471,56.75,0.293,0.731,73.9075,0.4802,0.37948275862068964,0.4023548387096774,0.3735185185185185,-0.607,-0.586,-0.618,543.5141906738281,521.8285694122314,800.2204971313477,0.624,65.61333333333333,0.33240000000000003,0.3851187052829619,-0.6036666666666667,621.8544190724691
AGC_118,Cebada,4.42,Singuilucan,Hidalgo,PREDICCION,,-98.4231123553116,19.94766537089212,1231.6271858215332,366.0626525878906,12.5864497593471,23.513957432338167,18.050203595842632,10.927507672991068,2778.8809440168307,2761,2818,7.544256858229008,17.851953506469727,57,1916,32,11,72,0.685,0.32853125,68.9865,240,0.0678125,0.569,0.240625,51.1515,240,0.06840625,0.432,0.19275,40.521,240,0.048,0.954,0.2283125,50.418,240,0.134625,0.65,0.27590625,59.6225,240,0.06790625,0.06071875,0.42,-0.132,0.2364375,0.666,-0.02,0.93846875,1.314,0.414,0.67228125,1.051,0.204,0.19234375,0.348,0.075,1.50240625,2.077,1.166,0.30928125,0.456,-0.185,0.5754285714285714,0.21972727272727272,0.419,-0.6168181818181818,-0.594,-0.649,0.789,0.40419444444444447,85.8245,238,0.05394444444444445,0.601,0.26469444444444445,54.2685,236,0.04169444444444444,2.745,1.3865972222222225,290.432,238,0.2033611111111111,0.563,0.26379166666666665,53.9855,236,0.04101388888888889,0.6954,0.24529166666666663,0.5724375,3,0.578,61.2325,0.41475,0.384,41.2825,0.2095,0.776,75.44000000000001,0.376,0.26582608695652177,0.3284761904761905,0.31036363636363634,-0.578,-0.523,-0.619,557.5809020996094,507.86975860595703,1018.7258358001709,0.5793333333333334,59.318333333333335,0.3334166666666667,0.3015553045987829,-0.5733333333333334,694.7254988352457
AGC_119,Cebada,0.64,Cuautepec de Hinojosa,Hidalgo,ENTRENAMIENTO,4.4,-98.2768306213994,19.926741936899703,1046.5036239624023,257.7463684082031,13.484571865626744,23.714047023228236,18.59930944442749,10.229475157601492,2641.574050467212,2630,2652,7.488604393742661,8.264516830444336,22,1919,33,17,74,0.668,0.4042727272727273,88.3135,245,0.10151515151515152,0.582,0.2917272727272727,62.93,210,0.08527272727272728,0.433,0.2299090909090909,49.324,210,0.05981818181818182,1.016,0.3233939393939394,70.8825,210,0.16766666666666666,0.628,0.3468787878787879,76.049,210,0.07606060606060606,0.10006060606060606,0.394,-0.07,0.2973939393939394,0.65,0.031,0.8585454545454545,1.158,0.439,0.5921818181818181,0.951,0.215,0.2183939393939394,0.35,0.093,1.5984242424242423,2.087,1.207,0.31545454545454543,0.417,-0.28,0.6338333333333334,0.3324166666666667,0.4935,-0.6432941176470588,-0.621,-0.661,0.766,0.4378108108108108,103.4375,238,0.08264864864864865,0.528,0.26382432432432434,62.7255,253,0.0529054054054054,2.782,1.5123513513513511,355.6715,231,0.2983513513513514,0.536,0.2665135135135135,62.842,253,0.05322972972972973,0.7066153846153846,0.3152105263157895,0.5844736842105264,3,0.379,57.112500000000004,0.321,0.401,53.865,0.24928571428571428,0.646,76.13,0.5186666666666667,0.3083,0.27804545454545454,0.2698181818181818,-0.595,-0.606,-0.611,534.9626350402832,605.3766250610352,1027.1596298217773,0.47533333333333333,62.369166666666665,0.362984126984127,0.2853878787878788,-0.604,722.4996299743652
AGC_120,Cebada,7.47,Nanacamilpa de Mariano Arista,Tlaxcala,PREDICCION,,-98.53661005034895,19.5368695,1059.8037815093994,290.180908203125,11.867007528032577,23.539536339896067,17.70327193396432,11.672528811863492,2614.819936267043,2603,2642,5.202737790983063,14.218360900878906,39,2434,34,13,87,0.798,0.4419411764705882,92.5015,240,0.107,0.785,0.3730294117647059,77.54950000000001,235,0.10932352941176472,0.544,0.2760294117647059,57.4485,225,0.07488235294117647,1.82,0.5797058823529412,117.1605,225,0.3246470588235294,0.817,0.4128529411764706,86.76,237,0.10252941176470588,0.14008823529411765,0.468,-0.105,0.3204705882352941,0.733,-0.019,0.8346470588235294,1.259,0.367,0.6116176470588235,1.068,0.155,0.22120588235294117,0.407,0.073,1.6384411764705882,2.379,1.165,0.3004411764705882,0.408,-0.319,0.779,0.34136363636363637,0.49325,-0.6486153846153846,-0.625,-0.665,0.904,0.5073218390804598,112.5125,238,0.09698850574712645,0.676,0.33255172413793105,74.215,236,0.07301149425287357,3.649,1.877448275862069,414.672,245,0.4095057471264368,0.687,0.3334022988505747,73.8815,225,0.07437931034482759,0.8646153846153846,0.3939722222222222,0.6348181818181818,3,0.676,87.235,0.446,0.562,69.07000000000001,0.40855555555555556,0.758,77.5925,0.5908,0.3554583333333333,0.335,0.3146896551724138,-0.55,-0.586,-0.629,671.0671844482422,607.5640144348145,1011.8716640472412,0.6653333333333333,77.96583333333334,0.4817851851851852,0.33504932950191574,-0.5883333333333334,763.5009543100992
AGC_121,Cebada,5.92,Singuilucan,Hidalgo,ENTRENAMIENTO,3.3,-98.413813566479,19.95078202144517,1267.1335241616855,361.97533511505145,12.76495956389816,23.572096511665745,18.16852803778195,10.807136947767583,2753.736992934555,2748,2770,2.7163680445935547,4.1619462966918945,22,1851,31,8,64,0.761,0.34935483870967743,74.7835,240,0.05487096774193548,0.705,0.27019354838709675,59.037,235,0.05483870967741935,0.499,0.20903225806451617,45.2345,240,0.0384516129032258,1.293,0.3036451612903226,70.18900000000001,240,0.11874193548387096,0.791,0.3291612903225806,71.043,260,0.04974193548387096,0.0974516129032258,0.528,-0.116,0.2639677419354839,0.753,-0.03,0.8796129032258064,1.265,0.313,0.652258064516129,1.065,0.143,0.1915483870967742,0.381,0.077,1.5195806451612903,2.24,1.17,0.2802903225806452,0.393,-0.262,0.6456666666666666,0.202,0.5545714285714286,-0.6445000000000001,-0.631,-0.65,0.859,0.40475,91.798,238,0.04396875,0.686,0.251625,57.122,236,0.03315625,3.108,1.401109375,319.141,243,0.176640625,0.643,0.252484375,56.9725,256,0.03346875,0.7517272727272727,0.22871428571428573,0.6491428571428571,3,0.535,61.395,0.42266666666666663,0.378,40.9425,0.257,0.764,72.535,0.5808,0.32566666666666666,0.34620833333333334,0.25477272727272726,-0.595,-0.545,-0.633,570.5213139450445,523.0475909039011,1003.9366043874863,0.559,58.29083333333333,0.42015555555555556,0.3088825757575758,-0.591,699.1685030788107
AGC_122,Cebada,7.45,Calpulalpan,Tlaxcala,ENTRENAMIENTO,3.5,-98.60042718961772,19.540751,1446.7760485695121,359.7575363678486,11.438576223749005,23.262745042988485,17.350660633368744,11.824168819239482,2715.200862628418,2684,2735,5.291218228326045,10.46629810333252,51,2432,34,15,82,0.68,0.391735294117647,80.01950000000001,220,0.06476470588235295,0.604,0.32223529411764706,65.9685,217,0.06491176470588235,0.456,0.24894117647058825,50.9215,217,0.04529411764705882,1.053,0.3971470588235294,79.714,217,0.13938235294117648,0.672,0.3717058823529411,75.6775,220,0.05423529411764705,0.10991176470588236,0.371,-0.121,0.28623529411764703,0.643,-0.057,0.8534705882352941,1.278,0.46,0.6222352941176471,1.126,0.218,0.1992058823529412,0.358,0.062,1.538764705882353,2.117,1.134,0.3355294117647059,0.422,0.107,0.664,0.3671,0.4562,-0.6281333333333333,-0.588,-0.652,0.803,0.39914634146341466,98.8865,238,0.05865853658536585,0.56,0.2512439024390244,61.452,226,0.04019512195121951,2.847,1.384280487804878,342.4445,238,0.2239268292682927,0.546,0.2532560975609756,61.946,226,0.04070731707317073,0.7386666666666667,0.3377741935483871,0.5033333333333333,3,0.652,73.745,0.4254,0.64,61.1275,0.40325,0.784,82.2275,0.5234,0.33988,0.36179310344827587,0.32110714285714287,-0.585,-0.522,-0.587,887.5106728529337,780.1564939774361,1343.3067771835376,0.6920000000000001,72.36666666666667,0.4506833333333333,0.3409267487684729,-0.56466666666666665,1003.6579813379691
AGC_123,Cebada,8.01,Calpulalpan,Tlaxcala,ENTRENAMIENTO,2.5,-98.59872256990836,19.5510315,1120.501502063352,281.0591722454785,11.93816546298507,23.68445513847012,17.811310300727595,11.74628967548505,2692.6459247638663,2682,2700,2.0396638187264267,2.9273977279663086,18,2367,33,15,82,0.607,0.3548787878787879,72.857,205,0.05242424242424242,0.548,0.2868181818181818,59.119,210,0.05593939393939394,0.417,0.224,46.0715,210,0.03957575757575758,0.869,0.31581818181818183,63.893,210,0.11981818181818182,0.599,0.3276060606060606,67.487,220,0.04706060606060606,0.07284848484848486,0.336,-0.133,0.2330909090909091,0.594,-0.08,0.9098787878787878,1.307,0.501,0.6895151515151515,1.174,0.257,0.17533333333333334,0.326,0.043,1.4596060606060606,1.978,1.092,0.3369393939393939,0.42,-0.029,0.5866666666666667,0.3292,0.438,-0.6262,-0.581,-0.658,0.719,0.3835243902439025,90.0025,238,0.04476829268292683,0.492,0.23740243902439023,55.4585,226,0.03495121951219512,2.486,1.286280487804878,302.557,245,0.17809756097560975,0.484,0.23770731707317072,55.4305,226,0.03564634146341464,0.6664166666666667,0.30689285714285713,0.5082727272727273,3,0.673,66.79249999999999,0.32025,0.654,59.9075,0.3877777777777778,0.694,71.3,0.564,0.332,0.34114285714285714,0.31682758620689655,-0.575,-0.52,-0.587,692.5943734157843,631.295294085542,1017.414462111436,0.6736666666666666,66,0.42400925925925925,0.32999014778325125,-0.5606666666666666,780.4347098709208
AGC_124,Cebada,1.96,Chignahuapan,Puebla,ENTRENAMIENTO,5.05,-98.22612603338224,19.85561200244885,793.7303228378296,195.05749511718753,13.248210770743231,23.513994216918945,18.38110249383109,10.265783446175712,2717.777083092393,2704,2733,6.12276780123839,7.536225318908691,29,1985,34,26,86,0.695,0.3523235294117647,78.191,257,0.07932352941176471,0.713,0.2899705882352941,65.245,257,0.07138235294117647,0.497,0.22391176470588237,49.7145,257,0.05029411764705882,1.375,0.3190294117647059,75.976,257,0.15208823529411764,0.709,0.3118529411764706,70.75,257,0.06835294117647059,0.05038235294117647,0.335,-0.115,0.2285294117647059,0.601,0.006,0.9520588235294116,1.265,0.509,0.6797058823529412,0.995,0.256,0.19338235294117648,0.345,0.102,1.5056176470588236,2.064,1.229,0.3458529411764706,0.415,-0.204,0.35750000000000004,0.2916666666666667,0.6275000000000001,-0.622,-0.601,-0.651,0.763,0.39069767441860465,91.247,248,0.06205813953488372,0.582,0.25459302325581395,60.757,256,0.04384883720930233,2.689,1.3474767441860465,317.885,256,0.22967441860465115,0.565,0.2496627906976744,59.0385,256,0.04323255813953488,0.4333529411764706,0.31103703703703706,0.7140588235294117,3,0.404,60.005,0.3192,0.501,54.06,0.329125,0.561,66.83,0.45716666666666667,0.3546666666666667,0.38488,0.3193103448275862,-0.574,-0.549,-0.574,442.7937717437744,479.3665199279785,852.943962097168,0.4886666666666667,60.29833333333333,0.3684972222222222,0.35295233716475094,-0.5656666666666667,591.7014179229736
AGC_125,Cebada,10.14,Chignahuapan,Puebla,ENTRENAMIENTO,4.06,-98.25941172070276,19.84777469021855,915.2991269029078,236.74736638532664,13.055910024406378,23.70940361324613,18.382656818826256,10.653493588839751,2608.469388256298,2606,2610,0.6015441066098537,0.9622706174850464,4,1984,32,16,81,0.706,0.40278125,89.407,225,0.0486875,0.646,0.3225,70.9265,197,0.05321875,0.459,0.2444375,53.754999999999995,197,0.0361875,1.071,0.386875,87.3515,197,0.1169375,0.694,0.357625,80.9235,220,0.04446875,0.09046875,0.474,-0.205,0.27218749999999997,0.691,-0.141,0.9319375,1.519,0.361,0.6904375,1.328,0.185,0.215,0.361,0.039,1.61065625,2.14,1.082,0.31703125,0.444,-0.218,0.6786666666666666,0.4137692307692308,0.4165,-0.6299375,-0.603,-0.653,0.802,0.44281481481481477,107.3375,221,0.03367901234567901,0.548,0.2809135802469136,67.6885,206,0.02860493827160494,2.837,1.5311234567901235,366.5185,216,0.14277777777777778,0.549,0.2784567901234568,67.22500000000001,221,0.02955555555555555,0.7595000000000001,0.4035384615384616,0.5522,3,0.761,80.4725,0.249,0.591,59.5875,0.224,0.606,75.045,0.391,0.33280952380952383,0.4078846153846154,0.37175,-0.548,-0.525,-0.604,519.658707345958,532.7644162401456,983.7704186668327,0.6526666666666666,71.70166666666667,0.28800000000000003,0.3708147130647131,-0.559,678.7311807509788
AGC_126,Cebada,5.75,Chignahuapan,Puebla,PREDICCION,,-98.2436269315179,19.8959632790789,793.7303228378296,195.0574951171875,13.248210770743231,23.513994216918945,18.38110249383109,10.265783446175712,2891.714402946398,2886,2900,2.082396389857421,6.671750068664551,14,1985,28,21,70,0.704,0.34510714285714283,77.5125,265,0.051,0.57,0.26417857142857143,59.2155,240,0.05142857142857143,0.435,0.21167857142857144,46.901,265,0.03696428571428571,0.949,0.28275,67.7175,240,0.107,0.683,0.31142857142857144,69.5245,265,0.04760714285714285,0.08364285714285714,0.423,-0.149,0.2379642857142857,0.676,-0.091,0.90628571428571425,1.352,0.409,0.6945357142857143,1.204,0.195,0.1754642857142857,0.359,0.04,1.46575,2.124,1.084,0.3167142857142857,0.451,-0.107,0.5018,0.2233,0.6064285714285714,-0.6060476190476191,-0.571,-0.655,0.777,0.3412857142857143,89.194,245,0.04037142857142857,0.562,0.21842857142857144,57.652,251,0.03084285714285714,2.869,1.1306857142857143,305.718,245,0.15981428571428571,0.526,0.22055714285714287,57.2855,251,0.03175714285714286,0.5856,0.24395833333333333,0.66575,3,0.549,59.88,0.51675,0.418,49.945,0.2465,0.674,71.72500000000001,0.597,0.3451,0.3749090909090909,0.3527391304347826,-0.54,-0.483,-0.565,442.7937717437744,479.3665199279785,852.943962097168,0.547,60.51666666666667,0.4534166666666667,0.35758274044795785,-0.5293333333333333,591.7014179229736
AGC_127,Cebada,0.91,Chignahuapan,Puebla,ENTRENAMIENTO,5.57,-98.25621932247788,19.8802619434088,961.35080909729,237.67610168457028,13.32825333731515,23.78072602408273,18.55448968069894,10.452472686767578,2726.6831047761584,2719,2736,6.935407542381138,7.782781600952148,17,1984,33,18,81,0.571,0.4111515151515152,87.96600000000001,225,0.10906060606060608,0.477,0.2928787878787879,62.754,235,0.087,0.345,0.23166666666666663,49.2715,235,0.06187878787878788,0.607,0.3023939393939394,65.9085,235,0.15442424242424244,0.55,0.3668181818181818,78.8955,235,0.08654545454545455,0.1033030303030303,0.318,-0.032,0.319,0.578,0.126,0.8370909090909091,1.081,0.525,0.5468787878787879,0.8,0.27,0.2318181818181818,0.322,0.133,1.6292121212121211,1.955,1.32,0.3120909090909091,0.392,-0.146,0.537,0.3696666666666667,0.543,-0.6462222222222223,-0.622,-0.66,0.695,0.4569876543209877,101.4895,248,0.10030864197530864,0.43,0.26480246913580247,59.972,253,0.0572962962962963,2.531,1.6271728395061729,362.593,249,0.38022222222222224,0.451,0.26551851851851854,59.523,253,0.05682716049382716,0.6163571428571428,0.387,0.64225,3,0.509,72.0275,0.4615,0.445,68.10249999999999,0.32785714285714285,0.659,78.08500000000001,0.6095,0.2975,0.3724090909090909,0.31239285714285714,-0.572,-0.585,-0.633,516.0190601348877,571.0173530578613,992.8766441345215,0.5376666666666667,72.73833333333333,0.4662857142857143,0.32743398268398266,-0.5966666666666667,693.3043524424235
AGC_128,Cebada,6.15,Almoloya,Hidalgo,PREDICCION,,-98.26971436798244,19.80532830248675,910.2673473358154,236.64588928222653,13.026136807032994,23.701606478009904,18.36387164252145,10.67546967097691,2630.5303812794295,2627,2638,2.0973321309923305,5.976308822631836,11,2049,38,19,87,0.676,0.4102368421052632,86.925,215,0.05410526315789474,0.577,0.32452631578947366,68.482,200,0.05926315789473684,0.416,0.24639473684210528,51.9695,210,0.04084210526315789,0.862,0.3696052631578947,78.557,210,0.12210526315789474,0.618,0.3423684210526316,72.684,237,0.05139473684210526,0.06610526315789474,0.326,-0.223,0.27207894736842103,0.615,-0.146,0.976421052631579,1.596,0.512,0.6908157894736842,1.361,0.241,0.23457894736842105,0.369,0.066,1.6736052631578948,2.175,1.143,0.3482368421052632,0.462,0.042,0.6532857142857144,0.3945384615384616,0.4663,-0.632578947368421,-0.597,-0.65,0.787,0.4614942528735632,104.9885,221,0.04305747126436782,0.527,0.2782528735632184,64.519,224,0.03474712643678161,2.431,1.4756206896551725,335.2135,216,0.17304597701149424,0.506,0.2765632183908046,63.5765,221,0.03482758620689655,0.732421052631579,0.3929655172413793,0.5744705882352941,3,0.722,80.97,0.33366666666666667,0.51,61.9975,0.3175,0.645,73.625,0.5248,0.3686315789473684,0.39092307692307693,0.35215384615384615,-0.521,-0.533,-0.61,520.0563888549805,528.5847568511963,982.7754383087158,0.6256666666666667,72.1975,0.3919888888888889,0.37056950067476385,-0.5546666666666666,677.1388613382975
AGC_129,Cebada,8.16,Singuilucan,Hidalgo,PREDICCION,,-98.37365923892918,19.976568595596817,1335.0902252197266,357.91552734375,13.277612549918038,23.801090785435267,18.53935166767665,10.52347823551723,2650.577514066641,2641,2659,1.5995820124352822,2.9115917682647705,18,1852,31,14,60,0.744,0.3843225806451613,85.5325,240,0.08448387096774193,0.634,0.28658064516129034,64.1765,235,0.08974193548387097,0.457,0.22125806451612903,48.887,235,0.0625483870967742,1.089,0.3333548387096774,76.6375,235,0.20761290322580644,0.736,0.35258064516129034,79.459,240,0.08183870967741935,0.11435483870967744,0.44,-0.098,0.28258064516129033,0.675,-0.02,0.8577741935483871,1.225,0.391,0.6417419354838709,1.054,0.195,0.1978709677419355,0.345,0.064,1.550032258064516,2.063,1.141,0.28903225806451616,0.391,-0.152,0.7094,0.33208333333333334,0.5118333333333334,-0.6502142857142857,-0.637,-0.661,0.848,0.4198,107.7145,238,0.06745,0.576,0.24668333333333337,64.065,246,0.05236666666666666,3.279,1.47465,377.392,241,0.2718833333333333,0.6,0.2517666666666667,65.16,246,0.05391666666666667,0.8033333333333333,0.3182105263157895,0.6292727272727273,3,0.625,77.67,0.5338,0.469,54.2325,0.33485714285714285,0.674,61.57,0.57875,0.31847619047619047,0.22378260869565217,0.3263,-0.582,-0.577,-0.632,621.6697158813477,607.8970184326172,1117.1492729187012,0.5893333333333334,64.49083333333334,0.48246904761904763,0.28951959972394753,-0.597,782.2386690775553
AGC_130,Cebada,12.1,Cuautepec de Hinojosa,Hidalgo,PREDICCION,,-98.2730359328691,19.93308992907175,1046.5036239624023,257.7463684082031,13.484571865626744,23.714047023228236,18.59930944442749,10.229475157601492,2649.9868425449454,2632,2670,5.066988941425358,14.686124801635742,38,1919,34,19,71,0.65,0.34208823529411764,76.114,210,0.06691176470588235,0.587,0.2617058823529412,58.481,210,0.06735294117647059,0.442,0.2063235294117647,45.8965,210,0.04623529411764705,1.03,0.27291176470588235,64.52550000000001,210,0.14323529411764707,0.627,0.30055882352941177,67.766,210,0.06147058823529412,0.038,0.318,-0.148,0.21332352941176472,0.554,-0.083,0.9772941176470588,1.353,0.528,0.7202941176470589,1.187,0.29,0.1891764705882353,0.338,0.051,1.5063823529411764,2.029,1.109,0.35158823529411765,0.446,-0.112,0.5721428571428571,0.28833333333333333,0.400125,-0.633578947368421,-0.609,-0.657,0.712,0.3903943661971831,93.106,203,0.05422535211267605,0.492,0.2363661971830986,57.205,214,0.04346478873239436,2.493,1.317323943661972,312.2145,231,0.2133098591549296,0.495,0.23928169014084508,57.1245,214,0.04380281690140845,0.6715714285714286,0.2929473684210526,0.5045882352941177,3,0.47,52.8975,0.43775,0.402,47.9975,0.239,0.609,70.3125,0.538,0.3732380952380952,0.35486956521739127,0.31095,-0.521,-0.495,-0.595,534.9626350402832,605.3766250610352,1027.1596298217773,0.49366666666666664,57.06916666666667,0.40491666666666665,0.34635255348516214,-0.537,722.4996299743652
AGC_131,Cebada,1.46,Chignahuapan,Puebla,ENTRENAMIENTO,4.89,-98.26366134405532,19.87433176456775,961.35080909729,237.6761016845703,13.32825333731515,23.78072602408273,18.55448968069894,10.452472686767578,2622.7091136935983,2619,2629,2.6074970206085366,3.1739988327026367,10,1984,33,15,83,0.692,0.3774242424242424,81.418,237,0.05157575757575757,0.681,0.303,63.911,235,0.0553939393939394,0.46,0.2324848484848485,49.0425,235,0.03890909090909091,1.099,0.34206060606060606,72.19,235,0.11718181818181818,0.703,0.30724242424242426,67.8,235,0.04878787878787879,-0.0196060606060606,0.321,-0.262,0.13303030303030303,0.594,-0.202,1.1462424242424245,1.713,0.518,0.9016666666666666,1.51,0.258,0.1675151515151515,0.346,0.041,1.4425757575757576,2.066,1.087,0.4130909090909091,0.499,0.173,0.6414285714285715,0.2886666666666667,0.5291666666666667,-0.6404,-0.598,-0.661,0.81,0.436,100.972,248,0.03983132530120482,0.578,0.27043373493975903,62.658,235,0.03113253012048193,2.992,1.5704578313253013,360.5315,249,0.1593975903614458,0.561,0.26879518072289155,62.093,235,0.03189156626506024,0.7245714285714285,0.3264666666666667,0.6484375,3,0.712,84.5325,0.4802,0.484,63.2975,0.3338333333333333,0.789,78.845,0.41625,0.3806,0.47285714285714286,0.3972307692307692,-0.593,-0.57,-0.635,516.0190601348877,571.0173530578613,992.8766441345215,0.6616666666666666,75.55833333333334,0.41009444444444443,0.4168959706959707,-0.5993333333333333,693.3043524424235
AGC_132,Cebada,6.1,Chignahuapan,Puebla,ENTRENAMIENTO,4.13,-98.23317104605935,19.89360950359615,793.7303228378296,195.0574951171875,13.248210770743231,23.513994216918945,18.38110249383109,10.265783446175712,2881.4496697832637,2862,2890,3.3243019682883017,6.5382399559021,28,1985,30,25,75,0.697,0.3700333333333333,84.2255,265,0.07853333333333333,0.629,0.28253333333333336,64.269,270,0.07503333333333334,0.45,0.2221,50.059,265,0.0525,1.047,0.31593333333333334,77.59899999999999,265,0.15783333333333333,0.735,0.33013333333333333,76.4735,270,0.07416666666666667,0.10626666666666666,0.503,-0.132,0.2622333333333333,0.716,-0.063,0.8784,1.313,0.335,0.6709333333333334,1.149,0.167,0.18376666666666663,0.348,0.053,1.4969666666666666,2.087,1.115,0.3023,0.428,-0.348,0.559,0.294,0.6251666666666666,-0.619,-0.582,-0.655,0.783,0.39868,99.3125,248,0.07949333333333333,0.591,0.25106666666666666,63.3645,270,0.05468,3.019,1.4004,356.266,248,0.31882666666666665,0.561,0.25190666666666667,63.103,248,0.05512,0.6457692307692308,0.2852222222222222,0.7198461538461538,3,0.409,48.364999999999995,0.385,0.425,51.445,0.264375,0.623,66.685,0.5572,0.36042857142857143,0.3543913043478261,0.28908333333333336,-0.56,-0.502,-0.577,442.7937717437744,479.3665199279785,852.943962097168,0.48566666666666664,55.498333333333335,0.40219166666666667,0.334634403036577,-0.5463333333333333,591.7014179229736
AGC_133,Cebada,6.08,Chignahuapan,Puebla,ENTRENAMIENTO,3.91,-98.2495513158046,19.89119779626365,850.8841345989041,209.58922612231703,13.275503006225971,23.604942166286737,18.44022258625635,10.329439160060764,2839.8091792669707,2835,2845,2.8447008539630385,5.494658946990967,10,1984,30,18,74,0.724,0.42746666666666666,94.774,240,0.07743333333333334,0.675,0.3762333333333333,82.6935,210,0.0949,0.5,0.283,62.3265,240,0.06246666666666666,1.495,0.5865,134.122,225,0.29233333333333333,0.753,0.3977,88.931,240,0.08503333333333334,0.12316666666666666,0.458,-0.194,0.2952666666666667,0.692,-0.135,0.8941333333333333,1.49,0.38,0.6711,1.322,0.186,0.21506666666666663,0.356,0.046,1.6143666666666667,2.121,1.098,0.3398333333333333,0.473,-0.146,0.6792,0.384,0.6513333333333333,-0.6288333333333334,-0.604,-0.644,0.813,0.4519864864864865,110.5135,238,0.06532432432432432,0.65,0.3175,79.2385,229,0.06037837837837838,2.909,1.5565135135135135,384.0735,241,0.2847837837837838,0.654,0.31763513513513514,78.37,229,0.06118918918918919,0.7693333333333333,0.3422608695652174,0.714125,3,0.477,60.3125,0.4176,0.534,56.8475,0.3585,0.664,74.47749999999999,0.5353333333333333,0.36743478260869566,0.40075,0.31203846153846154,-0.591,-0.532,-0.598,467.7615095319702,510.61684368818254,900.6570212038307,0.5583333333333333,63.87916666666666,0.43714444444444445,0.36007441471571905,-0.5736666666666667,626.3451248079945
AGC_134,Cebada,2.25,Almoloya,Hidalgo,ENTRENAMIENTO,4.52,-98.35468373626604,19.7509856967682,702.7885869656996,198.80786022566076,12.320328238053596,23.53314481517402,17.92673652661381,11.212816577120424,2762.703708253728,2752,2785,7.315089204686029,7.499181747436523,33,2112,31,15,81,0.737,0.4290967741935483,95.2835,185,0.05567741935483871,0.663,0.33774193548387094,76.3295,185,0.0554516129032258,0.48,0.25948387096774195,58.038,185,0.03845161290322581,1.207,0.4278387096774194,102.6895,185,0.12716129032258064,0.662,0.3696129032258065,83.422,240,0.05058064516129032,0.09916129032258064,0.335,-0.137,0.2958387096774193,0.614,-0.053,0.8800967741935484,1.32,0.501,0.6180322580645161,1.122,0.241,0.2225161290322581,0.354,0.07,1.6184516129032258,2.101,1.154,0.34674193548387094,0.432,-0.073,0.6888,0.44827272727272727,0.45425,-0.6437333333333334,-0.625,-0.662,0.824,0.45479012345679015,112.643,185,0.05033333333333333,0.636,0.27955555555555556,71.7135,187,0.03404938271604938,2.877,1.525259259259259,377.0695,231,0.18279012345679013,0.608,0.2799753086419753,71.3275,187,0.03395061728395061,0.7506923076923077,0.4201666666666667,0.5447058823529412,3,0.737,75.8175,0.45999999999999996,0.449,59.7725,0.2902,0.699,78.0775,0.5506,0.28457692307692306,0.332,0.33614814814814814,-0.576,-0.56,-0.64,391.7244965865049,350.015626837124,656.2312788752299,0.6283333333333333,71.2225,0.4336,0.3175750237416904,-0.592,465.9904674329529
AGC_135,Cebada,1.62,Chignahuapan,Puebla,ENTRENAMIENTO,4.49,-98.24621204819384,19.8942550092715,793.7303228378296,195.0574951171875,13.248210770743231,23.513994216918945,18.38110249383109,10.265783446175712,2873.0921102693933,2858,2887,6.2231002278675245,8.559898376464844,29,1985,30,20,75,0.664,0.3339,75.9785,265,0.06166666666666667,0.565,0.26,59.9225,245,0.0548,0.429,0.20763333333333336,47.005,265,0.03926666666666666,0.914,0.2699,67.7115,265,0.1092,0.655,0.3051333333333333,70.7985,245,0.0487,0.0782,0.427,-0.132,0.23043333333333332,0.642,-0.061,0.9046333333333332,1.307,0.403,0.6875333333333333,1.131,0.219,0.1685,0.33,0.054,1.433533333333333,1.987,1.115,0.3102,0.447,-0.144,0.4662,0.22325,0.602,-0.616,-0.589,-0.652,0.74,0.36076,88.0985,261,0.05408,0.575,0.23506666666666667,57.999,247,0.03577333333333333,2.709,1.21276,301.9495,261,0.2108,0.53,0.23573333333333335,57.48,247,0.03632,0.5503636363636364,0.2546,0.6573333333333333,3,0.517,60.1175,0.4445,0.413,49.775,0.2515,0.682,77.215,0.5866666666666667,0.324125,0.37095652173913046,0.34704347826086956,-0.549,-0.506,-0.59,442.7937717437744,479.3665199279785,852.943962097168,0.5373333333333333,62.369166666666665,0.4275555555555556,0.347375,-0.5483333333333333,591.7014179229736
AGC_136,Cebada,1.69,Chignahuapan,Puebla,PREDICCION,,-98.25408184778456,19.85979217421435,961.35080909729,237.6761016845703,13.32825333731515,23.78072602408273,18.55448968069894,10.452472686767578,2610,2610,2610,0.31861529985013254,0.3774636387825012,0,1984,33,18,89,0.63,0.37775757575757574,85.1325,240,0.07327272727272727,0.609,0.3071515151515152,68.6895,257,0.07763636363636364,0.432,0.23493939393939395,52.2605,257,0.05360606060606061,0.922,0.3432727272727273,82.0115,257,0.16321212121212125,0.671,0.33015151515151514,75.6435,257,0.07015151515151515,0.04254545454545454,0.306,-0.197,0.21709090909090908,0.57,-0.13,0.9865757575757576,1.492,0.533,0.7359696969696969,1.302,0.274,0.19115151515151516,0.33,0.047,1.5147878787878788,1.989,1.1,0.3582727272727273,0.449,-0.034,0.5453333333333333,0.3376923076923077,0.5448571428571428,-0.6215555555555555,-0.583,-0.651,0.756,0.42598876404494385,101.271,248,0.05449438202247191,0.49,0.27446067415730335,67.0005,179,0.04544943820224719,2.596,1.4424157303370786,341.136,249,0.20929213483146067,0.498,0.27017977528089887,65.12,248,0.04691011235955056,0.6251333333333333,0.3823548387096774,0.6387777777777778,3,0.691,79.0025,0.5125,0.475,53.8575,0.27825,0.655,69.7825,0.5848,0.3303913043478261,0.37266666666666665,0.35715384615384616,-0.559,-0.526,-0.603,516.0190601348877,571.0173530578613,992.8766441345215,0.607,67.5475,0.45851666666666663,0.35340393905611295,-0.5626666666666666,693.3043524424235
AGC_137,Cebada,24.81,Almoloya,Hidalgo,ENTRENAMIENTO,4.54,-98.28350746892262,19.76337692624815,821.3128318786621,223.95997619628903,12.394294330051968,23.292757851736887,17.84352609089443,10.89846352168492,2719.2386408198104,2708,2740,3.935037864116879,13.442441940307615,32,2114,35,16,77,0.707,0.44894285714285714,96.5655,240,0.06802857142857142,0.65,0.3564857142857143,78.014,235,0.08131428571428571,0.463,0.2718857142857143,59.1455,240,0.05591428571428571,1.1,0.46025714285714286,103.5245,240,0.1944857142857143,0.691,0.3829142857142857,82.7305,240,0.06674285714285715,0.08851428571428571,0.517,-0.242,0.3012,0.745,-0.151,0.9422857142857144,1.647,0.324,0.6498571428571428,1.377,0.149,0.24522857142857143,0.377,0.085,1.7036285714285715,2.245,1.188,0.3494857142857143,0.496,-0.398,0.6531428571428571,0.40241666666666664,0.5581111111111111,-0.63975,-0.615,-0.659,0.811,0.5031298701298701,115.408,238,0.05605194805194805,0.574,0.3141948051948052,72.925,226,0.0515974025974026,2.836,1.7236753246753247,393.593,231,0.24045454545454545,0.545,0.3142467532467533,72.818,235,0.05348051948051948,0.7611875,0.4580740740740741,0.6574615384615384,3,0.745,88.16000000000001,0.494,0.582,75.2275,0.31733333333333336,0.651,79.69,0.6085,0.3861818181818182,0.41304347826086957,0.38869230769230767,-0.594,-0.559,-0.596,485.00089263916016,479.1184597015381,880.6445941925049,0.6593333333333333,81.02583333333334,0.4732777777777778,0.39597253471166516,-0.583,614.9213155110677
AGC_138,Cebada,7.86,Calpulalpan,Tlaxcala,ENTRENAMIENTO,2.5,-98.52562817738928,19.565865,887.9460887908936,223.35414123535156,12.122947284153527,23.791027886526926,17.95698758534023,11.668080602373395,2581.0044710193133,2573,2588,1.5066787716077108,1.7395117282867432,15,2369,33,14,85,0.648,0.3616969696969697,75.6675,240,0.04927272727272727,0.551,0.2942121212121212,61.777,260,0.05181818181818182,0.404,0.22772727272727272,47.501,240,0.03636363636363636,0.811,0.31163636363636366,66.0915,240,0.10845454545454546,0.629,0.2948787878787879,62.9015,260,0.049,0.01548484848484848,0.305,-0.203,0.19118181818181815,0.581,-0.103,1.032181818181818,1.51,0.535,0.7536060606060606,1.23,0.268,0.18881818181818183,0.346,0.072,1.498969696969697,2.061,1.158,0.3887272727272727,0.46,0.225,0.5776666666666667,0.27558333333333335,0.5115,-0.6229285714285714,-0.601,-0.651,0.801,0.41964705882352943,94.7195,245,0.04197647058823529,0.536,0.26227058823529414,58.9465,260,0.03368235294117647,2.901,1.411129411764706,319.4965,245,0.17824705882352945,0.5,0.25983529411764705,58.145,235,0.03491764705882353,0.6686428571428571,0.2705925925925926,0.59128,3,0.579,72.8625,0.37283333333333335,0.555,62.63,0.37755555555555553,0.665,54.34,0.3388,0.38,0.39576666666666666,0.3500740740740741,-0.603,-0.607,-0.621,543.5141906738281,521.8285694122314,800.2204971313477,0.5996666666666667,63.2775,0.363062962962963,0.37528024691358025,-0.6103333333333333,621.8544190724691
AGC_139,Cebada,1.92,Chignahuapan,Puebla,ENTRENAMIENTO,4.67,-98.27161867347046,19.85698375287215,961.35080909729,237.6761016845703,13.32825333731515,23.78072602408273,18.55448968069894,10.452472686767578,2600.306084244243,2599,2602,0.3383188179362033,0.6144515872001648,3,1984,35,15,86,0.604,0.3406571428571429,74.949,240,0.07717142857142857,0.515,0.2692857142857143,59.3475,235,0.08697142857142857,0.366,0.20711428571428572,45.3285,240,0.06205714285714286,0.693,0.2672857142857143,62.4225,240,0.17882857142857142,0.591,0.29285714285714287,65.865,237,0.07408571428571428,0.06602857142857142,0.367,-0.184,0.23968571428571428,0.623,-0.123,0.9482571428571428,1.45,0.469,0.7075714285714286,1.282,0.235,0.19531428571428572,0.347,0.045,1.5356,2.076,1.095,0.2969142857142857,0.442,-0.194,0.5283333333333333,0.29175,0.4624444444444445,-0.6238666666666667,-0.592,-0.645,0.722,0.40144186046511626,92.3325,246,0.05627906976744186,0.478,0.2534883720930233,58.71,247,0.04795348837209302,2.291,1.2900348837209303,292.7895,246,0.2089767441860465,0.469,0.25048837209302327,57.487,253,0.04982558139534884,0.6051333333333333,0.31396153846153846,0.61765,3,0.662,80.3575,0.4625,0.64,64.5825,0.32575,0.728,75.8775,0.5986666666666667,0.3553,0.40448,0.339,-0.571,-0.521,-0.594,516.0190601348877,571.0173530578613,992.8766441345215,0.6766666666666666,73.60583333333334,0.4623055555555556,0.36626000000000003,-0.5619999999999999,693.3043524424235
AGC_140,Cebada,4.13,Singuilucan,Hidalgo,ENTRENAMIENTO,3.2,-98.42683772124808,19.965472587569835,1274.5569305419922,361.1207885742188,12.802263123648506,23.58424595424107,18.19325453894479,10.781982830592565,2747.468942121784,2746,2750,1.1494257230317564,2.9455299377441406,4,1851,32,10,69,0.805,0.4000625,87.4765,240,0.05321875,0.879,0.336625,75.877,240,0.0743125,0.619,0.251625,56.4625,240,0.05175,2.978,0.5755625,137.4725,240,0.2710625,0.863,0.3654375,81.44200000000001,240,0.05846875,0.13184374999999998,0.49,-0.135,0.31084375,0.739,-0.072,0.85,1.315,0.345,0.6221875,1.157,0.151,0.22303125,0.403,0.059,1.65696875,2.352,1.126,0.28259375,0.44,-0.105,0.7321666666666666,0.3096,0.538875,-0.6464,-0.626,-0.661,0.882,0.4621159420289855,105.633,238,0.03481159420289855,0.877,0.3359130434782609,75.3995,236,0.04176811594202898,3.191,1.5621304347826086,353.842,241,0.13166666666666663,0.78,0.33256521739130435,74.9205,243,0.04053623188405797,0.8466428571428571,0.2917826086956522,0.6564666666666666,3,0.639,68.425,0.5522,0.404,42.44,0.252625,0.692,66.28750000000001,0.53725,0.33980952380952384,0.2963103448275862,0.2839473684210526,-0.613,-0.554,-0.627,573.2268009185791,526.2208614349365,1000.8445796966553,0.5783333333333334,59.05083333333334,0.44735833333333336,0.3066890790193876,-0.598,700.0974140167236
AGC_141,Cebada,3.94,Calpulalpan,Tlaxcala,ENTRENAMIENTO,3.5,-98.5503284873868,19.5634085,1006.2369456330728,251.17704977060305,12.046515919772425,23.755130853894205,17.900823386833316,11.70861493412178,2621.285957079911,2614,2626,1.7617209893716368,2.1999223232269287,12,2368,36,16,88,0.665,0.3319722222222222,65.5215,257,0.05086111111111111,0.687,0.2781388888888889,54.8365,255,0.0565,0.436,0.20752777777777776,40.9625,255,0.03947222222222222,0.945,0.2735,52.04,255,0.11297222222222222,0.674,0.2877222222222222,56.2275,270,0.05338888888888889,0.01666666666666666,0.335,-0.182,0.16025,0.601,-0.108,1.03675,1.445,0.501,0.8129166666666666,1.242,0.251,0.15869444444444444,0.34,0.066,1.4130833333333332,2.042,1.143,0.3418333333333333,0.435,0.09,0.38342857142857145,0.204,0.5923,-0.622625,-0.596,-0.644,0.804,0.41792045454545457,87.4645,257,0.04121590909090909,0.599,0.26267045454545457,54.9595,254,0.03603409090909091,2.899,1.4740681818181818,309.5105,245,0.175375,0.571,0.25642045454545453,53.247,256,0.03619318181818182,0.4954,0.24335714285714288,0.7171923076923077,3,0.611,60.5625,0.34425,0.58,61.334999999999994,0.3875,0.72,70.405,0.45925,0.3819565217391304,0.37464285714285717,0.35014285714285714,-0.582,-0.558,-0.601,618.4127471993868,577.615268960489,905.6507875481647,0.637,64.10083333333333,0.397,0.36891407867494824,-0.5803333333333334,700.5596012360135
AGC_142,Cebada,1.29,Chignahuapan,Puebla,PREDICCION,,-98.24875170737772,19.8800014428922,793.7303228378296,195.0574951171875,13.248210770743231,23.513994216918945,18.38110249383109,10.265783446175712,2726.5239429950766,2717,2735,7.987528329530749,8.561917304992676,18,1985,32,21,87,0.463,0.29578125,65.025,245,0.09115625,0.39,0.233,51.3515,245,0.077625,0.3,0.191,41.622,245,0.056125,0.487,0.2080625,48.7005,245,0.14446875,0.475,0.26325,59.1845,245,0.079125,0.02728125,0.225,-0.107,0.195375,0.472,0.009,0.972375,1.244,0.64,0.70684375,0.988,0.363,0.1746875,0.279,0.089,1.43953125,1.779,1.196,0.36303125,0.407,-0.027,0.3534,0.28523076923076923,0.41685714285714287,-0.6109523809523809,-0.591,-0.641,0.577,0.34618390804597704,78.025,248,0.0843448275862069,0.399,0.22182758620689655,50.9635,251,0.05551724137931034,2.002,1.1512413793103449,260.6985,248,0.29701149425287354,0.412,0.2227701149425287,50.5505,253,0.05420689655172413,0.4451333333333333,0.30917241379310345,0.48995,3,0.32,46.535,0.29525,0.254,39.695,0.18228571428571427,0.48,52.6425,0.4432,0.35875,0.35856521739130437,0.31063999999999997,-0.564,-0.503,-0.578,442.7937717437744,479.3665199279785,852.943962097168,0.35133333333333333,46.29083333333333,0.3069119047619048,0.3426517391304348,-0.5483333333333333,591.7014179229736
AGC_143,Cebada,11.48,Chignahuapan,Puebla,PREDICCION,,-98.28554181322494,19.8520838171838,961.293471495751,237.67494534343388,13.327916962642227,23.780637932870352,18.55427744775629,10.452720970228125,2616.710380756727,2609,2626,2.3144251627399677,3.356477975845337,17,1984,34,17,84,0.629,0.3627058823529411,81.2985,245,0.07035294117647059,0.56,0.2990294117647059,67.3795,245,0.07723529411764705,0.405,0.228,51.1785,245,0.05444117647058823,0.838,0.32023529411764706,76.658,245,0.16788235294117643,0.593,0.29720588235294115,68.336,280,0.07041176470588235,8.823529411764758e-5,0.277,-0.223,0.17211764705882354,0.519,-0.147,1.078529411764706,1.578,0.575,0.8067941176470589,1.353,0.322,0.18544117647058825,0.322,0.061,1.492029411764706,1.957,1.132,0.3871176470588235,0.458,0.045,0.5273333333333333,0.3294615384615385,0.5268571428571429,-0.6314705882352941,-0.603,-0.645,0.751,0.4231666666666667,99.5255,246,0.05939285714285714,0.517,0.2689285714285714,62.809,247,0.05252380952380952,2.547,1.418154761904762,330.7755,249,0.21196428571428572,0.486,0.26198809523809524,61.195,247,0.05283333333333333,0.6111764705882353,0.3550357142857143,0.6246875,3,0.747,77.8275,0.34800000000000003,0.574,58.775,0.2967142857142857,0.675,76.38250000000001,0.5665,0.3925,0.4181304347826087,0.3720833333333333,-0.569,-0.551,-0.62,516.0235917530954,570.9697254459168,992.8653062397365,0.6653333333333333,70.995,0.40373809523809523,0.394237922705314,-0.58,693.2862078129162
AGC_144,Cebada,7.48,Calpulalpan,Tlaxcala,ENTRENAMIENTO,2.5,-98.5969110007312,19.579768,1074.463642120361,267.2244873046875,12.002432550702776,23.73442649841309,17.868429524557932,11.73199394771031,2644.039055752539,2633,2666,3.2643428291117074,5.186102867126465,33,2368,36,13,86,0.672,0.35044444444444445,74.607,200,0.04363888888888889,0.642,0.2927777777777778,62.0835,200,0.04577777777777778,0.472,0.22525,47.8005,205,0.03180555555555555,1.124,0.34252777777777776,72.199,205,0.09766666666666668,0.676,0.32708333333333334,69.5025,210,0.03991666666666667,0.07044444444444445,0.321,-0.141,0.23402777777777775,0.603,-0.082,0.9255555555555556,1.331,0.516,0.70075,1.181,0.249,0.18258333333333332,0.353,0.049,1.4893888888888889,2.096,1.103,0.33508333333333334,0.445,-0.154,0.6283333333333333,0.3279166666666667,0.3962,-0.6225384615384615,-0.579,-0.651,0.746,0.39843023255813953,92.55,197,0.0407906976744186,0.59,0.25303488372093025,58.1405,222,0.03027906976744186,2.855,1.3565232558139535,317.03249999999997,211,0.15932558139534883,0.567,0.2537093023255814,58.241,222,0.03054651162790698,0.6973571428571429,0.35596774193548386,0.46485714285714286,3,0.596,64.43,0.346,0.636,57.9875,0.38033333333333336,0.778,71.155,0.498,0.35028,0.36114285714285715,0.33035714285714285,-0.55,-0.511,-0.606,661.6120376586914,609.7914009094238,966.4598865509033,0.67,64.52416666666667,0.4081111111111111,0.34726,-0.5556666666666666,745.9544417063395
AGC_145,Cebada,8.33,Calpulalpan,Tlaxcala,ENTRENAMIENTO,3.5,-98.5950232074894,19.550762,1170.6749569572796,298.60586945371836,11.866021306358046,23.605214622834342,17.735617964596194,11.739193316476296,2675.0500232153186,2664,2686,2.1186203977471507,3.3437767028808594,22,2368,32,16,86,0.706,0.37890625,78.62950000000001,205,0.06559375,0.685,0.3244375,65.9375,205,0.07793749999999999,0.493,0.2469375,50.5635,205,0.05109375,1.473,0.4511875,86.68,205,0.229625,0.684,0.35040625000000003,72.2565,210,0.06375,0.0635,0.31,-0.157,0.22584375,0.568,-0.109,0.94459375,1.376,0.534,0.72403125,1.248,0.282,0.18234375,0.326,0.038,1.49725,1.974,1.079,0.37234375,0.458,0.25,0.6361428571428571,0.382,0.4171428571428571,-0.62475,-0.591,-0.649,0.778,0.404,95.3205,205,0.05663953488372093,0.582,0.25606976744186044,60.0805,205,0.04688372093023256,2.692,1.3902093023255817,328.6485,205,0.22306976744186047,0.592,0.2568604651162791,60.248,205,0.04796511627906977,0.7188461538461538,0.3448709677419355,0.4979545454545454,3,0.711,72.2075,0.3842,0.73,63.169999999999995,0.387125,0.755,71.045,0.554,0.3367857142857143,0.35372413793103447,0.32819230769230767,-0.586,-0.544,-0.592,729.6328133525029,660.3364843572834,1076.9048819105246,0.732,68.8075,0.44177500000000003,0.33956738663635216,-0.574,822.2913932067703
AGC_146,Cebada,1.33,Almoloya,Hidalgo,ENTRENAMIENTO,4.58,-98.26793195830462,19.806917406755502,910.2673473358154,236.64588928222656,13.026136807032994,23.701606478009904,18.36387164252145,10.67546967097691,2627.0939010402753,2626,2628,0.3949244516548278,1.0971262454986572,2,2049,35,21,89,0.68,0.4354571428571429,89.77,215,0.05405714285714286,0.608,0.35365714285714284,72.1915,237,0.05931428571428571,0.428,0.26448571428571427,53.923,215,0.04168571428571428,0.901,0.42091428571428574,84.1065,215,0.126,0.634,0.35988571428571425,73.7315,237,0.04897142857142857,0.04994285714285714,0.308,-0.276,0.26148571428571427,0.602,-0.203,1.0178571428571428,1.774,0.532,0.7145142857142857,1.524,0.25,0.23722857142857143,0.369,0.076,1.6747142857142856,2.174,1.167,0.3695428571428571,0.482,0.063,0.6585714285714286,0.399,0.5214444444444445,-0.6294761904761905,-0.569,-0.645,0.772,0.48313483146067415,107.846,221,0.04273033707865168,0.574,0.30128089887640447,68.1785,224,0.03661797752808989,2.479,1.5883483146067416,353.1795,231,0.16668539325842696,0.55,0.2939438202247191,65.8315,224,0.03796629213483146,0.7320555555555556,0.4105333333333333,0.6241052631578947,3,0.75,80.3125,0.396,0.562,68,0.3182857142857143,0.586,66.575,0.5113333333333333,0.3637,0.4180833333333333,0.3675357142857143,-0.519,-0.547,-0.609,520.0563888549805,528.5847568511963,982.7754383087158,0.6326666666666667,71.62916666666666,0.40853968253968254,0.38310634920634923,-0.5583333333333333,677.1388613382975
AGC_147,Cebada,6.8,Calpulalpan,Tlaxcala,PREDICCION,,-98.60318262359226,19.5710615,1162.8000831604004,289.79791259765625,11.882469585963658,23.678374971662247,17.780422278812953,11.795905385698587,2669.907033442821,2651,2690,4.284793357532655,4.740616798400879,39,2367,34,13,88,0.724,0.3980882352941176,81.137,205,0.05505882352941176,0.706,0.3436470588235294,69.649,205,0.05926470588235294,0.514,0.26026470588235295,52.9715,210,0.04070588235294117,1.385,0.4583529411764706,89.8375,210,0.14200000000000002,0.726,0.3790294117647059,76.7995,210,0.05229411764705882,0.09952941176470588,0.343,-0.139,0.2732941176470588,0.601,-0.069,0.8802941176470588,1.324,0.493,0.6548235294117647,1.15,0.252,0.1988235294117647,0.328,0.051,1.5471176470588237,1.988,1.109,0.3491470588235294,0.454,0.024,0.6856666666666666,0.3999,0.4324,-0.6227692307692307,-0.589,-0.651,0.803,0.43786363636363634,100.528,215,0.04895454545454545,0.633,0.28720454545454543,65.6015,211,0.03744318181818182,2.891,1.531193181818182,351.977,215,0.1851590909090909,0.616,0.2896590909090909,65.9635,211,0.03813636363636363,0.7542142857142857,0.37784375,0.5323636363636364,3,0.644,68.2475,0.371,0.624,55.2675,0.2894285714285714,0.8,75.58,0.5888,0.33744444444444444,0.3464074074074074,0.3067,-0.565,-0.495,-0.607,715.7950668334961,642.0348739624023,1057.8622436523438,0.6893333333333334,66.365,0.4164095238095238,0.33018395061728395,-0.5556666666666666,805.2307281494141
AGC_148,Cebada,2.46,Singuilucan,Hidalgo,ENTRENAMIENTO,3,-98.40912510514386,19.9529571,1274.5569305419922,361.1207885742187,12.802263123648506,23.584245954241073,18.19325453894479,10.781982830592566,2746.730257684445,2745,2749,1.1137972566294594,1.4953147172927856,4,1851,31,12,68,0.769,0.37048387096774194,73.372,240,0.04470967741935484,0.731,0.29758064516129035,58.67,235,0.05032258064516129,0.516,0.2278709677419355,45.0125,240,0.03380645161290322,1.411,0.3634516129032258,71.2895,240,0.11761290322580643,0.798,0.3532258064516129,69.3845,260,0.04496774193548387,0.11696774193548388,0.555,-0.116,0.27706451612903227,0.77,-0.045,0.8570645161290323,1.262,0.288,0.6468709677419355,1.096,0.131,0.19138709677419355,0.381,0.063,1.5265806451612902,2.241,1.134,0.29970967741935484,0.39,0.063,0.6691666666666667,0.1931,0.5275555555555556,-0.6389166666666667,-0.629,-0.646,0.864,0.3985882352941176,90.3105,238,0.03044117647058823,0.734,0.2546176470588235,57.634,236,0.02797058823529412,3.073,1.3688235294117648,310.777,238,0.13292647058823528,0.677,0.2550588235294118,57.165,236,0.02830882352941176,0.7703333333333333,0.2251304347826087,0.6046,3,0.561,63.245000000000005,0.41566666666666663,0.495,45.655,0.2975,0.779,76.3925,0.572,0.31045,0.29996153846153845,0.2793,-0.595,-0.536,-0.625,573.2268009185791,526.2208614349365,1000.8445796966553,0.6116666666666667,61.76416666666667,0.4283888888888889,0.29657051282051283,-0.5853333333333334,700.0974140167236
AGC_149,Cebada,8.99,Cuautepec de Hinojosa,Hidalgo,PREDICCION,,-98.27604300921216,19.93237082269965,1046.5036239624023,257.7463684082031,13.484571865626744,23.714047023228236,18.59930944442749,10.229475157601492,2645.6551055026594,2631,2672,5.869619676332947,14.94381618499756,41,1919,33,19,71,0.66,0.3691212121212122,82.3445,210,0.07803030303030303,0.616,0.29663636363636364,66.0295,210,0.08203030303030304,0.458,0.23254545454545456,51.352,210,0.05590909090909091,1.139,0.3520606060606061,80.69,210,0.1916060606060606,0.648,0.33166666666666667,74.8285,210,0.0736060606060606,0.05448484848484848,0.284,-0.14,0.2335757575757576,0.561,-0.066,0.9495454545454546,1.33,0.565,0.6945757575757575,1.15,0.285,0.1961212121212121,0.336,0.059,1.5306363636363636,2.021,1.128,0.3730606060606061,0.443,0.142,0.629,0.2970833333333333,0.468875,-0.6324736842105263,-0.613,-0.654,0.748,0.4172957746478873,97.8625,238,0.06407042253521127,0.538,0.26660563380281693,63.522,253,0.05390140845070423,2.748,1.4330563380281691,334.226,231,0.26222535211267606,0.541,0.2699718309859155,63.441,253,0.05438028169014084,0.7085714285714285,0.29336842105263156,0.5747058823529412,3,0.507,61.997499999999995,0.44125000000000003,0.475,55.879999999999995,0.257125,0.609,67.1875,0.544,0.3772857142857143,0.345,0.30063636363636365,-0.551,-0.601,-0.597,534.9626350402832,605.3766250610352,1027.1596298217773,0.5303333333333333,61.68833333333333,0.414125,0.340974025974026,-0.583,722.4996299743652
AGC_150,Cebada,1.99,Chignahuapan,Puebla,ENTRENAMIENTO,4.52,-98.24973203532926,19.8580824391127,816.2345630905141,200.7793456071236,13.25895705354418,23.549804855614713,18.404380954579445,10.290847802070534,2615.6376570733587,2614,2617,0.7893007541302286,0.9089896082878112,3,1984,33,22,90,0.61,0.3634545454545455,80.1585,225,0.06015151515151515,0.539,0.295969696969697,65.7675,257,0.06227272727272727,0.398,0.22721212121212123,49.997,257,0.04309090909090909,0.788,0.3167878787878788,73.8015,257,0.13136363636363638,0.627,0.3057878787878788,69.1785,257,0.05912121212121212,0.01633333333333333,0.296,-0.207,0.17633333333333334,0.598,-0.148,1.0446969696969697,1.524,0.546,0.8038484848484848,1.35,0.253,0.175,0.37,0.039,1.4656363636363636,2.183,1.082,0.37733333333333335,0.469,0.151,0.5833333333333333,0.3487272727272727,0.435875,-0.6258181818181818,-0.585,-0.654,0.744,0.42183333333333334,97.283,238,0.0485,0.586,0.27545555555555556,64.527,182,0.03753333333333333,2.582,1.4570777777777777,336.0045,238,0.1861,0.49,0.26886666666666664,62.3585,186,0.03846666666666667,0.6774666666666667,0.41284848484848485,0.515235294117647,3,0.753,83.675,0.3125,0.325,49.09,0.24225,0.758,77.02,0.4483333333333333,0.3676521739130435,0.428,0.3362857142857143,-0.578,-0.528,-0.6,452.6247865516838,491.6712949238044,871.7309180716104,0.612,69.92833333333333,0.3343611111111111,0.37731262939958593,-0.5686666666666667,605.3423331823662
AGC_151,Cebada,9.32,Almoloya,Hidalgo,ENTRENAMIENTO,4.69,-98.28278580932984,19.7729363989732,821.3128318786621,223.95997619628903,12.394294330051968,23.292757851736884,17.843526090894425,10.898463521684915,2730.9283477081353,2714,2771,6.636521764891236,17.22382354736328,57,2114,33,17,78,0.757,0.4646363636363636,99.381,185,0.06627272727272727,0.727,0.36636363636363634,80.3065,185,0.07733333333333334,0.517,0.2790909090909091,60.5105,185,0.05427272727272727,1.486,0.5037575757575757,114.865,185,0.18851515151515152,0.684,0.38996969696969697,84.2615,220,0.06978787878787879,0.06224242424242424,0.484,-0.343,0.26706060606060605,0.733,-0.278,1.0603333333333331,2.084,0.35,0.7726060606060606,1.827,0.155,0.2407878787878788,0.389,0.057,1.6974848484848486,2.283,1.125,0.37933333333333336,0.561,-0.221,0.6921666666666666,0.4409166666666667,0.517,-0.6482941176470588,-0.622,-0.676,0.842,0.512576923076923,120.1635,186,0.04674358974358975,0.64,0.31253846153846154,76.274,186,0.04328205128205128,2.905,1.7802307692307693,412.845,231,0.18621794871794872,0.658,0.31375641025641027,76.6535,186,0.04523076923076923,0.7894666666666666,0.48,0.5911333333333333,3,0.798,93.4425,0.4938,0.63,79.5875,0.28533333333333333,0.756,77.2525,0.49224999999999997,0.3769166666666667,0.44576190476190475,0.37403846153846154,-0.598,-0.574,-0.62,485.00089263916016,479.1184597015381,880.6445941925049,0.728,83.4275,0.4237944444444444,0.39890567765567764,-0.5973333333333333,614.9213155110677
AGC_152,Cebada,2.63,Almoloya,Hidalgo,ENTRENAMIENTO,4.87,-98.27802333442128,19.7766412900325,821.3128318786621,223.95997619628903,12.394294330051968,23.292757851736887,17.84352609089443,10.89846352168492,2763.6669678322633,2750,2775,4.990877864124789,5.892881870269775,25,2114,34,18,79,0.688,0.4360294117647059,95.483,185,0.08970588235294118,0.576,0.32576470588235296,72.09,185,0.09379411764705882,0.425,0.24991176470588236,55.0035,185,0.06402941176470588,1.007,0.3897941176470589,92.259,185,0.20473529411764707,0.629,0.36267647058823527,80.423,237,0.08602941176470588,0.0993529411764706,0.374,-0.157,0.30573529411764705,0.64,-0.049,0.8917647058823529,1.388,0.476,0.6091470588235294,1.128,0.221,0.235,0.369,0.094,1.659470588235294,2.173,1.212,0.31738235294117645,0.459,-0.373,0.6231428571428571,0.3981818181818182,0.538625,-0.6443888888888889,-0.622,-0.661,0.79,0.4813417721518987,118.611,186,0.08036708860759494,0.531,0.28053164556962024,71.2475,186,0.05644303797468354,2.641,1.63626582278481,399.899,238,0.3090759493670886,0.55,0.2829113924050633,71.552,186,0.05720253164556962,0.7360714285714286,0.4135714285714286,0.6506000000000001,3,0.654,87.5575,0.4724,0.52,72.615,0.32516666666666666,0.682,80.46000000000001,0.5734,0.3434090909090909,0.38769565217391305,0.3207777777777778,-0.622,-0.572,-0.588,485.00089263916016,479.1184597015381,880.6445941925049,0.6186666666666667,80.21083333333334,0.4569888888888889,0.3506275069535939,-0.594,614.9213155110677
AGC_153,Cebada,1.99,Chignahuapan,Puebla,PREDICCION,,-98.26093768616242,19.86304452976355,961.35080909729,237.6761016845703,13.32825333731515,23.78072602408273,18.55448968069894,10.452472686767578,2606.0121770184933,2606,2607,0.28186452025110087,0.3774636387825012,1,1984,31,15,85,0.537,0.3183225806451613,72.303,285,0.09870967741935484,0.499,0.2560322580645161,58.16,280,0.1,0.386,0.20241935483870968,45.517,280,0.07370967741935484,0.77,0.26848387096774196,66.4165,280,0.2109032258064516,0.598,0.29180645161290325,67.517,280,0.08135483870967741,0.08212903225806452,0.391,-0.163,0.24358064516129033,0.63,-0.102,0.9186774193548388,1.39,0.45,0.7025806451612904,1.229,0.23,0.18370967741935484,0.338,0.038,1.4995806451612903,2.039,1.08,0.29335483870967743,0.429,-0.112,0.4588,0.2702727272727273,0.5127142857142857,-0.6215333333333334,-0.6,-0.638,0.641,0.3603647058823529,85.9825,248,0.08867058823529411,0.385,0.2253294117647059,54.0465,186,0.07015294117647058,2.018,1.126670588235294,268.451,249,0.34849411764705884,0.396,0.22417647058823528,53.345,289,0.0728,0.5154,0.3113225806451613,0.6049285714285714,3,0.632,72.84750000000001,0.34140000000000004,0.576,60.895,0.2947777777777778,0.68,68.1025,0.5005,0.37552380952380954,0.3865,0.30924,-0.582,-0.505,-0.606,516.0190601348877,571.0173530578613,992.8766441345215,0.6293333333333333,67.28166666666667,0.3788925925925926,0.3570879365079365,-0.5643333333333334,693.3043524424235
AGC_154,Cebada,1.49,Chignahuapan,Puebla,PREDICCION,,-98.26303278970046,19.8769882053309,961.35080909729,237.6761016845703,13.32825333731515,23.78072602408273,18.55448968069894,10.452472686767578,2637.6869964433163,2631,2641,3.8409833570690832,4.7902374267578125,10,1984,34,16,84,0.759,0.4232941176470588,91.1195,225,0.04561764705882353,0.751,0.34302941176470586,73.0535,235,0.05202941176470588,0.509,0.25873529411764706,55.018,235,0.03447058823529412,1.347,0.44691176470588234,94.4765,235,0.1337941176470588,0.784,0.35258823529411765,76.839,235,0.04644117647058823,0.04161764705882353,0.402,-0.266,0.2141764705882353,0.663,-0.195,1.0503823529411764,1.733,0.429,0.7973235294117648,1.497,0.205,0.2003235294117647,0.378,0.057,1.5545882352941176,2.219,1.122,0.3796764705882353,0.498,-0.24,0.7148571428571429,0.3685,0.5105714285714286,-0.643,-0.594,-0.661,0.852,0.4694642857142857,110.1765,238,0.03711904761904762,0.678,0.3014880952380952,71.934,232,0.03254761904761905,3.267,1.7207142857142856,400.7615,238,0.15592857142857142,0.651,0.3012619047619048,70.924,229,0.03304761904761905,0.8144666666666667,0.3709310344827586,0.62,3,0.689,86.93,0.4124,0.622,74.52,0.35459999999999997,0.735,82.4575,0.50175,0.4143157894736842,0.46755,0.4095384615384615,-0.612,-0.565,-0.631,516.0190601348877,571.0173530578613,992.8766441345215,0.6819999999999999,81.3025,0.42291666666666666,0.43046808367071526,-0.6026666666666667,693.3043524424235
AGC_155,Cebada,2.24,Chignahuapan,Puebla,ENTRENAMIENTO,4.52,-98.22375582666704,19.88445621537275,793.7303228378296,195.0574951171875,13.248210770743237,23.513994216918945,18.38110249383109,10.26578344617571,2753.3033921047154,2747,2765,5.318302119682892,10.535367965698242,18,1985,33,28,69,0.695,0.3786060606060606,81.2225,265,0.07333333333333333,0.63,0.2916969696969697,63.063,237,0.067,0.439,0.2253030303030303,48.353,237,0.04781818181818181,0.96,0.31196969696969695,69.0445,245,0.13345454545454546,0.642,0.315,67.938,265,0.06903030303030303,0.02593939393939394,0.474,-0.194,0.1761818181818182,0.694,-0.121,1.0385454545454549,1.497,0.359,0.8107878787878788,1.297,0.181,0.16903030303030303,0.331,0.061,1.4492121212121212,1.997,1.133,0.37096969696969695,0.467,-0.222,0.48833333333333334,0.2545454545454545,0.6027777777777777,-0.63725,-0.59,-0.659,0.841,0.4143478260869566,99.265,248,0.04847826086956521,0.632,0.25124637681159423,61.3225,249,0.03630434782608695,3.027,1.446855072463768,347.2835,249,0.1904782608695652,0.642,0.25072463768115943,60.736,248,0.037,0.5867142857142857,0.29143478260869565,0.7473636363636363,3,0.549,79.025,0.39075,0.6,65.8425,0.46349999999999997,0.721,81.39999999999999,0.49250000000000005,0.3922857142857143,0.3916818181818182,0.3971818181818182,-0.585,-0.556,-0.598,442.7937717437744,479.3665199279785,852.943962097168,0.6233333333333333,75.4225,0.4489166666666667,0.39371645021645024,-0.5796666666666667,591.7014179229736
AGC_156,Cebada,8.2,Singuilucan,Hidalgo,PREDICCION,,-98.43333085006982,19.970279497081503,1274.5569305419922,361.1207885742187,12.802263123648506,23.584245954241073,18.19325453894479,10.781982830592566,2752.379143981959,2749,2758,1.4056250109160098,1.7739392518997192,9,1851,29,13,62,0.794,0.36982758620689654,81.9855,265,0.05755172413793103,0.848,0.30689655172413793,69.969,260,0.06727586206896552,0.555,0.2316206896551724,51.9365,240,0.04662068965517241,1.823,0.4366206896551724,110.0815,240,0.19358620689655173,0.871,0.35251724137931034,79.026,260,0.05479310344827586,0.1056896551724138,0.564,-0.145,0.26541379310344826,0.774,-0.07,0.8906206896551724,1.342,0.284,0.6762068965517242,1.154,0.13,0.19441379310344828,0.385,0.066,1.5451379310344828,2.272,1.144,0.2962758620689655,0.399,-0.021,0.6218333333333333,0.195375,0.6351428571428571,-0.6425384615384615,-0.614,-0.656,0.874,0.44364516129032255,99.658,241,0.04885483870967742,0.743,0.2874193548387097,64.565,236,0.0435,3.265,1.5446774193548387,348.978,257,0.19541935483870967,0.714,0.2889032258064516,64.8665,257,0.04508064516129032,0.7602857142857142,0.24983333333333332,0.7145,3,0.555,66.655,0.4496,0.461,47.9275,0.3435,0.739,73.5825,0.4645,0.3810476190476191,0.36133333333333334,0.291,-0.573,-0.543,-0.619,573.2268009185791,526.2208614349365,1000.8445796966553,0.585,62.721666666666664,0.4192,0.34446031746031747,-0.5783333333333334,700.0974140167236
AGC_157,Cebada,1.18,Calpulalpan,Tlaxcala,ENTRENAMIENTO,3,-98.5491850199197,19.5633895,905.01057452569,227.3678379696122,12.11192139456248,23.785849427112264,17.948885410837374,11.673928032549783,2617.3189504022166,2614,2619,1.88320462168324,2.1558470726013184,5,2368,34,15,89,0.694,0.3235588235294118,70.5575,265,0.03711764705882352,0.647,0.26794117647058824,58.505,255,0.04202941176470588,0.471,0.2023235294117647,44.148,265,0.0293235294117647,1.112,0.25926470588235295,60.8295,265,0.08588235294117647,0.665,0.2722058823529412,59.992,265,0.03508823529411765,-0.00417647058823529,0.345,-0.186,0.13070588235294117,0.614,-0.119,1.078470588235294,1.458,0.49,0.8605588235294118,1.27,0.24,0.14805882352941177,0.344,0.059,1.380205882352941,2.053,1.125,0.36144117647058827,0.439,0.183,0.3812857142857143,0.2263636363636364,0.6055,-0.6287333333333334,-0.613,-0.646,0.803,0.4232359550561798,89.66,257,0.03131460674157303,0.661,0.27019101123595507,56.911,260,0.02807865168539326,2.943,1.4812359550561798,315.1835,261,0.1327640449438202,0.605,0.2625393258426966,54.8915,260,0.02825842696629213,0.489,0.2716206896551724,0.7159230769230769,3,0.59,61.7625,0.35575,0.516,54.94,0.302,0.702,62.705000000000005,0.501,0.398375,0.3892857142857143,0.35117857142857145,-0.562,-0.551,-0.602,554.3189593897438,529.8762864044477,815.4297342174697,0.6026666666666667,59.8025,0.38625,0.3796130952380952,-0.5716666666666667,633.2083266705537
AGC_158,Cebada,11.22,Chignahuapan,Puebla,PREDICCION,,-98.27807683398024,19.87030466559295,961.35080909729,237.6761016845703,13.32825333731515,23.78072602408273,18.55448968069894,10.452472686767578,2631.5572609613378,2628,2635,0.8936808315861815,1.8581680059432983,7,1984,33,15,84,0.6,0.3154848484848485,70.182,240,0.05387878787878788,0.494,0.24036363636363636,53.5615,237,0.05263636363636363,0.361,0.18775757575757576,41.5895,245,0.03684848484848484,0.652,0.20896969696969697,49.9775,245,0.1020909090909091,0.56,0.25515151515151513,58.481,237,0.048,-0.01984848484848484,0.245,-0.218,0.15645454545454546,0.53,-0.121,1.099030303030303,1.561,0.608,0.8045757575757576,1.28,0.308,0.1853030303030303,0.328,0.079,1.4839090909090908,1.977,1.173,0.3552121212121212,0.46,-0.002,0.48516666666666663,0.2303076923076923,0.49942857142857144,-0.6318,-0.584,-0.651,0.726,0.38529761904761906,88.39750000000001,248,0.04451190476190476,0.452,0.23532142857142857,54.1295,242,0.03428571428571429,2.469,1.310702380952381,298.7885,249,0.17117857142857143,0.46,0.22890476190476192,52.4545,248,0.03469047619047619,0.5940714285714286,0.2785862068965517,0.5960555555555556,3,0.707,71.86749999999999,0.3026,0.592,56.085,0.2332857142857143,0.717,73.5225,0.45899999999999996,0.34625,0.38795454545454544,0.38582608695652176,-0.551,-0.537,-0.608,516.0190601348877,571.0173530578613,992.8766441345215,0.6719999999999999,67.15833333333333,0.3316285714285714,0.3733435441370224,-0.5653333333333334,693.3043524424235
AGC_159,Cebada,2.14,Chignahuapan,Puebla,ENTRENAMIENTO,4.77,-98.24330229739913,19.86061032904505,793.7303228378296,195.0574951171875,13.248210770743231,23.513994216918945,18.38110249383109,10.265783446175712,2627.276908425442,2625,2632,1.5873293498850674,3.305377960205078,7,1985,34,24,89,0.696,0.36823529411764705,79.976,287,0.08614705882352941,0.708,0.3109705882352941,66.8495,257,0.0856764705882353,0.482,0.2303235294117647,49.1845,257,0.05788235294117647,1.26,0.36223529411764704,78.783,257,0.1963529411764706,0.718,0.3205,70.508,290,0.07285294117647059,0.04402941176470588,0.398,-0.194,0.20647058823529413,0.629,-0.124,1.0020882352941176,1.486,0.44,0.7561470588235294,1.288,0.234,0.1836470588235294,0.333,0.063,1.4895588235294115,2.02,1.136,0.3309705882352941,0.44,-0.177,0.3403333333333334,0.3245454545454545,0.6271111111111112,-0.6283333333333333,-0.595,-0.655,0.806,0.422247191011236,100.2885,285,0.07031460674157303,0.626,0.27378651685393257,67.56400000000001,280,0.0502247191011236,2.973,1.4892359550561798,353.0795,285,0.2609213483146067,0.574,0.26469662921348314,64.589,280,0.05114606741573033,0.4468125,0.36996666666666667,0.74,3,0.671,75.4675,0.354,0.309,47.76,0.21357142857142858,0.643,72.5,0.5161666666666667,0.3842380952380952,0.41743478260869565,0.3241111111111111,-0.583,-0.591,-0.6,442.7937717437744,479.3665199279785,852.943962097168,0.541,65.2425,0.36124603174603176,0.375261329652634,-0.5913333333333333,591.7014179229736
AGC_160,Cebada,7.61,Chignahuapan,Puebla,ENTRENAMIENTO,3.62,-98.22226606036904,19.851930933252397,793.7303228378296,195.0574951171875,13.248210770743231,23.513994216918945,18.38110249383109,10.265783446175712,2743.3864412853545,2725,2754,2.765805025408512,4.811553955078125,29,1985,34,30,81,0.728,0.3603529411764706,78.525,285,0.08470588235294117,0.628,0.2823823529411765,60.998000000000005,285,0.0795,0.462,0.21473529411764705,46.1445,265,0.05644117647058824,1.092,0.29476470588235293,65.3835,285,0.1597941176470588,0.695,0.3080294117647059,67.5165,285,0.07985294117647058,0.06797058823529412,0.448,-0.146,0.23326470588235296,0.683,-0.059,0.9518823529411764,1.356,0.385,0.7123823529411765,1.144,0.19,0.18973529411764703,0.366,0.069,1.5113235294117646,2.157,1.152,0.30211764705882355,0.423,-0.203,0.33,0.29441666666666666,0.6361111111111111,-0.6210333333333333,-0.595,-0.654,0.797,0.3800246913580247,93.295,285,0.06530864197530864,0.615,0.24338271604938272,60.7045,266,0.04653086419753086,2.749,1.2945555555555557,315.147,285,0.2477777777777778,0.591,0.2368641975308642,58.750499999999995,253,0.04638271604938272,0.4184117647058824,0.3091153846153846,0.7542857142857143,3,0.481,62.3075,0.33525,0.53,51.5425,0.32122222222222224,0.623,71.7575,0.464,0.34314285714285714,0.36923076923076925,0.3253333333333333,-0.582,-0.525,-0.598,442.7937717437744,479.3665199279785,852.943962097168,0.5446666666666666,61.869166666666665,0.37349074074074073,0.3459023199023199,-0.5683333333333334,591.7014179229736
AGC_161,Cebada,3.36,Chignahuapan,Puebla,ENTRENAMIENTO,4.46,-98.2204057689644,19.86559376345795,793.7303228378296,195.0574951171875,13.248210770743237,23.513994216918945,18.38110249383109,10.26578344617571,2741.0767922362065,2701,2754,5.733787916743088,10.613245964050291,53,1985,32,29,78,0.724,0.38175,86.581,285,0.07715625,0.664,0.31240625,71.41250000000001,280,0.0779375,0.489,0.23978125,54.029,265,0.0545625,1.306,0.37246875,91.178,265,0.172,0.735,0.33821875,77.901,280,0.0736875,0.06909375,0.41,-0.148,0.237375,0.673,-0.059,0.943125,1.353,0.425,0.6995625,1.137,0.198,0.19140625,0.37,0.074,1.51478125,2.182,1.162,0.347875,0.425,0.129,0.43816666666666665,0.3071666666666667,0.6739999999999999,-0.6255862068965518,-0.604,-0.647,0.806,0.4532948717948718,101.5835,248,0.05864102564102564,0.611,0.29996153846153845,66.824,256,0.04921794871794872,2.96,1.5787051282051283,349.255,253,0.22225641025641027,0.597,0.29605128205128206,65.58,256,0.0497948717948718,0.5432142857142858,0.32795,0.7554285714285714,3,0.452,57.332499999999996,0.40025,0.54,54.695,0.34425,0.677,79.25,0.513,0.3537,0.38604166666666667,0.3514583333333333,-0.581,-0.538,-0.6,442.7937717437744,479.3665199279785,852.943962097168,0.5563333333333333,63.759166666666665,0.4191666666666667,0.36373333333333335,-0.573,591.7014179229736
AGC_162,Cebada,4.93,Chignahuapan,Puebla,ENTRENAMIENTO,5.59,-98.23231077009952,19.88360375626965,793.7303228378296,195.0574951171875,13.248210770743231,23.513994216918945,18.38110249383109,10.265783446175712,2834.2489454684055,2820,2844,4.661558965382193,7.96800708770752,24,1985,33,27,77,0.493,0.26203030303030306,60.8425,287,0.075,0.367,0.19472727272727272,44.99,237,0.0633030303030303,0.288,0.15978787878787878,36.29,265,0.04678787878787879,0.431,0.1355151515151515,35.873,265,0.11151515151515153,0.457,0.22736363636363635,53.6175,290,0.06666666666666667,0.01245454545454545,0.228,-0.113,0.13963636363636364,0.469,-0.048,1.0000909090909091,1.259,0.635,0.7951212121212121,1.106,0.366,0.13196969696969696,0.272,0.05,1.320454545454545,1.754,1.108,0.32615151515151514,0.402,-0.014,0.3551666666666667,0.1982857142857143,0.4631666666666666,-0.6144814814814815,-0.587,-0.652,0.625,0.31036363636363634,75.6335,248,0.05072727272727272,0.375,0.1893246753246753,44.967,239,0.034,2.132,1.0280909090909092,253.6565,248,0.1926233766233766,0.384,0.18946753246753248,44.687,248,0.03409090909090909,0.4291176470588235,0.21570833333333336,0.5628461538461539,3,0.388,47.832499999999996,0.34875,0.371,45.955,0.19466666666666665,0.628,70.2,0.4686666666666667,0.36914285714285716,0.33885714285714286,0.321,-0.557,-0.476,-0.585,442.7937717437744,479.3665199279785,852.943962097168,0.4623333333333333,54.6625,0.3373611111111111,0.343,-0.5393333333333333,591.7014179229736
AGC_163,Cebada,2.57,Calpulalpan,Tlaxcala,ENTRENAMIENTO,3,-98.54946692114108,19.564866,926.612000958008,232.44865763650503,12.097964047909706,23.779294168910113,17.93862910840991,11.681330121000409,2612.767760811306,2609,2617,2.0039212939451727,2.1558470726013184,8,2368,34,15,91,0.649,0.32838235294117646,70.246,265,0.06373529411764706,0.619,0.2728235294117647,57.9765,255,0.07029411764705883,0.423,0.20623529411764707,43.9145,265,0.04908823529411765,0.907,0.26482352941176474,58.5995,265,0.14155882352941176,0.607,0.2776176470588235,59.4925,265,0.06335294117647058,0.00567647058823529,0.3,-0.181,0.1441470588235294,0.547,-0.113,1.0515882352941175,1.442,0.541,0.8316176470588236,1.257,0.295,0.14982352941176472,0.318,0.057,1.381352941176471,1.937,1.121,0.3568529411764706,0.425,0.19,0.4201428571428571,0.2429090909090909,0.569,-0.6286666666666667,-0.613,-0.656,0.761,0.42129670329670327,89.565,257,0.0524065934065934,0.556,0.2639230769230769,55.68,254,0.04596703296703296,2.741,1.457857142857143,311.0765,261,0.20373626373626377,0.528,0.2573846153846154,53.9985,265,0.04632967032967033,0.5189333333333334,0.2709,0.6893703703703704,3,0.641,64.0225,0.3545,0.498,54.405,0.27166666666666667,0.692,66.3925,0.5265,0.39168000000000003,0.37716666666666665,0.36064285714285715,-0.559,-0.552,-0.6,567.9963956841842,540.0636526841703,834.6826564041381,0.6103333333333333,61.60666666666666,0.3842222222222222,0.37649650793650796,-0.5703333333333334,647.5809015908309
AGC_164,Cebada,11.84,Apan,Hidalgo,ENTRENAMIENTO,3,-98.52208238560172,19.610789500000003,770.9277410507202,203.253173828125,12.28092806679862,23.94456318446568,18.11274562563215,11.663635117667065,2496.648467628232,2493,2500,0.9039252244638498,1.1814976930618286,7,2304,40,18,96,0.589,0.327375,69.087,237,0.081425,0.53,0.27695000000000003,58.418,260,0.0867,0.386,0.20965,43.996,260,0.059675,1.066,0.311525,64.478,205,0.21065,0.638,0.28995,61.5695,260,0.084575,0.0059,0.279,-0.189,0.15945,0.534,-0.123,1.056975,1.469,0.564,0.8188,1.283,0.306,0.16747499999999998,0.316,0.051,1.4417,1.928,1.109,0.362725,0.45,0.196,0.5424285714285715,0.24757142857142855,0.4440909090909091,-0.6312222222222222,-0.608,-0.676,0.773,0.3878125,88.791,245,0.06846875,0.519,0.24727083333333333,57.3535,211,0.05505208333333333,2.76,1.3494166666666667,308.492,245,0.26264583333333336,0.48,0.2415,55.7325,211,0.05553125,0.6412666666666667,0.29062162162162164,0.53004,3,0.619,59.972500000000004,0.445,0.639,58.07,0.37,0.551,55.31,0.4046,0.3637142857142857,0.3899,0.32292857142857145,-0.572,-0.567,-0.606,460.788724899292,431.61855125427246,683.358883857727,0.603,57.78416666666667,0.40653333333333336,0.3588476190476191,-0.5816666666666667,525.2553866704305
AGC_165,Cebada,6.21,Chignahuapan,Puebla,ENTRENAMIENTO,4.44,-98.23712617450488,19.893064982766,793.7303228378296,195.0574951171875,13.248210770743231,23.513994216918945,18.38110249383109,10.265783446175712,2903.9903805175136,2889,2912,2.3646235013476,3.3575339317321777,23,1985,29,24,73,0.671,0.386,82.6085,240,0.05475862068965517,0.613,0.3170344827586207,66.72149999999999,210,0.05731034482758621,0.458,0.2482758620689655,52.274,217,0.03993103448275862,1.07,0.3965862068965517,84.3575,217,0.1269655172413793,0.682,0.3441724137931034,74.053,270,0.04820689655172414,0.08582758620689655,0.374,-0.137,0.2559310344827586,0.616,-0.079,0.8991034482758621,1.32,0.461,0.6746551724137931,1.172,0.242,0.1910344827586207,0.321,0.043,1.5173793103448276,1.961,1.09,0.3632413793103448,0.457,-0.04,0.6364,0.31775,0.5706666666666667,-0.6102916666666667,-0.573,-0.649,0.774,0.3731369863013699,95.241,238,0.04861643835616438,0.552,0.2482054794520548,62.3665,229,0.0353013698630137,2.734,1.233972602739726,319.07399999999996,241,0.18753424657534248,0.571,0.2511232876712329,62.7575,221,0.0360958904109589,0.72375,0.24768,0.6372307692307693,3,0.252,34.9375,0.23233333333333334,0.407,47.7775,0.2747142857142857,0.664,69.1575,0.58725,0.3751764705882353,0.37421739130434784,0.3387391304347826,-0.543,-0.479,-0.564,442.7937717437744,479.3665199279785,852.943962097168,0.441,50.62416666666667,0.36476587301587304,0.3627109974424552,-0.5286666666666666,591.7014179229736
AGC_166,Cebada,6.76,Singuilucan,Hidalgo,ENTRENAMIENTO,2.5,-98.39685712987836,19.945586960560696,1135.12548828125,314.0716857910156,13.146352359226771,23.841181891305105,18.49376712526594,10.694829532078332,2690.6081222937837,2682,2703,3.438691457597833,6.503880500793457,21,1917,32,14,73,0.667,0.39659375,77.565,210,0.05715625,0.572,0.3026875,58.136,205,0.060625,0.424,0.2308125,44.4855,205,0.04275,0.934,0.3375625,61.905,205,0.1433125,0.603,0.34790625,66.637,220,0.0541875,0.0986875,0.336,-0.147,0.311,0.601,-0.04,0.87396875,1.347,0.502,0.58590625,1.085,0.253,0.235375,0.336,0.09,1.653,2.022,1.202,0.293625,0.376,-0.216,0.599,0.436,0.3806,-0.6483571428571429,-0.635,-0.663,0.746,0.42495890410958903,97.7635,225,0.03730136986301369,0.584,0.2446986301369863,56.6055,200,0.03442465753424657,2.5,1.399986301369863,319.7045,224,0.16401369863013698,0.53,0.23857534246575343,54.945,200,0.03532876712328767,0.7076923076923077,0.379875,0.5012352941176471,3,0.616,69.6175,0.5002,0.409,39.9325,0.221125,0.575,65.78,0.512,0.31176190476190474,0.3411304347826087,0.2681428571428571,-0.597,-0.573,-0.641,557.439962387085,531.8628273010254,991.5371437072754,0.5333333333333333,58.443333333333335,0.4111083333333333,0.30701173222912354,-0.6036666666666667,693.6133111317953
AGC_167,Cebada,2.46,Chignahuapan,Puebla,ENTRENAMIENTO,4.54,-98.24018290293904,19.8602349504269,793.7303228378296,195.0574951171875,13.248210770743237,23.513994216918945,18.38110249383109,10.26578344617571,2635.6632320515446,2629,2645,3.7445552084708873,6.265179634094238,16,1985,31,25,88,0.702,0.39283870967741935,85.5865,245,0.07012903225806452,0.709,0.33048387096774196,73.029,257,0.07064516129032258,0.49,0.25216129032258067,54.937,257,0.04883870967741936,1.254,0.413,94.144,257,0.16464516129032258,0.719,0.35680645161290325,78.877,257,0.05883870967741935,0.0912258064516129,0.405,-0.148,0.26680645161290323,0.639,-0.057,0.9033225806451612,1.352,0.427,0.6590322580645162,1.126,0.222,0.2010322580645161,0.371,0.08,1.545,2.182,1.175,0.3395483870967742,0.423,-0.224,0.5262,0.288,0.6151111111111112,-0.62584,-0.595,-0.648,0.801,0.41210227272727273,98.59,248,0.06105681818181818,0.595,0.27440909090909094,67.303,256,0.04604545454545455,2.775,1.417534090909091,340.90500000000003,249,0.24568181818181817,0.584,0.2701363636363636,65.604,248,0.04628409090909091,0.5813125,0.32103333333333334,0.6948235294117647,3,0.642,75.86500000000001,0.40575,0.416,51.205,0.25114285714285717,0.683,76.975,0.508,0.3469047619047619,0.3695217391304348,0.3585,-0.566,-0.597,-0.581,442.7937717437744,479.3665199279785,852.943962097168,0.5803333333333334,68.015,0.38829761904761906,0.3583088336783989,-0.5813333333333333,591.7014179229736
AGC_168,Cebada,1.53,Chignahuapan,Puebla,ENTRENAMIENTO,4.49,-98.265524443088,19.8782160611104,961.35080909729,237.6761016845703,13.32825333731515,23.78072602408273,18.55448968069894,10.452472686767578,2632.591064363742,2627,2640,3.6644079921833934,4.467554569244385,13,1984,34,18,79,0.684,0.3604705882352941,83.516,205,0.06776470588235294,0.695,0.3049117647058823,71.048,200,0.07541176470588236,0.484,0.23055882352941176,53.0915,205,0.05176470588235294,1.303,0.36364705882352943,91.3265,205,0.2005,0.671,0.30255882352941177,72.0885,200,0.07008823529411765,0.03308823529411765,0.452,-0.193,0.20141176470588237,0.654,-0.1,1.0212058823529413,1.48,0.381,0.7574705882352941,1.223,0.211,0.18885294117647056,0.346,0.079,1.5014411764705882,2.061,1.171,0.36020588235294115,0.446,-0.367,0.35328571428571426,0.36025,0.6092857142857143,-0.6304444444444445,-0.605,-0.65,0.777,0.39936708860759496,102.4355,203,0.0520632911392405,0.675,0.2654810126582279,69.926,193,0.04536708860759494,2.687,1.3821772151898737,353.321,286,0.20821518987341772,0.632,0.25944303797468354,68.1305,193,0.04634177215189873,0.434,0.35584615384615387,0.700125,3,0.577,65.19,0.4016,0.372,49.8825,0.22133333333333333,0.757,73.55,0.4434,0.368,0.40714285714285714,0.3606923076923077,-0.584,-0.532,-0.609,516.0190601348877,571.0173530578613,992.8766441345215,0.5686666666666667,62.87416666666667,0.35544444444444445,0.37861172161172163,-0.575,693.3043524424235
AGC_169,Cebada,2.51,Calpulalpan,Tlaxcala,ENTRENAMIENTO,2.5,-98.52886718322802,19.5908475,887.9460887908936,223.35414123535156,12.122947284153527,23.791027886526926,17.95698758534023,11.668080602373395,2529.253005230617,2528,2531,1.1686295597976908,1.3840699195861816,3,2369,39,16,94,0.701,0.3221794871794872,72.611,265,0.05951282051282051,0.645,0.2650769230769231,61.5065,257,0.06387179487179487,0.461,0.20164102564102565,46.0885,265,0.04397435897435897,1.151,0.27287179487179486,69.1485,265,0.14348717948717948,0.709,0.2796666666666667,64.242,257,0.06033333333333333,0.01982051282051282,0.389,-0.183,0.17053846153846153,0.644,-0.097,1.0372051282051282,1.454,0.445,0.7990512820512821,1.22,0.22,0.16848717948717948,0.348,0.073,1.4422307692307692,2.073,1.158,0.3375897435897436,0.425,-0.06,0.4448571428571429,0.1945714285714286,0.5766,-0.6295,-0.61,-0.652,0.822,0.43246808510638296,94.1485,245,0.05345744680851064,0.634,0.28104255319148935,60.4205,254,0.04958510638297872,2.987,1.5188404255319148,329.379,265,0.22958510638297872,0.599,0.27752127659574466,59.351,250,0.0501595744680851,0.5961333333333333,0.2581935483870968,0.6862413793103448,3,0.651,63.12,0.3565,0.586,50.565,0.264,0.738,74.155,0.6136666666666667,0.3666923076923077,0.4063448275862069,0.3491666666666667,-0.572,-0.561,-0.61,543.5141906738281,521.8285694122314,800.2204971313477,0.6583333333333333,62.61333333333333,0.4113888888888889,0.3740679339817271,-0.581,621.8544190724691
AGC_170,Cebada,8.13,Calpulalpan,Tlaxcala,ENTRENAMIENTO,3,-98.5254423252437,19.609184,770.9277410507202,203.25317382812497,12.28092806679862,23.94456318446568,18.11274562563215,11.663635117667065,2501.227723351566,2499,2505,1.3910803257933293,1.5513813495635986,6,2304,39,17,97,0.534,0.2641025641025641,57.448,237,0.04582051282051282,0.481,0.19784615384615384,43.625,250,0.0451025641025641,0.33,0.1537948717948718,33.559,250,0.03233333333333333,0.55,0.1232051282051282,29.7745,250,0.0802051282051282,0.538,0.20607692307692307,46.21,250,0.04661538461538461,-0.06523076923076923,0.255,-0.206,0.05884615384615385,0.49,-0.139,1.1906410256410256,1.521,0.595,0.9631282051282052,1.325,0.344,0.1294871794871795,0.288,0.051,1.3185897435897436,1.816,1.108,0.3547179487179487,0.429,0.061,0.3608571428571429,0.17757142857142855,0.4271,-0.6354117647058823,-0.614,-0.654,0.738,0.35942268041237113,79.51950000000001,245,0.03985567010309278,0.44,0.2111443298969072,46.0005,248,0.03061855670103093,2.503,1.2483092783505154,274.749,245,0.15476288659793813,0.431,0.20305154639175255,44.1275,243,0.03010309278350515,0.49133333333333334,0.25022222222222223,0.538074074074074,3,0.585,61.51499999999999,0.38839999999999997,0.628,54.52,0.3008888888888889,0.528,56.442499999999995,0.4538333333333333,0.37774074074074077,0.40946666666666665,0.3392413793103448,-0.581,-0.567,-0.589,460.788724899292,431.61855125427246,683.358883857727,0.5803333333333334,57.4925,0.38104074074074074,0.3754829289059174,-0.579,525.2553866704305
AGC_171,Cebada,11.63,Chignahuapan,Puebla,ENTRENAMIENTO,2.15,-98.27107887802144,19.8676286724198,961.35080909729,237.6761016845703,13.32825333731515,23.78072602408273,18.55448968069894,10.452472686767578,2629.1506348028556,2619,2632,1.4037374152593356,2.9814612865448,13,1984,31,16,83,0.567,0.3464516129032258,74.091,245,0.05361290322580645,0.518,0.28006451612903227,58.7905,210,0.05335483870967742,0.389,0.2179032258064516,45.7065,210,0.03732258064516129,0.768,0.28480645161290324,60.0795,210,0.11051612903225806,0.531,0.2867096774193548,61.8545,237,0.04909677419354839,-3.225806451612897e-4,0.208,-0.198,0.1785483870967742,0.485,-0.108,1.054258064516129,1.496,0.66,0.7699032258064517,1.246,0.349,0.1882258064516129,0.311,0.07,1.494,1.91,1.152,0.3881935483870968,0.442,0.242,0.5518000000000001,0.3051666666666667,0.4745714285714286,-0.6284375,-0.599,-0.653,0.704,0.39936144578313254,88.4625,248,0.04754216867469879,0.472,0.2527951807228916,55.562000000000005,210,0.0350722891566265,2.407,1.3349759036144575,297.331,249,0.18113253012048192,0.467,0.24663855421686748,53.646,221,0.03572289156626506,0.6209333333333333,0.3249642857142857,0.5792352941176471,3,0.584,64.71,0.2708,0.554,55.06,0.20766666666666667,0.684,66.905,0.4043333333333333,0.3777894736842105,0.4126190476190476,0.34807692307692306,-0.541,-0.525,-0.606,516.0190601348877,571.0173530578613,992.8766441345215,0.6073333333333334,62.225,0.2942666666666667,0.3794951481267271,-0.5573333333333333,693.3043524424235
AGC_172,Cebada,2.33,Chignahuapan,Puebla,ENTRENAMIENTO,5.19,-98.23265400479518,19.8998081441317,809.0491116905155,197.42872959021295,13.312787715357077,23.516358504924785,18.41457311014093,10.20357078956771,2885.336641718094,2880,2900,3.6742496473213007,5.9515838623046875,20,1920,31,24,74,0.629,0.338741935483871,76.415,265,0.08061290322580646,0.613,0.26648387096774195,60.557,237,0.07135483870967742,0.434,0.21251612903225808,47.875,237,0.05216129032258064,0.953,0.27803225806451615,68.5745,237,0.14016129032258065,0.667,0.3148064516129032,71.4655,237,0.06741935483870967,0.07467741935483871,0.379,-0.107,0.2286129032258065,0.617,-0.034,0.9046129032258065,1.244,0.453,0.6878387096774193,1.079,0.238,0.16906451612903226,0.314,0.053,1.4370967741935483,1.919,1.114,0.32593548387096777,0.416,-0.209,0.5256,0.24736363636363637,0.5615714285714286,-0.6194999999999999,-0.589,-0.656,0.744,0.3775,90.6865,248,0.06816216216216216,0.554,0.2420945945945946,57.109,236,0.04663513513513513,2.907,1.3017432432432432,315.9835,249,0.2681891891891892,0.534,0.2433108108108108,57.3555,249,0.04739189189189189,0.595,0.24628,0.658,3,0.464,49.32,0.44033333333333335,0.363,47.684999999999995,0.26516666666666666,0.601,69.4725,0.5306,0.3143,0.3821111111111111,0.32560869565217393,-0.471,-0.509,-0.579,445.4391756642361,486.5297522313323,859.2533017695737,0.476,55.4925,0.4120333333333333,0.340673268921095,-0.5196666666666666,597.0740765550473
AGC_173,Cebada,3.6,Calpulalpan,Tlaxcala,PREDICCION,,-98.56162154307036,19.5956365,1074.463642120361,267.2244873046875,12.002432550702776,23.73442649841309,17.868429524557932,11.73199394771031,2566.991552372175,2565,2569,0.9747033168351694,3.23159122467041,4,2368,35,18,93,0.693,0.4308857142857143,91.715,240,0.1088,0.767,0.3909714285714286,82.923,260,0.11497142857142856,0.513,0.28285714285714286,59.895500000000006,260,0.08108571428571429,1.49,0.5437142857142857,114.3625,260,0.28605714285714284,0.796,0.4070285714285714,86.785,260,0.10477142857142856,0.09225714285714286,0.366,-0.189,0.26708571428571426,0.632,-0.109,0.921,1.478,0.476,0.6831714285714285,1.262,0.239,0.20477142857142855,0.362,0.071,1.5701142857142858,2.178,1.156,0.3389142857142857,0.413,0.116,0.6554285714285715,0.33976923076923077,0.619375,-0.6367777777777778,-0.616,-0.646,0.808,0.5006666666666667,111.7055,238,0.10187096774193548,0.66,0.34361290322580645,77.3745,227,0.08172043010752689,3.278,1.8622258064516128,415.5125,238,0.4148279569892473,0.62,0.3347956989247312,74.8015,256,0.08739784946236559,0.7386428571428572,0.3943548387096774,0.7107307692307693,3,0.648,91.33,0.4548,0.687,87.27,0.4914444444444444,0.712,93.4025,0.5022,0.29844,0.35514814814814816,0.32221428571428573,-0.597,-0.571,-0.625,661.6120376586914,609.7914009094238,966.4598865509033,0.6823333333333333,90.6675,0.4828148148148148,0.3252674779541446,-0.5976666666666667,745.9544417063395
AGC_174,Cebada,6.89,Cuautepec de Hinojosa,Hidalgo,PREDICCION,,-98.30434917055572,19.8985149953118,947.4036476046206,244.48619211291205,13.254843177074552,23.914170670011067,18.58450692354281,10.659327492936516,2546.6165459471895,2542,2553,2.2845566432592657,5.762670516967773,11,1918,37,18,77,0.644,0.3381891891891892,74.944,185,0.06081081081081081,0.559,0.2602972972972973,59.2275,185,0.06064864864864865,0.413,0.20445945945945945,45.8765,185,0.04221621621621622,0.902,0.25535135135135134,62.628,185,0.12256756756756756,0.544,0.2802972972972973,63.5915,185,0.05575675675675676,0.00551351351351351,0.24,-0.206,0.17810810810810812,0.51,-0.141,1.0491891891891891,1.524,0.622,0.780027027027027,1.331,0.334,0.1838648648648649,0.321,0.048,1.4845945945945946,1.958,1.102,0.36348648648648646,0.47,-0.078,0.5085714285714286,0.32780000000000004,0.390375,-0.6355555555555555,-0.599,-0.659,0.73,0.3885064935064935,92.7675,185,0.05246753246753247,0.51,0.23685714285714285,58.1145,186,0.03772727272727273,2.293,1.2926883116883117,307.8465,249,0.196,0.499,0.2353896103896104,57.4065,186,0.03768831168831169,0.6010833333333333,0.36216,0.48694444444444446,3,0.709,69.945,0.34650000000000003,0.578,54.6725,0.2247142857142857,0.721,69.74499999999999,0.4278571428571428,0.38943478260869563,0.3710909090909091,0.32285185185185183,-0.574,-0.543,-0.611,505.81857337409417,519.2297421588695,941.6741455193927,0.6693333333333333,64.7875,0.3330238095238095,0.3611258478504855,-0.576,655.5741536841188
AGC_175,Cebada,1.41,Chignahuapan,Puebla,PREDICCION,,-98.24160110215232,19.8529786464535,793.7303228378296,195.0574951171875,13.248210770743231,23.513994216918945,18.38110249383109,10.265783446175712,2645.943826930577,2639,2653,2.9659706970065707,3.2806081771850586,14,1985,33,21,88,0.719,0.33375757575757575,78.9675,285,0.06793939393939394,0.687,0.2922121212121212,70.543,280,0.06609090909090909,0.471,0.22136363636363637,52.4935,285,0.04587878787878788,1.176,0.3433030303030303,90.2605,285,0.1464848484848485,0.705,0.29039393939393937,70.5425,280,0.0593030303030303,0.03075757575757575,0.403,-0.158,0.19636363636363635,0.655,-0.057,1.009030303030303,1.377,0.437,0.7476969696969697,1.123,0.215,0.18424242424242424,0.355,0.083,1.4872424242424245,2.115,1.182,0.3630909090909091,0.425,0.21,0.22966666666666669,0.30454545454545456,0.65025,-0.6128095238095238,-0.587,-0.642,0.805,0.3729431818181818,93.357,299,0.04806818181818181,0.614,0.24885227272727273,65.2385,280,0.03723863636363636,2.844,1.2648863636363636,316.7865,287,0.18479545454545457,0.571,0.2419886363636364,62.689,280,0.037375,0.32182352941176473,0.337,0.7148888888888889,3,0.434,55.410000000000004,0.3322,0.477,48.535000000000004,0.273875,0.652,73.2,0.53175,0.31614285714285717,0.3724230769230769,0.32414814814814813,-0.577,-0.507,-0.576,442.7937717437744,479.3665199279785,852.943962097168,0.521,59.04833333333334,0.379275,0.3375713607380274,-0.5533333333333333,591.7014179229736
AGC_176,Cebada,7.15,Chignahuapan,Puebla,ENTRENAMIENTO,4.38,-98.23473694205148,19.848950393154553,890.6072187652442,237.83159277352075,13.079648158289162,23.573985283998475,18.326816721143818,10.494337125709311,2694.267809614922,2678,2712,4.558720826578079,5.652427673339844,34,1985,35,25,86,0.623,0.3600285714285714,76.236,245,0.06922857142857143,0.543,0.2798857142857143,58.602,245,0.05685714285714285,0.395,0.21560000000000001,44.9215,245,0.04045714285714286,0.773,0.27725714285714287,57.817,245,0.10668571428571429,0.631,0.3189714285714286,67.86,245,0.06462857142857142,0.071,0.455,-0.138,0.2386,0.689,-0.06,0.9197714285714286,1.327,0.375,0.6817142857142857,1.139,0.185,0.1842,0.343,0.068,1.482371428571429,2.048,1.148,0.3099142857142857,0.419,-0.431,0.5471666666666667,0.28325,0.5304444444444445,-0.62232,-0.592,-0.655,0.716,0.3901744186046512,91.1575,249,0.05886046511627907,0.451,0.24201162790697675,56.1295,209,0.03605813953488372,2.788,1.4018720930232558,328.812,249,0.23337209302325584,0.433,0.2351046511627907,53.8955,221,0.03638372093023256,0.6161176470588235,0.3070333333333333,0.6444285714285715,3,0.527,63.2475,0.3896,0.454,47.714999999999996,0.315,0.648,71.285,0.5064,0.31463157894736843,0.370952380952381,0.3331851851851852,-0.56,-0.519,-0.584,510.6184633629311,518.7557055250687,985.4506111420019,0.543,60.74916666666667,0.4036666666666667,0.33958971502831153,-0.5543333333333333,671.6082600100005
AGC_177,Cebada,5.66,Chignahuapan,Puebla,PREDICCION,,-98.25332331089815,19.8527901998897,961.35080909729,237.6761016845703,13.32825333731515,23.78072602408273,18.55448968069894,10.452472686767578,2613.0100206263473,2610,2615,0.8061370526355467,0.932197630405426,5,1984,33,19,86,0.656,0.3760606060606061,81.341,240,0.05975757575757576,0.563,0.30487878787878786,65.491,257,0.06045454545454545,0.414,0.2337878787878788,50.0405,257,0.04093939393939394,0.847,0.33506060606060606,73.23,257,0.1256060606060606,0.648,0.32575757575757575,71.679,257,0.05645454545454545,0.03963636363636363,0.331,-0.195,0.2121818181818182,0.58,-0.142,0.9934848484848484,1.488,0.505,0.7509393939393939,1.333,0.268,0.18981818181818183,0.331,0.032,1.5186969696969697,1.993,1.066,0.36672727272727274,0.461,0.053,0.6134999999999999,0.3325,0.480625,-0.6238947368421053,-0.577,-0.653,0.769,0.4156744186046511,97.1185,238,0.0482906976744186,0.484,0.2651279069767442,63.0145,248,0.03645348837209302,2.627,1.4012093023255814,326.073,238,0.1885581395348837,0.508,0.26176744186046513,61.432,248,0.03702325581395348,0.6962,0.3717931034482759,0.5709411764705883,3,0.795,81.7725,0.25925,0.299,43.527499999999996,0.215,0.722,75.42999999999999,0.4352,0.32054166666666667,0.42878260869565216,0.35364,-0.55,-0.505,-0.588,516.0190601348877,571.0173530578613,992.8766441345215,0.6053333333333333,66.91,0.30315,0.3676547584541063,-0.5476666666666666,693.3043524424235
AGC_178,Cebada,9.82,Chignahuapan,Puebla,ENTRENAMIENTO,4.39,-98.29392215623812,19.857828785806248,961.35080909729,237.6761016845703,13.32825333731515,23.78072602408273,18.55448968069894,10.452472686767578,2642.14707069118,2633,2646,1.202999364574783,2.162433624267578,13,1984,33,14,84,0.58,0.2960606060606061,66.065,225,0.04775757575757575,0.486,0.23012121212121212,50.1015,237,0.04642424242424242,0.352,0.17906060606060606,38.7675,217,0.03290909090909091,0.627,0.18736363636363637,43.463,217,0.08715151515151515,0.532,0.22672727272727272,52.3575,237,0.04127272727272727,-0.03996969696969697,0.267,-0.202,0.1146969696969697,0.493,-0.117,1.1369090909090909,1.508,0.581,0.8646060606060606,1.269,0.341,0.1613939393939394,0.314,0.065,1.4087878787878787,1.921,1.14,0.3611515151515152,0.445,-0.276,0.5474,0.2332857142857143,0.4455,-0.6295,-0.596,-0.649,0.688,0.3780476190476191,87.925,238,0.04092857142857142,0.481,0.23166666666666663,52.534,236,0.03191666666666667,2.299,1.2571071428571428,290.945,249,0.1531547619047619,0.442,0.22313095238095235,50.645,236,0.03195238095238095,0.6263333333333333,0.2756296296296296,0.5700588235294117,3,0.664,65.675,0.28025,0.613,56.18,0.2815,0.707,59.82,0.627,0.3995238095238095,0.42222727272727273,0.370952380952381,-0.567,-0.529,-0.595,516.0190601348877,571.0173530578613,992.8766441345215,0.6613333333333333,60.55833333333333,0.39625,0.39756782106782107,-0.5636666666666666,693.3043524424235
AGC_179,Cebada,6.35,Chignahuapan,Puebla,ENTRENAMIENTO,4.55,-98.225966243369,19.85823605044865,793.7303228378296,195.0574951171875,13.248210770743237,23.513994216918945,18.38110249383109,10.26578344617571,2734.8758814353405,2719,2746,4.563680939710005,7.430143356323242,27,1985,34,27,82,0.692,0.3476470588235294,76.488,285,0.0795,0.638,0.29044117647058826,64.84,265,0.083,0.471,0.2191764705882353,48.391,265,0.05723529411764706,1.228,0.33052941176470585,77.3425,265,0.21208823529411763,0.683,0.31141176470588233,69.359,280,0.0755,0.06252941176470588,0.379,-0.147,0.23508823529411765,0.642,-0.055,0.9475588235294118,1.351,0.458,0.6937941176470588,1.125,0.222,0.19355882352941176,0.36,0.082,1.5190588235294118,2.133,1.181,0.3153235294117647,0.424,-0.058,0.3195,0.28763636363636363,0.6377777777777778,-0.6162592592592593,-0.593,-0.646,0.772,0.3785121951219512,91.334,261,0.06392682926829268,0.586,0.2477560975609756,61.561,270,0.04976829268292683,2.668,1.2770365853658536,309.453,285,0.24592682926829268,0.566,0.24236585365853655,59.471,248,0.0509390243902439,0.4069375,0.30172,0.7152941176470589,3,0.433,56.08,0.3056,0.545,52.395,0.34925,0.579,66.8475,0.4703333333333333,0.35014285714285714,0.40158333333333335,0.32125925925925924,-0.568,-0.534,-0.586,442.7937717437744,479.3665199279785,852.943962097168,0.519,58.44083333333333,0.3750611111111111,0.3576618165784832,-0.5626666666666666,591.7014179229736
AGC_180,Cebada,10.9,Almoloya,Hidalgo,ENTRENAMIENTO,4.14,-98.35075867626634,19.749306252397652,705.9544015001741,196.15639505632288,12.200275227318311,23.46574895992104,17.833012093619676,11.265473732602729,2773.8363999063754,2751,2802,5.731233935243036,7.499181747436523,51,2112,31,16,80,0.742,0.4260967741935484,94.2295,185,0.05880645161290322,0.709,0.34951612903225804,78.42999999999999,185,0.0622258064516129,0.509,0.27,59.9195,185,0.04241935483870968,1.486,0.48058064516129034,113.984,185,0.16419354838709677,0.69,0.38551612903225807,86.3485,195,0.05487096774193548,0.09848387096774194,0.355,-0.152,0.2833225806451613,0.619,-0.096,0.8879354838709678,1.36,0.478,0.6468709677419355,1.223,0.238,0.212,0.351,0.045,1.5909677419354835,2.088,1.098,0.3754193548387097,0.45,0.23,0.6715,0.4365454545454545,0.4672857142857143,-0.635875,-0.603,-0.655,0.816,0.44025,110.432,185,0.056075,0.658,0.2805875,72.5635,206,0.0396125,2.841,1.4769625,371.147,231,0.210275,0.629,0.282325,72.59,206,0.0394875,0.7536363636363637,0.4018181818181818,0.5501764705882353,3,0.716,70.0375,0.52025,0.427,53.86,0.2478,0.684,76.2275,0.59675,0.30578260869565216,0.3765454545454545,0.342875,-0.555,-0.603,-0.627,416.52804519798957,367.2931270773804,660.8989408967363,0.609,66.70833333333333,0.4549333333333333,0.3417343544137022,-0.595,481.5733710573688
AGC_181,Cebada,1.49,Chignahuapan,Puebla,ENTRENAMIENTO,4.51,-98.25966843027368,19.87500998241175,961.35080909729,237.6761016845703,13.32825333731515,23.78072602408273,18.55448968069894,10.452472686767578,2640.5948784024586,2630,2649,7.264658044795708,9.210481643676758,19,1984,33,17,86,0.686,0.34615151515151515,79.5505,245,0.06442424242424243,0.645,0.2862121212121212,66.151,235,0.06448484848484848,0.442,0.22372727272727272,51.1685,235,0.04406060606060606,1.009,0.3233333333333333,81.09899999999999,235,0.144,0.686,0.3133030303030303,73.83,270,0.05793939393939393,0.04739393939393939,0.394,-0.167,0.19875757575757577,0.641,-0.085,0.9772424242424242,1.403,0.44,0.7515757575757576,1.189,0.222,0.16857575757575757,0.349,0.057,1.4386666666666668,2.081,1.122,0.36403030303030304,0.429,0.086,0.5597142857142857,0.25325000000000003,0.552,-0.6247058823529412,-0.599,-0.649,0.804,0.3868372093023256,94.361,248,0.05008139534883721,0.553,0.25059302325581395,62.3635,270,0.03924418604651163,2.972,1.3376744186046512,327.782,249,0.1992558139534884,0.564,0.2506046511627907,61.5855,248,0.03952325581395349,0.6374615384615385,0.2829375,0.6202777777777778,3,0.68,70.2475,0.383,0.353,48.84,0.2338,0.663,70,0.501,0.3688,0.4156666666666667,0.3728461538461538,-0.605,-0.548,-0.6,516.0190601348877,571.0173530578613,992.8766441345215,0.5653333333333334,63.02916666666667,0.3726,0.38577094017094016,-0.5843333333333334,693.3043524424235
AGC_182,Cebada,4.13,Chignahuapan,Puebla,PREDICCION,,-98.24572330025842,19.84833392477325,892.2797203063965,238.5700531005859,13.076732090541295,23.575023106166295,18.325877598353795,10.498291015625,2644.6732915535745,2631,2663,4.1081041696907,6.371675968170166,32,2050,32,24,78,0.56,0.362375,77.6645,245,0.08059375,0.482,0.29034375,61.948,220,0.0711875,0.362,0.22665625,48.0785,215,0.0518125,0.68,0.307875,66.0005,215,0.14565625,0.548,0.32140625,69.5185,220,0.06999999999999999,0.05659375,0.288,-0.142,0.22865625,0.566,-0.05,0.94065625,1.337,0.557,0.689875,1.117,0.28,0.186125,0.336,0.077,1.48925,2.025,1.171,0.35090625,0.394,0.122,0.5356666666666667,0.2994,0.51525,-0.6234166666666666,-0.589,-0.642,0.672,0.38294871794871793,90.3895,248,0.07235897435897436,0.435,0.24361538461538465,58.188,214,0.04543589743589744,2.427,1.324551282051282,316.169,249,0.2873974358974359,0.445,0.2391923076923077,56.45,221,0.04732051282051282,0.594,0.3148076923076923,0.5993571428571428,3,0.551,66.675,0.3645,0.446,54.065,0.27114285714285713,0.603,69.015,0.4754,0.31605,0.36196153846153845,0.33755555555555555,-0.58,-0.548,-0.591,511.78940200805664,519.4357280731201,987.7382316589355,0.5333333333333333,63.251666666666665,0.37034761904761904,0.3385223646723647,-0.573,672.9877872467041
AGC_183,Cebada,7.85,Calpulalpan,Tlaxcala,PREDICCION,,-98.54984141244768,19.574612,972.779967028224,243.3077141309896,12.068133503676224,23.76528384698963,17.916708675332927,11.697150343313403,2578.6355395841665,2576,2584,1.3564142969006945,2.6631829738616943,8,2368,34,14,95,0.569,0.34358823529411764,71.218,235,0.09708823529411764,0.495,0.2700294117647059,56.1085,210,0.0898235294117647,0.376,0.2087058823529412,43.35,210,0.06317647058823529,0.748,0.27388235294117647,56.8905,210,0.17447058823529413,0.565,0.3050294117647059,63.691,237,0.08314705882352941,0.04208823529411765,0.298,-0.161,0.1935,0.56,-0.098,0.9833529411764704,1.388,0.546,0.7590882352941176,1.225,0.284,0.165,0.317,0.052,1.4283529411764706,1.938,1.11,0.32991176470588235,0.404,0.108,0.5368571428571429,0.2912727272727273,0.436125,-0.6364285714285715,-0.613,-0.647,0.719,0.41678947368421054,91.9245,245,0.09433684210526316,0.486,0.24934736842105265,54.656,211,0.06292631578947368,2.64,1.463157894736842,323.289,245,0.3838631578947369,0.462,0.24557894736842104,53.68,235,0.0628,0.6275625,0.3088,0.5555,3,0.589,64.88,0.34883333333333333,0.572,57.59,0.3195,0.694,73.23,0.43225,0.337,0.35225,0.3165357142857143,-0.592,-0.579,-0.615,597.2286973910997,561.8367509663944,875.8312472646363,0.6183333333333333,65.23333333333333,0.36686111111111114,0.33526190476190476,-0.5953333333333333,678.2988985407102
AGC_184,Cebada,9.96,Almoloya,Hidalgo,ENTRENAMIENTO,4.47,-98.2655122874576,19.8064164730358,910.2673473358154,236.64588928222656,13.026136807032994,23.701606478009904,18.36387164252145,10.67546967097691,2628.687050806674,2626,2632,0.6308625708160445,0.943587362766266,6,2049,37,20,86,0.648,0.410945945945946,87.664,225,0.03989189189189189,0.596,0.3420810810810811,72.022,237,0.04354054054054054,0.42,0.2562702702702703,53.9315,237,0.02986486486486486,0.881,0.3952972972972973,83.494,237,0.09383783783783783,0.635,0.3449189189189189,73.6345,237,0.03737837837837838,0.0574054054054054,0.325,-0.222,0.2612432432432433,0.616,-0.146,0.9783243243243244,1.576,0.513,0.6918648648648649,1.347,0.239,0.22772972972972977,0.367,0.066,1.6422972972972971,2.16,1.142,0.36083783783783785,0.451,0.14,0.6352857142857143,0.35691666666666666,0.5359,-0.6263,-0.601,-0.644,0.746,0.4671511627906977,105.3515,238,0.0338953488372093,0.522,0.29398837209302325,66.9705,224,0.0280813953488372,2.332,1.476767441860465,330.8145,231,0.1349186046511628,0.502,0.28867441860465115,65.0385,224,0.02908139534883721,0.7141111111111111,0.3691785714285714,0.6474736842105263,3,0.769,78.8525,0.36133333333333334,0.549,63.0875,0.27325,0.623,69.045,0.5501666666666667,0.3887894736842105,0.40096296296296297,0.35932,-0.591,-0.573,-0.608,520.0563888549805,528.5847568511963,982.7754383087158,0.647,70.32833333333333,0.3949166666666667,0.38302414554905784,-0.5906666666666667,677.1388613382975
AGC_185,Cebada,11.88,Chignahuapan,Puebla,ENTRENAMIENTO,5.01,-98.28147549229544,19.863583280380706,961.35080909729,237.6761016845703,13.32825333731515,23.78072602408273,18.55448968069894,10.452472686767578,2632.824259643215,2619,2645,3.2278379808592454,3.793593645095825,26,1984,34,16,86,0.609,0.3522058823529412,79.473,185,0.04902941176470588,0.517,0.2766176470588235,62.618,185,0.055,0.389,0.21620588235294116,48.6105,185,0.03791176470588235,0.786,0.2836764705882353,69.00750000000001,185,0.1166470588235294,0.534,0.28758823529411764,66.5055,185,0.04529411764705882,0.02702941176470588,0.257,-0.195,0.2183235294117647,0.546,-0.102,1.007470588235294,1.485,0.595,0.7206470588235294,1.23,0.296,0.20573529411764707,0.339,0.072,1.5585882352941176,2.032,1.157,0.3522058823529412,0.45,0.019,0.5168333333333334,0.3344615384615385,0.4897142857142857,-0.627625,-0.599,-0.654,0.692,0.4034883720930232,98.094,185,0.03873255813953488,0.46,0.25438372093023254,62.2325,187,0.03427906976744186,2.146,1.299,310.6325,185,0.16084883720930232,0.456,0.2508953488372093,61.379,221,0.03454651162790698,0.6176428571428572,0.33366666666666667,0.58365,3,0.713,77.19749999999999,0.356,0.667,64.3775,0.285375,0.702,78.6275,0.5386,0.4107,0.40645833333333337,0.39308,-0.529,-0.544,-0.611,516.0190601348877,571.0173530578613,992.8766441345215,0.694,73.40083333333332,0.393325,0.4034127777777778,-0.5613333333333334,693.3043524424235
AGC_186,Cebada,11.7,Chignahuapan,Puebla,PREDICCION,,-98.2772784337182,19.8554142954499,961.35080909729,237.6761016845703,13.32825333731515,23.78072602408273,18.55448968069894,10.452472686767578,2601.864972589026,2599,2605,0.9517692288055172,1.2658637762069702,6,1984,35,14,88,0.648,0.36337142857142857,83.0595,205,0.07968571428571429,0.566,0.2849714285714286,65.265,205,0.08094285714285715,0.418,0.2161428571428571,49.089,205,0.0574,0.906,0.2961142857142857,73.37349999999999,205,0.16757142857142857,0.646,0.29865714285714284,70.032,270,0.08162857142857143,0.03088571428571428,0.344,-0.231,0.20385714285714285,0.615,-0.151,1.0386285714285717,1.603,0.496,0.7772,1.36,0.241,0.1954,0.349,0.055,1.5334285714285714,2.077,1.118,0.3256,0.457,-0.171,0.4704285714285714,0.3220769230769231,0.5720000000000001,-0.6387142857142857,-0.619,-0.655,0.753,0.43722727272727274,105.869,246,0.06309090909090909,0.529,0.2712386363636364,65.6505,266,0.05179545454545455,2.466,1.4818068181818185,352.2925,246,0.2345681818181818,0.521,0.2639659090909091,63.995000000000005,253,0.05373863636363636,0.573764705882353,0.37860714285714286,0.6855555555555556,3,0.758,78.615,0.30075,0.506,59.5925,0.27985714285714286,0.667,77.79,0.5665,0.38866666666666666,0.4200869565217391,0.37725000000000003,-0.56,-0.499,-0.615,516.0190601348877,571.0173530578613,992.8766441345215,0.6436666666666667,71.99916666666667,0.3823690476190476,0.3953345410628019,-0.558,693.3043524424235
AGC_187,Cebada,8.04,Calpulalpan,Tlaxcala,ENTRENAMIENTO,3,-98.57320567480674,19.606029,834.4776458740234,216.9637908935547,12.22477504185268,23.93532453264509,18.080049787248885,11.710549490792411,2555.0504899818925,2552,2558,0.84366597958572,1.1814976930618286,6,2303,36,17,92,0.683,0.3363611111111111,71.13,217,0.04158333333333333,0.656,0.28008333333333335,58.919,215,0.04577777777777778,0.477,0.21183333333333337,44.4395,215,0.03138888888888889,1.163,0.30583333333333335,63.401,215,0.10369444444444444,0.652,0.2823888888888889,61.104,217,0.04202777777777777,0.00141666666666666,0.298,-0.204,0.16491666666666666,0.542,-0.145,1.072,1.52,0.545,0.8133888888888889,1.347,0.302,0.17675,0.31,0.053,1.4665833333333331,1.908,1.111,0.36027777777777775,0.436,-0.047,0.6553333333333333,0.3053846153846154,0.3443333333333333,-0.6300588235294118,-0.614,-0.649,0.777,0.4221086956521739,93.7595,225,0.03553260869565217,0.606,0.2604673913043478,58.4085,211,0.03232608695652174,2.86,1.4489239130434783,322.8855,230,0.15625,0.585,0.2581195652173913,57.513,235,0.03289130434782609,0.7424285714285714,0.3677037037037037,0.4791071428571429,3,0.537,60.6225,0.4085,0.537,51.315000000000005,0.2866,0.815,71.8625,0.44616666666666666,0.3825,0.3897931034482759,0.3377586206896552,-0.577,-0.513,-0.614,495.5309009552002,475.41568756103516,733.5465536117554,0.6296666666666667,61.266666666666666,0.3804222222222222,0.37001724137931036,-0.568,568.1643807093302
AGC_188,Cebada,2.34,Chignahuapan,Puebla,PREDICCION,,-98.239244302827,19.85296727290605,793.7303228378296,195.0574951171875,13.248210770743231,23.513994216918945,18.38110249383109,10.265783446175712,2656.2506861052366,2649,2667,3.3897608856040806,4.01395320892334,18,1985,35,22,85,0.592,0.33445714285714284,73.3805,257,0.08845714285714286,0.555,0.2706571428571429,59.923,257,0.08337142857142857,0.404,0.20968571428571428,46.0265,257,0.05814285714285714,0.89,0.2707428571428572,63.520500000000006,257,0.1726,0.584,0.28677142857142857,64.274,257,0.08114285714285714,0.02991428571428571,0.363,-0.159,0.1997428571428571,0.594,-0.052,0.9934571428571428,1.382,0.477,0.7257714285714286,1.114,0.262,0.18328571428571427,0.337,0.09,1.4770285714285714,2.045,1.198,0.3433428571428571,0.415,-0.161,0.34983333333333333,0.2931666666666667,0.538,-0.6140909090909091,-0.593,-0.639,0.687,0.37427058823529413,88.15650000000001,248,0.07504705882352941,0.468,0.24412941176470587,59.0015,257,0.05492941176470588,2.408,1.2643411764705883,299.18399999999997,249,0.2818941176470588,0.45,0.23807058823529412,56.8375,257,0.0548,0.45476470588235296,0.3137857142857143,0.63675,3,0.408,53.085,0.27699999999999997,0.394,48.99,0.217375,0.525,64.495,0.4645,0.32015,0.35946153846153844,0.34668,-0.589,-0.501,-0.583,442.7937717437744,479.3665199279785,852.943962097168,0.44233333333333336,55.52333333333333,0.319625,0.3420971794871795,-0.5576666666666666,591.7014179229736
AGC_189,Cebada,4.6,Chignahuapan,Puebla,ENTRENAMIENTO,4.03,-98.25478441731488,19.84046270434615,910.2673473358154,236.64588928222656,13.026136807032994,23.701606478009907,18.363871642521453,10.675469670976913,2620.6688143535343,2618,2622,1.7927062845072317,2.227224349975586,4,2049,30,21,84,0.592,0.3474333333333333,78.40350000000001,240,0.0485,0.455,0.25426666666666664,57.2555,225,0.0481,0.351,0.20026666666666668,44.7185,225,0.03483333333333333,0.62,0.23403333333333337,56.3495,225,0.09153333333333334,0.517,0.2769333333333333,63.8635,240,0.0427,0.01986666666666666,0.319,-0.18,0.20396666666666663,0.571,-0.107,1.0137666666666667,1.441,0.519,0.7386,1.243,0.275,0.1961,0.386,0.053,1.5325666666666666,2.268,1.113,0.3363,0.441,-0.182,0.5115999999999999,0.2998,0.490375,-0.6288095238095238,-0.589,-0.65,0.712,0.40917857142857145,96.85,238,0.04236904761904762,0.459,0.24492857142857144,58.088,224,0.03116666666666666,2.417,1.352607142857143,316.0495,249,0.1746309523809524,0.441,0.23982142857142855,56.463,224,0.03141666666666667,0.6319333333333333,0.3554827586206897,0.602125,3,0.679,74.5125,0.32933333333333337,0.432,53.335,0.242625,0.601,69.305,0.4685,0.3458,0.4250769230769231,0.31053846153846154,-0.59,-0.556,-0.609,520.0563888549805,528.5847568511963,982.7754383087158,0.5706666666666667,65.7175,0.34681944444444446,0.36047179487179487,-0.585,677.1388613382975
AGC_190,Cebada,5.01,Chignahuapan,Puebla,PREDICCION,,-98.23452233603828,19.8963112358402,793.7303228378296,195.05749511718753,13.248210770743237,23.513994216918945,18.38110249383109,10.26578344617571,2889.549617832214,2884,2899,2.1549635409738275,2.736844301223755,15,1985,29,25,74,0.643,0.3667241379310345,77.4965,240,0.05720689655172414,0.608,0.30351724137931035,62.925,210,0.059,0.453,0.23806896551724135,49.3965,210,0.04141379310344827,1.038,0.36375862068965514,75.546,210,0.13124137931034482,0.636,0.33120689655172414,70.4155,270,0.05227586206896552,0.06886206896551725,0.363,-0.146,0.23489655172413793,0.622,-0.1,0.9247241379310344,1.344,0.473,0.7007241379310345,1.224,0.236,0.18358620689655172,0.34,0.039,1.4925172413793104,2.041,1.081,0.369551724137931,0.453,0.017,0.6186,0.3266363636363636,0.5176666666666666,-0.61296,-0.566,-0.647,0.745,0.3715405405405406,90.5665,248,0.04568918918918919,0.534,0.24422972972972973,58.9015,232,0.03583783783783784,2.777,1.2297837837837835,302.7675,249,0.17614864864864865,0.534,0.24704054054054053,59.214,221,0.03647297297297297,0.6892142857142857,0.2433846153846154,0.6094615384615385,3,0.398,50.4075,0.28533333333333333,0.392,45.6875,0.23442857142857143,0.642,68.7875,0.5834,0.38455555555555554,0.37955,0.3368181818181818,-0.558,-0.489,-0.56,442.7937717437744,479.3665199279785,852.943962097168,0.47733333333333333,54.96083333333333,0.36772063492063495,0.3669745791245791,-0.5356666666666667,591.7014179229736
AGC_191,Cebada,1.75,Chignahuapan,Puebla,PREDICCION,,-98.25070771395173,19.8787286661792,960.9958435003756,237.58584935648415,13.328083833228536,23.7801611729881,18.554122503108317,10.452077339759567,2714.0241447828075,2682,2738,7.826060266387466,11.70690631866455,56,1984,34,19,85,0.613,0.38191176470588234,82.6525,285,0.09647058823529411,0.523,0.30005882352941177,65.1985,235,0.08544117647058823,0.378,0.23591176470588235,50.705,265,0.06038235294117647,0.727,0.32138235294117645,71.456,265,0.1617941176470588,0.603,0.3477058823529412,76.305,270,0.08288235294117648,0.08429411764705882,0.364,-0.078,0.2712058823529412,0.589,0.051,0.8796176470588235,1.176,0.47,0.616,0.916,0.26,0.20244117647058824,0.331,0.102,1.5353529411764706,2.004,1.232,0.34191176470588236,0.412,-0.055,0.4971666666666667,0.31633333333333336,0.553625,-0.6326315789473684,-0.608,-0.648,0.717,0.4201529411764706,93.2885,248,0.08151764705882353,0.491,0.2680470588235294,60.478,253,0.05565882352941177,2.568,1.4578470588235295,324.8875,248,0.3077764705882353,0.511,0.2672705882352941,59.684999999999995,253,0.0552235294117647,0.5571428571428572,0.3315172413793103,0.6347,3,0.52,69.5025,0.48,0.427,61.0225,0.2957142857142857,0.716,76.49,0.6795,0.32985000000000003,0.3800454545454546,0.33920833333333333,-0.585,-0.543,-0.612,515.8639928231108,570.8232664434167,992.5803122891983,0.5543333333333333,69.005,0.48507142857142854,0.34970126262626267,-0.58,693.0891905185753
AGC_192,Cebada,2.14,Chignahuapan,Puebla,PREDICCION,,-98.2275091844175,19.86608441740085,793.7303228378296,195.0574951171875,13.248210770743237,23.513994216918945,18.38110249383109,10.26578344617571,2706.2238543710037,2703,2712,2.6317298446271584,2.956355333328247,9,1985,35,30,79,0.659,0.3717428571428571,83.517,245,0.07785714285714286,0.592,0.29745714285714286,67.795,245,0.07205714285714286,0.428,0.2296571428571429,51.5475,245,0.05088571428571428,0.929,0.31805714285714287,77.054,245,0.1428,0.636,0.32645714285714283,74.419,245,0.0662,0.06348571428571428,0.414,-0.141,0.2216857142857143,0.635,-0.066,0.9371142857142856,1.339,0.419,0.7092571428571428,1.156,0.225,0.1748,0.33,0.06,1.4566571428571429,1.989,1.13,0.3366,0.435,-0.139,0.5028,0.3037692307692308,0.5728888888888889,-0.6289333333333333,-0.595,-0.651,0.77,0.43760759493670887,101.9045,248,0.07077215189873418,0.53,0.27629113924050636,65.523,247,0.04756962025316456,2.87,1.5143164556962023,350.83750000000003,249,0.27134177215189875,0.513,0.2739746835443038,64.159,186,0.04808860759493671,0.573375,0.35525,0.6787058823529412,3,0.545,68.15,0.49,0.586,62.1425,0.399125,0.676,76.835,0.55125,0.3598095238095238,0.39307692307692305,0.35633333333333334,-0.594,-0.535,-0.597,442.7937717437744,479.3665199279785,852.943962097168,0.6023333333333334,69.0425,0.480125,0.3697399267399267,-0.5753333333333334,591.7014179229736
AGC_193,Cebada,12.41,Chignahuapan,Puebla,ENTRENAMIENTO,4.57,-98.27435809929732,19.86579200783895,961.35080909729,237.6761016845703,13.32825333731515,23.78072602408273,18.55448968069894,10.452472686767578,2631.6582674931155,2624,2635,1.3925693753246131,3.356477975845337,11,1984,31,15,84,0.619,0.3337741935483871,74.05,245,0.048,0.498,0.2590967741935484,57.083,245,0.04741935483870967,0.37,0.20306451612903223,44.3745,245,0.0334516129032258,0.681,0.24829032258064515,57.7125,245,0.09387096774193548,0.577,0.2680967741935484,60.947,270,0.04190322580645161,-0.01858064516129032,0.236,-0.21,0.16035483870967743,0.531,-0.118,1.096032258064516,1.533,0.62,0.8022903225806451,1.271,0.307,0.1888064516129032,0.338,0.073,1.5008709677419354,2.023,1.158,0.3824193548387097,0.455,0.073,0.5178,0.23783333333333337,0.5614285714285714,-0.6306666666666667,-0.587,-0.654,0.757,0.4019642857142857,89.83,248,0.04111904761904762,0.468,0.24783333333333332,55.143,235,0.03220238095238095,2.684,1.3633690476190476,305.281,249,0.15941666666666668,0.482,0.24352380952380953,53.825,248,0.03269047619047619,0.601375,0.2864814814814815,0.6647647058823529,3,0.51,59.9275,0.2792,0.539,52.09,0.231125,0.678,70.745,0.41175,0.3888695652173913,0.3978695652173913,0.3758518518518518,-0.557,-0.528,-0.612,516.0190601348877,571.0173530578613,992.8766441345215,0.5756666666666667,60.920833333333334,0.30735833333333334,0.38753032742887816,-0.5656666666666667,693.3043524424235
AGC_194,Cebada,4.12,Singuilucan,Hidalgo,ENTRENAMIENTO,3.2,-98.39236410798289,19.950510288816787,1291.162800409765,348.28409390866307,13.248798334257977,23.809891578459418,18.5293449563587,10.56109324420144,2715.581345718172,2704,2729,3.5081007761005,4.6511549949646,25,1852,33,14,73,0.651,0.3811818181818182,78.3705,185,0.08757575757575757,0.52,0.2882727272727273,59.7985,185,0.08893939393939394,0.395,0.2282121212121212,47.184,185,0.06233333333333334,0.794,0.31542424242424244,66.3455,185,0.18857575757575756,0.581,0.3461818181818182,69.965,260,0.07042424242424243,0.09842424242424244,0.317,-0.12,0.2674848484848485,0.56,-0.029,0.8618181818181818,1.278,0.524,0.6287878787878788,1.061,0.285,0.1853939393939394,0.308,0.085,1.4822727272727272,1.895,1.188,0.3207878787878788,0.411,-0.187,0.4337142857142857,0.3527777777777778,0.5374,-0.6493571428571429,-0.638,-0.656,0.725,0.408972602739726,94.489,186,0.06279452054794521,0.467,0.237986301369863,56.285,186,0.05,2.212,1.3467671232876712,310.872,186,0.22954794520547944,0.474,0.23643835616438355,55.3515,186,0.04976712328767123,0.5240714285714285,0.3622727272727273,0.604,3,0.597,70.23,0.51675,0.614,50.9275,0.295,0.651,74.8525,0.534,0.32255,0.2730909090909091,0.3043,-0.58,-0.574,-0.604,607.5599897847426,591.1941423902935,1089.555320876788,0.6206666666666667,65.33666666666667,0.44858333333333333,0.29998030303030304,-0.586,762.7698176839414
AGC_195,Cebada,1.92,Chignahuapan,Puebla,ENTRENAMIENTO,3.68,-98.26464312548356,19.86009547440785,961.35080909729,237.6761016845703,13.32825333731515,23.78072602408273,18.55448968069894,10.452472686767578,2603.471617083111,2603,2604,0.35266585101741976,0.4774537682533264,1,1984,34,13,86,0.607,0.35308823529411765,75.399,240,0.05855882352941177,0.553,0.2797058823529412,59.026,195,0.06414705882352942,0.391,0.21635294117647055,45.223,195,0.04497058823529411,0.887,0.2954705882352941,64.6645,185,0.13870588235294118,0.576,0.30155882352941177,65.2265,237,0.055,0.04861764705882353,0.304,-0.183,0.22267647058823528,0.583,-0.129,0.9687941176470588,1.45,0.537,0.7238235294117646,1.297,0.266,0.19091176470588236,0.342,0.037,1.5185,2.053,1.077,0.3265294117647059,0.433,-0.101,0.5364285714285715,0.3147272727272727,0.48175,-0.6217692307692307,-0.598,-0.649,0.731,0.4120116279069768,94.364,248,0.04709302325581395,0.472,0.2648139534883721,61.4645,248,0.0402093023255814,2.425,1.3366046511627907,305.73,249,0.18239534883720931,0.492,0.26083720930232557,59.658,248,0.04083720930232558,0.644,0.3466,0.6106111111111111,3,0.683,78.01,0.46275,0.627,61.8825,0.28250000000000003,0.669,75.3375,0.6098,0.32445454545454544,0.4083478260869565,0.3324615384615385,-0.58,-0.522,-0.602,516.0190601348877,571.0173530578613,992.8766441345215,0.6596666666666667,71.74333333333334,0.4516833333333333,0.3550879700010135,-0.568,693.3043524424235
AGC_196,Cebada,8.57,Emiliano Zapata,Hidalgo,ENTRENAMIENTO,3.5,-98.57915930879956,19.65634,799.4574012756348,218.76000976562503,12.319405964442662,24.008507319859095,18.16395664215088,11.689101355416431,2543.659751834512,2539,2550,1.7408288196308035,2.2714738845825195,11,2238,37,18,90,0.768,0.37083783783783786,77.127,225,0.04694594594594594,0.787,0.33075675675675675,67.9855,210,0.0535945945945946,0.556,0.2438918918918919,50.4465,210,0.03543243243243243,1.747,0.4588108108108108,90.9975,210,0.1521081081081081,0.785,0.3358918918918919,69.356,235,0.0472972972972973,0.04586486486486486,0.408,-0.205,0.2292972972972973,0.669,-0.125,1.0105675675675676,1.518,0.425,0.7361081081081081,1.286,0.201,0.2094864864864865,0.364,0.073,1.5797567567567568,2.153,1.158,0.3548108108108108,0.44,-0.096,0.7241428571428572,0.35475,0.321,-0.6337222222222222,-0.592,-0.657,0.864,0.4293777777777778,97.0135,225,0.04008888888888889,0.666,0.28717777777777775,64.6435,216,0.03294444444444444,3.334,1.5425777777777778,348.512,230,0.1685111111111111,0.675,0.28607777777777776,64.2415,216,0.03344444444444444,0.8197142857142857,0.37127272727272725,0.4701904761904762,3,0.572,58.265,0.4532,0.763,65.3175,0.4727,0.819,73.9725,0.33975,0.3635833333333333,0.3669655172413793,0.33684,-0.585,-0.545,-0.595,468.42662239074707,419.16595458984375,676.664210319519,0.718,65.85166666666666,0.42188333333333333,0.3557962835249042,-0.575,521.4189291000366
AGC_197,Cebada,11.52,Chignahuapan,Puebla,ENTRENAMIENTO,4.52,-98.27466741674463,19.8779723618378,961.35080909729,237.6761016845703,13.32825333731515,23.78072602408273,18.55448968069894,10.452472686767578,2613.3517695713313,2610,2618,1.2076460139196492,2.343865394592285,8,1984,32,15,82,0.554,0.29803125,63.6655,237,0.04284375,0.442,0.21975,46.356,237,0.03946875,0.323,0.176375,37.069,237,0.02909374999999999,0.528,0.17221875,37.441500000000005,237,0.07109375,0.521,0.23553125,51.044,237,0.03659375,-0.03040625,0.206,-0.201,0.1318125,0.47,-0.117,1.11084375,1.507,0.662,0.8345625,1.271,0.364,0.16834375,0.294,0.065,1.42753125,1.839,1.141,0.3633125,0.469,-0.118,0.47833333333333333,0.2389166666666667,0.40985714285714286,-0.6318666666666667,-0.586,-0.665,0.679,0.3618048780487805,82.4515,248,0.03764634146341463,0.471,0.2157926829268293,48.96,236,0.02657317073170731,2.347,1.2234512195121952,278.1965,248,0.14617073170731706,0.433,0.2108780487804878,47.483,236,0.02641463414634146,0.5716153846153846,0.2833846153846154,0.5218421052631579,3,0.583,60.4875,0.317,0.578,54.769999999999996,0.19825,0.656,65.565,0.3796,0.37855,0.37388,0.36004,-0.581,-0.524,-0.611,516.0190601348877,571.0173530578613,992.8766441345215,0.6056666666666667,60.274166666666666,0.29828333333333334,0.37082333333333334,-0.572,693.3043524424235
