dataset_id,archivo,temporal,ubic_tag,ext_tag,n_filas,n_columnas,columnas,ubic_cols,ext_cols,carpeta,version
parcelas_solo2025_sin_ubic_reto_v1,curados_reto/parcelas_solo2025_sin_ubic_reto_v1.csv,solo2025,sin_ubic,reto,197,12,ID_POLIGONO|conjunto|rendimiento_t_ha|area_ha|ndvi_s2_int|ndvi_s2_media_sep_oct|crc_s2_media|vi6t_landsat_max|lai_planet_max|lluvia_ciclo_mm|pendiente_grados|elevacion_m,,,curados_reto,v1
parcelas_solo2025_sin_ubic_n_v1,curados_extendidos/parcelas_solo2025_sin_ubic_n_v1.csv,solo2025,sin_ubic,n,197,13,ID_POLIGONO|conjunto|rendimiento_t_ha|area_ha|ndvi_s2_int|ndvi_s2_media_sep_oct|crc_s2_media|vi6t_landsat_max|lai_planet_max|lluvia_ciclo_mm|pendiente_grados|elevacion_m|sg_nitrogen_0-5cm_mean,,sg_nitrogen_0-5cm_mean,curados_extendidos,v1
parcelas_solo2025_sin_ubic_edaf_v1,curados_extendidos/parcelas_solo2025_sin_ubic_edaf_v1.csv,solo2025,sin_ubic,edaf,197,13,ID_POLIGONO|conjunto|rendimiento_t_ha|area_ha|ndvi_s2_int|ndvi_s2_media_sep_oct|crc_s2_media|vi6t_landsat_max|lai_planet_max|lluvia_ciclo_mm|pendiente_grados|elevacion_m|edaf_grupo,,edaf_grupo,curados_extendidos,v1
parcelas_solo2025_sin_ubic_cec_v1,curados_extendidos/parcelas_solo2025_sin_ubic_cec_v1.csv,solo2025,sin_ubic,cec,197,13,ID_POLIGONO|conjunto|rendimiento_t_ha|area_ha|ndvi_s2_int|ndvi_s2_media_sep_oct|crc_s2_media|vi6t_landsat_max|lai_planet_max|lluvia_ciclo_mm|pendiente_grados|elevacion_m|sg_cec_0-5cm_mean,,sg_cec_0-5cm_mean,curados_extendidos,v1
parcelas_solo2025_sin_ubic_silt_v1,curados_extendidos/parcelas_solo2025_sin_ubic_silt_v1.csv,solo2025,sin_ubic,silt,197,13,ID_POLIGONO|conjunto|rendimiento_t_ha|area_ha|ndvi_s2_int|ndvi_s2_media_sep_oct|crc_s2_media|vi6t_landsat_max|lai_planet_max|lluvia_ciclo_mm|pendiente_grados|elevacion_m|sg_silt_0-5cm_mean,,sg_silt_0-5cm_mean,curados_extendidos,v1
parcelas_solo2025_sin_ubic_n-edaf_v1,curados_extendidos/parcelas_solo2025_sin_ubic_n-edaf_v1.csv,solo2025,sin_ubic,n-edaf,197,14,ID_POLIGONO|conjunto|rendimiento_t_ha|area_ha|ndvi_s2_int|ndvi_s2_media_sep_oct|crc_s2_media|vi6t_landsat_max|lai_planet_max|lluvia_ciclo_mm|pendiente_grados|elevacion_m|sg_nitrogen_0-5cm_mean|edaf_grupo,,sg_nitrogen_0-5cm_mean|edaf_grupo,curados_extendidos,v1
parcelas_solo2025_sin_ubic_n-cec_v1,curados_extendidos/parcelas_solo2025_sin_ubic_n-cec_v1.csv,solo2025,sin_ubic,n-cec,197,14,ID_POLIGONO|conjunto|rendimiento_t_ha|area_ha|ndvi_s2_int|ndvi_s2_media_sep_oct|crc_s2_media|vi6t_landsat_max|lai_planet_max|lluvia_ciclo_mm|pendiente_grados|elevacion_m|sg_nitrogen_0-5cm_mean|sg_cec_0-5cm_mean,,sg_nitrogen_0-5cm_mean|sg_cec_0-5cm_mean,curados_extendidos,v1
parcelas_solo2025_sin_ubic_n-silt_v1,curados_extendidos/parcelas_solo2025_sin_ubic_n-silt_v1.csv,solo2025,sin_ubic,n-silt,197,14,ID_POLIGONO|conjunto|rendimiento_t_ha|area_ha|ndvi_s2_int|ndvi_s2_media_sep_oct|crc_s2_media|vi6t_landsat_max|lai_planet_max|lluvia_ciclo_mm|pendiente_grados|elevacion_m|sg_nitrogen_0-5cm_mean|sg_silt_0-5cm_mean,,sg_nitrogen_0-5cm_mean|sg_silt_0-5cm_mean,curados_extendidos,v1
parcelas_solo2025_sin_ubic_edaf-cec_v1,curados_extendidos/parcelas_solo2025_sin_ubic_edaf-cec_v1.csv,solo2025,sin_ubic,edaf-cec,197,14,ID_POLIGONO|conjunto|rendimiento_t_ha|area_ha|ndvi_s2_int|ndvi_s2_media_sep_oct|crc_s2_media|vi6t_landsat_max|lai_planet_max|lluvia_ciclo_mm|pendiente_grados|elevacion_m|edaf_grupo|sg_cec_0-5cm_mean,,edaf_grupo|sg_cec_0-5cm_mean,curados_extendidos,v1
parcelas_solo2025_sin_ubic_edaf-silt_v1,curados_extendidos/parcelas_solo2025_sin_ubic_edaf-silt_v1.csv,solo2025,sin_ubic,edaf-silt,197,14,ID_POLIGONO|conjunto|rendimiento_t_ha|area_ha|ndvi_s2_int|ndvi_s2_media_sep_oct|crc_s2_media|vi6t_landsat_max|lai_planet_max|lluvia_ciclo_mm|pendiente_grados|elevacion_m|edaf_grupo|sg_silt_0-5cm_mean,,edaf_grupo|sg_silt_0-5cm_mean,curados_extendidos,v1
parcelas_solo2025_sin_ubic_cec-silt_v1,curados_extendidos/parcelas_solo2025_sin_ubic_cec-silt_v1.csv,solo2025,sin_ubic,cec-silt,197,14,ID_POLIGONO|conjunto|rendimiento_t_ha|area_ha|ndvi_s2_int|ndvi_s2_media_sep_oct|crc_s2_media|vi6t_landsat_max|lai_planet_max|lluvia_ciclo_mm|pendiente_grados|elevacion_m|sg_cec_0-5cm_mean|sg_silt_0-5cm_mean,,sg_cec_0-5cm_mean|sg_silt_0-5cm_mean,curados_extendidos,v1
parcelas_solo2025_sin_ubic_n-edaf-cec_v1,curados_extendidos/parcelas_solo2025_sin_ubic_n-edaf-cec_v1.csv,solo2025,sin_ubic,n-edaf-cec,197,15,ID_POLIGONO|conjunto|rendimiento_t_ha|area_ha|ndvi_s2_int|ndvi_s2_media_sep_oct|crc_s2_media|vi6t_landsat_max|lai_planet_max|lluvia_ciclo_mm|pendiente_grados|elevacion_m|sg_nitrogen_0-5cm_mean|edaf_grupo|sg_cec_0-5cm_mean,,sg_nitrogen_0-5cm_mean|edaf_grupo|sg_cec_0-5cm_mean,curados_extendidos,v1
parcelas_solo2025_sin_ubic_n-edaf-silt_v1,curados_extendidos/parcelas_solo2025_sin_ubic_n-edaf-silt_v1.csv,solo2025,sin_ubic,n-edaf-silt,197,15,ID_POLIGONO|conjunto|rendimiento_t_ha|area_ha|ndvi_s2_int|ndvi_s2_media_sep_oct|crc_s2_media|vi6t_landsat_max|lai_planet_max|lluvia_ciclo_mm|pendiente_grados|elevacion_m|sg_nitrogen_0-5cm_mean|edaf_grupo|sg_silt_0-5cm_mean,,sg_nitrogen_0-5cm_mean|edaf_grupo|sg_silt_0-5cm_mean,curados_extendidos,v1
parcelas_solo2025_sin_ubic_n-cec-silt_v1,curados_extendidos/parcelas_solo2025_sin_ubic_n-cec-silt_v1.csv,solo2025,sin_ubic,n-cec-silt,197,15,ID_POLIGONO|conjunto|rendimiento_t_ha|area_ha|ndvi_s2_int|ndvi_s2_media_sep_oct|crc_s2_media|vi6t_landsat_max|lai_planet_max|lluvia_ciclo_mm|pendiente_grados|elevacion_m|sg_nitrogen_0-5cm_mean|sg_cec_0-5cm_mean|sg_silt_0-5cm_mean,,sg_nitrogen_0-5cm_mean|sg_cec_0-5cm_mean|sg_silt_0-5cm_mean,curados_extendidos,v1
parcelas_solo2025_sin_ubic_edaf-cec-silt_v1,curados_extendidos/parcelas_solo2025_sin_ubic_edaf-cec-silt_v1.csv,solo2025,sin_ubic,edaf-cec-silt,197,15,ID_POLIGONO|conjunto|rendimiento_t_ha|area_ha|ndvi_s2_int|ndvi_s2_media_sep_oct|crc_s2_media|vi6t_landsat_max|lai_planet_max|lluvia_ciclo_mm|pendiente_grados|elevacion_m|edaf_grupo|sg_cec_0-5cm_mean|sg_silt_0-5cm_mean,,edaf_grupo|sg_cec_0-5cm_mean|sg_silt_0-5cm_mean,curados_extendidos,v1
parcelas_solo2025_sin_ubic_n-edaf-cec-silt_v1,curados_extendidos/parcelas_solo2025_sin_ubic_n-edaf-cec-silt_v1.csv,solo2025,sin_ubic,n-edaf-cec-silt,197,16,ID_POLIGONO|conjunto|rendimiento_t_ha|area_ha|ndvi_s2_int|ndvi_s2_media_sep_oct|crc_s2_media|vi6t_landsat_max|lai_planet_max|lluvia_ciclo_mm|pendiente_grados|elevacion_m|sg_nitrogen_0-5cm_mean|edaf_grupo|sg_cec_0-5cm_mean|sg_silt_0-5cm_mean,,sg_nitrogen_0-5cm_mean|edaf_grupo|sg_cec_0-5cm_mean|sg_silt_0-5cm_mean,curados_extendidos,v1
parcelas_solo2025_ubic_est_reto_v1,curados_reto/parcelas_solo2025_ubic_est_reto_v1.csv,solo2025,ubic_est,reto,197,13,ID_POLIGONO|conjunto|rendimiento_t_ha|area_ha|ndvi_s2_int|ndvi_s2_media_sep_oct|crc_s2_media|vi6t_landsat_max|lai_planet_max|lluvia_ciclo_mm|pendiente_grados|elevacion_m|estado,estado,,curados_reto,v1
parcelas_solo2025_ubic_est_n_v1,curados_extendidos/parcelas_solo2025_ubic_est_n_v1.csv,solo2025,ubic_est,n,197,14,ID_POLIGONO|conjunto|rendimiento_t_ha|area_ha|ndvi_s2_int|ndvi_s2_media_sep_oct|crc_s2_media|vi6t_landsat_max|lai_planet_max|lluvia_ciclo_mm|pendiente_grados|elevacion_m|estado|sg_nitrogen_0-5cm_mean,estado,sg_nitrogen_0-5cm_mean,curados_extendidos,v1
parcelas_solo2025_ubic_est_edaf_v1,curados_extendidos/parcelas_solo2025_ubic_est_edaf_v1.csv,solo2025,ubic_est,edaf,197,14,ID_POLIGONO|conjunto|rendimiento_t_ha|area_ha|ndvi_s2_int|ndvi_s2_media_sep_oct|crc_s2_media|vi6t_landsat_max|lai_planet_max|lluvia_ciclo_mm|pendiente_grados|elevacion_m|estado|edaf_grupo,estado,edaf_grupo,curados_extendidos,v1
parcelas_solo2025_ubic_est_cec_v1,curados_extendidos/parcelas_solo2025_ubic_est_cec_v1.csv,solo2025,ubic_est,cec,197,14,ID_POLIGONO|conjunto|rendimiento_t_ha|area_ha|ndvi_s2_int|ndvi_s2_media_sep_oct|crc_s2_media|vi6t_landsat_max|lai_planet_max|lluvia_ciclo_mm|pendiente_grados|elevacion_m|estado|sg_cec_0-5cm_mean,estado,sg_cec_0-5cm_mean,curados_extendidos,v1
parcelas_solo2025_ubic_est_silt_v1,curados_extendidos/parcelas_solo2025_ubic_est_silt_v1.csv,solo2025,ubic_est,silt,197,14,ID_POLIGONO|conjunto|rendimiento_t_ha|area_ha|ndvi_s2_int|ndvi_s2_media_sep_oct|crc_s2_media|vi6t_landsat_max|lai_planet_max|lluvia_ciclo_mm|pendiente_grados|elevacion_m|estado|sg_silt_0-5cm_mean,estado,sg_silt_0-5cm_mean,curados_extendidos,v1
parcelas_solo2025_ubic_est_n-edaf_v1,curados_extendidos/parcelas_solo2025_ubic_est_n-edaf_v1.csv,solo2025,ubic_est,n-edaf,197,15,ID_POLIGONO|conjunto|rendimiento_t_ha|area_ha|ndvi_s2_int|ndvi_s2_media_sep_oct|crc_s2_media|vi6t_landsat_max|lai_planet_max|lluvia_ciclo_mm|pendiente_grados|elevacion_m|estado|sg_nitrogen_0-5cm_mean|edaf_grupo,estado,sg_nitrogen_0-5cm_mean|edaf_grupo,curados_extendidos,v1
parcelas_solo2025_ubic_est_n-cec_v1,curados_extendidos/parcelas_solo2025_ubic_est_n-cec_v1.csv,solo2025,ubic_est,n-cec,197,15,ID_POLIGONO|conjunto|rendimiento_t_ha|area_ha|ndvi_s2_int|ndvi_s2_media_sep_oct|crc_s2_media|vi6t_landsat_max|lai_planet_max|lluvia_ciclo_mm|pendiente_grados|elevacion_m|estado|sg_nitrogen_0-5cm_mean|sg_cec_0-5cm_mean,estado,sg_nitrogen_0-5cm_mean|sg_cec_0-5cm_mean,curados_extendidos,v1
parcelas_solo2025_ubic_est_n-silt_v1,curados_extendidos/parcelas_solo2025_ubic_est_n-silt_v1.csv,solo2025,ubic_est,n-silt,197,15,ID_POLIGONO|conjunto|rendimiento_t_ha|area_ha|ndvi_s2_int|ndvi_s2_media_sep_oct|crc_s2_media|vi6t_landsat_max|lai_planet_max|lluvia_ciclo_mm|pendiente_grados|elevacion_m|estado|sg_nitrogen_0-5cm_mean|sg_silt_0-5cm_mean,estado,sg_nitrogen_0-5cm_mean|sg_silt_0-5cm_mean,curados_extendidos,v1
parcelas_solo2025_ubic_est_edaf-cec_v1,curados_extendidos/parcelas_solo2025_ubic_est_edaf-cec_v1.csv,solo2025,ubic_est,edaf-cec,197,15,ID_POLIGONO|conjunto|rendimiento_t_ha|area_ha|ndvi_s2_int|ndvi_s2_media_sep_oct|crc_s2_media|vi6t_landsat_max|lai_planet_max|lluvia_ciclo_mm|pendiente_grados|elevacion_m|estado|edaf_grupo|sg_cec_0-5cm_mean,estado,edaf_grupo|sg_cec_0-5cm_mean,curados_extendidos,v1
parcelas_solo2025_ubic_est_edaf-silt_v1,curados_extendidos/parcelas_solo2025_ubic_est_edaf-silt_v1.csv,solo2025,ubic_est,edaf-silt,197,15,ID_POLIGONO|conjunto|rendimiento_t_ha|area_ha|ndvi_s2_int|ndvi_s2_media_sep_oct|crc_s2_media|vi6t_landsat_max|lai_planet_max|lluvia_ciclo_mm|pendiente_grados|elevacion_m|estado|edaf_grupo|sg_silt_0-5cm_mean,estado,edaf_grupo|sg_silt_0-5cm_mean,curados_extendidos,v1
parcelas_solo2025_ubic_est_cec-silt_v1,curados_extendidos/parcelas_solo2025_ubic_est_cec-silt_v1.csv,solo2025,ubic_est,cec-silt,197,15,ID_POLIGONO|conjunto|rendimiento_t_ha|area_ha|ndvi_s2_int|ndvi_s2_media_sep_oct|crc_s2_media|vi6t_landsat_max|lai_planet_max|lluvia_ciclo_mm|pendiente_grados|elevacion_m|estado|sg_cec_0-5cm_mean|sg_silt_0-5cm_mean,estado,sg_cec_0-5cm_mean|sg_silt_0-5cm_mean,curados_extendidos,v1
parcelas_solo2025_ubic_est_n-edaf-cec_v1,curados_extendidos/parcelas_solo2025_ubic_est_n-edaf-cec_v1.csv,solo2025,ubic_est,n-edaf-cec,197,16,ID_POLIGONO|conjunto|rendimiento_t_ha|area_ha|ndvi_s2_int|ndvi_s2_media_sep_oct|crc_s2_media|vi6t_landsat_max|lai_planet_max|lluvia_ciclo_mm|pendiente_grados|elevacion_m|estado|sg_nitrogen_0-5cm_mean|edaf_grupo|sg_cec_0-5cm_mean,estado,sg_nitrogen_0-5cm_mean|edaf_grupo|sg_cec_0-5cm_mean,curados_extendidos,v1
parcelas_solo2025_ubic_est_n-edaf-silt_v1,curados_extendidos/parcelas_solo2025_ubic_est_n-edaf-silt_v1.csv,solo2025,ubic_est,n-edaf-silt,197,16,ID_POLIGONO|conjunto|rendimiento_t_ha|area_ha|ndvi_s2_int|ndvi_s2_media_sep_oct|crc_s2_media|vi6t_landsat_max|lai_planet_max|lluvia_ciclo_mm|pendiente_grados|elevacion_m|estado|sg_nitrogen_0-5cm_mean|edaf_grupo|sg_silt_0-5cm_mean,estado,sg_nitrogen_0-5cm_mean|edaf_grupo|sg_silt_0-5cm_mean,curados_extendidos,v1
parcelas_solo2025_ubic_est_n-cec-silt_v1,curados_extendidos/parcelas_solo2025_ubic_est_n-cec-silt_v1.csv,solo2025,ubic_est,n-cec-silt,197,16,ID_POLIGONO|conjunto|rendimiento_t_ha|area_ha|ndvi_s2_int|ndvi_s2_media_sep_oct|crc_s2_media|vi6t_landsat_max|lai_planet_max|lluvia_ciclo_mm|pendiente_grados|elevacion_m|estado|sg_nitrogen_0-5cm_mean|sg_cec_0-5cm_mean|sg_silt_0-5cm_mean,estado,sg_nitrogen_0-5cm_mean|sg_cec_0-5cm_mean|sg_silt_0-5cm_mean,curados_extendidos,v1
parcelas_solo2025_ubic_est_edaf-cec-silt_v1,curados_extendidos/parcelas_solo2025_ubic_est_edaf-cec-silt_v1.csv,solo2025,ubic_est,edaf-cec-silt,197,16,ID_POLIGONO|conjunto|rendimiento_t_ha|area_ha|ndvi_s2_int|ndvi_s2_media_sep_oct|crc_s2_media|vi6t_landsat_max|lai_planet_max|lluvia_ciclo_mm|pendiente_grados|elevacion_m|estado|edaf_grupo|sg_cec_0-5cm_mean|sg_silt_0-5cm_mean,estado,edaf_grupo|sg_cec_0-5cm_mean|sg_silt_0-5cm_mean,curados_extendidos,v1
parcelas_solo2025_ubic_est_n-edaf-cec-silt_v1,curados_extendidos/parcelas_solo2025_ubic_est_n-edaf-cec-silt_v1.csv,solo2025,ubic_est,n-edaf-cec-silt,197,17,ID_POLIGONO|conjunto|rendimiento_t_ha|area_ha|ndvi_s2_int|ndvi_s2_media_sep_oct|crc_s2_media|vi6t_landsat_max|lai_planet_max|lluvia_ciclo_mm|pendiente_grados|elevacion_m|estado|sg_nitrogen_0-5cm_mean|edaf_grupo|sg_cec_0-5cm_mean|sg_silt_0-5cm_mean,estado,sg_nitrogen_0-5cm_mean|edaf_grupo|sg_cec_0-5cm_mean|sg_silt_0-5cm_mean,curados_extendidos,v1
parcelas_solo2025_ubic_mun_reto_v1,curados_reto/parcelas_solo2025_ubic_mun_reto_v1.csv,solo2025,ubic_mun,reto,197,13,ID_POLIGONO|conjunto|rendimiento_t_ha|area_ha|ndvi_s2_int|ndvi_s2_media_sep_oct|crc_s2_media|vi6t_landsat_max|lai_planet_max|lluvia_ciclo_mm|pendiente_grados|elevacion_m|municipio,municipio,,curados_reto,v1
parcelas_solo2025_ubic_mun_n_v1,curados_extendidos/parcelas_solo2025_ubic_mun_n_v1.csv,solo2025,ubic_mun,n,197,14,ID_POLIGONO|conjunto|rendimiento_t_ha|area_ha|ndvi_s2_int|ndvi_s2_media_sep_oct|crc_s2_media|vi6t_landsat_max|lai_planet_max|lluvia_ciclo_mm|pendiente_grados|elevacion_m|municipio|sg_nitrogen_0-5cm_mean,municipio,sg_nitrogen_0-5cm_mean,curados_extendidos,v1
parcelas_solo2025_ubic_mun_edaf_v1,curados_extendidos/parcelas_solo2025_ubic_mun_edaf_v1.csv,solo2025,ubic_mun,edaf,197,14,ID_POLIGONO|conjunto|rendimiento_t_ha|area_ha|ndvi_s2_int|ndvi_s2_media_sep_oct|crc_s2_media|vi6t_landsat_max|lai_planet_max|lluvia_ciclo_mm|pendiente_grados|elevacion_m|municipio|edaf_grupo,municipio,edaf_grupo,curados_extendidos,v1
parcelas_solo2025_ubic_mun_cec_v1,curados_extendidos/parcelas_solo2025_ubic_mun_cec_v1.csv,solo2025,ubic_mun,cec,197,14,ID_POLIGONO|conjunto|rendimiento_t_ha|area_ha|ndvi_s2_int|ndvi_s2_media_sep_oct|crc_s2_media|vi6t_landsat_max|lai_planet_max|lluvia_ciclo_mm|pendiente_grados|elevacion_m|municipio|sg_cec_0-5cm_mean,municipio,sg_cec_0-5cm_mean,curados_extendidos,v1
parcelas_solo2025_ubic_mun_silt_v1,curados_extendidos/parcelas_solo2025_ubic_mun_silt_v1.csv,solo2025,ubic_mun,silt,197,14,ID_POLIGONO|conjunto|rendimiento_t_ha|area_ha|ndvi_s2_int|ndvi_s2_media_sep_oct|crc_s2_media|vi6t_landsat_max|lai_planet_max|lluvia_ciclo_mm|pendiente_grados|elevacion_m|municipio|sg_silt_0-5cm_mean,municipio,sg_silt_0-5cm_mean,curados_extendidos,v1
parcelas_solo2025_ubic_mun_n-edaf_v1,curados_extendidos/parcelas_solo2025_ubic_mun_n-edaf_v1.csv,solo2025,ubic_mun,n-edaf,197,15,ID_POLIGONO|conjunto|rendimiento_t_ha|area_ha|ndvi_s2_int|ndvi_s2_media_sep_oct|crc_s2_media|vi6t_landsat_max|lai_planet_max|lluvia_ciclo_mm|pendiente_grados|elevacion_m|municipio|sg_nitrogen_0-5cm_mean|edaf_grupo,municipio,sg_nitrogen_0-5cm_mean|edaf_grupo,curados_extendidos,v1
parcelas_solo2025_ubic_mun_n-cec_v1,curados_extendidos/parcelas_solo2025_ubic_mun_n-cec_v1.csv,solo2025,ubic_mun,n-cec,197,15,ID_POLIGONO|conjunto|rendimiento_t_ha|area_ha|ndvi_s2_int|ndvi_s2_media_sep_oct|crc_s2_media|vi6t_landsat_max|lai_planet_max|lluvia_ciclo_mm|pendiente_grados|elevacion_m|municipio|sg_nitrogen_0-5cm_mean|sg_cec_0-5cm_mean,municipio,sg_nitrogen_0-5cm_mean|sg_cec_0-5cm_mean,curados_extendidos,v1
parcelas_solo2025_ubic_mun_n-silt_v1,curados_extendidos/parcelas_solo2025_ubic_mun_n-silt_v1.csv,solo2025,ubic_mun,n-silt,197,15,ID_POLIGONO|conjunto|rendimiento_t_ha|area_ha|ndvi_s2_int|ndvi_s2_media_sep_oct|crc_s2_media|vi6t_landsat_max|lai_planet_max|lluvia_ciclo_mm|pendiente_grados|elevacion_m|municipio|sg_nitrogen_0-5cm_mean|sg_silt_0-5cm_mean,municipio,sg_nitrogen_0-5cm_mean|sg_silt_0-5cm_mean,curados_extendidos,v1
parcelas_solo2025_ubic_mun_edaf-cec_v1,curados_extendidos/parcelas_solo2025_ubic_mun_edaf-cec_v1.csv,solo2025,ubic_mun,edaf-cec,197,15,ID_POLIGONO|conjunto|rendimiento_t_ha|area_ha|ndvi_s2_int|ndvi_s2_media_sep_oct|crc_s2_media|vi6t_landsat_max|lai_planet_max|lluvia_ciclo_mm|pendiente_grados|elevacion_m|municipio|edaf_grupo|sg_cec_0-5cm_mean,municipio,edaf_grupo|sg_cec_0-5cm_mean,curados_extendidos,v1
parcelas_solo2025_ubic_mun_edaf-silt_v1,curados_extendidos/parcelas_solo2025_ubic_mun_edaf-silt_v1.csv,solo2025,ubic_mun,edaf-silt,197,15,ID_POLIGONO|conjunto|rendimiento_t_ha|area_ha|ndvi_s2_int|ndvi_s2_media_sep_oct|crc_s2_media|vi6t_landsat_max|lai_planet_max|lluvia_ciclo_mm|pendiente_grados|elevacion_m|municipio|edaf_grupo|sg_silt_0-5cm_mean,municipio,edaf_grupo|sg_silt_0-5cm_mean,curados_extendidos,v1
parcelas_solo2025_ubic_mun_cec-silt_v1,curados_extendidos/parcelas_solo2025_ubic_mun_cec-silt_v1.csv,solo2025,ubic_mun,cec-silt,197,15,ID_POLIGONO|conjunto|rendimiento_t_ha|area_ha|ndvi_s2_int|ndvi_s2_media_sep_oct|crc_s2_media|vi6t_landsat_max|lai_planet_max|lluvia_ciclo_mm|pendiente_grados|elevacion_m|municipio|sg_cec_0-5cm_mean|sg_silt_0-5cm_mean,municipio,sg_cec_0-5cm_mean|sg_silt_0-5cm_mean,curados_extendidos,v1
parcelas_solo2025_ubic_mun_n-edaf-cec_v1,curados_extendidos/parcelas_solo2025_ubic_mun_n-edaf-cec_v1.csv,solo2025,ubic_mun,n-edaf-cec,197,16,ID_POLIGONO|conjunto|rendimiento_t_ha|area_ha|ndvi_s2_int|ndvi_s2_media_sep_oct|crc_s2_media|vi6t_landsat_max|lai_planet_max|lluvia_ciclo_mm|pendiente_grados|elevacion_m|municipio|sg_nitrogen_0-5cm_mean|edaf_grupo|sg_cec_0-5cm_mean,municipio,sg_nitrogen_0-5cm_mean|edaf_grupo|sg_cec_0-5cm_mean,curados_extendidos,v1
parcelas_solo2025_ubic_mun_n-edaf-silt_v1,curados_extendidos/parcelas_solo2025_ubic_mun_n-edaf-silt_v1.csv,solo2025,ubic_mun,n-edaf-silt,197,16,ID_POLIGONO|conjunto|rendimiento_t_ha|area_ha|ndvi_s2_int|ndvi_s2_media_sep_oct|crc_s2_media|vi6t_landsat_max|lai_planet_max|lluvia_ciclo_mm|pendiente_grados|elevacion_m|municipio|sg_nitrogen_0-5cm_mean|edaf_grupo|sg_silt_0-5cm_mean,municipio,sg_nitrogen_0-5cm_mean|edaf_grupo|sg_silt_0-5cm_mean,curados_extendidos,v1
parcelas_solo2025_ubic_mun_n-cec-silt_v1,curados_extendidos/parcelas_solo2025_ubic_mun_n-cec-silt_v1.csv,solo2025,ubic_mun,n-cec-silt,197,16,ID_POLIGONO|conjunto|rendimiento_t_ha|area_ha|ndvi_s2_int|ndvi_s2_media_sep_oct|crc_s2_media|vi6t_landsat_max|lai_planet_max|lluvia_ciclo_mm|pendiente_grados|elevacion_m|municipio|sg_nitrogen_0-5cm_mean|sg_cec_0-5cm_mean|sg_silt_0-5cm_mean,municipio,sg_nitrogen_0-5cm_mean|sg_cec_0-5cm_mean|sg_silt_0-5cm_mean,curados_extendidos,v1
parcelas_solo2025_ubic_mun_edaf-cec-silt_v1,curados_extendidos/parcelas_solo2025_ubic_mun_edaf-cec-silt_v1.csv,solo2025,ubic_mun,edaf-cec-silt,197,16,ID_POLIGONO|conjunto|rendimiento_t_ha|area_ha|ndvi_s2_int|ndvi_s2_media_sep_oct|crc_s2_media|vi6t_landsat_max|lai_planet_max|lluvia_ciclo_mm|pendiente_grados|elevacion_m|municipio|edaf_grupo|sg_cec_0-5cm_mean|sg_silt_0-5cm_mean,municipio,edaf_grupo|sg_cec_0-5cm_mean|sg_silt_0-5cm_mean,curados_extendidos,v1
parcelas_solo2025_ubic_mun_n-edaf-cec-silt_v1,curados_extendidos/parcelas_solo2025_ubic_mun_n-edaf-cec-silt_v1.csv,solo2025,ubic_mun,n-edaf-cec-silt,197,17,ID_POLIGONO|conjunto|rendimiento_t_ha|area_ha|ndvi_s2_int|ndvi_s2_media_sep_oct|crc_s2_media|vi6t_landsat_max|lai_planet_max|lluvia_ciclo_mm|pendiente_grados|elevacion_m|municipio|sg_nitrogen_0-5cm_mean|edaf_grupo|sg_cec_0-5cm_mean|sg_silt_0-5cm_mean,municipio,sg_nitrogen_0-5cm_mean|edaf_grupo|sg_cec_0-5cm_mean|sg_silt_0-5cm_mean,curados_extendidos,v1
parcelas_solo2025_ubic_lon_reto_v1,curados_reto/parcelas_solo2025_ubic_lon_reto_v1.csv,solo2025,ubic_lon,reto,197,13,ID_POLIGONO|conjunto|rendimiento_t_ha|area_ha|ndvi_s2_int|ndvi_s2_media_sep_oct|crc_s2_media|vi6t_landsat_max|lai_planet_max|lluvia_ciclo_mm|pendiente_grados|elevacion_m|lon,lon,,curados_reto,v1
parcelas_solo2025_ubic_lon_n_v1,curados_extendidos/parcelas_solo2025_ubic_lon_n_v1.csv,solo2025,ubic_lon,n,197,14,ID_POLIGONO|conjunto|rendimiento_t_ha|area_ha|ndvi_s2_int|ndvi_s2_media_sep_oct|crc_s2_media|vi6t_landsat_max|lai_planet_max|lluvia_ciclo_mm|pendiente_grados|elevacion_m|lon|sg_nitrogen_0-5cm_mean,lon,sg_nitrogen_0-5cm_mean,curados_extendidos,v1
parcelas_solo2025_ubic_lon_edaf_v1,curados_extendidos/parcelas_solo2025_ubic_lon_edaf_v1.csv,solo2025,ubic_lon,edaf,197,14,ID_POLIGONO|conjunto|rendimiento_t_ha|area_ha|ndvi_s2_int|ndvi_s2_media_sep_oct|crc_s2_media|vi6t_landsat_max|lai_planet_max|lluvia_ciclo_mm|pendiente_grados|elevacion_m|lon|edaf_grupo,lon,edaf_grupo,curados_extendidos,v1
parcelas_solo2025_ubic_lon_cec_v1,curados_extendidos/parcelas_solo2025_ubic_lon_cec_v1.csv,solo2025,ubic_lon,cec,197,14,ID_POLIGONO|conjunto|rendimiento_t_ha|area_ha|ndvi_s2_int|ndvi_s2_media_sep_oct|crc_s2_media|vi6t_landsat_max|lai_planet_max|lluvia_ciclo_mm|pendiente_grados|elevacion_m|lon|sg_cec_0-5cm_mean,lon,sg_cec_0-5cm_mean,curados_extendidos,v1
parcelas_solo2025_ubic_lon_silt_v1,curados_extendidos/parcelas_solo2025_ubic_lon_silt_v1.csv,solo2025,ubic_lon,silt,197,14,ID_POLIGONO|conjunto|rendimiento_t_ha|area_ha|ndvi_s2_int|ndvi_s2_media_sep_oct|crc_s2_media|vi6t_landsat_max|lai_planet_max|lluvia_ciclo_mm|pendiente_grados|elevacion_m|lon|sg_silt_0-5cm_mean,lon,sg_silt_0-5cm_mean,curados_extendidos,v1
parcelas_solo2025_ubic_lon_n-edaf_v1,curados_extendidos/parcelas_solo2025_ubic_lon_n-edaf_v1.csv,solo2025,ubic_lon,n-edaf,197,15,ID_POLIGONO|conjunto|rendimiento_t_ha|area_ha|ndvi_s2_int|ndvi_s2_media_sep_oct|crc_s2_media|vi6t_landsat_max|lai_planet_max|lluvia_ciclo_mm|pendiente_grados|elevacion_m|lon|sg_nitrogen_0-5cm_mean|edaf_grupo,lon,sg_nitrogen_0-5cm_mean|edaf_grupo,curados_extendidos,v1
parcelas_solo2025_ubic_lon_n-cec_v1,curados_extendidos/parcelas_solo2025_ubic_lon_n-cec_v1.csv,solo2025,ubic_lon,n-cec,197,15,ID_POLIGONO|conjunto|rendimiento_t_ha|area_ha|ndvi_s2_int|ndvi_s2_media_sep_oct|crc_s2_media|vi6t_landsat_max|lai_planet_max|lluvia_ciclo_mm|pendiente_grados|elevacion_m|lon|sg_nitrogen_0-5cm_mean|sg_cec_0-5cm_mean,lon,sg_nitrogen_0-5cm_mean|sg_cec_0-5cm_mean,curados_extendidos,v1
parcelas_solo2025_ubic_lon_n-silt_v1,curados_extendidos/parcelas_solo2025_ubic_lon_n-silt_v1.csv,solo2025,ubic_lon,n-silt,197,15,ID_POLIGONO|conjunto|rendimiento_t_ha|area_ha|ndvi_s2_int|ndvi_s2_media_sep_oct|crc_s2_media|vi6t_landsat_max|lai_planet_max|lluvia_ciclo_mm|pendiente_grados|elevacion_m|lon|sg_nitrogen_0-5cm_mean|sg_silt_0-5cm_mean,lon,sg_nitrogen_0-5cm_mean|sg_silt_0-5cm_mean,curados_extendidos,v1
parcelas_solo2025_ubic_lon_edaf-cec_v1,curados_extendidos/parcelas_solo2025_ubic_lon_edaf-cec_v1.csv,solo2025,ubic_lon,edaf-cec,197,15,ID_POLIGONO|conjunto|rendimiento_t_ha|area_ha|ndvi_s2_int|ndvi_s2_media_sep_oct|crc_s2_media|vi6t_landsat_max|lai_planet_max|lluvia_ciclo_mm|pendiente_grados|elevacion_m|lon|edaf_grupo|sg_cec_0-5cm_mean,lon,edaf_grupo|sg_cec_0-5cm_mean,curados_extendidos,v1
parcelas_solo2025_ubic_lon_edaf-silt_v1,curados_extendidos/parcelas_solo2025_ubic_lon_edaf-silt_v1.csv,solo2025,ubic_lon,edaf-silt,197,15,ID_POLIGONO|conjunto|rendimiento_t_ha|area_ha|ndvi_s2_int|ndvi_s2_media_sep_oct|crc_s2_media|vi6t_landsat_max|lai_planet_max|lluvia_ciclo_mm|pendiente_grados|elevacion_m|lon|edaf_grupo|sg_silt_0-5cm_mean,lon,edaf_grupo|sg_silt_0-5cm_mean,curados_extendidos,v1
parcelas_solo2025_ubic_lon_cec-silt_v1,curados_extendidos/parcelas_solo2025_ubic_lon_cec-silt_v1.csv,solo2025,ubic_lon,cec-silt,197,15,ID_POLIGONO|conjunto|rendimiento_t_ha|area_ha|ndvi_s2_int|ndvi_s2_media_sep_oct|crc_s2_media|vi6t_landsat_max|lai_planet_max|lluvia_ciclo_mm|pendiente_grados|elevacion_m|lon|sg_cec_0-5cm_mean|sg_silt_0-5cm_mean,lon,sg_cec_0-5cm_mean|sg_silt_0-5cm_mean,curados_extendidos,v1
parcelas_solo2025_ubic_lon_n-edaf-cec_v1,curados_extendidos/parcelas_solo2025_ubic_lon_n-edaf-cec_v1.csv,solo2025,ubic_lon,n-edaf-cec,197,16,ID_POLIGONO|conjunto|rendimiento_t_ha|area_ha|ndvi_s2_int|ndvi_s2_media_sep_oct|crc_s2_media|vi6t_landsat_max|lai_planet_max|lluvia_ciclo_mm|pendiente_grados|elevacion_m|lon|sg_nitrogen_0-5cm_mean|edaf_grupo|sg_cec_0-5cm_mean,lon,sg_nitrogen_0-5cm_mean|edaf_grupo|sg_cec_0-5cm_mean,curados_extendidos,v1
parcelas_solo2025_ubic_lon_n-edaf-silt_v1,curados_extendidos/parcelas_solo2025_ubic_lon_n-edaf-silt_v1.csv,solo2025,ubic_lon,n-edaf-silt,197,16,ID_POLIGONO|conjunto|rendimiento_t_ha|area_ha|ndvi_s2_int|ndvi_s2_media_sep_oct|crc_s2_media|vi6t_landsat_max|lai_planet_max|lluvia_ciclo_mm|pendiente_grados|elevacion_m|lon|sg_nitrogen_0-5cm_mean|edaf_grupo|sg_silt_0-5cm_mean,lon,sg_nitrogen_0-5cm_mean|edaf_grupo|sg_silt_0-5cm_mean,curados_extendidos,v1
parcelas_solo2025_ubic_lon_n-cec-silt_v1,curados_extendidos/parcelas_solo2025_ubic_lon_n-cec-silt_v1.csv,solo2025,ubic_lon,n-cec-silt,197,16,ID_POLIGONO|conjunto|rendimiento_t_ha|area_ha|ndvi_s2_int|ndvi_s2_media_sep_oct|crc_s2_media|vi6t_landsat_max|lai_planet_max|lluvia_ciclo_mm|pendiente_grados|elevacion_m|lon|sg_nitrogen_0-5cm_mean|sg_cec_0-5cm_mean|sg_silt_0-5cm_mean,lon,sg_nitrogen_0-5cm_mean|sg_cec_0-5cm_mean|sg_silt_0-5cm_mean,curados_extendidos,v1
parcelas_solo2025_ubic_lon_edaf-cec-silt_v1,curados_extendidos/parcelas_solo2025_ubic_lon_edaf-cec-silt_v1.csv,solo2025,ubic_lon,edaf-cec-silt,197,16,ID_POLIGONO|conjunto|rendimiento_t_ha|area_ha|ndvi_s2_int|ndvi_s2_media_sep_oct|crc_s2_media|vi6t_landsat_max|lai_planet_max|lluvia_ciclo_mm|pendiente_grados|elevacion_m|lon|edaf_grupo|sg_cec_0-5cm_mean|sg_silt_0-5cm_mean,lon,edaf_grupo|sg_cec_0-5cm_mean|sg_silt_0-5cm_mean,curados_extendidos,v1
parcelas_solo2025_ubic_lon_n-edaf-cec-silt_v1,curados_extendidos/parcelas_solo2025_ubic_lon_n-edaf-cec-silt_v1.csv,solo2025,ubic_lon,n-edaf-cec-silt,197,17,ID_POLIGONO|conjunto|rendimiento_t_ha|area_ha|ndvi_s2_int|ndvi_s2_media_sep_oct|crc_s2_media|vi6t_landsat_max|lai_planet_max|lluvia_ciclo_mm|pendiente_grados|elevacion_m|lon|sg_nitrogen_0-5cm_mean|edaf_grupo|sg_cec_0-5cm_mean|sg_silt_0-5cm_mean,lon,sg_nitrogen_0-5cm_mean|edaf_grupo|sg_cec_0-5cm_mean|sg_silt_0-5cm_mean,curados_extendidos,v1
parcelas_solo2025_ubic_lat_reto_v1,curados_reto/parcelas_solo2025_ubic_lat_reto_v1.csv,solo2025,ubic_lat,reto,197,13,ID_POLIGONO|conjunto|rendimiento_t_ha|area_ha|ndvi_s2_int|ndvi_s2_media_sep_oct|crc_s2_media|vi6t_landsat_max|lai_planet_max|lluvia_ciclo_mm|pendiente_grados|elevacion_m|lat,lat,,curados_reto,v1
parcelas_solo2025_ubic_lat_n_v1,curados_extendidos/parcelas_solo2025_ubic_lat_n_v1.csv,solo2025,ubic_lat,n,197,14,ID_POLIGONO|conjunto|rendimiento_t_ha|area_ha|ndvi_s2_int|ndvi_s2_media_sep_oct|crc_s2_media|vi6t_landsat_max|lai_planet_max|lluvia_ciclo_mm|pendiente_grados|elevacion_m|lat|sg_nitrogen_0-5cm_mean,lat,sg_nitrogen_0-5cm_mean,curados_extendidos,v1
parcelas_solo2025_ubic_lat_edaf_v1,curados_extendidos/parcelas_solo2025_ubic_lat_edaf_v1.csv,solo2025,ubic_lat,edaf,197,14,ID_POLIGONO|conjunto|rendimiento_t_ha|area_ha|ndvi_s2_int|ndvi_s2_media_sep_oct|crc_s2_media|vi6t_landsat_max|lai_planet_max|lluvia_ciclo_mm|pendiente_grados|elevacion_m|lat|edaf_grupo,lat,edaf_grupo,curados_extendidos,v1
parcelas_solo2025_ubic_lat_cec_v1,curados_extendidos/parcelas_solo2025_ubic_lat_cec_v1.csv,solo2025,ubic_lat,cec,197,14,ID_POLIGONO|conjunto|rendimiento_t_ha|area_ha|ndvi_s2_int|ndvi_s2_media_sep_oct|crc_s2_media|vi6t_landsat_max|lai_planet_max|lluvia_ciclo_mm|pendiente_grados|elevacion_m|lat|sg_cec_0-5cm_mean,lat,sg_cec_0-5cm_mean,curados_extendidos,v1
parcelas_solo2025_ubic_lat_silt_v1,curados_extendidos/parcelas_solo2025_ubic_lat_silt_v1.csv,solo2025,ubic_lat,silt,197,14,ID_POLIGONO|conjunto|rendimiento_t_ha|area_ha|ndvi_s2_int|ndvi_s2_media_sep_oct|crc_s2_media|vi6t_landsat_max|lai_planet_max|lluvia_ciclo_mm|pendiente_grados|elevacion_m|lat|sg_silt_0-5cm_mean,lat,sg_silt_0-5cm_mean,curados_extendidos,v1
parcelas_solo2025_ubic_lat_n-edaf_v1,curados_extendidos/parcelas_solo2025_ubic_lat_n-edaf_v1.csv,solo2025,ubic_lat,n-edaf,197,15,ID_POLIGONO|conjunto|rendimiento_t_ha|area_ha|ndvi_s2_int|ndvi_s2_media_sep_oct|crc_s2_media|vi6t_landsat_max|lai_planet_max|lluvia_ciclo_mm|pendiente_grados|elevacion_m|lat|sg_nitrogen_0-5cm_mean|edaf_grupo,lat,sg_nitrogen_0-5cm_mean|edaf_grupo,curados_extendidos,v1
parcelas_solo2025_ubic_lat_n-cec_v1,curados_extendidos/parcelas_solo2025_ubic_lat_n-cec_v1.csv,solo2025,ubic_lat,n-cec,197,15,ID_POLIGONO|conjunto|rendimiento_t_ha|area_ha|ndvi_s2_int|ndvi_s2_media_sep_oct|crc_s2_media|vi6t_landsat_max|lai_planet_max|lluvia_ciclo_mm|pendiente_grados|elevacion_m|lat|sg_nitrogen_0-5cm_mean|sg_cec_0-5cm_mean,lat,sg_nitrogen_0-5cm_mean|sg_cec_0-5cm_mean,curados_extendidos,v1
parcelas_solo2025_ubic_lat_n-silt_v1,curados_extendidos/parcelas_solo2025_ubic_lat_n-silt_v1.csv,solo2025,ubic_lat,n-silt,197,15,ID_POLIGONO|conjunto|rendimiento_t_ha|area_ha|ndvi_s2_int|ndvi_s2_media_sep_oct|crc_s2_media|vi6t_landsat_max|lai_planet_max|lluvia_ciclo_mm|pendiente_grados|elevacion_m|lat|sg_nitrogen_0-5cm_mean|sg_silt_0-5cm_mean,lat,sg_nitrogen_0-5cm_mean|sg_silt_0-5cm_mean,curados_extendidos,v1
parcelas_solo2025_ubic_lat_edaf-cec_v1,curados_extendidos/parcelas_solo2025_ubic_lat_edaf-cec_v1.csv,solo2025,ubic_lat,edaf-cec,197,15,ID_POLIGONO|conjunto|rendimiento_t_ha|area_ha|ndvi_s2_int|ndvi_s2_media_sep_oct|crc_s2_media|vi6t_landsat_max|lai_planet_max|lluvia_ciclo_mm|pendiente_grados|elevacion_m|lat|edaf_grupo|sg_cec_0-5cm_mean,lat,edaf_grupo|sg_cec_0-5cm_mean,curados_extendidos,v1
parcelas_solo2025_ubic_lat_edaf-silt_v1,curados_extendidos/parcelas_solo2025_ubic_lat_edaf-silt_v1.csv,solo2025,ubic_lat,edaf-silt,197,15,ID_POLIGONO|conjunto|rendimiento_t_ha|area_ha|ndvi_s2_int|ndvi_s2_media_sep_oct|crc_s2_media|vi6t_landsat_max|lai_planet_max|lluvia_ciclo_mm|pendiente_grados|elevacion_m|lat|edaf_grupo|sg_silt_0-5cm_mean,lat,edaf_grupo|sg_silt_0-5cm_mean,curados_extendidos,v1
parcelas_solo2025_ubic_lat_cec-silt_v1,curados_extendidos/parcelas_solo2025_ubic_lat_cec-silt_v1.csv,solo2025,ubic_lat,cec-silt,197,15,ID_POLIGONO|conjunto|rendimiento_t_ha|area_ha|ndvi_s2_int|ndvi_s2_media_sep_oct|crc_s2_media|vi6t_landsat_max|lai_planet_max|lluvia_ciclo_mm|pendiente_grados|elevacion_m|lat|sg_cec_0-5cm_mean|sg_silt_0-5cm_mean,lat,sg_cec_0-5cm_mean|sg_silt_0-5cm_mean,curados_extendidos,v1
parcelas_solo2025_ubic_lat_n-edaf-cec_v1,curados_extendidos/parcelas_solo2025_ubic_lat_n-edaf-cec_v1.csv,solo2025,ubic_lat,n-edaf-cec,197,16,ID_POLIGONO|conjunto|rendimiento_t_ha|area_ha|ndvi_s2_int|ndvi_s2_media_sep_oct|crc_s2_media|vi6t_landsat_max|lai_planet_max|lluvia_ciclo_mm|pendiente_grados|elevacion_m|lat|sg_nitrogen_0-5cm_mean|edaf_grupo|sg_cec_0-5cm_mean,lat,sg_nitrogen_0-5cm_mean|edaf_grupo|sg_cec_0-5cm_mean,curados_extendidos,v1
parcelas_solo2025_ubic_lat_n-edaf-silt_v1,curados_extendidos/parcelas_solo2025_ubic_lat_n-edaf-silt_v1.csv,solo2025,ubic_lat,n-edaf-silt,197,16,ID_POLIGONO|conjunto|rendimiento_t_ha|area_ha|ndvi_s2_int|ndvi_s2_media_sep_oct|crc_s2_media|vi6t_landsat_max|lai_planet_max|lluvia_ciclo_mm|pendiente_grados|elevacion_m|lat|sg_nitrogen_0-5cm_mean|edaf_grupo|sg_silt_0-5cm_mean,lat,sg_nitrogen_0-5cm_mean|edaf_grupo|sg_silt_0-5cm_mean,curados_extendidos,v1
parcelas_solo2025_ubic_lat_n-cec-silt_v1,curados_extendidos/parcelas_solo2025_ubic_lat_n-cec-silt_v1.csv,solo2025,ubic_lat,n-cec-silt,197,16,ID_POLIGONO|conjunto|rendimiento_t_ha|area_ha|ndvi_s2_int|ndvi_s2_media_sep_oct|crc_s2_media|vi6t_landsat_max|lai_planet_max|lluvia_ciclo_mm|pendiente_grados|elevacion_m|lat|sg_nitrogen_0-5cm_mean|sg_cec_0-5cm_mean|sg_silt_0-5cm_mean,lat,sg_nitrogen_0-5cm_mean|sg_cec_0-5cm_mean|sg_silt_0-5cm_mean,curados_extendidos,v1
parcelas_solo2025_ubic_lat_edaf-cec-silt_v1,curados_extendidos/parcelas_solo2025_ubic_lat_edaf-cec-silt_v1.csv,solo2025,ubic_lat,edaf-cec-silt,197,16,ID_POLIGONO|conjunto|rendimiento_t_ha|area_ha|ndvi_s2_int|ndvi_s2_media_sep_oct|crc_s2_media|vi6t_landsat_max|lai_planet_max|lluvia_ciclo_mm|pendiente_grados|elevacion_m|lat|edaf_grupo|sg_cec_0-5cm_mean|sg_silt_0-5cm_mean,lat,edaf_grupo|sg_cec_0-5cm_mean|sg_silt_0-5cm_mean,curados_extendidos,v1
parcelas_solo2025_ubic_lat_n-edaf-cec-silt_v1,curados_extendidos/parcelas_solo2025_ubic_lat_n-edaf-cec-silt_v1.csv,solo2025,ubic_lat,n-edaf-cec-silt,197,17,ID_POLIGONO|conjunto|rendimiento_t_ha|area_ha|ndvi_s2_int|ndvi_s2_media_sep_oct|crc_s2_media|vi6t_landsat_max|lai_planet_max|lluvia_ciclo_mm|pendiente_grados|elevacion_m|lat|sg_nitrogen_0-5cm_mean|edaf_grupo|sg_cec_0-5cm_mean|sg_silt_0-5cm_mean,lat,sg_nitrogen_0-5cm_mean|edaf_grupo|sg_cec_0-5cm_mean|sg_silt_0-5cm_mean,curados_extendidos,v1
parcelas_solo2025_ubic_pix_reto_v1,curados_reto/parcelas_solo2025_ubic_pix_reto_v1.csv,solo2025,ubic_pix,reto,197,13,ID_POLIGONO|conjunto|rendimiento_t_ha|area_ha|ndvi_s2_int|ndvi_s2_media_sep_oct|crc_s2_media|vi6t_landsat_max|lai_planet_max|lluvia_ciclo_mm|pendiente_grados|elevacion_m|pixel_clima,pixel_clima,,curados_reto,v1
parcelas_solo2025_ubic_pix_n_v1,curados_extendidos/parcelas_solo2025_ubic_pix_n_v1.csv,solo2025,ubic_pix,n,197,14,ID_POLIGONO|conjunto|rendimiento_t_ha|area_ha|ndvi_s2_int|ndvi_s2_media_sep_oct|crc_s2_media|vi6t_landsat_max|lai_planet_max|lluvia_ciclo_mm|pendiente_grados|elevacion_m|pixel_clima|sg_nitrogen_0-5cm_mean,pixel_clima,sg_nitrogen_0-5cm_mean,curados_extendidos,v1
parcelas_solo2025_ubic_pix_edaf_v1,curados_extendidos/parcelas_solo2025_ubic_pix_edaf_v1.csv,solo2025,ubic_pix,edaf,197,14,ID_POLIGONO|conjunto|rendimiento_t_ha|area_ha|ndvi_s2_int|ndvi_s2_media_sep_oct|crc_s2_media|vi6t_landsat_max|lai_planet_max|lluvia_ciclo_mm|pendiente_grados|elevacion_m|pixel_clima|edaf_grupo,pixel_clima,edaf_grupo,curados_extendidos,v1
parcelas_solo2025_ubic_pix_cec_v1,curados_extendidos/parcelas_solo2025_ubic_pix_cec_v1.csv,solo2025,ubic_pix,cec,197,14,ID_POLIGONO|conjunto|rendimiento_t_ha|area_ha|ndvi_s2_int|ndvi_s2_media_sep_oct|crc_s2_media|vi6t_landsat_max|lai_planet_max|lluvia_ciclo_mm|pendiente_grados|elevacion_m|pixel_clima|sg_cec_0-5cm_mean,pixel_clima,sg_cec_0-5cm_mean,curados_extendidos,v1
parcelas_solo2025_ubic_pix_silt_v1,curados_extendidos/parcelas_solo2025_ubic_pix_silt_v1.csv,solo2025,ubic_pix,silt,197,14,ID_POLIGONO|conjunto|rendimiento_t_ha|area_ha|ndvi_s2_int|ndvi_s2_media_sep_oct|crc_s2_media|vi6t_landsat_max|lai_planet_max|lluvia_ciclo_mm|pendiente_grados|elevacion_m|pixel_clima|sg_silt_0-5cm_mean,pixel_clima,sg_silt_0-5cm_mean,curados_extendidos,v1
parcelas_solo2025_ubic_pix_n-edaf_v1,curados_extendidos/parcelas_solo2025_ubic_pix_n-edaf_v1.csv,solo2025,ubic_pix,n-edaf,197,15,ID_POLIGONO|conjunto|rendimiento_t_ha|area_ha|ndvi_s2_int|ndvi_s2_media_sep_oct|crc_s2_media|vi6t_landsat_max|lai_planet_max|lluvia_ciclo_mm|pendiente_grados|elevacion_m|pixel_clima|sg_nitrogen_0-5cm_mean|edaf_grupo,pixel_clima,sg_nitrogen_0-5cm_mean|edaf_grupo,curados_extendidos,v1
parcelas_solo2025_ubic_pix_n-cec_v1,curados_extendidos/parcelas_solo2025_ubic_pix_n-cec_v1.csv,solo2025,ubic_pix,n-cec,197,15,ID_POLIGONO|conjunto|rendimiento_t_ha|area_ha|ndvi_s2_int|ndvi_s2_media_sep_oct|crc_s2_media|vi6t_landsat_max|lai_planet_max|lluvia_ciclo_mm|pendiente_grados|elevacion_m|pixel_clima|sg_nitrogen_0-5cm_mean|sg_cec_0-5cm_mean,pixel_clima,sg_nitrogen_0-5cm_mean|sg_cec_0-5cm_mean,curados_extendidos,v1
parcelas_solo2025_ubic_pix_n-silt_v1,curados_extendidos/parcelas_solo2025_ubic_pix_n-silt_v1.csv,solo2025,ubic_pix,n-silt,197,15,ID_POLIGONO|conjunto|rendimiento_t_ha|area_ha|ndvi_s2_int|ndvi_s2_media_sep_oct|crc_s2_media|vi6t_landsat_max|lai_planet_max|lluvia_ciclo_mm|pendiente_grados|elevacion_m|pixel_clima|sg_nitrogen_0-5cm_mean|sg_silt_0-5cm_mean,pixel_clima,sg_nitrogen_0-5cm_mean|sg_silt_0-5cm_mean,curados_extendidos,v1
parcelas_solo2025_ubic_pix_edaf-cec_v1,curados_extendidos/parcelas_solo2025_ubic_pix_edaf-cec_v1.csv,solo2025,ubic_pix,edaf-cec,197,15,ID_POLIGONO|conjunto|rendimiento_t_ha|area_ha|ndvi_s2_int|ndvi_s2_media_sep_oct|crc_s2_media|vi6t_landsat_max|lai_planet_max|lluvia_ciclo_mm|pendiente_grados|elevacion_m|pixel_clima|edaf_grupo|sg_cec_0-5cm_mean,pixel_clima,edaf_grupo|sg_cec_0-5cm_mean,curados_extendidos,v1
parcelas_solo2025_ubic_pix_edaf-silt_v1,curados_extendidos/parcelas_solo2025_ubic_pix_edaf-silt_v1.csv,solo2025,ubic_pix,edaf-silt,197,15,ID_POLIGONO|conjunto|rendimiento_t_ha|area_ha|ndvi_s2_int|ndvi_s2_media_sep_oct|crc_s2_media|vi6t_landsat_max|lai_planet_max|lluvia_ciclo_mm|pendiente_grados|elevacion_m|pixel_clima|edaf_grupo|sg_silt_0-5cm_mean,pixel_clima,edaf_grupo|sg_silt_0-5cm_mean,curados_extendidos,v1
parcelas_solo2025_ubic_pix_cec-silt_v1,curados_extendidos/parcelas_solo2025_ubic_pix_cec-silt_v1.csv,solo2025,ubic_pix,cec-silt,197,15,ID_POLIGONO|conjunto|rendimiento_t_ha|area_ha|ndvi_s2_int|ndvi_s2_media_sep_oct|crc_s2_media|vi6t_landsat_max|lai_planet_max|lluvia_ciclo_mm|pendiente_grados|elevacion_m|pixel_clima|sg_cec_0-5cm_mean|sg_silt_0-5cm_mean,pixel_clima,sg_cec_0-5cm_mean|sg_silt_0-5cm_mean,curados_extendidos,v1
parcelas_solo2025_ubic_pix_n-edaf-cec_v1,curados_extendidos/parcelas_solo2025_ubic_pix_n-edaf-cec_v1.csv,solo2025,ubic_pix,n-edaf-cec,197,16,ID_POLIGONO|conjunto|rendimiento_t_ha|area_ha|ndvi_s2_int|ndvi_s2_media_sep_oct|crc_s2_media|vi6t_landsat_max|lai_planet_max|lluvia_ciclo_mm|pendiente_grados|elevacion_m|pixel_clima|sg_nitrogen_0-5cm_mean|edaf_grupo|sg_cec_0-5cm_mean,pixel_clima,sg_nitrogen_0-5cm_mean|edaf_grupo|sg_cec_0-5cm_mean,curados_extendidos,v1
parcelas_solo2025_ubic_pix_n-edaf-silt_v1,curados_extendidos/parcelas_solo2025_ubic_pix_n-edaf-silt_v1.csv,solo2025,ubic_pix,n-edaf-silt,197,16,ID_POLIGONO|conjunto|rendimiento_t_ha|area_ha|ndvi_s2_int|ndvi_s2_media_sep_oct|crc_s2_media|vi6t_landsat_max|lai_planet_max|lluvia_ciclo_mm|pendiente_grados|elevacion_m|pixel_clima|sg_nitrogen_0-5cm_mean|edaf_grupo|sg_silt_0-5cm_mean,pixel_clima,sg_nitrogen_0-5cm_mean|edaf_grupo|sg_silt_0-5cm_mean,curados_extendidos,v1
parcelas_solo2025_ubic_pix_n-cec-silt_v1,curados_extendidos/parcelas_solo2025_ubic_pix_n-cec-silt_v1.csv,solo2025,ubic_pix,n-cec-silt,197,16,ID_POLIGONO|conjunto|rendimiento_t_ha|area_ha|ndvi_s2_int|ndvi_s2_media_sep_oct|crc_s2_media|vi6t_landsat_max|lai_planet_max|lluvia_ciclo_mm|pendiente_grados|elevacion_m|pixel_clima|sg_nitrogen_0-5cm_mean|sg_cec_0-5cm_mean|sg_silt_0-5cm_mean,pixel_clima,sg_nitrogen_0-5cm_mean|sg_cec_0-5cm_mean|sg_silt_0-5cm_mean,curados_extendidos,v1
parcelas_solo2025_ubic_pix_edaf-cec-silt_v1,curados_extendidos/parcelas_solo2025_ubic_pix_edaf-cec-silt_v1.csv,solo2025,ubic_pix,edaf-cec-silt,197,16,ID_POLIGONO|conjunto|rendimiento_t_ha|area_ha|ndvi_s2_int|ndvi_s2_media_sep_oct|crc_s2_media|vi6t_landsat_max|lai_planet_max|lluvia_ciclo_mm|pendiente_grados|elevacion_m|pixel_clima|edaf_grupo|sg_cec_0-5cm_mean|sg_silt_0-5cm_mean,pixel_clima,edaf_grupo|sg_cec_0-5cm_mean|sg_silt_0-5cm_mean,curados_extendidos,v1
parcelas_solo2025_ubic_pix_n-edaf-cec-silt_v1,curados_extendidos/parcelas_solo2025_ubic_pix_n-edaf-cec-silt_v1.csv,solo2025,ubic_pix,n-edaf-cec-silt,197,17,ID_POLIGONO|conjunto|rendimiento_t_ha|area_ha|ndvi_s2_int|ndvi_s2_media_sep_oct|crc_s2_media|vi6t_landsat_max|lai_planet_max|lluvia_ciclo_mm|pendiente_grados|elevacion_m|pixel_clima|sg_nitrogen_0-5cm_mean|edaf_grupo|sg_cec_0-5cm_mean|sg_silt_0-5cm_mean,pixel_clima,sg_nitrogen_0-5cm_mean|edaf_grupo|sg_cec_0-5cm_mean|sg_silt_0-5cm_mean,curados_extendidos,v1
parcelas_solo2025_ubic_est-mun_reto_v1,curados_reto/parcelas_solo2025_ubic_est-mun_reto_v1.csv,solo2025,ubic_est-mun,reto,197,14,ID_POLIGONO|conjunto|rendimiento_t_ha|area_ha|ndvi_s2_int|ndvi_s2_media_sep_oct|crc_s2_media|vi6t_landsat_max|lai_planet_max|lluvia_ciclo_mm|pendiente_grados|elevacion_m|estado|municipio,estado|municipio,,curados_reto,v1
parcelas_solo2025_ubic_est-mun_n_v1,curados_extendidos/parcelas_solo2025_ubic_est-mun_n_v1.csv,solo2025,ubic_est-mun,n,197,15,ID_POLIGONO|conjunto|rendimiento_t_ha|area_ha|ndvi_s2_int|ndvi_s2_media_sep_oct|crc_s2_media|vi6t_landsat_max|lai_planet_max|lluvia_ciclo_mm|pendiente_grados|elevacion_m|estado|municipio|sg_nitrogen_0-5cm_mean,estado|municipio,sg_nitrogen_0-5cm_mean,curados_extendidos,v1
parcelas_solo2025_ubic_est-mun_edaf_v1,curados_extendidos/parcelas_solo2025_ubic_est-mun_edaf_v1.csv,solo2025,ubic_est-mun,edaf,197,15,ID_POLIGONO|conjunto|rendimiento_t_ha|area_ha|ndvi_s2_int|ndvi_s2_media_sep_oct|crc_s2_media|vi6t_landsat_max|lai_planet_max|lluvia_ciclo_mm|pendiente_grados|elevacion_m|estado|municipio|edaf_grupo,estado|municipio,edaf_grupo,curados_extendidos,v1
parcelas_solo2025_ubic_est-mun_cec_v1,curados_extendidos/parcelas_solo2025_ubic_est-mun_cec_v1.csv,solo2025,ubic_est-mun,cec,197,15,ID_POLIGONO|conjunto|rendimiento_t_ha|area_ha|ndvi_s2_int|ndvi_s2_media_sep_oct|crc_s2_media|vi6t_landsat_max|lai_planet_max|lluvia_ciclo_mm|pendiente_grados|elevacion_m|estado|municipio|sg_cec_0-5cm_mean,estado|municipio,sg_cec_0-5cm_mean,curados_extendidos,v1
parcelas_solo2025_ubic_est-mun_silt_v1,curados_extendidos/parcelas_solo2025_ubic_est-mun_silt_v1.csv,solo2025,ubic_est-mun,silt,197,15,ID_POLIGONO|conjunto|rendimiento_t_ha|area_ha|ndvi_s2_int|ndvi_s2_media_sep_oct|crc_s2_media|vi6t_landsat_max|lai_planet_max|lluvia_ciclo_mm|pendiente_grados|elevacion_m|estado|municipio|sg_silt_0-5cm_mean,estado|municipio,sg_silt_0-5cm_mean,curados_extendidos,v1
parcelas_solo2025_ubic_est-mun_n-edaf_v1,curados_extendidos/parcelas_solo2025_ubic_est-mun_n-edaf_v1.csv,solo2025,ubic_est-mun,n-edaf,197,16,ID_POLIGONO|conjunto|rendimiento_t_ha|area_ha|ndvi_s2_int|ndvi_s2_media_sep_oct|crc_s2_media|vi6t_landsat_max|lai_planet_max|lluvia_ciclo_mm|pendiente_grados|elevacion_m|estado|municipio|sg_nitrogen_0-5cm_mean|edaf_grupo,estado|municipio,sg_nitrogen_0-5cm_mean|edaf_grupo,curados_extendidos,v1
parcelas_solo2025_ubic_est-mun_n-cec_v1,curados_extendidos/parcelas_solo2025_ubic_est-mun_n-cec_v1.csv,solo2025,ubic_est-mun,n-cec,197,16,ID_POLIGONO|conjunto|rendimiento_t_ha|area_ha|ndvi_s2_int|ndvi_s2_media_sep_oct|crc_s2_media|vi6t_landsat_max|lai_planet_max|lluvia_ciclo_mm|pendiente_grados|elevacion_m|estado|municipio|sg_nitrogen_0-5cm_mean|sg_cec_0-5cm_mean,estado|municipio,sg_nitrogen_0-5cm_mean|sg_cec_0-5cm_mean,curados_extendidos,v1
parcelas_solo2025_ubic_est-mun_n-silt_v1,curados_extendidos/parcelas_solo2025_ubic_est-mun_n-silt_v1.csv,solo2025,ubic_est-mun,n-silt,197,16,ID_POLIGONO|conjunto|rendimiento_t_ha|area_ha|ndvi_s2_int|ndvi_s2_media_sep_oct|crc_s2_media|vi6t_landsat_max|lai_planet_max|lluvia_ciclo_mm|pendiente_grados|elevacion_m|estado|municipio|sg_nitrogen_0-5cm_mean|sg_silt_0-5cm_mean,estado|municipio,sg_nitrogen_0-5cm_mean|sg_silt_0-5cm_mean,curados_extendidos,v1
parcelas_solo2025_ubic_est-mun_edaf-cec_v1,curados_extendidos/parcelas_solo2025_ubic_est-mun_edaf-cec_v1.csv,solo2025,ubic_est-mun,edaf-cec,197,16,ID_POLIGONO|conjunto|rendimiento_t_ha|area_ha|ndvi_s2_int|ndvi_s2_media_sep_oct|crc_s2_media|vi6t_landsat_max|lai_planet_max|lluvia_ciclo_mm|pendiente_grados|elevacion_m|estado|municipio|edaf_grupo|sg_cec_0-5cm_mean,estado|municipio,edaf_grupo|sg_cec_0-5cm_mean,curados_extendidos,v1
parcelas_solo2025_ubic_est-mun_edaf-silt_v1,curados_extendidos/parcelas_solo2025_ubic_est-mun_edaf-silt_v1.csv,solo2025,ubic_est-mun,edaf-silt,197,16,ID_POLIGONO|conjunto|rendimiento_t_ha|area_ha|ndvi_s2_int|ndvi_s2_media_sep_oct|crc_s2_media|vi6t_landsat_max|lai_planet_max|lluvia_ciclo_mm|pendiente_grados|elevacion_m|estado|municipio|edaf_grupo|sg_silt_0-5cm_mean,estado|municipio,edaf_grupo|sg_silt_0-5cm_mean,curados_extendidos,v1
parcelas_solo2025_ubic_est-mun_cec-silt_v1,curados_extendidos/parcelas_solo2025_ubic_est-mun_cec-silt_v1.csv,solo2025,ubic_est-mun,cec-silt,197,16,ID_POLIGONO|conjunto|rendimiento_t_ha|area_ha|ndvi_s2_int|ndvi_s2_media_sep_oct|crc_s2_media|vi6t_landsat_max|lai_planet_max|lluvia_ciclo_mm|pendiente_grados|elevacion_m|estado|municipio|sg_cec_0-5cm_mean|sg_silt_0-5cm_mean,estado|municipio,sg_cec_0-5cm_mean|sg_silt_0-5cm_mean,curados_extendidos,v1
parcelas_solo2025_ubic_est-mun_n-edaf-cec_v1,curados_extendidos/parcelas_solo2025_ubic_est-mun_n-edaf-cec_v1.csv,solo2025,ubic_est-mun,n-edaf-cec,197,17,ID_POLIGONO|conjunto|rendimiento_t_ha|area_ha|ndvi_s2_int|ndvi_s2_media_sep_oct|crc_s2_media|vi6t_landsat_max|lai_planet_max|lluvia_ciclo_mm|pendiente_grados|elevacion_m|estado|municipio|sg_nitrogen_0-5cm_mean|edaf_grupo|sg_cec_0-5cm_mean,estado|municipio,sg_nitrogen_0-5cm_mean|edaf_grupo|sg_cec_0-5cm_mean,curados_extendidos,v1
parcelas_solo2025_ubic_est-mun_n-edaf-silt_v1,curados_extendidos/parcelas_solo2025_ubic_est-mun_n-edaf-silt_v1.csv,solo2025,ubic_est-mun,n-edaf-silt,197,17,ID_POLIGONO|conjunto|rendimiento_t_ha|area_ha|ndvi_s2_int|ndvi_s2_media_sep_oct|crc_s2_media|vi6t_landsat_max|lai_planet_max|lluvia_ciclo_mm|pendiente_grados|elevacion_m|estado|municipio|sg_nitrogen_0-5cm_mean|edaf_grupo|sg_silt_0-5cm_mean,estado|municipio,sg_nitrogen_0-5cm_mean|edaf_grupo|sg_silt_0-5cm_mean,curados_extendidos,v1
parcelas_solo2025_ubic_est-mun_n-cec-silt_v1,curados_extendidos/parcelas_solo2025_ubic_est-mun_n-cec-silt_v1.csv,solo2025,ubic_est-mun,n-cec-silt,197,17,ID_POLIGONO|conjunto|rendimiento_t_ha|area_ha|ndvi_s2_int|ndvi_s2_media_sep_oct|crc_s2_media|vi6t_landsat_max|lai_planet_max|lluvia_ciclo_mm|pendiente_grados|elevacion_m|estado|municipio|sg_nitrogen_0-5cm_mean|sg_cec_0-5cm_mean|sg_silt_0-5cm_mean,estado|municipio,sg_nitrogen_0-5cm_mean|sg_cec_0-5cm_mean|sg_silt_0-5cm_mean,curados_extendidos,v1
parcelas_solo2025_ubic_est-mun_edaf-cec-silt_v1,curados_extendidos/parcelas_solo2025_ubic_est-mun_edaf-cec-silt_v1.csv,solo2025,ubic_est-mun,edaf-cec-silt,197,17,ID_POLIGONO|conjunto|rendimiento_t_ha|area_ha|ndvi_s2_int|ndvi_s2_media_sep_oct|crc_s2_media|vi6t_landsat_max|lai_planet_max|lluvia_ciclo_mm|pendiente_grados|elevacion_m|estado|municipio|edaf_grupo|sg_cec_0-5cm_mean|sg_silt_0-5cm_mean,estado|municipio,edaf_grupo|sg_cec_0-5cm_mean|sg_silt_0-5cm_mean,curados_extendidos,v1
parcelas_solo2025_ubic_est-mun_n-edaf-cec-silt_v1,curados_extendidos/parcelas_solo2025_ubic_est-mun_n-edaf-cec-silt_v1.csv,solo2025,ubic_est-mun,n-edaf-cec-silt,197,18,ID_POLIGONO|conjunto|rendimiento_t_ha|area_ha|ndvi_s2_int|ndvi_s2_media_sep_oct|crc_s2_media|vi6t_landsat_max|lai_planet_max|lluvia_ciclo_mm|pendiente_grados|elevacion_m|estado|municipio|sg_nitrogen_0-5cm_mean|edaf_grupo|sg_cec_0-5cm_mean|sg_silt_0-5cm_mean,estado|municipio,sg_nitrogen_0-5cm_mean|edaf_grupo|sg_cec_0-5cm_mean|sg_silt_0-5cm_mean,curados_extendidos,v1
parcelas_solo2025_ubic_est-lon_reto_v1,curados_reto/parcelas_solo2025_ubic_est-lon_reto_v1.csv,solo2025,ubic_est-lon,reto,197,14,ID_POLIGONO|conjunto|rendimiento_t_ha|area_ha|ndvi_s2_int|ndvi_s2_media_sep_oct|crc_s2_media|vi6t_landsat_max|lai_planet_max|lluvia_ciclo_mm|pendiente_grados|elevacion_m|estado|lon,estado|lon,,curados_reto,v1
parcelas_solo2025_ubic_est-lon_n_v1,curados_extendidos/parcelas_solo2025_ubic_est-lon_n_v1.csv,solo2025,ubic_est-lon,n,197,15,ID_POLIGONO|conjunto|rendimiento_t_ha|area_ha|ndvi_s2_int|ndvi_s2_media_sep_oct|crc_s2_media|vi6t_landsat_max|lai_planet_max|lluvia_ciclo_mm|pendiente_grados|elevacion_m|estado|lon|sg_nitrogen_0-5cm_mean,estado|lon,sg_nitrogen_0-5cm_mean,curados_extendidos,v1
parcelas_solo2025_ubic_est-lon_edaf_v1,curados_extendidos/parcelas_solo2025_ubic_est-lon_edaf_v1.csv,solo2025,ubic_est-lon,edaf,197,15,ID_POLIGONO|conjunto|rendimiento_t_ha|area_ha|ndvi_s2_int|ndvi_s2_media_sep_oct|crc_s2_media|vi6t_landsat_max|lai_planet_max|lluvia_ciclo_mm|pendiente_grados|elevacion_m|estado|lon|edaf_grupo,estado|lon,edaf_grupo,curados_extendidos,v1
parcelas_solo2025_ubic_est-lon_cec_v1,curados_extendidos/parcelas_solo2025_ubic_est-lon_cec_v1.csv,solo2025,ubic_est-lon,cec,197,15,ID_POLIGONO|conjunto|rendimiento_t_ha|area_ha|ndvi_s2_int|ndvi_s2_media_sep_oct|crc_s2_media|vi6t_landsat_max|lai_planet_max|lluvia_ciclo_mm|pendiente_grados|elevacion_m|estado|lon|sg_cec_0-5cm_mean,estado|lon,sg_cec_0-5cm_mean,curados_extendidos,v1
parcelas_solo2025_ubic_est-lon_silt_v1,curados_extendidos/parcelas_solo2025_ubic_est-lon_silt_v1.csv,solo2025,ubic_est-lon,silt,197,15,ID_POLIGONO|conjunto|rendimiento_t_ha|area_ha|ndvi_s2_int|ndvi_s2_media_sep_oct|crc_s2_media|vi6t_landsat_max|lai_planet_max|lluvia_ciclo_mm|pendiente_grados|elevacion_m|estado|lon|sg_silt_0-5cm_mean,estado|lon,sg_silt_0-5cm_mean,curados_extendidos,v1
parcelas_solo2025_ubic_est-lon_n-edaf_v1,curados_extendidos/parcelas_solo2025_ubic_est-lon_n-edaf_v1.csv,solo2025,ubic_est-lon,n-edaf,197,16,ID_POLIGONO|conjunto|rendimiento_t_ha|area_ha|ndvi_s2_int|ndvi_s2_media_sep_oct|crc_s2_media|vi6t_landsat_max|lai_planet_max|lluvia_ciclo_mm|pendiente_grados|elevacion_m|estado|lon|sg_nitrogen_0-5cm_mean|edaf_grupo,estado|lon,sg_nitrogen_0-5cm_mean|edaf_grupo,curados_extendidos,v1
parcelas_solo2025_ubic_est-lon_n-cec_v1,curados_extendidos/parcelas_solo2025_ubic_est-lon_n-cec_v1.csv,solo2025,ubic_est-lon,n-cec,197,16,ID_POLIGONO|conjunto|rendimiento_t_ha|area_ha|ndvi_s2_int|ndvi_s2_media_sep_oct|crc_s2_media|vi6t_landsat_max|lai_planet_max|lluvia_ciclo_mm|pendiente_grados|elevacion_m|estado|lon|sg_nitrogen_0-5cm_mean|sg_cec_0-5cm_mean,estado|lon,sg_nitrogen_0-5cm_mean|sg_cec_0-5cm_mean,curados_extendidos,v1
parcelas_solo2025_ubic_est-lon_n-silt_v1,curados_extendidos/parcelas_solo2025_ubic_est-lon_n-silt_v1.csv,solo2025,ubic_est-lon,n-silt,197,16,ID_POLIGONO|conjunto|rendimiento_t_ha|area_ha|ndvi_s2_int|ndvi_s2_media_sep_oct|crc_s2_media|vi6t_landsat_max|lai_planet_max|lluvia_ciclo_mm|pendiente_grados|elevacion_m|estado|lon|sg_nitrogen_0-5cm_mean|sg_silt_0-5cm_mean,estado|lon,sg_nitrogen_0-5cm_mean|sg_silt_0-5cm_mean,curados_extendidos,v1
parcelas_solo2025_ubic_est-lon_edaf-cec_v1,curados_extendidos/parcelas_solo2025_ubic_est-lon_edaf-cec_v1.csv,solo2025,ubic_est-lon,edaf-cec,197,16,ID_POLIGONO|conjunto|rendimiento_t_ha|area_ha|ndvi_s2_int|ndvi_s2_media_sep_oct|crc_s2_media|vi6t_landsat_max|lai_planet_max|lluvia_ciclo_mm|pendiente_grados|elevacion_m|estado|lon|edaf_grupo|sg_cec_0-5cm_mean,estado|lon,edaf_grupo|sg_cec_0-5cm_mean,curados_extendidos,v1
parcelas_solo2025_ubic_est-lon_edaf-silt_v1,curados_extendidos/parcelas_solo2025_ubic_est-lon_edaf-silt_v1.csv,solo2025,ubic_est-lon,edaf-silt,197,16,ID_POLIGONO|conjunto|rendimiento_t_ha|area_ha|ndvi_s2_int|ndvi_s2_media_sep_oct|crc_s2_media|vi6t_landsat_max|lai_planet_max|lluvia_ciclo_mm|pendiente_grados|elevacion_m|estado|lon|edaf_grupo|sg_silt_0-5cm_mean,estado|lon,edaf_grupo|sg_silt_0-5cm_mean,curados_extendidos,v1
parcelas_solo2025_ubic_est-lon_cec-silt_v1,curados_extendidos/parcelas_solo2025_ubic_est-lon_cec-silt_v1.csv,solo2025,ubic_est-lon,cec-silt,197,16,ID_POLIGONO|conjunto|rendimiento_t_ha|area_ha|ndvi_s2_int|ndvi_s2_media_sep_oct|crc_s2_media|vi6t_landsat_max|lai_planet_max|lluvia_ciclo_mm|pendiente_grados|elevacion_m|estado|lon|sg_cec_0-5cm_mean|sg_silt_0-5cm_mean,estado|lon,sg_cec_0-5cm_mean|sg_silt_0-5cm_mean,curados_extendidos,v1
parcelas_solo2025_ubic_est-lon_n-edaf-cec_v1,curados_extendidos/parcelas_solo2025_ubic_est-lon_n-edaf-cec_v1.csv,solo2025,ubic_est-lon,n-edaf-cec,197,17,ID_POLIGONO|conjunto|rendimiento_t_ha|area_ha|ndvi_s2_int|ndvi_s2_media_sep_oct|crc_s2_media|vi6t_landsat_max|lai_planet_max|lluvia_ciclo_mm|pendiente_grados|elevacion_m|estado|lon|sg_nitrogen_0-5cm_mean|edaf_grupo|sg_cec_0-5cm_mean,estado|lon,sg_nitrogen_0-5cm_mean|edaf_grupo|sg_cec_0-5cm_mean,curados_extendidos,v1
parcelas_solo2025_ubic_est-lon_n-edaf-silt_v1,curados_extendidos/parcelas_solo2025_ubic_est-lon_n-edaf-silt_v1.csv,solo2025,ubic_est-lon,n-edaf-silt,197,17,ID_POLIGONO|conjunto|rendimiento_t_ha|area_ha|ndvi_s2_int|ndvi_s2_media_sep_oct|crc_s2_media|vi6t_landsat_max|lai_planet_max|lluvia_ciclo_mm|pendiente_grados|elevacion_m|estado|lon|sg_nitrogen_0-5cm_mean|edaf_grupo|sg_silt_0-5cm_mean,estado|lon,sg_nitrogen_0-5cm_mean|edaf_grupo|sg_silt_0-5cm_mean,curados_extendidos,v1
parcelas_solo2025_ubic_est-lon_n-cec-silt_v1,curados_extendidos/parcelas_solo2025_ubic_est-lon_n-cec-silt_v1.csv,solo2025,ubic_est-lon,n-cec-silt,197,17,ID_POLIGONO|conjunto|rendimiento_t_ha|area_ha|ndvi_s2_int|ndvi_s2_media_sep_oct|crc_s2_media|vi6t_landsat_max|lai_planet_max|lluvia_ciclo_mm|pendiente_grados|elevacion_m|estado|lon|sg_nitrogen_0-5cm_mean|sg_cec_0-5cm_mean|sg_silt_0-5cm_mean,estado|lon,sg_nitrogen_0-5cm_mean|sg_cec_0-5cm_mean|sg_silt_0-5cm_mean,curados_extendidos,v1
parcelas_solo2025_ubic_est-lon_edaf-cec-silt_v1,curados_extendidos/parcelas_solo2025_ubic_est-lon_edaf-cec-silt_v1.csv,solo2025,ubic_est-lon,edaf-cec-silt,197,17,ID_POLIGONO|conjunto|rendimiento_t_ha|area_ha|ndvi_s2_int|ndvi_s2_media_sep_oct|crc_s2_media|vi6t_landsat_max|lai_planet_max|lluvia_ciclo_mm|pendiente_grados|elevacion_m|estado|lon|edaf_grupo|sg_cec_0-5cm_mean|sg_silt_0-5cm_mean,estado|lon,edaf_grupo|sg_cec_0-5cm_mean|sg_silt_0-5cm_mean,curados_extendidos,v1
parcelas_solo2025_ubic_est-lon_n-edaf-cec-silt_v1,curados_extendidos/parcelas_solo2025_ubic_est-lon_n-edaf-cec-silt_v1.csv,solo2025,ubic_est-lon,n-edaf-cec-silt,197,18,ID_POLIGONO|conjunto|rendimiento_t_ha|area_ha|ndvi_s2_int|ndvi_s2_media_sep_oct|crc_s2_media|vi6t_landsat_max|lai_planet_max|lluvia_ciclo_mm|pendiente_grados|elevacion_m|estado|lon|sg_nitrogen_0-5cm_mean|edaf_grupo|sg_cec_0-5cm_mean|sg_silt_0-5cm_mean,estado|lon,sg_nitrogen_0-5cm_mean|edaf_grupo|sg_cec_0-5cm_mean|sg_silt_0-5cm_mean,curados_extendidos,v1
parcelas_solo2025_ubic_est-lat_reto_v1,curados_reto/parcelas_solo2025_ubic_est-lat_reto_v1.csv,solo2025,ubic_est-lat,reto,197,14,ID_POLIGONO|conjunto|rendimiento_t_ha|area_ha|ndvi_s2_int|ndvi_s2_media_sep_oct|crc_s2_media|vi6t_landsat_max|lai_planet_max|lluvia_ciclo_mm|pendiente_grados|elevacion_m|estado|lat,estado|lat,,curados_reto,v1
parcelas_solo2025_ubic_est-lat_n_v1,curados_extendidos/parcelas_solo2025_ubic_est-lat_n_v1.csv,solo2025,ubic_est-lat,n,197,15,ID_POLIGONO|conjunto|rendimiento_t_ha|area_ha|ndvi_s2_int|ndvi_s2_media_sep_oct|crc_s2_media|vi6t_landsat_max|lai_planet_max|lluvia_ciclo_mm|pendiente_grados|elevacion_m|estado|lat|sg_nitrogen_0-5cm_mean,estado|lat,sg_nitrogen_0-5cm_mean,curados_extendidos,v1
parcelas_solo2025_ubic_est-lat_edaf_v1,curados_extendidos/parcelas_solo2025_ubic_est-lat_edaf_v1.csv,solo2025,ubic_est-lat,edaf,197,15,ID_POLIGONO|conjunto|rendimiento_t_ha|area_ha|ndvi_s2_int|ndvi_s2_media_sep_oct|crc_s2_media|vi6t_landsat_max|lai_planet_max|lluvia_ciclo_mm|pendiente_grados|elevacion_m|estado|lat|edaf_grupo,estado|lat,edaf_grupo,curados_extendidos,v1
parcelas_solo2025_ubic_est-lat_cec_v1,curados_extendidos/parcelas_solo2025_ubic_est-lat_cec_v1.csv,solo2025,ubic_est-lat,cec,197,15,ID_POLIGONO|conjunto|rendimiento_t_ha|area_ha|ndvi_s2_int|ndvi_s2_media_sep_oct|crc_s2_media|vi6t_landsat_max|lai_planet_max|lluvia_ciclo_mm|pendiente_grados|elevacion_m|estado|lat|sg_cec_0-5cm_mean,estado|lat,sg_cec_0-5cm_mean,curados_extendidos,v1
parcelas_solo2025_ubic_est-lat_silt_v1,curados_extendidos/parcelas_solo2025_ubic_est-lat_silt_v1.csv,solo2025,ubic_est-lat,silt,197,15,ID_POLIGONO|conjunto|rendimiento_t_ha|area_ha|ndvi_s2_int|ndvi_s2_media_sep_oct|crc_s2_media|vi6t_landsat_max|lai_planet_max|lluvia_ciclo_mm|pendiente_grados|elevacion_m|estado|lat|sg_silt_0-5cm_mean,estado|lat,sg_silt_0-5cm_mean,curados_extendidos,v1
parcelas_solo2025_ubic_est-lat_n-edaf_v1,curados_extendidos/parcelas_solo2025_ubic_est-lat_n-edaf_v1.csv,solo2025,ubic_est-lat,n-edaf,197,16,ID_POLIGONO|conjunto|rendimiento_t_ha|area_ha|ndvi_s2_int|ndvi_s2_media_sep_oct|crc_s2_media|vi6t_landsat_max|lai_planet_max|lluvia_ciclo_mm|pendiente_grados|elevacion_m|estado|lat|sg_nitrogen_0-5cm_mean|edaf_grupo,estado|lat,sg_nitrogen_0-5cm_mean|edaf_grupo,curados_extendidos,v1
parcelas_solo2025_ubic_est-lat_n-cec_v1,curados_extendidos/parcelas_solo2025_ubic_est-lat_n-cec_v1.csv,solo2025,ubic_est-lat,n-cec,197,16,ID_POLIGONO|conjunto|rendimiento_t_ha|area_ha|ndvi_s2_int|ndvi_s2_media_sep_oct|crc_s2_media|vi6t_landsat_max|lai_planet_max|lluvia_ciclo_mm|pendiente_grados|elevacion_m|estado|lat|sg_nitrogen_0-5cm_mean|sg_cec_0-5cm_mean,estado|lat,sg_nitrogen_0-5cm_mean|sg_cec_0-5cm_mean,curados_extendidos,v1
parcelas_solo2025_ubic_est-lat_n-silt_v1,curados_extendidos/parcelas_solo2025_ubic_est-lat_n-silt_v1.csv,solo2025,ubic_est-lat,n-silt,197,16,ID_POLIGONO|conjunto|rendimiento_t_ha|area_ha|ndvi_s2_int|ndvi_s2_media_sep_oct|crc_s2_media|vi6t_landsat_max|lai_planet_max|lluvia_ciclo_mm|pendiente_grados|elevacion_m|estado|lat|sg_nitrogen_0-5cm_mean|sg_silt_0-5cm_mean,estado|lat,sg_nitrogen_0-5cm_mean|sg_silt_0-5cm_mean,curados_extendidos,v1
parcelas_solo2025_ubic_est-lat_edaf-cec_v1,curados_extendidos/parcelas_solo2025_ubic_est-lat_edaf-cec_v1.csv,solo2025,ubic_est-lat,edaf-cec,197,16,ID_POLIGONO|conjunto|rendimiento_t_ha|area_ha|ndvi_s2_int|ndvi_s2_media_sep_oct|crc_s2_media|vi6t_landsat_max|lai_planet_max|lluvia_ciclo_mm|pendiente_grados|elevacion_m|estado|lat|edaf_grupo|sg_cec_0-5cm_mean,estado|lat,edaf_grupo|sg_cec_0-5cm_mean,curados_extendidos,v1
parcelas_solo2025_ubic_est-lat_edaf-silt_v1,curados_extendidos/parcelas_solo2025_ubic_est-lat_edaf-silt_v1.csv,solo2025,ubic_est-lat,edaf-silt,197,16,ID_POLIGONO|conjunto|rendimiento_t_ha|area_ha|ndvi_s2_int|ndvi_s2_media_sep_oct|crc_s2_media|vi6t_landsat_max|lai_planet_max|lluvia_ciclo_mm|pendiente_grados|elevacion_m|estado|lat|edaf_grupo|sg_silt_0-5cm_mean,estado|lat,edaf_grupo|sg_silt_0-5cm_mean,curados_extendidos,v1
parcelas_solo2025_ubic_est-lat_cec-silt_v1,curados_extendidos/parcelas_solo2025_ubic_est-lat_cec-silt_v1.csv,solo2025,ubic_est-lat,cec-silt,197,16,ID_POLIGONO|conjunto|rendimiento_t_ha|area_ha|ndvi_s2_int|ndvi_s2_media_sep_oct|crc_s2_media|vi6t_landsat_max|lai_planet_max|lluvia_ciclo_mm|pendiente_grados|elevacion_m|estado|lat|sg_cec_0-5cm_mean|sg_silt_0-5cm_mean,estado|lat,sg_cec_0-5cm_mean|sg_silt_0-5cm_mean,curados_extendidos,v1
parcelas_solo2025_ubic_est-lat_n-edaf-cec_v1,curados_extendidos/parcelas_solo2025_ubic_est-lat_n-edaf-cec_v1.csv,solo2025,ubic_est-lat,n-edaf-cec,197,17,ID_POLIGONO|conjunto|rendimiento_t_ha|area_ha|ndvi_s2_int|ndvi_s2_media_sep_oct|crc_s2_media|vi6t_landsat_max|lai_planet_max|lluvia_ciclo_mm|pendiente_grados|elevacion_m|estado|lat|sg_nitrogen_0-5cm_mean|edaf_grupo|sg_cec_0-5cm_mean,estado|lat,sg_nitrogen_0-5cm_mean|edaf_grupo|sg_cec_0-5cm_mean,curados_extendidos,v1
parcelas_solo2025_ubic_est-lat_n-edaf-silt_v1,curados_extendidos/parcelas_solo2025_ubic_est-lat_n-edaf-silt_v1.csv,solo2025,ubic_est-lat,n-edaf-silt,197,17,ID_POLIGONO|conjunto|rendimiento_t_ha|area_ha|ndvi_s2_int|ndvi_s2_media_sep_oct|crc_s2_media|vi6t_landsat_max|lai_planet_max|lluvia_ciclo_mm|pendiente_grados|elevacion_m|estado|lat|sg_nitrogen_0-5cm_mean|edaf_grupo|sg_silt_0-5cm_mean,estado|lat,sg_nitrogen_0-5cm_mean|edaf_grupo|sg_silt_0-5cm_mean,curados_extendidos,v1
parcelas_solo2025_ubic_est-lat_n-cec-silt_v1,curados_extendidos/parcelas_solo2025_ubic_est-lat_n-cec-silt_v1.csv,solo2025,ubic_est-lat,n-cec-silt,197,17,ID_POLIGONO|conjunto|rendimiento_t_ha|area_ha|ndvi_s2_int|ndvi_s2_media_sep_oct|crc_s2_media|vi6t_landsat_max|lai_planet_max|lluvia_ciclo_mm|pendiente_grados|elevacion_m|estado|lat|sg_nitrogen_0-5cm_mean|sg_cec_0-5cm_mean|sg_silt_0-5cm_mean,estado|lat,sg_nitrogen_0-5cm_mean|sg_cec_0-5cm_mean|sg_silt_0-5cm_mean,curados_extendidos,v1
parcelas_solo2025_ubic_est-lat_edaf-cec-silt_v1,curados_extendidos/parcelas_solo2025_ubic_est-lat_edaf-cec-silt_v1.csv,solo2025,ubic_est-lat,edaf-cec-silt,197,17,ID_POLIGONO|conjunto|rendimiento_t_ha|area_ha|ndvi_s2_int|ndvi_s2_media_sep_oct|crc_s2_media|vi6t_landsat_max|lai_planet_max|lluvia_ciclo_mm|pendiente_grados|elevacion_m|estado|lat|edaf_grupo|sg_cec_0-5cm_mean|sg_silt_0-5cm_mean,estado|lat,edaf_grupo|sg_cec_0-5cm_mean|sg_silt_0-5cm_mean,curados_extendidos,v1
parcelas_solo2025_ubic_est-lat_n-edaf-cec-silt_v1,curados_extendidos/parcelas_solo2025_ubic_est-lat_n-edaf-cec-silt_v1.csv,solo2025,ubic_est-lat,n-edaf-cec-silt,197,18,ID_POLIGONO|conjunto|rendimiento_t_ha|area_ha|ndvi_s2_int|ndvi_s2_media_sep_oct|crc_s2_media|vi6t_landsat_max|lai_planet_max|lluvia_ciclo_mm|pendiente_grados|elevacion_m|estado|lat|sg_nitrogen_0-5cm_mean|edaf_grupo|sg_cec_0-5cm_mean|sg_silt_0-5cm_mean,estado|lat,sg_nitrogen_0-5cm_mean|edaf_grupo|sg_cec_0-5cm_mean|sg_silt_0-5cm_mean,curados_extendidos,v1
parcelas_solo2025_ubic_est-pix_reto_v1,curados_reto/parcelas_solo2025_ubic_est-pix_reto_v1.csv,solo2025,ubic_est-pix,reto,197,14,ID_POLIGONO|conjunto|rendimiento_t_ha|area_ha|ndvi_s2_int|ndvi_s2_media_sep_oct|crc_s2_media|vi6t_landsat_max|lai_planet_max|lluvia_ciclo_mm|pendiente_grados|elevacion_m|estado|pixel_clima,estado|pixel_clima,,curados_reto,v1
parcelas_solo2025_ubic_est-pix_n_v1,curados_extendidos/parcelas_solo2025_ubic_est-pix_n_v1.csv,solo2025,ubic_est-pix,n,197,15,ID_POLIGONO|conjunto|rendimiento_t_ha|area_ha|ndvi_s2_int|ndvi_s2_media_sep_oct|crc_s2_media|vi6t_landsat_max|lai_planet_max|lluvia_ciclo_mm|pendiente_grados|elevacion_m|estado|pixel_clima|sg_nitrogen_0-5cm_mean,estado|pixel_clima,sg_nitrogen_0-5cm_mean,curados_extendidos,v1
parcelas_solo2025_ubic_est-pix_edaf_v1,curados_extendidos/parcelas_solo2025_ubic_est-pix_edaf_v1.csv,solo2025,ubic_est-pix,edaf,197,15,ID_POLIGONO|conjunto|rendimiento_t_ha|area_ha|ndvi_s2_int|ndvi_s2_media_sep_oct|crc_s2_media|vi6t_landsat_max|lai_planet_max|lluvia_ciclo_mm|pendiente_grados|elevacion_m|estado|pixel_clima|edaf_grupo,estado|pixel_clima,edaf_grupo,curados_extendidos,v1
parcelas_solo2025_ubic_est-pix_cec_v1,curados_extendidos/parcelas_solo2025_ubic_est-pix_cec_v1.csv,solo2025,ubic_est-pix,cec,197,15,ID_POLIGONO|conjunto|rendimiento_t_ha|area_ha|ndvi_s2_int|ndvi_s2_media_sep_oct|crc_s2_media|vi6t_landsat_max|lai_planet_max|lluvia_ciclo_mm|pendiente_grados|elevacion_m|estado|pixel_clima|sg_cec_0-5cm_mean,estado|pixel_clima,sg_cec_0-5cm_mean,curados_extendidos,v1
parcelas_solo2025_ubic_est-pix_silt_v1,curados_extendidos/parcelas_solo2025_ubic_est-pix_silt_v1.csv,solo2025,ubic_est-pix,silt,197,15,ID_POLIGONO|conjunto|rendimiento_t_ha|area_ha|ndvi_s2_int|ndvi_s2_media_sep_oct|crc_s2_media|vi6t_landsat_max|lai_planet_max|lluvia_ciclo_mm|pendiente_grados|elevacion_m|estado|pixel_clima|sg_silt_0-5cm_mean,estado|pixel_clima,sg_silt_0-5cm_mean,curados_extendidos,v1
parcelas_solo2025_ubic_est-pix_n-edaf_v1,curados_extendidos/parcelas_solo2025_ubic_est-pix_n-edaf_v1.csv,solo2025,ubic_est-pix,n-edaf,197,16,ID_POLIGONO|conjunto|rendimiento_t_ha|area_ha|ndvi_s2_int|ndvi_s2_media_sep_oct|crc_s2_media|vi6t_landsat_max|lai_planet_max|lluvia_ciclo_mm|pendiente_grados|elevacion_m|estado|pixel_clima|sg_nitrogen_0-5cm_mean|edaf_grupo,estado|pixel_clima,sg_nitrogen_0-5cm_mean|edaf_grupo,curados_extendidos,v1
parcelas_solo2025_ubic_est-pix_n-cec_v1,curados_extendidos/parcelas_solo2025_ubic_est-pix_n-cec_v1.csv,solo2025,ubic_est-pix,n-cec,197,16,ID_POLIGONO|conjunto|rendimiento_t_ha|area_ha|ndvi_s2_int|ndvi_s2_media_sep_oct|crc_s2_media|vi6t_landsat_max|lai_planet_max|lluvia_ciclo_mm|pendiente_grados|elevacion_m|estado|pixel_clima|sg_nitrogen_0-5cm_mean|sg_cec_0-5cm_mean,estado|pixel_clima,sg_nitrogen_0-5cm_mean|sg_cec_0-5cm_mean,curados_extendidos,v1
parcelas_solo2025_ubic_est-pix_n-silt_v1,curados_extendidos/parcelas_solo2025_ubic_est-pix_n-silt_v1.csv,solo2025,ubic_est-pix,n-silt,197,16,ID_POLIGONO|conjunto|rendimiento_t_ha|area_ha|ndvi_s2_int|ndvi_s2_media_sep_oct|crc_s2_media|vi6t_landsat_max|lai_planet_max|lluvia_ciclo_mm|pendiente_grados|elevacion_m|estado|pixel_clima|sg_nitrogen_0-5cm_mean|sg_silt_0-5cm_mean,estado|pixel_clima,sg_nitrogen_0-5cm_mean|sg_silt_0-5cm_mean,curados_extendidos,v1
parcelas_solo2025_ubic_est-pix_edaf-cec_v1,curados_extendidos/parcelas_solo2025_ubic_est-pix_edaf-cec_v1.csv,solo2025,ubic_est-pix,edaf-cec,197,16,ID_POLIGONO|conjunto|rendimiento_t_ha|area_ha|ndvi_s2_int|ndvi_s2_media_sep_oct|crc_s2_media|vi6t_landsat_max|lai_planet_max|lluvia_ciclo_mm|pendiente_grados|elevacion_m|estado|pixel_clima|edaf_grupo|sg_cec_0-5cm_mean,estado|pixel_clima,edaf_grupo|sg_cec_0-5cm_mean,curados_extendidos,v1
parcelas_solo2025_ubic_est-pix_edaf-silt_v1,curados_extendidos/parcelas_solo2025_ubic_est-pix_edaf-silt_v1.csv,solo2025,ubic_est-pix,edaf-silt,197,16,ID_POLIGONO|conjunto|rendimiento_t_ha|area_ha|ndvi_s2_int|ndvi_s2_media_sep_oct|crc_s2_media|vi6t_landsat_max|lai_planet_max|lluvia_ciclo_mm|pendiente_grados|elevacion_m|estado|pixel_clima|edaf_grupo|sg_silt_0-5cm_mean,estado|pixel_clima,edaf_grupo|sg_silt_0-5cm_mean,curados_extendidos,v1
parcelas_solo2025_ubic_est-pix_cec-silt_v1,curados_extendidos/parcelas_solo2025_ubic_est-pix_cec-silt_v1.csv,solo2025,ubic_est-pix,cec-silt,197,16,ID_POLIGONO|conjunto|rendimiento_t_ha|area_ha|ndvi_s2_int|ndvi_s2_media_sep_oct|crc_s2_media|vi6t_landsat_max|lai_planet_max|lluvia_ciclo_mm|pendiente_grados|elevacion_m|estado|pixel_clima|sg_cec_0-5cm_mean|sg_silt_0-5cm_mean,estado|pixel_clima,sg_cec_0-5cm_mean|sg_silt_0-5cm_mean,curados_extendidos,v1
parcelas_solo2025_ubic_est-pix_n-edaf-cec_v1,curados_extendidos/parcelas_solo2025_ubic_est-pix_n-edaf-cec_v1.csv,solo2025,ubic_est-pix,n-edaf-cec,197,17,ID_POLIGONO|conjunto|rendimiento_t_ha|area_ha|ndvi_s2_int|ndvi_s2_media_sep_oct|crc_s2_media|vi6t_landsat_max|lai_planet_max|lluvia_ciclo_mm|pendiente_grados|elevacion_m|estado|pixel_clima|sg_nitrogen_0-5cm_mean|edaf_grupo|sg_cec_0-5cm_mean,estado|pixel_clima,sg_nitrogen_0-5cm_mean|edaf_grupo|sg_cec_0-5cm_mean,curados_extendidos,v1
parcelas_solo2025_ubic_est-pix_n-edaf-silt_v1,curados_extendidos/parcelas_solo2025_ubic_est-pix_n-edaf-silt_v1.csv,solo2025,ubic_est-pix,n-edaf-silt,197,17,ID_POLIGONO|conjunto|rendimiento_t_ha|area_ha|ndvi_s2_int|ndvi_s2_media_sep_oct|crc_s2_media|vi6t_landsat_max|lai_planet_max|lluvia_ciclo_mm|pendiente_grados|elevacion_m|estado|pixel_clima|sg_nitrogen_0-5cm_mean|edaf_grupo|sg_silt_0-5cm_mean,estado|pixel_clima,sg_nitrogen_0-5cm_mean|edaf_grupo|sg_silt_0-5cm_mean,curados_extendidos,v1
parcelas_solo2025_ubic_est-pix_n-cec-silt_v1,curados_extendidos/parcelas_solo2025_ubic_est-pix_n-cec-silt_v1.csv,solo2025,ubic_est-pix,n-cec-silt,197,17,ID_POLIGONO|conjunto|rendimiento_t_ha|area_ha|ndvi_s2_int|ndvi_s2_media_sep_oct|crc_s2_media|vi6t_landsat_max|lai_planet_max|lluvia_ciclo_mm|pendiente_grados|elevacion_m|estado|pixel_clima|sg_nitrogen_0-5cm_mean|sg_cec_0-5cm_mean|sg_silt_0-5cm_mean,estado|pixel_clima,sg_nitrogen_0-5cm_mean|sg_cec_0-5cm_mean|sg_silt_0-5cm_mean,curados_extendidos,v1
parcelas_solo2025_ubic_est-pix_edaf-cec-silt_v1,curados_extendidos/parcelas_solo2025_ubic_est-pix_edaf-cec-silt_v1.csv,solo2025,ubic_est-pix,edaf-cec-silt,197,17,ID_POLIGONO|conjunto|rendimiento_t_ha|area_ha|ndvi_s2_int|ndvi_s2_media_sep_oct|crc_s2_media|vi6t_landsat_max|lai_planet_max|lluvia_ciclo_mm|pendiente_grados|elevacion_m|estado|pixel_clima|edaf_grupo|sg_cec_0-5cm_mean|sg_silt_0-5cm_mean,estado|pixel_clima,edaf_grupo|sg_cec_0-5cm_mean|sg_silt_0-5cm_mean,curados_extendidos,v1
parcelas_solo2025_ubic_est-pix_n-edaf-cec-silt_v1,curados_extendidos/parcelas_solo2025_ubic_est-pix_n-edaf-cec-silt_v1.csv,solo2025,ubic_est-pix,n-edaf-cec-silt,197,18,ID_POLIGONO|conjunto|rendimiento_t_ha|area_ha|ndvi_s2_int|ndvi_s2_media_sep_oct|crc_s2_media|vi6t_landsat_max|lai_planet_max|lluvia_ciclo_mm|pendiente_grados|elevacion_m|estado|pixel_clima|sg_nitrogen_0-5cm_mean|edaf_grupo|sg_cec_0-5cm_mean|sg_silt_0-5cm_mean,estado|pixel_clima,sg_nitrogen_0-5cm_mean|edaf_grupo|sg_cec_0-5cm_mean|sg_silt_0-5cm_mean,curados_extendidos,v1
parcelas_solo2025_ubic_mun-lon_reto_v1,curados_reto/parcelas_solo2025_ubic_mun-lon_reto_v1.csv,solo2025,ubic_mun-lon,reto,197,14,ID_POLIGONO|conjunto|rendimiento_t_ha|area_ha|ndvi_s2_int|ndvi_s2_media_sep_oct|crc_s2_media|vi6t_landsat_max|lai_planet_max|lluvia_ciclo_mm|pendiente_grados|elevacion_m|municipio|lon,municipio|lon,,curados_reto,v1
parcelas_solo2025_ubic_mun-lon_n_v1,curados_extendidos/parcelas_solo2025_ubic_mun-lon_n_v1.csv,solo2025,ubic_mun-lon,n,197,15,ID_POLIGONO|conjunto|rendimiento_t_ha|area_ha|ndvi_s2_int|ndvi_s2_media_sep_oct|crc_s2_media|vi6t_landsat_max|lai_planet_max|lluvia_ciclo_mm|pendiente_grados|elevacion_m|municipio|lon|sg_nitrogen_0-5cm_mean,municipio|lon,sg_nitrogen_0-5cm_mean,curados_extendidos,v1
parcelas_solo2025_ubic_mun-lon_edaf_v1,curados_extendidos/parcelas_solo2025_ubic_mun-lon_edaf_v1.csv,solo2025,ubic_mun-lon,edaf,197,15,ID_POLIGONO|conjunto|rendimiento_t_ha|area_ha|ndvi_s2_int|ndvi_s2_media_sep_oct|crc_s2_media|vi6t_landsat_max|lai_planet_max|lluvia_ciclo_mm|pendiente_grados|elevacion_m|municipio|lon|edaf_grupo,municipio|lon,edaf_grupo,curados_extendidos,v1
parcelas_solo2025_ubic_mun-lon_cec_v1,curados_extendidos/parcelas_solo2025_ubic_mun-lon_cec_v1.csv,solo2025,ubic_mun-lon,cec,197,15,ID_POLIGONO|conjunto|rendimiento_t_ha|area_ha|ndvi_s2_int|ndvi_s2_media_sep_oct|crc_s2_media|vi6t_landsat_max|lai_planet_max|lluvia_ciclo_mm|pendiente_grados|elevacion_m|municipio|lon|sg_cec_0-5cm_mean,municipio|lon,sg_cec_0-5cm_mean,curados_extendidos,v1
parcelas_solo2025_ubic_mun-lon_silt_v1,curados_extendidos/parcelas_solo2025_ubic_mun-lon_silt_v1.csv,solo2025,ubic_mun-lon,silt,197,15,ID_POLIGONO|conjunto|rendimiento_t_ha|area_ha|ndvi_s2_int|ndvi_s2_media_sep_oct|crc_s2_media|vi6t_landsat_max|lai_planet_max|lluvia_ciclo_mm|pendiente_grados|elevacion_m|municipio|lon|sg_silt_0-5cm_mean,municipio|lon,sg_silt_0-5cm_mean,curados_extendidos,v1
parcelas_solo2025_ubic_mun-lon_n-edaf_v1,curados_extendidos/parcelas_solo2025_ubic_mun-lon_n-edaf_v1.csv,solo2025,ubic_mun-lon,n-edaf,197,16,ID_POLIGONO|conjunto|rendimiento_t_ha|area_ha|ndvi_s2_int|ndvi_s2_media_sep_oct|crc_s2_media|vi6t_landsat_max|lai_planet_max|lluvia_ciclo_mm|pendiente_grados|elevacion_m|municipio|lon|sg_nitrogen_0-5cm_mean|edaf_grupo,municipio|lon,sg_nitrogen_0-5cm_mean|edaf_grupo,curados_extendidos,v1
parcelas_solo2025_ubic_mun-lon_n-cec_v1,curados_extendidos/parcelas_solo2025_ubic_mun-lon_n-cec_v1.csv,solo2025,ubic_mun-lon,n-cec,197,16,ID_POLIGONO|conjunto|rendimiento_t_ha|area_ha|ndvi_s2_int|ndvi_s2_media_sep_oct|crc_s2_media|vi6t_landsat_max|lai_planet_max|lluvia_ciclo_mm|pendiente_grados|elevacion_m|municipio|lon|sg_nitrogen_0-5cm_mean|sg_cec_0-5cm_mean,municipio|lon,sg_nitrogen_0-5cm_mean|sg_cec_0-5cm_mean,curados_extendidos,v1
parcelas_solo2025_ubic_mun-lon_n-silt_v1,curados_extendidos/parcelas_solo2025_ubic_mun-lon_n-silt_v1.csv,solo2025,ubic_mun-lon,n-silt,197,16,ID_POLIGONO|conjunto|rendimiento_t_ha|area_ha|ndvi_s2_int|ndvi_s2_media_sep_oct|crc_s2_media|vi6t_landsat_max|lai_planet_max|lluvia_ciclo_mm|pendiente_grados|elevacion_m|municipio|lon|sg_nitrogen_0-5cm_mean|sg_silt_0-5cm_mean,municipio|lon,sg_nitrogen_0-5cm_mean|sg_silt_0-5cm_mean,curados_extendidos,v1
parcelas_solo2025_ubic_mun-lon_edaf-cec_v1,curados_extendidos/parcelas_solo2025_ubic_mun-lon_edaf-cec_v1.csv,solo2025,ubic_mun-lon,edaf-cec,197,16,ID_POLIGONO|conjunto|rendimiento_t_ha|area_ha|ndvi_s2_int|ndvi_s2_media_sep_oct|crc_s2_media|vi6t_landsat_max|lai_planet_max|lluvia_ciclo_mm|pendiente_grados|elevacion_m|municipio|lon|edaf_grupo|sg_cec_0-5cm_mean,municipio|lon,edaf_grupo|sg_cec_0-5cm_mean,curados_extendidos,v1
parcelas_solo2025_ubic_mun-lon_edaf-silt_v1,curados_extendidos/parcelas_solo2025_ubic_mun-lon_edaf-silt_v1.csv,solo2025,ubic_mun-lon,edaf-silt,197,16,ID_POLIGONO|conjunto|rendimiento_t_ha|area_ha|ndvi_s2_int|ndvi_s2_media_sep_oct|crc_s2_media|vi6t_landsat_max|lai_planet_max|lluvia_ciclo_mm|pendiente_grados|elevacion_m|municipio|lon|edaf_grupo|sg_silt_0-5cm_mean,municipio|lon,edaf_grupo|sg_silt_0-5cm_mean,curados_extendidos,v1
parcelas_solo2025_ubic_mun-lon_cec-silt_v1,curados_extendidos/parcelas_solo2025_ubic_mun-lon_cec-silt_v1.csv,solo2025,ubic_mun-lon,cec-silt,197,16,ID_POLIGONO|conjunto|rendimiento_t_ha|area_ha|ndvi_s2_int|ndvi_s2_media_sep_oct|crc_s2_media|vi6t_landsat_max|lai_planet_max|lluvia_ciclo_mm|pendiente_grados|elevacion_m|municipio|lon|sg_cec_0-5cm_mean|sg_silt_0-5cm_mean,municipio|lon,sg_cec_0-5cm_mean|sg_silt_0-5cm_mean,curados_extendidos,v1
parcelas_solo2025_ubic_mun-lon_n-edaf-cec_v1,curados_extendidos/parcelas_solo2025_ubic_mun-lon_n-edaf-cec_v1.csv,solo2025,ubic_mun-lon,n-edaf-cec,197,17,ID_POLIGONO|conjunto|rendimiento_t_ha|area_ha|ndvi_s2_int|ndvi_s2_media_sep_oct|crc_s2_media|vi6t_landsat_max|lai_planet_max|lluvia_ciclo_mm|pendiente_grados|elevacion_m|municipio|lon|sg_nitrogen_0-5cm_mean|edaf_grupo|sg_cec_0-5cm_mean,municipio|lon,sg_nitrogen_0-5cm_mean|edaf_grupo|sg_cec_0-5cm_mean,curados_extendidos,v1
parcelas_solo2025_ubic_mun-lon_n-edaf-silt_v1,curados_extendidos/parcelas_solo2025_ubic_mun-lon_n-edaf-silt_v1.csv,solo2025,ubic_mun-lon,n-edaf-silt,197,17,ID_POLIGONO|conjunto|rendimiento_t_ha|area_ha|ndvi_s2_int|ndvi_s2_media_sep_oct|crc_s2_media|vi6t_landsat_max|lai_planet_max|lluvia_ciclo_mm|pendiente_grados|elevacion_m|municipio|lon|sg_nitrogen_0-5cm_mean|edaf_grupo|sg_silt_0-5cm_mean,municipio|lon,sg_nitrogen_0-5cm_mean|edaf_grupo|sg_silt_0-5cm_mean,curados_extendidos,v1
parcelas_solo2025_ubic_mun-lon_n-cec-silt_v1,curados_extendidos/parcelas_solo2025_ubic_mun-lon_n-cec-silt_v1.csv,solo2025,ubic_mun-lon,n-cec-silt,197,17,ID_POLIGONO|conjunto|rendimiento_t_ha|area_ha|ndvi_s2_int|ndvi_s2_media_sep_oct|crc_s2_media|vi6t_landsat_max|lai_planet_max|lluvia_ciclo_mm|pendiente_grados|elevacion_m|municipio|lon|sg_nitrogen_0-5cm_mean|sg_cec_0-5cm_mean|sg_silt_0-5cm_mean,municipio|lon,sg_nitrogen_0-5cm_mean|sg_cec_0-5cm_mean|sg_silt_0-5cm_mean,curados_extendidos,v1
parcelas_solo2025_ubic_mun-lon_edaf-cec-silt_v1,curados_extendidos/parcelas_solo2025_ubic_mun-lon_edaf-cec-silt_v1.csv,solo2025,ubic_mun-lon,edaf-cec-silt,197,17,ID_POLIGONO|conjunto|rendimiento_t_ha|area_ha|ndvi_s2_int|ndvi_s2_media_sep_oct|crc_s2_media|vi6t_landsat_max|lai_planet_max|lluvia_ciclo_mm|pendiente_grados|elevacion_m|municipio|lon|edaf_grupo|sg_cec_0-5cm_mean|sg_silt_0-5cm_mean,municipio|lon,edaf_grupo|sg_cec_0-5cm_mean|sg_silt_0-5cm_mean,curados_extendidos,v1
parcelas_solo2025_ubic_mun-lon_n-edaf-cec-silt_v1,curados_extendidos/parcelas_solo2025_ubic_mun-lon_n-edaf-cec-silt_v1.csv,solo2025,ubic_mun-lon,n-edaf-cec-silt,197,18,ID_POLIGONO|conjunto|rendimiento_t_ha|area_ha|ndvi_s2_int|ndvi_s2_media_sep_oct|crc_s2_media|vi6t_landsat_max|lai_planet_max|lluvia_ciclo_mm|pendiente_grados|elevacion_m|municipio|lon|sg_nitrogen_0-5cm_mean|edaf_grupo|sg_cec_0-5cm_mean|sg_silt_0-5cm_mean,municipio|lon,sg_nitrogen_0-5cm_mean|edaf_grupo|sg_cec_0-5cm_mean|sg_silt_0-5cm_mean,curados_extendidos,v1
parcelas_solo2025_ubic_mun-lat_reto_v1,curados_reto/parcelas_solo2025_ubic_mun-lat_reto_v1.csv,solo2025,ubic_mun-lat,reto,197,14,ID_POLIGONO|conjunto|rendimiento_t_ha|area_ha|ndvi_s2_int|ndvi_s2_media_sep_oct|crc_s2_media|vi6t_landsat_max|lai_planet_max|lluvia_ciclo_mm|pendiente_grados|elevacion_m|municipio|lat,municipio|lat,,curados_reto,v1
parcelas_solo2025_ubic_mun-lat_n_v1,curados_extendidos/parcelas_solo2025_ubic_mun-lat_n_v1.csv,solo2025,ubic_mun-lat,n,197,15,ID_POLIGONO|conjunto|rendimiento_t_ha|area_ha|ndvi_s2_int|ndvi_s2_media_sep_oct|crc_s2_media|vi6t_landsat_max|lai_planet_max|lluvia_ciclo_mm|pendiente_grados|elevacion_m|municipio|lat|sg_nitrogen_0-5cm_mean,municipio|lat,sg_nitrogen_0-5cm_mean,curados_extendidos,v1
parcelas_solo2025_ubic_mun-lat_edaf_v1,curados_extendidos/parcelas_solo2025_ubic_mun-lat_edaf_v1.csv,solo2025,ubic_mun-lat,edaf,197,15,ID_POLIGONO|conjunto|rendimiento_t_ha|area_ha|ndvi_s2_int|ndvi_s2_media_sep_oct|crc_s2_media|vi6t_landsat_max|lai_planet_max|lluvia_ciclo_mm|pendiente_grados|elevacion_m|municipio|lat|edaf_grupo,municipio|lat,edaf_grupo,curados_extendidos,v1
parcelas_solo2025_ubic_mun-lat_cec_v1,curados_extendidos/parcelas_solo2025_ubic_mun-lat_cec_v1.csv,solo2025,ubic_mun-lat,cec,197,15,ID_POLIGONO|conjunto|rendimiento_t_ha|area_ha|ndvi_s2_int|ndvi_s2_media_sep_oct|crc_s2_media|vi6t_landsat_max|lai_planet_max|lluvia_ciclo_mm|pendiente_grados|elevacion_m|municipio|lat|sg_cec_0-5cm_mean,municipio|lat,sg_cec_0-5cm_mean,curados_extendidos,v1
parcelas_solo2025_ubic_mun-lat_silt_v1,curados_extendidos/parcelas_solo2025_ubic_mun-lat_silt_v1.csv,solo2025,ubic_mun-lat,silt,197,15,ID_POLIGONO|conjunto|rendimiento_t_ha|area_ha|ndvi_s2_int|ndvi_s2_media_sep_oct|crc_s2_media|vi6t_landsat_max|lai_planet_max|lluvia_ciclo_mm|pendiente_grados|elevacion_m|municipio|lat|sg_silt_0-5cm_mean,municipio|lat,sg_silt_0-5cm_mean,curados_extendidos,v1
parcelas_solo2025_ubic_mun-lat_n-edaf_v1,curados_extendidos/parcelas_solo2025_ubic_mun-lat_n-edaf_v1.csv,solo2025,ubic_mun-lat,n-edaf,197,16,ID_POLIGONO|conjunto|rendimiento_t_ha|area_ha|ndvi_s2_int|ndvi_s2_media_sep_oct|crc_s2_media|vi6t_landsat_max|lai_planet_max|lluvia_ciclo_mm|pendiente_grados|elevacion_m|municipio|lat|sg_nitrogen_0-5cm_mean|edaf_grupo,municipio|lat,sg_nitrogen_0-5cm_mean|edaf_grupo,curados_extendidos,v1
parcelas_solo2025_ubic_mun-lat_n-cec_v1,curados_extendidos/parcelas_solo2025_ubic_mun-lat_n-cec_v1.csv,solo2025,ubic_mun-lat,n-cec,197,16,ID_POLIGONO|conjunto|rendimiento_t_ha|area_ha|ndvi_s2_int|ndvi_s2_media_sep_oct|crc_s2_media|vi6t_landsat_max|lai_planet_max|lluvia_ciclo_mm|pendiente_grados|elevacion_m|municipio|lat|sg_nitrogen_0-5cm_mean|sg_cec_0-5cm_mean,municipio|lat,sg_nitrogen_0-5cm_mean|sg_cec_0-5cm_mean,curados_extendidos,v1
parcelas_solo2025_ubic_mun-lat_n-silt_v1,curados_extendidos/parcelas_solo2025_ubic_mun-lat_n-silt_v1.csv,solo2025,ubic_mun-lat,n-silt,197,16,ID_POLIGONO|conjunto|rendimiento_t_ha|area_ha|ndvi_s2_int|ndvi_s2_media_sep_oct|crc_s2_media|vi6t_landsat_max|lai_planet_max|lluvia_ciclo_mm|pendiente_grados|elevacion_m|municipio|lat|sg_nitrogen_0-5cm_mean|sg_silt_0-5cm_mean,municipio|lat,sg_nitrogen_0-5cm_mean|sg_silt_0-5cm_mean,curados_extendidos,v1
parcelas_solo2025_ubic_mun-lat_edaf-cec_v1,curados_extendidos/parcelas_solo2025_ubic_mun-lat_edaf-cec_v1.csv,solo2025,ubic_mun-lat,edaf-cec,197,16,ID_POLIGONO|conjunto|rendimiento_t_ha|area_ha|ndvi_s2_int|ndvi_s2_media_sep_oct|crc_s2_media|vi6t_landsat_max|lai_planet_max|lluvia_ciclo_mm|pendiente_grados|elevacion_m|municipio|lat|edaf_grupo|sg_cec_0-5cm_mean,municipio|lat,edaf_grupo|sg_cec_0-5cm_mean,curados_extendidos,v1
parcelas_solo2025_ubic_mun-lat_edaf-silt_v1,curados_extendidos/parcelas_solo2025_ubic_mun-lat_edaf-silt_v1.csv,solo2025,ubic_mun-lat,edaf-silt,197,16,ID_POLIGONO|conjunto|rendimiento_t_ha|area_ha|ndvi_s2_int|ndvi_s2_media_sep_oct|crc_s2_media|vi6t_landsat_max|lai_planet_max|lluvia_ciclo_mm|pendiente_grados|elevacion_m|municipio|lat|edaf_grupo|sg_silt_0-5cm_mean,municipio|lat,edaf_grupo|sg_silt_0-5cm_mean,curados_extendidos,v1
parcelas_solo2025_ubic_mun-lat_cec-silt_v1,curados_extendidos/parcelas_solo2025_ubic_mun-lat_cec-silt_v1.csv,solo2025,ubic_mun-lat,cec-silt,197,16,ID_POLIGONO|conjunto|rendimiento_t_ha|area_ha|ndvi_s2_int|ndvi_s2_media_sep_oct|crc_s2_media|vi6t_landsat_max|lai_planet_max|lluvia_ciclo_mm|pendiente_grados|elevacion_m|municipio|lat|sg_cec_0-5cm_mean|sg_silt_0-5cm_mean,municipio|lat,sg_cec_0-5cm_mean|sg_silt_0-5cm_mean,curados_extendidos,v1
parcelas_solo2025_ubic_mun-lat_n-edaf-cec_v1,curados_extendidos/parcelas_solo2025_ubic_mun-lat_n-edaf-cec_v1.csv,solo2025,ubic_mun-lat,n-edaf-cec,197,17,ID_POLIGONO|conjunto|rendimiento_t_ha|area_ha|ndvi_s2_int|ndvi_s2_media_sep_oct|crc_s2_media|vi6t_landsat_max|lai_planet_max|lluvia_ciclo_mm|pendiente_grados|elevacion_m|municipio|lat|sg_nitrogen_0-5cm_mean|edaf_grupo|sg_cec_0-5cm_mean,municipio|lat,sg_nitrogen_0-5cm_mean|edaf_grupo|sg_cec_0-5cm_mean,curados_extendidos,v1
parcelas_solo2025_ubic_mun-lat_n-edaf-silt_v1,curados_extendidos/parcelas_solo2025_ubic_mun-lat_n-edaf-silt_v1.csv,solo2025,ubic_mun-lat,n-edaf-silt,197,17,ID_POLIGONO|conjunto|rendimiento_t_ha|area_ha|ndvi_s2_int|ndvi_s2_media_sep_oct|crc_s2_media|vi6t_landsat_max|lai_planet_max|lluvia_ciclo_mm|pendiente_grados|elevacion_m|municipio|lat|sg_nitrogen_0-5cm_mean|edaf_grupo|sg_silt_0-5cm_mean,municipio|lat,sg_nitrogen_0-5cm_mean|edaf_grupo|sg_silt_0-5cm_mean,curados_extendidos,v1
parcelas_solo2025_ubic_mun-lat_n-cec-silt_v1,curados_extendidos/parcelas_solo2025_ubic_mun-lat_n-cec-silt_v1.csv,solo2025,ubic_mun-lat,n-cec-silt,197,17,ID_POLIGONO|conjunto|rendimiento_t_ha|area_ha|ndvi_s2_int|ndvi_s2_media_sep_oct|crc_s2_media|vi6t_landsat_max|lai_planet_max|lluvia_ciclo_mm|pendiente_grados|elevacion_m|municipio|lat|sg_nitrogen_0-5cm_mean|sg_cec_0-5cm_mean|sg_silt_0-5cm_mean,municipio|lat,sg_nitrogen_0-5cm_mean|sg_cec_0-5cm_mean|sg_silt_0-5cm_mean,curados_extendidos,v1
parcelas_solo2025_ubic_mun-lat_edaf-cec-silt_v1,curados_extendidos/parcelas_solo2025_ubic_mun-lat_edaf-cec-silt_v1.csv,solo2025,ubic_mun-lat,edaf-cec-silt,197,17,ID_POLIGONO|conjunto|rendimiento_t_ha|area_ha|ndvi_s2_int|ndvi_s2_media_sep_oct|crc_s2_media|vi6t_landsat_max|lai_planet_max|lluvia_ciclo_mm|pendiente_grados|elevacion_m|municipio|lat|edaf_grupo|sg_cec_0-5cm_mean|sg_silt_0-5cm_mean,municipio|lat,edaf_grupo|sg_cec_0-5cm_mean|sg_silt_0-5cm_mean,curados_extendidos,v1
parcelas_solo2025_ubic_mun-lat_n-edaf-cec-silt_v1,curados_extendidos/parcelas_solo2025_ubic_mun-lat_n-edaf-cec-silt_v1.csv,solo2025,ubic_mun-lat,n-edaf-cec-silt,197,18,ID_POLIGONO|conjunto|rendimiento_t_ha|area_ha|ndvi_s2_int|ndvi_s2_media_sep_oct|crc_s2_media|vi6t_landsat_max|lai_planet_max|lluvia_ciclo_mm|pendiente_grados|elevacion_m|municipio|lat|sg_nitrogen_0-5cm_mean|edaf_grupo|sg_cec_0-5cm_mean|sg_silt_0-5cm_mean,municipio|lat,sg_nitrogen_0-5cm_mean|edaf_grupo|sg_cec_0-5cm_mean|sg_silt_0-5cm_mean,curados_extendidos,v1
parcelas_solo2025_ubic_mun-pix_reto_v1,curados_reto/parcelas_solo2025_ubic_mun-pix_reto_v1.csv,solo2025,ubic_mun-pix,reto,197,14,ID_POLIGONO|conjunto|rendimiento_t_ha|area_ha|ndvi_s2_int|ndvi_s2_media_sep_oct|crc_s2_media|vi6t_landsat_max|lai_planet_max|lluvia_ciclo_mm|pendiente_grados|elevacion_m|municipio|pixel_clima,municipio|pixel_clima,,curados_reto,v1
parcelas_solo2025_ubic_mun-pix_n_v1,curados_extendidos/parcelas_solo2025_ubic_mun-pix_n_v1.csv,solo2025,ubic_mun-pix,n,197,15,ID_POLIGONO|conjunto|rendimiento_t_ha|area_ha|ndvi_s2_int|ndvi_s2_media_sep_oct|crc_s2_media|vi6t_landsat_max|lai_planet_max|lluvia_ciclo_mm|pendiente_grados|elevacion_m|municipio|pixel_clima|sg_nitrogen_0-5cm_mean,municipio|pixel_clima,sg_nitrogen_0-5cm_mean,curados_extendidos,v1
parcelas_solo2025_ubic_mun-pix_edaf_v1,curados_extendidos/parcelas_solo2025_ubic_mun-pix_edaf_v1.csv,solo2025,ubic_mun-pix,edaf,197,15,ID_POLIGONO|conjunto|rendimiento_t_ha|area_ha|ndvi_s2_int|ndvi_s2_media_sep_oct|crc_s2_media|vi6t_landsat_max|lai_planet_max|lluvia_ciclo_mm|pendiente_grados|elevacion_m|municipio|pixel_clima|edaf_grupo,municipio|pixel_clima,edaf_grupo,curados_extendidos,v1
parcelas_solo2025_ubic_mun-pix_cec_v1,curados_extendidos/parcelas_solo2025_ubic_mun-pix_cec_v1.csv,solo2025,ubic_mun-pix,cec,197,15,ID_POLIGONO|conjunto|rendimiento_t_ha|area_ha|ndvi_s2_int|ndvi_s2_media_sep_oct|crc_s2_media|vi6t_landsat_max|lai_planet_max|lluvia_ciclo_mm|pendiente_grados|elevacion_m|municipio|pixel_clima|sg_cec_0-5cm_mean,municipio|pixel_clima,sg_cec_0-5cm_mean,curados_extendidos,v1
parcelas_solo2025_ubic_mun-pix_silt_v1,curados_extendidos/parcelas_solo2025_ubic_mun-pix_silt_v1.csv,solo2025,ubic_mun-pix,silt,197,15,ID_POLIGONO|conjunto|rendimiento_t_ha|area_ha|ndvi_s2_int|ndvi_s2_media_sep_oct|crc_s2_media|vi6t_landsat_max|lai_planet_max|lluvia_ciclo_mm|pendiente_grados|elevacion_m|municipio|pixel_clima|sg_silt_0-5cm_mean,municipio|pixel_clima,sg_silt_0-5cm_mean,curados_extendidos,v1
parcelas_solo2025_ubic_mun-pix_n-edaf_v1,curados_extendidos/parcelas_solo2025_ubic_mun-pix_n-edaf_v1.csv,solo2025,ubic_mun-pix,n-edaf,197,16,ID_POLIGONO|conjunto|rendimiento_t_ha|area_ha|ndvi_s2_int|ndvi_s2_media_sep_oct|crc_s2_media|vi6t_landsat_max|lai_planet_max|lluvia_ciclo_mm|pendiente_grados|elevacion_m|municipio|pixel_clima|sg_nitrogen_0-5cm_mean|edaf_grupo,municipio|pixel_clima,sg_nitrogen_0-5cm_mean|edaf_grupo,curados_extendidos,v1
parcelas_solo2025_ubic_mun-pix_n-cec_v1,curados_extendidos/parcelas_solo2025_ubic_mun-pix_n-cec_v1.csv,solo2025,ubic_mun-pix,n-cec,197,16,ID_POLIGONO|conjunto|rendimiento_t_ha|area_ha|ndvi_s2_int|ndvi_s2_media_sep_oct|crc_s2_media|vi6t_landsat_max|lai_planet_max|lluvia_ciclo_mm|pendiente_grados|elevacion_m|municipio|pixel_clima|sg_nitrogen_0-5cm_mean|sg_cec_0-5cm_mean,municipio|pixel_clima,sg_nitrogen_0-5cm_mean|sg_cec_0-5cm_mean,curados_extendidos,v1
parcelas_solo2025_ubic_mun-pix_n-silt_v1,curados_extendidos/parcelas_solo2025_ubic_mun-pix_n-silt_v1.csv,solo2025,ubic_mun-pix,n-silt,197,16,ID_POLIGONO|conjunto|rendimiento_t_ha|area_ha|ndvi_s2_int|ndvi_s2_media_sep_oct|crc_s2_media|vi6t_landsat_max|lai_planet_max|lluvia_ciclo_mm|pendiente_grados|elevacion_m|municipio|pixel_clima|sg_nitrogen_0-5cm_mean|sg_silt_0-5cm_mean,municipio|pixel_clima,sg_nitrogen_0-5cm_mean|sg_silt_0-5cm_mean,curados_extendidos,v1
parcelas_solo2025_ubic_mun-pix_edaf-cec_v1,curados_extendidos/parcelas_solo2025_ubic_mun-pix_edaf-cec_v1.csv,solo2025,ubic_mun-pix,edaf-cec,197,16,ID_POLIGONO|conjunto|rendimiento_t_ha|area_ha|ndvi_s2_int|ndvi_s2_media_sep_oct|crc_s2_media|vi6t_landsat_max|lai_planet_max|lluvia_ciclo_mm|pendiente_grados|elevacion_m|municipio|pixel_clima|edaf_grupo|sg_cec_0-5cm_mean,municipio|pixel_clima,edaf_grupo|sg_cec_0-5cm_mean,curados_extendidos,v1
parcelas_solo2025_ubic_mun-pix_edaf-silt_v1,curados_extendidos/parcelas_solo2025_ubic_mun-pix_edaf-silt_v1.csv,solo2025,ubic_mun-pix,edaf-silt,197,16,ID_POLIGONO|conjunto|rendimiento_t_ha|area_ha|ndvi_s2_int|ndvi_s2_media_sep_oct|crc_s2_media|vi6t_landsat_max|lai_planet_max|lluvia_ciclo_mm|pendiente_grados|elevacion_m|municipio|pixel_clima|edaf_grupo|sg_silt_0-5cm_mean,municipio|pixel_clima,edaf_grupo|sg_silt_0-5cm_mean,curados_extendidos,v1
parcelas_solo2025_ubic_mun-pix_cec-silt_v1,curados_extendidos/parcelas_solo2025_ubic_mun-pix_cec-silt_v1.csv,solo2025,ubic_mun-pix,cec-silt,197,16,ID_POLIGONO|conjunto|rendimiento_t_ha|area_ha|ndvi_s2_int|ndvi_s2_media_sep_oct|crc_s2_media|vi6t_landsat_max|lai_planet_max|lluvia_ciclo_mm|pendiente_grados|elevacion_m|municipio|pixel_clima|sg_cec_0-5cm_mean|sg_silt_0-5cm_mean,municipio|pixel_clima,sg_cec_0-5cm_mean|sg_silt_0-5cm_mean,curados_extendidos,v1
parcelas_solo2025_ubic_mun-pix_n-edaf-cec_v1,curados_extendidos/parcelas_solo2025_ubic_mun-pix_n-edaf-cec_v1.csv,solo2025,ubic_mun-pix,n-edaf-cec,197,17,ID_POLIGONO|conjunto|rendimiento_t_ha|area_ha|ndvi_s2_int|ndvi_s2_media_sep_oct|crc_s2_media|vi6t_landsat_max|lai_planet_max|lluvia_ciclo_mm|pendiente_grados|elevacion_m|municipio|pixel_clima|sg_nitrogen_0-5cm_mean|edaf_grupo|sg_cec_0-5cm_mean,municipio|pixel_clima,sg_nitrogen_0-5cm_mean|edaf_grupo|sg_cec_0-5cm_mean,curados_extendidos,v1
parcelas_solo2025_ubic_mun-pix_n-edaf-silt_v1,curados_extendidos/parcelas_solo2025_ubic_mun-pix_n-edaf-silt_v1.csv,solo2025,ubic_mun-pix,n-edaf-silt,197,17,ID_POLIGONO|conjunto|rendimiento_t_ha|area_ha|ndvi_s2_int|ndvi_s2_media_sep_oct|crc_s2_media|vi6t_landsat_max|lai_planet_max|lluvia_ciclo_mm|pendiente_grados|elevacion_m|municipio|pixel_clima|sg_nitrogen_0-5cm_mean|edaf_grupo|sg_silt_0-5cm_mean,municipio|pixel_clima,sg_nitrogen_0-5cm_mean|edaf_grupo|sg_silt_0-5cm_mean,curados_extendidos,v1
parcelas_solo2025_ubic_mun-pix_n-cec-silt_v1,curados_extendidos/parcelas_solo2025_ubic_mun-pix_n-cec-silt_v1.csv,solo2025,ubic_mun-pix,n-cec-silt,197,17,ID_POLIGONO|conjunto|rendimiento_t_ha|area_ha|ndvi_s2_int|ndvi_s2_media_sep_oct|crc_s2_media|vi6t_landsat_max|lai_planet_max|lluvia_ciclo_mm|pendiente_grados|elevacion_m|municipio|pixel_clima|sg_nitrogen_0-5cm_mean|sg_cec_0-5cm_mean|sg_silt_0-5cm_mean,municipio|pixel_clima,sg_nitrogen_0-5cm_mean|sg_cec_0-5cm_mean|sg_silt_0-5cm_mean,curados_extendidos,v1
parcelas_solo2025_ubic_mun-pix_edaf-cec-silt_v1,curados_extendidos/parcelas_solo2025_ubic_mun-pix_edaf-cec-silt_v1.csv,solo2025,ubic_mun-pix,edaf-cec-silt,197,17,ID_POLIGONO|conjunto|rendimiento_t_ha|area_ha|ndvi_s2_int|ndvi_s2_media_sep_oct|crc_s2_media|vi6t_landsat_max|lai_planet_max|lluvia_ciclo_mm|pendiente_grados|elevacion_m|municipio|pixel_clima|edaf_grupo|sg_cec_0-5cm_mean|sg_silt_0-5cm_mean,municipio|pixel_clima,edaf_grupo|sg_cec_0-5cm_mean|sg_silt_0-5cm_mean,curados_extendidos,v1
parcelas_solo2025_ubic_mun-pix_n-edaf-cec-silt_v1,curados_extendidos/parcelas_solo2025_ubic_mun-pix_n-edaf-cec-silt_v1.csv,solo2025,ubic_mun-pix,n-edaf-cec-silt,197,18,ID_POLIGONO|conjunto|rendimiento_t_ha|area_ha|ndvi_s2_int|ndvi_s2_media_sep_oct|crc_s2_media|vi6t_landsat_max|lai_planet_max|lluvia_ciclo_mm|pendiente_grados|elevacion_m|municipio|pixel_clima|sg_nitrogen_0-5cm_mean|edaf_grupo|sg_cec_0-5cm_mean|sg_silt_0-5cm_mean,municipio|pixel_clima,sg_nitrogen_0-5cm_mean|edaf_grupo|sg_cec_0-5cm_mean|sg_silt_0-5cm_mean,curados_extendidos,v1
parcelas_solo2025_ubic_lon-lat_reto_v1,curados_reto/parcelas_solo2025_ubic_lon-lat_reto_v1.csv,solo2025,ubic_lon-lat,reto,197,14,ID_POLIGONO|conjunto|rendimiento_t_ha|area_ha|ndvi_s2_int|ndvi_s2_media_sep_oct|crc_s2_media|vi6t_landsat_max|lai_planet_max|lluvia_ciclo_mm|pendiente_grados|elevacion_m|lon|lat,lon|lat,,curados_reto,v1
parcelas_solo2025_ubic_lon-lat_n_v1,curados_extendidos/parcelas_solo2025_ubic_lon-lat_n_v1.csv,solo2025,ubic_lon-lat,n,197,15,ID_POLIGONO|conjunto|rendimiento_t_ha|area_ha|ndvi_s2_int|ndvi_s2_media_sep_oct|crc_s2_media|vi6t_landsat_max|lai_planet_max|lluvia_ciclo_mm|pendiente_grados|elevacion_m|lon|lat|sg_nitrogen_0-5cm_mean,lon|lat,sg_nitrogen_0-5cm_mean,curados_extendidos,v1
parcelas_solo2025_ubic_lon-lat_edaf_v1,curados_extendidos/parcelas_solo2025_ubic_lon-lat_edaf_v1.csv,solo2025,ubic_lon-lat,edaf,197,15,ID_POLIGONO|conjunto|rendimiento_t_ha|area_ha|ndvi_s2_int|ndvi_s2_media_sep_oct|crc_s2_media|vi6t_landsat_max|lai_planet_max|lluvia_ciclo_mm|pendiente_grados|elevacion_m|lon|lat|edaf_grupo,lon|lat,edaf_grupo,curados_extendidos,v1
parcelas_solo2025_ubic_lon-lat_cec_v1,curados_extendidos/parcelas_solo2025_ubic_lon-lat_cec_v1.csv,solo2025,ubic_lon-lat,cec,197,15,ID_POLIGONO|conjunto|rendimiento_t_ha|area_ha|ndvi_s2_int|ndvi_s2_media_sep_oct|crc_s2_media|vi6t_landsat_max|lai_planet_max|lluvia_ciclo_mm|pendiente_grados|elevacion_m|lon|lat|sg_cec_0-5cm_mean,lon|lat,sg_cec_0-5cm_mean,curados_extendidos,v1
parcelas_solo2025_ubic_lon-lat_silt_v1,curados_extendidos/parcelas_solo2025_ubic_lon-lat_silt_v1.csv,solo2025,ubic_lon-lat,silt,197,15,ID_POLIGONO|conjunto|rendimiento_t_ha|area_ha|ndvi_s2_int|ndvi_s2_media_sep_oct|crc_s2_media|vi6t_landsat_max|lai_planet_max|lluvia_ciclo_mm|pendiente_grados|elevacion_m|lon|lat|sg_silt_0-5cm_mean,lon|lat,sg_silt_0-5cm_mean,curados_extendidos,v1
parcelas_solo2025_ubic_lon-lat_n-edaf_v1,curados_extendidos/parcelas_solo2025_ubic_lon-lat_n-edaf_v1.csv,solo2025,ubic_lon-lat,n-edaf,197,16,ID_POLIGONO|conjunto|rendimiento_t_ha|area_ha|ndvi_s2_int|ndvi_s2_media_sep_oct|crc_s2_media|vi6t_landsat_max|lai_planet_max|lluvia_ciclo_mm|pendiente_grados|elevacion_m|lon|lat|sg_nitrogen_0-5cm_mean|edaf_grupo,lon|lat,sg_nitrogen_0-5cm_mean|edaf_grupo,curados_extendidos,v1
parcelas_solo2025_ubic_lon-lat_n-cec_v1,curados_extendidos/parcelas_solo2025_ubic_lon-lat_n-cec_v1.csv,solo2025,ubic_lon-lat,n-cec,197,16,ID_POLIGONO|conjunto|rendimiento_t_ha|area_ha|ndvi_s2_int|ndvi_s2_media_sep_oct|crc_s2_media|vi6t_landsat_max|lai_planet_max|lluvia_ciclo_mm|pendiente_grados|elevacion_m|lon|lat|sg_nitrogen_0-5cm_mean|sg_cec_0-5cm_mean,lon|lat,sg_nitrogen_0-5cm_mean|sg_cec_0-5cm_mean,curados_extendidos,v1
parcelas_solo2025_ubic_lon-lat_n-silt_v1,curados_extendidos/parcelas_solo2025_ubic_lon-lat_n-silt_v1.csv,solo2025,ubic_lon-lat,n-silt,197,16,ID_POLIGONO|conjunto|rendimiento_t_ha|area_ha|ndvi_s2_int|ndvi_s2_media_sep_oct|crc_s2_media|vi6t_landsat_max|lai_planet_max|lluvia_ciclo_mm|pendiente_grados|elevacion_m|lon|lat|sg_nitrogen_0-5cm_mean|sg_silt_0-5cm_mean,lon|lat,sg_nitrogen_0-5cm_mean|sg_silt_0-5cm_mean,curados_extendidos,v1
parcelas_solo2025_ubic_lon-lat_edaf-cec_v1,curados_extendidos/parcelas_solo2025_ubic_lon-lat_edaf-cec_v1.csv,solo2025,ubic_lon-lat,edaf-cec,197,16,ID_POLIGONO|conjunto|rendimiento_t_ha|area_ha|ndvi_s2_int|ndvi_s2_media_sep_oct|crc_s2_media|vi6t_landsat_max|lai_planet_max|lluvia_ciclo_mm|pendiente_grados|elevacion_m|lon|lat|edaf_grupo|sg_cec_0-5cm_mean,lon|lat,edaf_grupo|sg_cec_0-5cm_mean,curados_extendidos,v1
parcelas_solo2025_ubic_lon-lat_edaf-silt_v1,curados_extendidos/parcelas_solo2025_ubic_lon-lat_edaf-silt_v1.csv,solo2025,ubic_lon-lat,edaf-silt,197,16,ID_POLIGONO|conjunto|rendimiento_t_ha|area_ha|ndvi_s2_int|ndvi_s2_media_sep_oct|crc_s2_media|vi6t_landsat_max|lai_planet_max|lluvia_ciclo_mm|pendiente_grados|elevacion_m|lon|lat|edaf_grupo|sg_silt_0-5cm_mean,lon|lat,edaf_grupo|sg_silt_0-5cm_mean,curados_extendidos,v1
parcelas_solo2025_ubic_lon-lat_cec-silt_v1,curados_extendidos/parcelas_solo2025_ubic_lon-lat_cec-silt_v1.csv,solo2025,ubic_lon-lat,cec-silt,197,16,ID_POLIGONO|conjunto|rendimiento_t_ha|area_ha|ndvi_s2_int|ndvi_s2_media_sep_oct|crc_s2_media|vi6t_landsat_max|lai_planet_max|lluvia_ciclo_mm|pendiente_grados|elevacion_m|lon|lat|sg_cec_0-5cm_mean|sg_silt_0-5cm_mean,lon|lat,sg_cec_0-5cm_mean|sg_silt_0-5cm_mean,curados_extendidos,v1
parcelas_solo2025_ubic_lon-lat_n-edaf-cec_v1,curados_extendidos/parcelas_solo2025_ubic_lon-lat_n-edaf-cec_v1.csv,solo2025,ubic_lon-lat,n-edaf-cec,197,17,ID_POLIGONO|conjunto|rendimiento_t_ha|area_ha|ndvi_s2_int|ndvi_s2_media_sep_oct|crc_s2_media|vi6t_landsat_max|lai_planet_max|lluvia_ciclo_mm|pendiente_grados|elevacion_m|lon|lat|sg_nitrogen_0-5cm_mean|edaf_grupo|sg_cec_0-5cm_mean,lon|lat,sg_nitrogen_0-5cm_mean|edaf_grupo|sg_cec_0-5cm_mean,curados_extendidos,v1
parcelas_solo2025_ubic_lon-lat_n-edaf-silt_v1,curados_extendidos/parcelas_solo2025_ubic_lon-lat_n-edaf-silt_v1.csv,solo2025,ubic_lon-lat,n-edaf-silt,197,17,ID_POLIGONO|conjunto|rendimiento_t_ha|area_ha|ndvi_s2_int|ndvi_s2_media_sep_oct|crc_s2_media|vi6t_landsat_max|lai_planet_max|lluvia_ciclo_mm|pendiente_grados|elevacion_m|lon|lat|sg_nitrogen_0-5cm_mean|edaf_grupo|sg_silt_0-5cm_mean,lon|lat,sg_nitrogen_0-5cm_mean|edaf_grupo|sg_silt_0-5cm_mean,curados_extendidos,v1
parcelas_solo2025_ubic_lon-lat_n-cec-silt_v1,curados_extendidos/parcelas_solo2025_ubic_lon-lat_n-cec-silt_v1.csv,solo2025,ubic_lon-lat,n-cec-silt,197,17,ID_POLIGONO|conjunto|rendimiento_t_ha|area_ha|ndvi_s2_int|ndvi_s2_media_sep_oct|crc_s2_media|vi6t_landsat_max|lai_planet_max|lluvia_ciclo_mm|pendiente_grados|elevacion_m|lon|lat|sg_nitrogen_0-5cm_mean|sg_cec_0-5cm_mean|sg_silt_0-5cm_mean,lon|lat,sg_nitrogen_0-5cm_mean|sg_cec_0-5cm_mean|sg_silt_0-5cm_mean,curados_extendidos,v1
parcelas_solo2025_ubic_lon-lat_edaf-cec-silt_v1,curados_extendidos/parcelas_solo2025_ubic_lon-lat_edaf-cec-silt_v1.csv,solo2025,ubic_lon-lat,edaf-cec-silt,197,17,ID_POLIGONO|conjunto|rendimiento_t_ha|area_ha|ndvi_s2_int|ndvi_s2_media_sep_oct|crc_s2_media|vi6t_landsat_max|lai_planet_max|lluvia_ciclo_mm|pendiente_grados|elevacion_m|lon|lat|edaf_grupo|sg_cec_0-5cm_mean|sg_silt_0-5cm_mean,lon|lat,edaf_grupo|sg_cec_0-5cm_mean|sg_silt_0-5cm_mean,curados_extendidos,v1
parcelas_solo2025_ubic_lon-lat_n-edaf-cec-silt_v1,curados_extendidos/parcelas_solo2025_ubic_lon-lat_n-edaf-cec-silt_v1.csv,solo2025,ubic_lon-lat,n-edaf-cec-silt,197,18,ID_POLIGONO|conjunto|rendimiento_t_ha|area_ha|ndvi_s2_int|ndvi_s2_media_sep_oct|crc_s2_media|vi6t_landsat_max|lai_planet_max|lluvia_ciclo_mm|pendiente_grados|elevacion_m|lon|lat|sg_nitrogen_0-5cm_mean|edaf_grupo|sg_cec_0-5cm_mean|sg_silt_0-5cm_mean,lon|lat,sg_nitrogen_0-5cm_mean|edaf_grupo|sg_cec_0-5cm_mean|sg_silt_0-5cm_mean,curados_extendidos,v1
parcelas_solo2025_ubic_lon-pix_reto_v1,curados_reto/parcelas_solo2025_ubic_lon-pix_reto_v1.csv,solo2025,ubic_lon-pix,reto,197,14,ID_POLIGONO|conjunto|rendimiento_t_ha|area_ha|ndvi_s2_int|ndvi_s2_media_sep_oct|crc_s2_media|vi6t_landsat_max|lai_planet_max|lluvia_ciclo_mm|pendiente_grados|elevacion_m|lon|pixel_clima,lon|pixel_clima,,curados_reto,v1
parcelas_solo2025_ubic_lon-pix_n_v1,curados_extendidos/parcelas_solo2025_ubic_lon-pix_n_v1.csv,solo2025,ubic_lon-pix,n,197,15,ID_POLIGONO|conjunto|rendimiento_t_ha|area_ha|ndvi_s2_int|ndvi_s2_media_sep_oct|crc_s2_media|vi6t_landsat_max|lai_planet_max|lluvia_ciclo_mm|pendiente_grados|elevacion_m|lon|pixel_clima|sg_nitrogen_0-5cm_mean,lon|pixel_clima,sg_nitrogen_0-5cm_mean,curados_extendidos,v1
parcelas_solo2025_ubic_lon-pix_edaf_v1,curados_extendidos/parcelas_solo2025_ubic_lon-pix_edaf_v1.csv,solo2025,ubic_lon-pix,edaf,197,15,ID_POLIGONO|conjunto|rendimiento_t_ha|area_ha|ndvi_s2_int|ndvi_s2_media_sep_oct|crc_s2_media|vi6t_landsat_max|lai_planet_max|lluvia_ciclo_mm|pendiente_grados|elevacion_m|lon|pixel_clima|edaf_grupo,lon|pixel_clima,edaf_grupo,curados_extendidos,v1
parcelas_solo2025_ubic_lon-pix_cec_v1,curados_extendidos/parcelas_solo2025_ubic_lon-pix_cec_v1.csv,solo2025,ubic_lon-pix,cec,197,15,ID_POLIGONO|conjunto|rendimiento_t_ha|area_ha|ndvi_s2_int|ndvi_s2_media_sep_oct|crc_s2_media|vi6t_landsat_max|lai_planet_max|lluvia_ciclo_mm|pendiente_grados|elevacion_m|lon|pixel_clima|sg_cec_0-5cm_mean,lon|pixel_clima,sg_cec_0-5cm_mean,curados_extendidos,v1
parcelas_solo2025_ubic_lon-pix_silt_v1,curados_extendidos/parcelas_solo2025_ubic_lon-pix_silt_v1.csv,solo2025,ubic_lon-pix,silt,197,15,ID_POLIGONO|conjunto|rendimiento_t_ha|area_ha|ndvi_s2_int|ndvi_s2_media_sep_oct|crc_s2_media|vi6t_landsat_max|lai_planet_max|lluvia_ciclo_mm|pendiente_grados|elevacion_m|lon|pixel_clima|sg_silt_0-5cm_mean,lon|pixel_clima,sg_silt_0-5cm_mean,curados_extendidos,v1
parcelas_solo2025_ubic_lon-pix_n-edaf_v1,curados_extendidos/parcelas_solo2025_ubic_lon-pix_n-edaf_v1.csv,solo2025,ubic_lon-pix,n-edaf,197,16,ID_POLIGONO|conjunto|rendimiento_t_ha|area_ha|ndvi_s2_int|ndvi_s2_media_sep_oct|crc_s2_media|vi6t_landsat_max|lai_planet_max|lluvia_ciclo_mm|pendiente_grados|elevacion_m|lon|pixel_clima|sg_nitrogen_0-5cm_mean|edaf_grupo,lon|pixel_clima,sg_nitrogen_0-5cm_mean|edaf_grupo,curados_extendidos,v1
parcelas_solo2025_ubic_lon-pix_n-cec_v1,curados_extendidos/parcelas_solo2025_ubic_lon-pix_n-cec_v1.csv,solo2025,ubic_lon-pix,n-cec,197,16,ID_POLIGONO|conjunto|rendimiento_t_ha|area_ha|ndvi_s2_int|ndvi_s2_media_sep_oct|crc_s2_media|vi6t_landsat_max|lai_planet_max|lluvia_ciclo_mm|pendiente_grados|elevacion_m|lon|pixel_clima|sg_nitrogen_0-5cm_mean|sg_cec_0-5cm_mean,lon|pixel_clima,sg_nitrogen_0-5cm_mean|sg_cec_0-5cm_mean,curados_extendidos,v1
parcelas_solo2025_ubic_lon-pix_n-silt_v1,curados_extendidos/parcelas_solo2025_ubic_lon-pix_n-silt_v1.csv,solo2025,ubic_lon-pix,n-silt,197,16,ID_POLIGONO|conjunto|rendimiento_t_ha|area_ha|ndvi_s2_int|ndvi_s2_media_sep_oct|crc_s2_media|vi6t_landsat_max|lai_planet_max|lluvia_ciclo_mm|pendiente_grados|elevacion_m|lon|pixel_clima|sg_nitrogen_0-5cm_mean|sg_silt_0-5cm_mean,lon|pixel_clima,sg_nitrogen_0-5cm_mean|sg_silt_0-5cm_mean,curados_extendidos,v1
parcelas_solo2025_ubic_lon-pix_edaf-cec_v1,curados_extendidos/parcelas_solo2025_ubic_lon-pix_edaf-cec_v1.csv,solo2025,ubic_lon-pix,edaf-cec,197,16,ID_POLIGONO|conjunto|rendimiento_t_ha|area_ha|ndvi_s2_int|ndvi_s2_media_sep_oct|crc_s2_media|vi6t_landsat_max|lai_planet_max|lluvia_ciclo_mm|pendiente_grados|elevacion_m|lon|pixel_clima|edaf_grupo|sg_cec_0-5cm_mean,lon|pixel_clima,edaf_grupo|sg_cec_0-5cm_mean,curados_extendidos,v1
parcelas_solo2025_ubic_lon-pix_edaf-silt_v1,curados_extendidos/parcelas_solo2025_ubic_lon-pix_edaf-silt_v1.csv,solo2025,ubic_lon-pix,edaf-silt,197,16,ID_POLIGONO|conjunto|rendimiento_t_ha|area_ha|ndvi_s2_int|ndvi_s2_media_sep_oct|crc_s2_media|vi6t_landsat_max|lai_planet_max|lluvia_ciclo_mm|pendiente_grados|elevacion_m|lon|pixel_clima|edaf_grupo|sg_silt_0-5cm_mean,lon|pixel_clima,edaf_grupo|sg_silt_0-5cm_mean,curados_extendidos,v1
parcelas_solo2025_ubic_lon-pix_cec-silt_v1,curados_extendidos/parcelas_solo2025_ubic_lon-pix_cec-silt_v1.csv,solo2025,ubic_lon-pix,cec-silt,197,16,ID_POLIGONO|conjunto|rendimiento_t_ha|area_ha|ndvi_s2_int|ndvi_s2_media_sep_oct|crc_s2_media|vi6t_landsat_max|lai_planet_max|lluvia_ciclo_mm|pendiente_grados|elevacion_m|lon|pixel_clima|sg_cec_0-5cm_mean|sg_silt_0-5cm_mean,lon|pixel_clima,sg_cec_0-5cm_mean|sg_silt_0-5cm_mean,curados_extendidos,v1
parcelas_solo2025_ubic_lon-pix_n-edaf-cec_v1,curados_extendidos/parcelas_solo2025_ubic_lon-pix_n-edaf-cec_v1.csv,solo2025,ubic_lon-pix,n-edaf-cec,197,17,ID_POLIGONO|conjunto|rendimiento_t_ha|area_ha|ndvi_s2_int|ndvi_s2_media_sep_oct|crc_s2_media|vi6t_landsat_max|lai_planet_max|lluvia_ciclo_mm|pendiente_grados|elevacion_m|lon|pixel_clima|sg_nitrogen_0-5cm_mean|edaf_grupo|sg_cec_0-5cm_mean,lon|pixel_clima,sg_nitrogen_0-5cm_mean|edaf_grupo|sg_cec_0-5cm_mean,curados_extendidos,v1
parcelas_solo2025_ubic_lon-pix_n-edaf-silt_v1,curados_extendidos/parcelas_solo2025_ubic_lon-pix_n-edaf-silt_v1.csv,solo2025,ubic_lon-pix,n-edaf-silt,197,17,ID_POLIGONO|conjunto|rendimiento_t_ha|area_ha|ndvi_s2_int|ndvi_s2_media_sep_oct|crc_s2_media|vi6t_landsat_max|lai_planet_max|lluvia_ciclo_mm|pendiente_grados|elevacion_m|lon|pixel_clima|sg_nitrogen_0-5cm_mean|edaf_grupo|sg_silt_0-5cm_mean,lon|pixel_clima,sg_nitrogen_0-5cm_mean|edaf_grupo|sg_silt_0-5cm_mean,curados_extendidos,v1
parcelas_solo2025_ubic_lon-pix_n-cec-silt_v1,curados_extendidos/parcelas_solo2025_ubic_lon-pix_n-cec-silt_v1.csv,solo2025,ubic_lon-pix,n-cec-silt,197,17,ID_POLIGONO|conjunto|rendimiento_t_ha|area_ha|ndvi_s2_int|ndvi_s2_media_sep_oct|crc_s2_media|vi6t_landsat_max|lai_planet_max|lluvia_ciclo_mm|pendiente_grados|elevacion_m|lon|pixel_clima|sg_nitrogen_0-5cm_mean|sg_cec_0-5cm_mean|sg_silt_0-5cm_mean,lon|pixel_clima,sg_nitrogen_0-5cm_mean|sg_cec_0-5cm_mean|sg_silt_0-5cm_mean,curados_extendidos,v1
parcelas_solo2025_ubic_lon-pix_edaf-cec-silt_v1,curados_extendidos/parcelas_solo2025_ubic_lon-pix_edaf-cec-silt_v1.csv,solo2025,ubic_lon-pix,edaf-cec-silt,197,17,ID_POLIGONO|conjunto|rendimiento_t_ha|area_ha|ndvi_s2_int|ndvi_s2_media_sep_oct|crc_s2_media|vi6t_landsat_max|lai_planet_max|lluvia_ciclo_mm|pendiente_grados|elevacion_m|lon|pixel_clima|edaf_grupo|sg_cec_0-5cm_mean|sg_silt_0-5cm_mean,lon|pixel_clima,edaf_grupo|sg_cec_0-5cm_mean|sg_silt_0-5cm_mean,curados_extendidos,v1
parcelas_solo2025_ubic_lon-pix_n-edaf-cec-silt_v1,curados_extendidos/parcelas_solo2025_ubic_lon-pix_n-edaf-cec-silt_v1.csv,solo2025,ubic_lon-pix,n-edaf-cec-silt,197,18,ID_POLIGONO|conjunto|rendimiento_t_ha|area_ha|ndvi_s2_int|ndvi_s2_media_sep_oct|crc_s2_media|vi6t_landsat_max|lai_planet_max|lluvia_ciclo_mm|pendiente_grados|elevacion_m|lon|pixel_clima|sg_nitrogen_0-5cm_mean|edaf_grupo|sg_cec_0-5cm_mean|sg_silt_0-5cm_mean,lon|pixel_clima,sg_nitrogen_0-5cm_mean|edaf_grupo|sg_cec_0-5cm_mean|sg_silt_0-5cm_mean,curados_extendidos,v1
parcelas_solo2025_ubic_lat-pix_reto_v1,curados_reto/parcelas_solo2025_ubic_lat-pix_reto_v1.csv,solo2025,ubic_lat-pix,reto,197,14,ID_POLIGONO|conjunto|rendimiento_t_ha|area_ha|ndvi_s2_int|ndvi_s2_media_sep_oct|crc_s2_media|vi6t_landsat_max|lai_planet_max|lluvia_ciclo_mm|pendiente_grados|elevacion_m|lat|pixel_clima,lat|pixel_clima,,curados_reto,v1
parcelas_solo2025_ubic_lat-pix_n_v1,curados_extendidos/parcelas_solo2025_ubic_lat-pix_n_v1.csv,solo2025,ubic_lat-pix,n,197,15,ID_POLIGONO|conjunto|rendimiento_t_ha|area_ha|ndvi_s2_int|ndvi_s2_media_sep_oct|crc_s2_media|vi6t_landsat_max|lai_planet_max|lluvia_ciclo_mm|pendiente_grados|elevacion_m|lat|pixel_clima|sg_nitrogen_0-5cm_mean,lat|pixel_clima,sg_nitrogen_0-5cm_mean,curados_extendidos,v1
parcelas_solo2025_ubic_lat-pix_edaf_v1,curados_extendidos/parcelas_solo2025_ubic_lat-pix_edaf_v1.csv,solo2025,ubic_lat-pix,edaf,197,15,ID_POLIGONO|conjunto|rendimiento_t_ha|area_ha|ndvi_s2_int|ndvi_s2_media_sep_oct|crc_s2_media|vi6t_landsat_max|lai_planet_max|lluvia_ciclo_mm|pendiente_grados|elevacion_m|lat|pixel_clima|edaf_grupo,lat|pixel_clima,edaf_grupo,curados_extendidos,v1
parcelas_solo2025_ubic_lat-pix_cec_v1,curados_extendidos/parcelas_solo2025_ubic_lat-pix_cec_v1.csv,solo2025,ubic_lat-pix,cec,197,15,ID_POLIGONO|conjunto|rendimiento_t_ha|area_ha|ndvi_s2_int|ndvi_s2_media_sep_oct|crc_s2_media|vi6t_landsat_max|lai_planet_max|lluvia_ciclo_mm|pendiente_grados|elevacion_m|lat|pixel_clima|sg_cec_0-5cm_mean,lat|pixel_clima,sg_cec_0-5cm_mean,curados_extendidos,v1
parcelas_solo2025_ubic_lat-pix_silt_v1,curados_extendidos/parcelas_solo2025_ubic_lat-pix_silt_v1.csv,solo2025,ubic_lat-pix,silt,197,15,ID_POLIGONO|conjunto|rendimiento_t_ha|area_ha|ndvi_s2_int|ndvi_s2_media_sep_oct|crc_s2_media|vi6t_landsat_max|lai_planet_max|lluvia_ciclo_mm|pendiente_grados|elevacion_m|lat|pixel_clima|sg_silt_0-5cm_mean,lat|pixel_clima,sg_silt_0-5cm_mean,curados_extendidos,v1
parcelas_solo2025_ubic_lat-pix_n-edaf_v1,curados_extendidos/parcelas_solo2025_ubic_lat-pix_n-edaf_v1.csv,solo2025,ubic_lat-pix,n-edaf,197,16,ID_POLIGONO|conjunto|rendimiento_t_ha|area_ha|ndvi_s2_int|ndvi_s2_media_sep_oct|crc_s2_media|vi6t_landsat_max|lai_planet_max|lluvia_ciclo_mm|pendiente_grados|elevacion_m|lat|pixel_clima|sg_nitrogen_0-5cm_mean|edaf_grupo,lat|pixel_clima,sg_nitrogen_0-5cm_mean|edaf_grupo,curados_extendidos,v1
parcelas_solo2025_ubic_lat-pix_n-cec_v1,curados_extendidos/parcelas_solo2025_ubic_lat-pix_n-cec_v1.csv,solo2025,ubic_lat-pix,n-cec,197,16,ID_POLIGONO|conjunto|rendimiento_t_ha|area_ha|ndvi_s2_int|ndvi_s2_media_sep_oct|crc_s2_media|vi6t_landsat_max|lai_planet_max|lluvia_ciclo_mm|pendiente_grados|elevacion_m|lat|pixel_clima|sg_nitrogen_0-5cm_mean|sg_cec_0-5cm_mean,lat|pixel_clima,sg_nitrogen_0-5cm_mean|sg_cec_0-5cm_mean,curados_extendidos,v1
parcelas_solo2025_ubic_lat-pix_n-silt_v1,curados_extendidos/parcelas_solo2025_ubic_lat-pix_n-silt_v1.csv,solo2025,ubic_lat-pix,n-silt,197,16,ID_POLIGONO|conjunto|rendimiento_t_ha|area_ha|ndvi_s2_int|ndvi_s2_media_sep_oct|crc_s2_media|vi6t_landsat_max|lai_planet_max|lluvia_ciclo_mm|pendiente_grados|elevacion_m|lat|pixel_clima|sg_nitrogen_0-5cm_mean|sg_silt_0-5cm_mean,lat|pixel_clima,sg_nitrogen_0-5cm_mean|sg_silt_0-5cm_mean,curados_extendidos,v1
parcelas_solo2025_ubic_lat-pix_edaf-cec_v1,curados_extendidos/parcelas_solo2025_ubic_lat-pix_edaf-cec_v1.csv,solo2025,ubic_lat-pix,edaf-cec,197,16,ID_POLIGONO|conjunto|rendimiento_t_ha|area_ha|ndvi_s2_int|ndvi_s2_media_sep_oct|crc_s2_media|vi6t_landsat_max|lai_planet_max|lluvia_ciclo_mm|pendiente_grados|elevacion_m|lat|pixel_clima|edaf_grupo|sg_cec_0-5cm_mean,lat|pixel_clima,edaf_grupo|sg_cec_0-5cm_mean,curados_extendidos,v1
parcelas_solo2025_ubic_lat-pix_edaf-silt_v1,curados_extendidos/parcelas_solo2025_ubic_lat-pix_edaf-silt_v1.csv,solo2025,ubic_lat-pix,edaf-silt,197,16,ID_POLIGONO|conjunto|rendimiento_t_ha|area_ha|ndvi_s2_int|ndvi_s2_media_sep_oct|crc_s2_media|vi6t_landsat_max|lai_planet_max|lluvia_ciclo_mm|pendiente_grados|elevacion_m|lat|pixel_clima|edaf_grupo|sg_silt_0-5cm_mean,lat|pixel_clima,edaf_grupo|sg_silt_0-5cm_mean,curados_extendidos,v1
parcelas_solo2025_ubic_lat-pix_cec-silt_v1,curados_extendidos/parcelas_solo2025_ubic_lat-pix_cec-silt_v1.csv,solo2025,ubic_lat-pix,cec-silt,197,16,ID_POLIGONO|conjunto|rendimiento_t_ha|area_ha|ndvi_s2_int|ndvi_s2_media_sep_oct|crc_s2_media|vi6t_landsat_max|lai_planet_max|lluvia_ciclo_mm|pendiente_grados|elevacion_m|lat|pixel_clima|sg_cec_0-5cm_mean|sg_silt_0-5cm_mean,lat|pixel_clima,sg_cec_0-5cm_mean|sg_silt_0-5cm_mean,curados_extendidos,v1
parcelas_solo2025_ubic_lat-pix_n-edaf-cec_v1,curados_extendidos/parcelas_solo2025_ubic_lat-pix_n-edaf-cec_v1.csv,solo2025,ubic_lat-pix,n-edaf-cec,197,17,ID_POLIGONO|conjunto|rendimiento_t_ha|area_ha|ndvi_s2_int|ndvi_s2_media_sep_oct|crc_s2_media|vi6t_landsat_max|lai_planet_max|lluvia_ciclo_mm|pendiente_grados|elevacion_m|lat|pixel_clima|sg_nitrogen_0-5cm_mean|edaf_grupo|sg_cec_0-5cm_mean,lat|pixel_clima,sg_nitrogen_0-5cm_mean|edaf_grupo|sg_cec_0-5cm_mean,curados_extendidos,v1
parcelas_solo2025_ubic_lat-pix_n-edaf-silt_v1,curados_extendidos/parcelas_solo2025_ubic_lat-pix_n-edaf-silt_v1.csv,solo2025,ubic_lat-pix,n-edaf-silt,197,17,ID_POLIGONO|conjunto|rendimiento_t_ha|area_ha|ndvi_s2_int|ndvi_s2_media_sep_oct|crc_s2_media|vi6t_landsat_max|lai_planet_max|lluvia_ciclo_mm|pendiente_grados|elevacion_m|lat|pixel_clima|sg_nitrogen_0-5cm_mean|edaf_grupo|sg_silt_0-5cm_mean,lat|pixel_clima,sg_nitrogen_0-5cm_mean|edaf_grupo|sg_silt_0-5cm_mean,curados_extendidos,v1
parcelas_solo2025_ubic_lat-pix_n-cec-silt_v1,curados_extendidos/parcelas_solo2025_ubic_lat-pix_n-cec-silt_v1.csv,solo2025,ubic_lat-pix,n-cec-silt,197,17,ID_POLIGONO|conjunto|rendimiento_t_ha|area_ha|ndvi_s2_int|ndvi_s2_media_sep_oct|crc_s2_media|vi6t_landsat_max|lai_planet_max|lluvia_ciclo_mm|pendiente_grados|elevacion_m|lat|pixel_clima|sg_nitrogen_0-5cm_mean|sg_cec_0-5cm_mean|sg_silt_0-5cm_mean,lat|pixel_clima,sg_nitrogen_0-5cm_mean|sg_cec_0-5cm_mean|sg_silt_0-5cm_mean,curados_extendidos,v1
parcelas_solo2025_ubic_lat-pix_edaf-cec-silt_v1,curados_extendidos/parcelas_solo2025_ubic_lat-pix_edaf-cec-silt_v1.csv,solo2025,ubic_lat-pix,edaf-cec-silt,197,17,ID_POLIGONO|conjunto|rendimiento_t_ha|area_ha|ndvi_s2_int|ndvi_s2_media_sep_oct|crc_s2_media|vi6t_landsat_max|lai_planet_max|lluvia_ciclo_mm|pendiente_grados|elevacion_m|lat|pixel_clima|edaf_grupo|sg_cec_0-5cm_mean|sg_silt_0-5cm_mean,lat|pixel_clima,edaf_grupo|sg_cec_0-5cm_mean|sg_silt_0-5cm_mean,curados_extendidos,v1
parcelas_solo2025_ubic_lat-pix_n-edaf-cec-silt_v1,curados_extendidos/parcelas_solo2025_ubic_lat-pix_n-edaf-cec-silt_v1.csv,solo2025,ubic_lat-pix,n-edaf-cec-silt,197,18,ID_POLIGONO|conjunto|rendimiento_t_ha|area_ha|ndvi_s2_int|ndvi_s2_media_sep_oct|crc_s2_media|vi6t_landsat_max|lai_planet_max|lluvia_ciclo_mm|pendiente_grados|elevacion_m|lat|pixel_clima|sg_nitrogen_0-5cm_mean|edaf_grupo|sg_cec_0-5cm_mean|sg_silt_0-5cm_mean,lat|pixel_clima,sg_nitrogen_0-5cm_mean|edaf_grupo|sg_cec_0-5cm_mean|sg_silt_0-5cm_mean,curados_extendidos,v1
parcelas_solo2025_ubic_est-mun-lon_reto_v1,curados_reto/parcelas_solo2025_ubic_est-mun-lon_reto_v1.csv,solo2025,ubic_est-mun-lon,reto,197,15,ID_POLIGONO|conjunto|rendimiento_t_ha|area_ha|ndvi_s2_int|ndvi_s2_media_sep_oct|crc_s2_media|vi6t_landsat_max|lai_planet_max|lluvia_ciclo_mm|pendiente_grados|elevacion_m|estado|municipio|lon,estado|municipio|lon,,curados_reto,v1
parcelas_solo2025_ubic_est-mun-lon_n_v1,curados_extendidos/parcelas_solo2025_ubic_est-mun-lon_n_v1.csv,solo2025,ubic_est-mun-lon,n,197,16,ID_POLIGONO|conjunto|rendimiento_t_ha|area_ha|ndvi_s2_int|ndvi_s2_media_sep_oct|crc_s2_media|vi6t_landsat_max|lai_planet_max|lluvia_ciclo_mm|pendiente_grados|elevacion_m|estado|municipio|lon|sg_nitrogen_0-5cm_mean,estado|municipio|lon,sg_nitrogen_0-5cm_mean,curados_extendidos,v1
parcelas_solo2025_ubic_est-mun-lon_edaf_v1,curados_extendidos/parcelas_solo2025_ubic_est-mun-lon_edaf_v1.csv,solo2025,ubic_est-mun-lon,edaf,197,16,ID_POLIGONO|conjunto|rendimiento_t_ha|area_ha|ndvi_s2_int|ndvi_s2_media_sep_oct|crc_s2_media|vi6t_landsat_max|lai_planet_max|lluvia_ciclo_mm|pendiente_grados|elevacion_m|estado|municipio|lon|edaf_grupo,estado|municipio|lon,edaf_grupo,curados_extendidos,v1
parcelas_solo2025_ubic_est-mun-lon_cec_v1,curados_extendidos/parcelas_solo2025_ubic_est-mun-lon_cec_v1.csv,solo2025,ubic_est-mun-lon,cec,197,16,ID_POLIGONO|conjunto|rendimiento_t_ha|area_ha|ndvi_s2_int|ndvi_s2_media_sep_oct|crc_s2_media|vi6t_landsat_max|lai_planet_max|lluvia_ciclo_mm|pendiente_grados|elevacion_m|estado|municipio|lon|sg_cec_0-5cm_mean,estado|municipio|lon,sg_cec_0-5cm_mean,curados_extendidos,v1
parcelas_solo2025_ubic_est-mun-lon_silt_v1,curados_extendidos/parcelas_solo2025_ubic_est-mun-lon_silt_v1.csv,solo2025,ubic_est-mun-lon,silt,197,16,ID_POLIGONO|conjunto|rendimiento_t_ha|area_ha|ndvi_s2_int|ndvi_s2_media_sep_oct|crc_s2_media|vi6t_landsat_max|lai_planet_max|lluvia_ciclo_mm|pendiente_grados|elevacion_m|estado|municipio|lon|sg_silt_0-5cm_mean,estado|municipio|lon,sg_silt_0-5cm_mean,curados_extendidos,v1
parcelas_solo2025_ubic_est-mun-lon_n-edaf_v1,curados_extendidos/parcelas_solo2025_ubic_est-mun-lon_n-edaf_v1.csv,solo2025,ubic_est-mun-lon,n-edaf,197,17,ID_POLIGONO|conjunto|rendimiento_t_ha|area_ha|ndvi_s2_int|ndvi_s2_media_sep_oct|crc_s2_media|vi6t_landsat_max|lai_planet_max|lluvia_ciclo_mm|pendiente_grados|elevacion_m|estado|municipio|lon|sg_nitrogen_0-5cm_mean|edaf_grupo,estado|municipio|lon,sg_nitrogen_0-5cm_mean|edaf_grupo,curados_extendidos,v1
parcelas_solo2025_ubic_est-mun-lon_n-cec_v1,curados_extendidos/parcelas_solo2025_ubic_est-mun-lon_n-cec_v1.csv,solo2025,ubic_est-mun-lon,n-cec,197,17,ID_POLIGONO|conjunto|rendimiento_t_ha|area_ha|ndvi_s2_int|ndvi_s2_media_sep_oct|crc_s2_media|vi6t_landsat_max|lai_planet_max|lluvia_ciclo_mm|pendiente_grados|elevacion_m|estado|municipio|lon|sg_nitrogen_0-5cm_mean|sg_cec_0-5cm_mean,estado|municipio|lon,sg_nitrogen_0-5cm_mean|sg_cec_0-5cm_mean,curados_extendidos,v1
parcelas_solo2025_ubic_est-mun-lon_n-silt_v1,curados_extendidos/parcelas_solo2025_ubic_est-mun-lon_n-silt_v1.csv,solo2025,ubic_est-mun-lon,n-silt,197,17,ID_POLIGONO|conjunto|rendimiento_t_ha|area_ha|ndvi_s2_int|ndvi_s2_media_sep_oct|crc_s2_media|vi6t_landsat_max|lai_planet_max|lluvia_ciclo_mm|pendiente_grados|elevacion_m|estado|municipio|lon|sg_nitrogen_0-5cm_mean|sg_silt_0-5cm_mean,estado|municipio|lon,sg_nitrogen_0-5cm_mean|sg_silt_0-5cm_mean,curados_extendidos,v1
parcelas_solo2025_ubic_est-mun-lon_edaf-cec_v1,curados_extendidos/parcelas_solo2025_ubic_est-mun-lon_edaf-cec_v1.csv,solo2025,ubic_est-mun-lon,edaf-cec,197,17,ID_POLIGONO|conjunto|rendimiento_t_ha|area_ha|ndvi_s2_int|ndvi_s2_media_sep_oct|crc_s2_media|vi6t_landsat_max|lai_planet_max|lluvia_ciclo_mm|pendiente_grados|elevacion_m|estado|municipio|lon|edaf_grupo|sg_cec_0-5cm_mean,estado|municipio|lon,edaf_grupo|sg_cec_0-5cm_mean,curados_extendidos,v1
parcelas_solo2025_ubic_est-mun-lon_edaf-silt_v1,curados_extendidos/parcelas_solo2025_ubic_est-mun-lon_edaf-silt_v1.csv,solo2025,ubic_est-mun-lon,edaf-silt,197,17,ID_POLIGONO|conjunto|rendimiento_t_ha|area_ha|ndvi_s2_int|ndvi_s2_media_sep_oct|crc_s2_media|vi6t_landsat_max|lai_planet_max|lluvia_ciclo_mm|pendiente_grados|elevacion_m|estado|municipio|lon|edaf_grupo|sg_silt_0-5cm_mean,estado|municipio|lon,edaf_grupo|sg_silt_0-5cm_mean,curados_extendidos,v1
parcelas_solo2025_ubic_est-mun-lon_cec-silt_v1,curados_extendidos/parcelas_solo2025_ubic_est-mun-lon_cec-silt_v1.csv,solo2025,ubic_est-mun-lon,cec-silt,197,17,ID_POLIGONO|conjunto|rendimiento_t_ha|area_ha|ndvi_s2_int|ndvi_s2_media_sep_oct|crc_s2_media|vi6t_landsat_max|lai_planet_max|lluvia_ciclo_mm|pendiente_grados|elevacion_m|estado|municipio|lon|sg_cec_0-5cm_mean|sg_silt_0-5cm_mean,estado|municipio|lon,sg_cec_0-5cm_mean|sg_silt_0-5cm_mean,curados_extendidos,v1
parcelas_solo2025_ubic_est-mun-lon_n-edaf-cec_v1,curados_extendidos/parcelas_solo2025_ubic_est-mun-lon_n-edaf-cec_v1.csv,solo2025,ubic_est-mun-lon,n-edaf-cec,197,18,ID_POLIGONO|conjunto|rendimiento_t_ha|area_ha|ndvi_s2_int|ndvi_s2_media_sep_oct|crc_s2_media|vi6t_landsat_max|lai_planet_max|lluvia_ciclo_mm|pendiente_grados|elevacion_m|estado|municipio|lon|sg_nitrogen_0-5cm_mean|edaf_grupo|sg_cec_0-5cm_mean,estado|municipio|lon,sg_nitrogen_0-5cm_mean|edaf_grupo|sg_cec_0-5cm_mean,curados_extendidos,v1
parcelas_solo2025_ubic_est-mun-lon_n-edaf-silt_v1,curados_extendidos/parcelas_solo2025_ubic_est-mun-lon_n-edaf-silt_v1.csv,solo2025,ubic_est-mun-lon,n-edaf-silt,197,18,ID_POLIGONO|conjunto|rendimiento_t_ha|area_ha|ndvi_s2_int|ndvi_s2_media_sep_oct|crc_s2_media|vi6t_landsat_max|lai_planet_max|lluvia_ciclo_mm|pendiente_grados|elevacion_m|estado|municipio|lon|sg_nitrogen_0-5cm_mean|edaf_grupo|sg_silt_0-5cm_mean,estado|municipio|lon,sg_nitrogen_0-5cm_mean|edaf_grupo|sg_silt_0-5cm_mean,curados_extendidos,v1
parcelas_solo2025_ubic_est-mun-lon_n-cec-silt_v1,curados_extendidos/parcelas_solo2025_ubic_est-mun-lon_n-cec-silt_v1.csv,solo2025,ubic_est-mun-lon,n-cec-silt,197,18,ID_POLIGONO|conjunto|rendimiento_t_ha|area_ha|ndvi_s2_int|ndvi_s2_media_sep_oct|crc_s2_media|vi6t_landsat_max|lai_planet_max|lluvia_ciclo_mm|pendiente_grados|elevacion_m|estado|municipio|lon|sg_nitrogen_0-5cm_mean|sg_cec_0-5cm_mean|sg_silt_0-5cm_mean,estado|municipio|lon,sg_nitrogen_0-5cm_mean|sg_cec_0-5cm_mean|sg_silt_0-5cm_mean,curados_extendidos,v1
parcelas_solo2025_ubic_est-mun-lon_edaf-cec-silt_v1,curados_extendidos/parcelas_solo2025_ubic_est-mun-lon_edaf-cec-silt_v1.csv,solo2025,ubic_est-mun-lon,edaf-cec-silt,197,18,ID_POLIGONO|conjunto|rendimiento_t_ha|area_ha|ndvi_s2_int|ndvi_s2_media_sep_oct|crc_s2_media|vi6t_landsat_max|lai_planet_max|lluvia_ciclo_mm|pendiente_grados|elevacion_m|estado|municipio|lon|edaf_grupo|sg_cec_0-5cm_mean|sg_silt_0-5cm_mean,estado|municipio|lon,edaf_grupo|sg_cec_0-5cm_mean|sg_silt_0-5cm_mean,curados_extendidos,v1
parcelas_solo2025_ubic_est-mun-lon_n-edaf-cec-silt_v1,curados_extendidos/parcelas_solo2025_ubic_est-mun-lon_n-edaf-cec-silt_v1.csv,solo2025,ubic_est-mun-lon,n-edaf-cec-silt,197,19,ID_POLIGONO|conjunto|rendimiento_t_ha|area_ha|ndvi_s2_int|ndvi_s2_media_sep_oct|crc_s2_media|vi6t_landsat_max|lai_planet_max|lluvia_ciclo_mm|pendiente_grados|elevacion_m|estado|municipio|lon|sg_nitrogen_0-5cm_mean|edaf_grupo|sg_cec_0-5cm_mean|sg_silt_0-5cm_mean,estado|municipio|lon,sg_nitrogen_0-5cm_mean|edaf_grupo|sg_cec_0-5cm_mean|sg_silt_0-5cm_mean,curados_extendidos,v1
parcelas_solo2025_ubic_est-mun-lat_reto_v1,curados_reto/parcelas_solo2025_ubic_est-mun-lat_reto_v1.csv,solo2025,ubic_est-mun-lat,reto,197,15,ID_POLIGONO|conjunto|rendimiento_t_ha|area_ha|ndvi_s2_int|ndvi_s2_media_sep_oct|crc_s2_media|vi6t_landsat_max|lai_planet_max|lluvia_ciclo_mm|pendiente_grados|elevacion_m|estado|municipio|lat,estado|municipio|lat,,curados_reto,v1
parcelas_solo2025_ubic_est-mun-lat_n_v1,curados_extendidos/parcelas_solo2025_ubic_est-mun-lat_n_v1.csv,solo2025,ubic_est-mun-lat,n,197,16,ID_POLIGONO|conjunto|rendimiento_t_ha|area_ha|ndvi_s2_int|ndvi_s2_media_sep_oct|crc_s2_media|vi6t_landsat_max|lai_planet_max|lluvia_ciclo_mm|pendiente_grados|elevacion_m|estado|municipio|lat|sg_nitrogen_0-5cm_mean,estado|municipio|lat,sg_nitrogen_0-5cm_mean,curados_extendidos,v1
parcelas_solo2025_ubic_est-mun-lat_edaf_v1,curados_extendidos/parcelas_solo2025_ubic_est-mun-lat_edaf_v1.csv,solo2025,ubic_est-mun-lat,edaf,197,16,ID_POLIGONO|conjunto|rendimiento_t_ha|area_ha|ndvi_s2_int|ndvi_s2_media_sep_oct|crc_s2_media|vi6t_landsat_max|lai_planet_max|lluvia_ciclo_mm|pendiente_grados|elevacion_m|estado|municipio|lat|edaf_grupo,estado|municipio|lat,edaf_grupo,curados_extendidos,v1
parcelas_solo2025_ubic_est-mun-lat_cec_v1,curados_extendidos/parcelas_solo2025_ubic_est-mun-lat_cec_v1.csv,solo2025,ubic_est-mun-lat,cec,197,16,ID_POLIGONO|conjunto|rendimiento_t_ha|area_ha|ndvi_s2_int|ndvi_s2_media_sep_oct|crc_s2_media|vi6t_landsat_max|lai_planet_max|lluvia_ciclo_mm|pendiente_grados|elevacion_m|estado|municipio|lat|sg_cec_0-5cm_mean,estado|municipio|lat,sg_cec_0-5cm_mean,curados_extendidos,v1
parcelas_solo2025_ubic_est-mun-lat_silt_v1,curados_extendidos/parcelas_solo2025_ubic_est-mun-lat_silt_v1.csv,solo2025,ubic_est-mun-lat,silt,197,16,ID_POLIGONO|conjunto|rendimiento_t_ha|area_ha|ndvi_s2_int|ndvi_s2_media_sep_oct|crc_s2_media|vi6t_landsat_max|lai_planet_max|lluvia_ciclo_mm|pendiente_grados|elevacion_m|estado|municipio|lat|sg_silt_0-5cm_mean,estado|municipio|lat,sg_silt_0-5cm_mean,curados_extendidos,v1
parcelas_solo2025_ubic_est-mun-lat_n-edaf_v1,curados_extendidos/parcelas_solo2025_ubic_est-mun-lat_n-edaf_v1.csv,solo2025,ubic_est-mun-lat,n-edaf,197,17,ID_POLIGONO|conjunto|rendimiento_t_ha|area_ha|ndvi_s2_int|ndvi_s2_media_sep_oct|crc_s2_media|vi6t_landsat_max|lai_planet_max|lluvia_ciclo_mm|pendiente_grados|elevacion_m|estado|municipio|lat|sg_nitrogen_0-5cm_mean|edaf_grupo,estado|municipio|lat,sg_nitrogen_0-5cm_mean|edaf_grupo,curados_extendidos,v1
parcelas_solo2025_ubic_est-mun-lat_n-cec_v1,curados_extendidos/parcelas_solo2025_ubic_est-mun-lat_n-cec_v1.csv,solo2025,ubic_est-mun-lat,n-cec,197,17,ID_POLIGONO|conjunto|rendimiento_t_ha|area_ha|ndvi_s2_int|ndvi_s2_media_sep_oct|crc_s2_media|vi6t_landsat_max|lai_planet_max|lluvia_ciclo_mm|pendiente_grados|elevacion_m|estado|municipio|lat|sg_nitrogen_0-5cm_mean|sg_cec_0-5cm_mean,estado|municipio|lat,sg_nitrogen_0-5cm_mean|sg_cec_0-5cm_mean,curados_extendidos,v1
parcelas_solo2025_ubic_est-mun-lat_n-silt_v1,curados_extendidos/parcelas_solo2025_ubic_est-mun-lat_n-silt_v1.csv,solo2025,ubic_est-mun-lat,n-silt,197,17,ID_POLIGONO|conjunto|rendimiento_t_ha|area_ha|ndvi_s2_int|ndvi_s2_media_sep_oct|crc_s2_media|vi6t_landsat_max|lai_planet_max|lluvia_ciclo_mm|pendiente_grados|elevacion_m|estado|municipio|lat|sg_nitrogen_0-5cm_mean|sg_silt_0-5cm_mean,estado|municipio|lat,sg_nitrogen_0-5cm_mean|sg_silt_0-5cm_mean,curados_extendidos,v1
parcelas_solo2025_ubic_est-mun-lat_edaf-cec_v1,curados_extendidos/parcelas_solo2025_ubic_est-mun-lat_edaf-cec_v1.csv,solo2025,ubic_est-mun-lat,edaf-cec,197,17,ID_POLIGONO|conjunto|rendimiento_t_ha|area_ha|ndvi_s2_int|ndvi_s2_media_sep_oct|crc_s2_media|vi6t_landsat_max|lai_planet_max|lluvia_ciclo_mm|pendiente_grados|elevacion_m|estado|municipio|lat|edaf_grupo|sg_cec_0-5cm_mean,estado|municipio|lat,edaf_grupo|sg_cec_0-5cm_mean,curados_extendidos,v1
parcelas_solo2025_ubic_est-mun-lat_edaf-silt_v1,curados_extendidos/parcelas_solo2025_ubic_est-mun-lat_edaf-silt_v1.csv,solo2025,ubic_est-mun-lat,edaf-silt,197,17,ID_POLIGONO|conjunto|rendimiento_t_ha|area_ha|ndvi_s2_int|ndvi_s2_media_sep_oct|crc_s2_media|vi6t_landsat_max|lai_planet_max|lluvia_ciclo_mm|pendiente_grados|elevacion_m|estado|municipio|lat|edaf_grupo|sg_silt_0-5cm_mean,estado|municipio|lat,edaf_grupo|sg_silt_0-5cm_mean,curados_extendidos,v1
parcelas_solo2025_ubic_est-mun-lat_cec-silt_v1,curados_extendidos/parcelas_solo2025_ubic_est-mun-lat_cec-silt_v1.csv,solo2025,ubic_est-mun-lat,cec-silt,197,17,ID_POLIGONO|conjunto|rendimiento_t_ha|area_ha|ndvi_s2_int|ndvi_s2_media_sep_oct|crc_s2_media|vi6t_landsat_max|lai_planet_max|lluvia_ciclo_mm|pendiente_grados|elevacion_m|estado|municipio|lat|sg_cec_0-5cm_mean|sg_silt_0-5cm_mean,estado|municipio|lat,sg_cec_0-5cm_mean|sg_silt_0-5cm_mean,curados_extendidos,v1
parcelas_solo2025_ubic_est-mun-lat_n-edaf-cec_v1,curados_extendidos/parcelas_solo2025_ubic_est-mun-lat_n-edaf-cec_v1.csv,solo2025,ubic_est-mun-lat,n-edaf-cec,197,18,ID_POLIGONO|conjunto|rendimiento_t_ha|area_ha|ndvi_s2_int|ndvi_s2_media_sep_oct|crc_s2_media|vi6t_landsat_max|lai_planet_max|lluvia_ciclo_mm|pendiente_grados|elevacion_m|estado|municipio|lat|sg_nitrogen_0-5cm_mean|edaf_grupo|sg_cec_0-5cm_mean,estado|municipio|lat,sg_nitrogen_0-5cm_mean|edaf_grupo|sg_cec_0-5cm_mean,curados_extendidos,v1
parcelas_solo2025_ubic_est-mun-lat_n-edaf-silt_v1,curados_extendidos/parcelas_solo2025_ubic_est-mun-lat_n-edaf-silt_v1.csv,solo2025,ubic_est-mun-lat,n-edaf-silt,197,18,ID_POLIGONO|conjunto|rendimiento_t_ha|area_ha|ndvi_s2_int|ndvi_s2_media_sep_oct|crc_s2_media|vi6t_landsat_max|lai_planet_max|lluvia_ciclo_mm|pendiente_grados|elevacion_m|estado|municipio|lat|sg_nitrogen_0-5cm_mean|edaf_grupo|sg_silt_0-5cm_mean,estado|municipio|lat,sg_nitrogen_0-5cm_mean|edaf_grupo|sg_silt_0-5cm_mean,curados_extendidos,v1
parcelas_solo2025_ubic_est-mun-lat_n-cec-silt_v1,curados_extendidos/parcelas_solo2025_ubic_est-mun-lat_n-cec-silt_v1.csv,solo2025,ubic_est-mun-lat,n-cec-silt,197,18,ID_POLIGONO|conjunto|rendimiento_t_ha|area_ha|ndvi_s2_int|ndvi_s2_media_sep_oct|crc_s2_media|vi6t_landsat_max|lai_planet_max|lluvia_ciclo_mm|pendiente_grados|elevacion_m|estado|municipio|lat|sg_nitrogen_0-5cm_mean|sg_cec_0-5cm_mean|sg_silt_0-5cm_mean,estado|municipio|lat,sg_nitrogen_0-5cm_mean|sg_cec_0-5cm_mean|sg_silt_0-5cm_mean,curados_extendidos,v1
parcelas_solo2025_ubic_est-mun-lat_edaf-cec-silt_v1,curados_extendidos/parcelas_solo2025_ubic_est-mun-lat_edaf-cec-silt_v1.csv,solo2025,ubic_est-mun-lat,edaf-cec-silt,197,18,ID_POLIGONO|conjunto|rendimiento_t_ha|area_ha|ndvi_s2_int|ndvi_s2_media_sep_oct|crc_s2_media|vi6t_landsat_max|lai_planet_max|lluvia_ciclo_mm|pendiente_grados|elevacion_m|estado|municipio|lat|edaf_grupo|sg_cec_0-5cm_mean|sg_silt_0-5cm_mean,estado|municipio|lat,edaf_grupo|sg_cec_0-5cm_mean|sg_silt_0-5cm_mean,curados_extendidos,v1
parcelas_solo2025_ubic_est-mun-lat_n-edaf-cec-silt_v1,curados_extendidos/parcelas_solo2025_ubic_est-mun-lat_n-edaf-cec-silt_v1.csv,solo2025,ubic_est-mun-lat,n-edaf-cec-silt,197,19,ID_POLIGONO|conjunto|rendimiento_t_ha|area_ha|ndvi_s2_int|ndvi_s2_media_sep_oct|crc_s2_media|vi6t_landsat_max|lai_planet_max|lluvia_ciclo_mm|pendiente_grados|elevacion_m|estado|municipio|lat|sg_nitrogen_0-5cm_mean|edaf_grupo|sg_cec_0-5cm_mean|sg_silt_0-5cm_mean,estado|municipio|lat,sg_nitrogen_0-5cm_mean|edaf_grupo|sg_cec_0-5cm_mean|sg_silt_0-5cm_mean,curados_extendidos,v1
parcelas_solo2025_ubic_est-mun-pix_reto_v1,curados_reto/parcelas_solo2025_ubic_est-mun-pix_reto_v1.csv,solo2025,ubic_est-mun-pix,reto,197,15,ID_POLIGONO|conjunto|rendimiento_t_ha|area_ha|ndvi_s2_int|ndvi_s2_media_sep_oct|crc_s2_media|vi6t_landsat_max|lai_planet_max|lluvia_ciclo_mm|pendiente_grados|elevacion_m|estado|municipio|pixel_clima,estado|municipio|pixel_clima,,curados_reto,v1
parcelas_solo2025_ubic_est-mun-pix_n_v1,curados_extendidos/parcelas_solo2025_ubic_est-mun-pix_n_v1.csv,solo2025,ubic_est-mun-pix,n,197,16,ID_POLIGONO|conjunto|rendimiento_t_ha|area_ha|ndvi_s2_int|ndvi_s2_media_sep_oct|crc_s2_media|vi6t_landsat_max|lai_planet_max|lluvia_ciclo_mm|pendiente_grados|elevacion_m|estado|municipio|pixel_clima|sg_nitrogen_0-5cm_mean,estado|municipio|pixel_clima,sg_nitrogen_0-5cm_mean,curados_extendidos,v1
parcelas_solo2025_ubic_est-mun-pix_edaf_v1,curados_extendidos/parcelas_solo2025_ubic_est-mun-pix_edaf_v1.csv,solo2025,ubic_est-mun-pix,edaf,197,16,ID_POLIGONO|conjunto|rendimiento_t_ha|area_ha|ndvi_s2_int|ndvi_s2_media_sep_oct|crc_s2_media|vi6t_landsat_max|lai_planet_max|lluvia_ciclo_mm|pendiente_grados|elevacion_m|estado|municipio|pixel_clima|edaf_grupo,estado|municipio|pixel_clima,edaf_grupo,curados_extendidos,v1
parcelas_solo2025_ubic_est-mun-pix_cec_v1,curados_extendidos/parcelas_solo2025_ubic_est-mun-pix_cec_v1.csv,solo2025,ubic_est-mun-pix,cec,197,16,ID_POLIGONO|conjunto|rendimiento_t_ha|area_ha|ndvi_s2_int|ndvi_s2_media_sep_oct|crc_s2_media|vi6t_landsat_max|lai_planet_max|lluvia_ciclo_mm|pendiente_grados|elevacion_m|estado|municipio|pixel_clima|sg_cec_0-5cm_mean,estado|municipio|pixel_clima,sg_cec_0-5cm_mean,curados_extendidos,v1
parcelas_solo2025_ubic_est-mun-pix_silt_v1,curados_extendidos/parcelas_solo2025_ubic_est-mun-pix_silt_v1.csv,solo2025,ubic_est-mun-pix,silt,197,16,ID_POLIGONO|conjunto|rendimiento_t_ha|area_ha|ndvi_s2_int|ndvi_s2_media_sep_oct|crc_s2_media|vi6t_landsat_max|lai_planet_max|lluvia_ciclo_mm|pendiente_grados|elevacion_m|estado|municipio|pixel_clima|sg_silt_0-5cm_mean,estado|municipio|pixel_clima,sg_silt_0-5cm_mean,curados_extendidos,v1
parcelas_solo2025_ubic_est-mun-pix_n-edaf_v1,curados_extendidos/parcelas_solo2025_ubic_est-mun-pix_n-edaf_v1.csv,solo2025,ubic_est-mun-pix,n-edaf,197,17,ID_POLIGONO|conjunto|rendimiento_t_ha|area_ha|ndvi_s2_int|ndvi_s2_media_sep_oct|crc_s2_media|vi6t_landsat_max|lai_planet_max|lluvia_ciclo_mm|pendiente_grados|elevacion_m|estado|municipio|pixel_clima|sg_nitrogen_0-5cm_mean|edaf_grupo,estado|municipio|pixel_clima,sg_nitrogen_0-5cm_mean|edaf_grupo,curados_extendidos,v1
parcelas_solo2025_ubic_est-mun-pix_n-cec_v1,curados_extendidos/parcelas_solo2025_ubic_est-mun-pix_n-cec_v1.csv,solo2025,ubic_est-mun-pix,n-cec,197,17,ID_POLIGONO|conjunto|rendimiento_t_ha|area_ha|ndvi_s2_int|ndvi_s2_media_sep_oct|crc_s2_media|vi6t_landsat_max|lai_planet_max|lluvia_ciclo_mm|pendiente_grados|elevacion_m|estado|municipio|pixel_clima|sg_nitrogen_0-5cm_mean|sg_cec_0-5cm_mean,estado|municipio|pixel_clima,sg_nitrogen_0-5cm_mean|sg_cec_0-5cm_mean,curados_extendidos,v1
parcelas_solo2025_ubic_est-mun-pix_n-silt_v1,curados_extendidos/parcelas_solo2025_ubic_est-mun-pix_n-silt_v1.csv,solo2025,ubic_est-mun-pix,n-silt,197,17,ID_POLIGONO|conjunto|rendimiento_t_ha|area_ha|ndvi_s2_int|ndvi_s2_media_sep_oct|crc_s2_media|vi6t_landsat_max|lai_planet_max|lluvia_ciclo_mm|pendiente_grados|elevacion_m|estado|municipio|pixel_clima|sg_nitrogen_0-5cm_mean|sg_silt_0-5cm_mean,estado|municipio|pixel_clima,sg_nitrogen_0-5cm_mean|sg_silt_0-5cm_mean,curados_extendidos,v1
parcelas_solo2025_ubic_est-mun-pix_edaf-cec_v1,curados_extendidos/parcelas_solo2025_ubic_est-mun-pix_edaf-cec_v1.csv,solo2025,ubic_est-mun-pix,edaf-cec,197,17,ID_POLIGONO|conjunto|rendimiento_t_ha|area_ha|ndvi_s2_int|ndvi_s2_media_sep_oct|crc_s2_media|vi6t_landsat_max|lai_planet_max|lluvia_ciclo_mm|pendiente_grados|elevacion_m|estado|municipio|pixel_clima|edaf_grupo|sg_cec_0-5cm_mean,estado|municipio|pixel_clima,edaf_grupo|sg_cec_0-5cm_mean,curados_extendidos,v1
parcelas_solo2025_ubic_est-mun-pix_edaf-silt_v1,curados_extendidos/parcelas_solo2025_ubic_est-mun-pix_edaf-silt_v1.csv,solo2025,ubic_est-mun-pix,edaf-silt,197,17,ID_POLIGONO|conjunto|rendimiento_t_ha|area_ha|ndvi_s2_int|ndvi_s2_media_sep_oct|crc_s2_media|vi6t_landsat_max|lai_planet_max|lluvia_ciclo_mm|pendiente_grados|elevacion_m|estado|municipio|pixel_clima|edaf_grupo|sg_silt_0-5cm_mean,estado|municipio|pixel_clima,edaf_grupo|sg_silt_0-5cm_mean,curados_extendidos,v1
parcelas_solo2025_ubic_est-mun-pix_cec-silt_v1,curados_extendidos/parcelas_solo2025_ubic_est-mun-pix_cec-silt_v1.csv,solo2025,ubic_est-mun-pix,cec-silt,197,17,ID_POLIGONO|conjunto|rendimiento_t_ha|area_ha|ndvi_s2_int|ndvi_s2_media_sep_oct|crc_s2_media|vi6t_landsat_max|lai_planet_max|lluvia_ciclo_mm|pendiente_grados|elevacion_m|estado|municipio|pixel_clima|sg_cec_0-5cm_mean|sg_silt_0-5cm_mean,estado|municipio|pixel_clima,sg_cec_0-5cm_mean|sg_silt_0-5cm_mean,curados_extendidos,v1
parcelas_solo2025_ubic_est-mun-pix_n-edaf-cec_v1,curados_extendidos/parcelas_solo2025_ubic_est-mun-pix_n-edaf-cec_v1.csv,solo2025,ubic_est-mun-pix,n-edaf-cec,197,18,ID_POLIGONO|conjunto|rendimiento_t_ha|area_ha|ndvi_s2_int|ndvi_s2_media_sep_oct|crc_s2_media|vi6t_landsat_max|lai_planet_max|lluvia_ciclo_mm|pendiente_grados|elevacion_m|estado|municipio|pixel_clima|sg_nitrogen_0-5cm_mean|edaf_grupo|sg_cec_0-5cm_mean,estado|municipio|pixel_clima,sg_nitrogen_0-5cm_mean|edaf_grupo|sg_cec_0-5cm_mean,curados_extendidos,v1
parcelas_solo2025_ubic_est-mun-pix_n-edaf-silt_v1,curados_extendidos/parcelas_solo2025_ubic_est-mun-pix_n-edaf-silt_v1.csv,solo2025,ubic_est-mun-pix,n-edaf-silt,197,18,ID_POLIGONO|conjunto|rendimiento_t_ha|area_ha|ndvi_s2_int|ndvi_s2_media_sep_oct|crc_s2_media|vi6t_landsat_max|lai_planet_max|lluvia_ciclo_mm|pendiente_grados|elevacion_m|estado|municipio|pixel_clima|sg_nitrogen_0-5cm_mean|edaf_grupo|sg_silt_0-5cm_mean,estado|municipio|pixel_clima,sg_nitrogen_0-5cm_mean|edaf_grupo|sg_silt_0-5cm_mean,curados_extendidos,v1
parcelas_solo2025_ubic_est-mun-pix_n-cec-silt_v1,curados_extendidos/parcelas_solo2025_ubic_est-mun-pix_n-cec-silt_v1.csv,solo2025,ubic_est-mun-pix,n-cec-silt,197,18,ID_POLIGONO|conjunto|rendimiento_t_ha|area_ha|ndvi_s2_int|ndvi_s2_media_sep_oct|crc_s2_media|vi6t_landsat_max|lai_planet_max|lluvia_ciclo_mm|pendiente_grados|elevacion_m|estado|municipio|pixel_clima|sg_nitrogen_0-5cm_mean|sg_cec_0-5cm_mean|sg_silt_0-5cm_mean,estado|municipio|pixel_clima,sg_nitrogen_0-5cm_mean|sg_cec_0-5cm_mean|sg_silt_0-5cm_mean,curados_extendidos,v1
parcelas_solo2025_ubic_est-mun-pix_edaf-cec-silt_v1,curados_extendidos/parcelas_solo2025_ubic_est-mun-pix_edaf-cec-silt_v1.csv,solo2025,ubic_est-mun-pix,edaf-cec-silt,197,18,ID_POLIGONO|conjunto|rendimiento_t_ha|area_ha|ndvi_s2_int|ndvi_s2_media_sep_oct|crc_s2_media|vi6t_landsat_max|lai_planet_max|lluvia_ciclo_mm|pendiente_grados|elevacion_m|estado|municipio|pixel_clima|edaf_grupo|sg_cec_0-5cm_mean|sg_silt_0-5cm_mean,estado|municipio|pixel_clima,edaf_grupo|sg_cec_0-5cm_mean|sg_silt_0-5cm_mean,curados_extendidos,v1
parcelas_solo2025_ubic_est-mun-pix_n-edaf-cec-silt_v1,curados_extendidos/parcelas_solo2025_ubic_est-mun-pix_n-edaf-cec-silt_v1.csv,solo2025,ubic_est-mun-pix,n-edaf-cec-silt,197,19,ID_POLIGONO|conjunto|rendimiento_t_ha|area_ha|ndvi_s2_int|ndvi_s2_media_sep_oct|crc_s2_media|vi6t_landsat_max|lai_planet_max|lluvia_ciclo_mm|pendiente_grados|elevacion_m|estado|municipio|pixel_clima|sg_nitrogen_0-5cm_mean|edaf_grupo|sg_cec_0-5cm_mean|sg_silt_0-5cm_mean,estado|municipio|pixel_clima,sg_nitrogen_0-5cm_mean|edaf_grupo|sg_cec_0-5cm_mean|sg_silt_0-5cm_mean,curados_extendidos,v1
parcelas_solo2025_ubic_est-lon-lat_reto_v1,curados_reto/parcelas_solo2025_ubic_est-lon-lat_reto_v1.csv,solo2025,ubic_est-lon-lat,reto,197,15,ID_POLIGONO|conjunto|rendimiento_t_ha|area_ha|ndvi_s2_int|ndvi_s2_media_sep_oct|crc_s2_media|vi6t_landsat_max|lai_planet_max|lluvia_ciclo_mm|pendiente_grados|elevacion_m|estado|lon|lat,estado|lon|lat,,curados_reto,v1
parcelas_solo2025_ubic_est-lon-lat_n_v1,curados_extendidos/parcelas_solo2025_ubic_est-lon-lat_n_v1.csv,solo2025,ubic_est-lon-lat,n,197,16,ID_POLIGONO|conjunto|rendimiento_t_ha|area_ha|ndvi_s2_int|ndvi_s2_media_sep_oct|crc_s2_media|vi6t_landsat_max|lai_planet_max|lluvia_ciclo_mm|pendiente_grados|elevacion_m|estado|lon|lat|sg_nitrogen_0-5cm_mean,estado|lon|lat,sg_nitrogen_0-5cm_mean,curados_extendidos,v1
parcelas_solo2025_ubic_est-lon-lat_edaf_v1,curados_extendidos/parcelas_solo2025_ubic_est-lon-lat_edaf_v1.csv,solo2025,ubic_est-lon-lat,edaf,197,16,ID_POLIGONO|conjunto|rendimiento_t_ha|area_ha|ndvi_s2_int|ndvi_s2_media_sep_oct|crc_s2_media|vi6t_landsat_max|lai_planet_max|lluvia_ciclo_mm|pendiente_grados|elevacion_m|estado|lon|lat|edaf_grupo,estado|lon|lat,edaf_grupo,curados_extendidos,v1
parcelas_solo2025_ubic_est-lon-lat_cec_v1,curados_extendidos/parcelas_solo2025_ubic_est-lon-lat_cec_v1.csv,solo2025,ubic_est-lon-lat,cec,197,16,ID_POLIGONO|conjunto|rendimiento_t_ha|area_ha|ndvi_s2_int|ndvi_s2_media_sep_oct|crc_s2_media|vi6t_landsat_max|lai_planet_max|lluvia_ciclo_mm|pendiente_grados|elevacion_m|estado|lon|lat|sg_cec_0-5cm_mean,estado|lon|lat,sg_cec_0-5cm_mean,curados_extendidos,v1
parcelas_solo2025_ubic_est-lon-lat_silt_v1,curados_extendidos/parcelas_solo2025_ubic_est-lon-lat_silt_v1.csv,solo2025,ubic_est-lon-lat,silt,197,16,ID_POLIGONO|conjunto|rendimiento_t_ha|area_ha|ndvi_s2_int|ndvi_s2_media_sep_oct|crc_s2_media|vi6t_landsat_max|lai_planet_max|lluvia_ciclo_mm|pendiente_grados|elevacion_m|estado|lon|lat|sg_silt_0-5cm_mean,estado|lon|lat,sg_silt_0-5cm_mean,curados_extendidos,v1
parcelas_solo2025_ubic_est-lon-lat_n-edaf_v1,curados_extendidos/parcelas_solo2025_ubic_est-lon-lat_n-edaf_v1.csv,solo2025,ubic_est-lon-lat,n-edaf,197,17,ID_POLIGONO|conjunto|rendimiento_t_ha|area_ha|ndvi_s2_int|ndvi_s2_media_sep_oct|crc_s2_media|vi6t_landsat_max|lai_planet_max|lluvia_ciclo_mm|pendiente_grados|elevacion_m|estado|lon|lat|sg_nitrogen_0-5cm_mean|edaf_grupo,estado|lon|lat,sg_nitrogen_0-5cm_mean|edaf_grupo,curados_extendidos,v1
parcelas_solo2025_ubic_est-lon-lat_n-cec_v1,curados_extendidos/parcelas_solo2025_ubic_est-lon-lat_n-cec_v1.csv,solo2025,ubic_est-lon-lat,n-cec,197,17,ID_POLIGONO|conjunto|rendimiento_t_ha|area_ha|ndvi_s2_int|ndvi_s2_media_sep_oct|crc_s2_media|vi6t_landsat_max|lai_planet_max|lluvia_ciclo_mm|pendiente_grados|elevacion_m|estado|lon|lat|sg_nitrogen_0-5cm_mean|sg_cec_0-5cm_mean,estado|lon|lat,sg_nitrogen_0-5cm_mean|sg_cec_0-5cm_mean,curados_extendidos,v1
parcelas_solo2025_ubic_est-lon-lat_n-silt_v1,curados_extendidos/parcelas_solo2025_ubic_est-lon-lat_n-silt_v1.csv,solo2025,ubic_est-lon-lat,n-silt,197,17,ID_POLIGONO|conjunto|rendimiento_t_ha|area_ha|ndvi_s2_int|ndvi_s2_media_sep_oct|crc_s2_media|vi6t_landsat_max|lai_planet_max|lluvia_ciclo_mm|pendiente_grados|elevacion_m|estado|lon|lat|sg_nitrogen_0-5cm_mean|sg_silt_0-5cm_mean,estado|lon|lat,sg_nitrogen_0-5cm_mean|sg_silt_0-5cm_mean,curados_extendidos,v1
parcelas_solo2025_ubic_est-lon-lat_edaf-cec_v1,curados_extendidos/parcelas_solo2025_ubic_est-lon-lat_edaf-cec_v1.csv,solo2025,ubic_est-lon-lat,edaf-cec,197,17,ID_POLIGONO|conjunto|rendimiento_t_ha|area_ha|ndvi_s2_int|ndvi_s2_media_sep_oct|crc_s2_media|vi6t_landsat_max|lai_planet_max|lluvia_ciclo_mm|pendiente_grados|elevacion_m|estado|lon|lat|edaf_grupo|sg_cec_0-5cm_mean,estado|lon|lat,edaf_grupo|sg_cec_0-5cm_mean,curados_extendidos,v1
parcelas_solo2025_ubic_est-lon-lat_edaf-silt_v1,curados_extendidos/parcelas_solo2025_ubic_est-lon-lat_edaf-silt_v1.csv,solo2025,ubic_est-lon-lat,edaf-silt,197,17,ID_POLIGONO|conjunto|rendimiento_t_ha|area_ha|ndvi_s2_int|ndvi_s2_media_sep_oct|crc_s2_media|vi6t_landsat_max|lai_planet_max|lluvia_ciclo_mm|pendiente_grados|elevacion_m|estado|lon|lat|edaf_grupo|sg_silt_0-5cm_mean,estado|lon|lat,edaf_grupo|sg_silt_0-5cm_mean,curados_extendidos,v1
parcelas_solo2025_ubic_est-lon-lat_cec-silt_v1,curados_extendidos/parcelas_solo2025_ubic_est-lon-lat_cec-silt_v1.csv,solo2025,ubic_est-lon-lat,cec-silt,197,17,ID_POLIGONO|conjunto|rendimiento_t_ha|area_ha|ndvi_s2_int|ndvi_s2_media_sep_oct|crc_s2_media|vi6t_landsat_max|lai_planet_max|lluvia_ciclo_mm|pendiente_grados|elevacion_m|estado|lon|lat|sg_cec_0-5cm_mean|sg_silt_0-5cm_mean,estado|lon|lat,sg_cec_0-5cm_mean|sg_silt_0-5cm_mean,curados_extendidos,v1
parcelas_solo2025_ubic_est-lon-lat_n-edaf-cec_v1,curados_extendidos/parcelas_solo2025_ubic_est-lon-lat_n-edaf-cec_v1.csv,solo2025,ubic_est-lon-lat,n-edaf-cec,197,18,ID_POLIGONO|conjunto|rendimiento_t_ha|area_ha|ndvi_s2_int|ndvi_s2_media_sep_oct|crc_s2_media|vi6t_landsat_max|lai_planet_max|lluvia_ciclo_mm|pendiente_grados|elevacion_m|estado|lon|lat|sg_nitrogen_0-5cm_mean|edaf_grupo|sg_cec_0-5cm_mean,estado|lon|lat,sg_nitrogen_0-5cm_mean|edaf_grupo|sg_cec_0-5cm_mean,curados_extendidos,v1
parcelas_solo2025_ubic_est-lon-lat_n-edaf-silt_v1,curados_extendidos/parcelas_solo2025_ubic_est-lon-lat_n-edaf-silt_v1.csv,solo2025,ubic_est-lon-lat,n-edaf-silt,197,18,ID_POLIGONO|conjunto|rendimiento_t_ha|area_ha|ndvi_s2_int|ndvi_s2_media_sep_oct|crc_s2_media|vi6t_landsat_max|lai_planet_max|lluvia_ciclo_mm|pendiente_grados|elevacion_m|estado|lon|lat|sg_nitrogen_0-5cm_mean|edaf_grupo|sg_silt_0-5cm_mean,estado|lon|lat,sg_nitrogen_0-5cm_mean|edaf_grupo|sg_silt_0-5cm_mean,curados_extendidos,v1
parcelas_solo2025_ubic_est-lon-lat_n-cec-silt_v1,curados_extendidos/parcelas_solo2025_ubic_est-lon-lat_n-cec-silt_v1.csv,solo2025,ubic_est-lon-lat,n-cec-silt,197,18,ID_POLIGONO|conjunto|rendimiento_t_ha|area_ha|ndvi_s2_int|ndvi_s2_media_sep_oct|crc_s2_media|vi6t_landsat_max|lai_planet_max|lluvia_ciclo_mm|pendiente_grados|elevacion_m|estado|lon|lat|sg_nitrogen_0-5cm_mean|sg_cec_0-5cm_mean|sg_silt_0-5cm_mean,estado|lon|lat,sg_nitrogen_0-5cm_mean|sg_cec_0-5cm_mean|sg_silt_0-5cm_mean,curados_extendidos,v1
parcelas_solo2025_ubic_est-lon-lat_edaf-cec-silt_v1,curados_extendidos/parcelas_solo2025_ubic_est-lon-lat_edaf-cec-silt_v1.csv,solo2025,ubic_est-lon-lat,edaf-cec-silt,197,18,ID_POLIGONO|conjunto|rendimiento_t_ha|area_ha|ndvi_s2_int|ndvi_s2_media_sep_oct|crc_s2_media|vi6t_landsat_max|lai_planet_max|lluvia_ciclo_mm|pendiente_grados|elevacion_m|estado|lon|lat|edaf_grupo|sg_cec_0-5cm_mean|sg_silt_0-5cm_mean,estado|lon|lat,edaf_grupo|sg_cec_0-5cm_mean|sg_silt_0-5cm_mean,curados_extendidos,v1
parcelas_solo2025_ubic_est-lon-lat_n-edaf-cec-silt_v1,curados_extendidos/parcelas_solo2025_ubic_est-lon-lat_n-edaf-cec-silt_v1.csv,solo2025,ubic_est-lon-lat,n-edaf-cec-silt,197,19,ID_POLIGONO|conjunto|rendimiento_t_ha|area_ha|ndvi_s2_int|ndvi_s2_media_sep_oct|crc_s2_media|vi6t_landsat_max|lai_planet_max|lluvia_ciclo_mm|pendiente_grados|elevacion_m|estado|lon|lat|sg_nitrogen_0-5cm_mean|edaf_grupo|sg_cec_0-5cm_mean|sg_silt_0-5cm_mean,estado|lon|lat,sg_nitrogen_0-5cm_mean|edaf_grupo|sg_cec_0-5cm_mean|sg_silt_0-5cm_mean,curados_extendidos,v1
parcelas_solo2025_ubic_est-lon-pix_reto_v1,curados_reto/parcelas_solo2025_ubic_est-lon-pix_reto_v1.csv,solo2025,ubic_est-lon-pix,reto,197,15,ID_POLIGONO|conjunto|rendimiento_t_ha|area_ha|ndvi_s2_int|ndvi_s2_media_sep_oct|crc_s2_media|vi6t_landsat_max|lai_planet_max|lluvia_ciclo_mm|pendiente_grados|elevacion_m|estado|lon|pixel_clima,estado|lon|pixel_clima,,curados_reto,v1
parcelas_solo2025_ubic_est-lon-pix_n_v1,curados_extendidos/parcelas_solo2025_ubic_est-lon-pix_n_v1.csv,solo2025,ubic_est-lon-pix,n,197,16,ID_POLIGONO|conjunto|rendimiento_t_ha|area_ha|ndvi_s2_int|ndvi_s2_media_sep_oct|crc_s2_media|vi6t_landsat_max|lai_planet_max|lluvia_ciclo_mm|pendiente_grados|elevacion_m|estado|lon|pixel_clima|sg_nitrogen_0-5cm_mean,estado|lon|pixel_clima,sg_nitrogen_0-5cm_mean,curados_extendidos,v1
parcelas_solo2025_ubic_est-lon-pix_edaf_v1,curados_extendidos/parcelas_solo2025_ubic_est-lon-pix_edaf_v1.csv,solo2025,ubic_est-lon-pix,edaf,197,16,ID_POLIGONO|conjunto|rendimiento_t_ha|area_ha|ndvi_s2_int|ndvi_s2_media_sep_oct|crc_s2_media|vi6t_landsat_max|lai_planet_max|lluvia_ciclo_mm|pendiente_grados|elevacion_m|estado|lon|pixel_clima|edaf_grupo,estado|lon|pixel_clima,edaf_grupo,curados_extendidos,v1
parcelas_solo2025_ubic_est-lon-pix_cec_v1,curados_extendidos/parcelas_solo2025_ubic_est-lon-pix_cec_v1.csv,solo2025,ubic_est-lon-pix,cec,197,16,ID_POLIGONO|conjunto|rendimiento_t_ha|area_ha|ndvi_s2_int|ndvi_s2_media_sep_oct|crc_s2_media|vi6t_landsat_max|lai_planet_max|lluvia_ciclo_mm|pendiente_grados|elevacion_m|estado|lon|pixel_clima|sg_cec_0-5cm_mean,estado|lon|pixel_clima,sg_cec_0-5cm_mean,curados_extendidos,v1
parcelas_solo2025_ubic_est-lon-pix_silt_v1,curados_extendidos/parcelas_solo2025_ubic_est-lon-pix_silt_v1.csv,solo2025,ubic_est-lon-pix,silt,197,16,ID_POLIGONO|conjunto|rendimiento_t_ha|area_ha|ndvi_s2_int|ndvi_s2_media_sep_oct|crc_s2_media|vi6t_landsat_max|lai_planet_max|lluvia_ciclo_mm|pendiente_grados|elevacion_m|estado|lon|pixel_clima|sg_silt_0-5cm_mean,estado|lon|pixel_clima,sg_silt_0-5cm_mean,curados_extendidos,v1
parcelas_solo2025_ubic_est-lon-pix_n-edaf_v1,curados_extendidos/parcelas_solo2025_ubic_est-lon-pix_n-edaf_v1.csv,solo2025,ubic_est-lon-pix,n-edaf,197,17,ID_POLIGONO|conjunto|rendimiento_t_ha|area_ha|ndvi_s2_int|ndvi_s2_media_sep_oct|crc_s2_media|vi6t_landsat_max|lai_planet_max|lluvia_ciclo_mm|pendiente_grados|elevacion_m|estado|lon|pixel_clima|sg_nitrogen_0-5cm_mean|edaf_grupo,estado|lon|pixel_clima,sg_nitrogen_0-5cm_mean|edaf_grupo,curados_extendidos,v1
parcelas_solo2025_ubic_est-lon-pix_n-cec_v1,curados_extendidos/parcelas_solo2025_ubic_est-lon-pix_n-cec_v1.csv,solo2025,ubic_est-lon-pix,n-cec,197,17,ID_POLIGONO|conjunto|rendimiento_t_ha|area_ha|ndvi_s2_int|ndvi_s2_media_sep_oct|crc_s2_media|vi6t_landsat_max|lai_planet_max|lluvia_ciclo_mm|pendiente_grados|elevacion_m|estado|lon|pixel_clima|sg_nitrogen_0-5cm_mean|sg_cec_0-5cm_mean,estado|lon|pixel_clima,sg_nitrogen_0-5cm_mean|sg_cec_0-5cm_mean,curados_extendidos,v1
parcelas_solo2025_ubic_est-lon-pix_n-silt_v1,curados_extendidos/parcelas_solo2025_ubic_est-lon-pix_n-silt_v1.csv,solo2025,ubic_est-lon-pix,n-silt,197,17,ID_POLIGONO|conjunto|rendimiento_t_ha|area_ha|ndvi_s2_int|ndvi_s2_media_sep_oct|crc_s2_media|vi6t_landsat_max|lai_planet_max|lluvia_ciclo_mm|pendiente_grados|elevacion_m|estado|lon|pixel_clima|sg_nitrogen_0-5cm_mean|sg_silt_0-5cm_mean,estado|lon|pixel_clima,sg_nitrogen_0-5cm_mean|sg_silt_0-5cm_mean,curados_extendidos,v1
parcelas_solo2025_ubic_est-lon-pix_edaf-cec_v1,curados_extendidos/parcelas_solo2025_ubic_est-lon-pix_edaf-cec_v1.csv,solo2025,ubic_est-lon-pix,edaf-cec,197,17,ID_POLIGONO|conjunto|rendimiento_t_ha|area_ha|ndvi_s2_int|ndvi_s2_media_sep_oct|crc_s2_media|vi6t_landsat_max|lai_planet_max|lluvia_ciclo_mm|pendiente_grados|elevacion_m|estado|lon|pixel_clima|edaf_grupo|sg_cec_0-5cm_mean,estado|lon|pixel_clima,edaf_grupo|sg_cec_0-5cm_mean,curados_extendidos,v1
parcelas_solo2025_ubic_est-lon-pix_edaf-silt_v1,curados_extendidos/parcelas_solo2025_ubic_est-lon-pix_edaf-silt_v1.csv,solo2025,ubic_est-lon-pix,edaf-silt,197,17,ID_POLIGONO|conjunto|rendimiento_t_ha|area_ha|ndvi_s2_int|ndvi_s2_media_sep_oct|crc_s2_media|vi6t_landsat_max|lai_planet_max|lluvia_ciclo_mm|pendiente_grados|elevacion_m|estado|lon|pixel_clima|edaf_grupo|sg_silt_0-5cm_mean,estado|lon|pixel_clima,edaf_grupo|sg_silt_0-5cm_mean,curados_extendidos,v1
parcelas_solo2025_ubic_est-lon-pix_cec-silt_v1,curados_extendidos/parcelas_solo2025_ubic_est-lon-pix_cec-silt_v1.csv,solo2025,ubic_est-lon-pix,cec-silt,197,17,ID_POLIGONO|conjunto|rendimiento_t_ha|area_ha|ndvi_s2_int|ndvi_s2_media_sep_oct|crc_s2_media|vi6t_landsat_max|lai_planet_max|lluvia_ciclo_mm|pendiente_grados|elevacion_m|estado|lon|pixel_clima|sg_cec_0-5cm_mean|sg_silt_0-5cm_mean,estado|lon|pixel_clima,sg_cec_0-5cm_mean|sg_silt_0-5cm_mean,curados_extendidos,v1
parcelas_solo2025_ubic_est-lon-pix_n-edaf-cec_v1,curados_extendidos/parcelas_solo2025_ubic_est-lon-pix_n-edaf-cec_v1.csv,solo2025,ubic_est-lon-pix,n-edaf-cec,197,18,ID_POLIGONO|conjunto|rendimiento_t_ha|area_ha|ndvi_s2_int|ndvi_s2_media_sep_oct|crc_s2_media|vi6t_landsat_max|lai_planet_max|lluvia_ciclo_mm|pendiente_grados|elevacion_m|estado|lon|pixel_clima|sg_nitrogen_0-5cm_mean|edaf_grupo|sg_cec_0-5cm_mean,estado|lon|pixel_clima,sg_nitrogen_0-5cm_mean|edaf_grupo|sg_cec_0-5cm_mean,curados_extendidos,v1
parcelas_solo2025_ubic_est-lon-pix_n-edaf-silt_v1,curados_extendidos/parcelas_solo2025_ubic_est-lon-pix_n-edaf-silt_v1.csv,solo2025,ubic_est-lon-pix,n-edaf-silt,197,18,ID_POLIGONO|conjunto|rendimiento_t_ha|area_ha|ndvi_s2_int|ndvi_s2_media_sep_oct|crc_s2_media|vi6t_landsat_max|lai_planet_max|lluvia_ciclo_mm|pendiente_grados|elevacion_m|estado|lon|pixel_clima|sg_nitrogen_0-5cm_mean|edaf_grupo|sg_silt_0-5cm_mean,estado|lon|pixel_clima,sg_nitrogen_0-5cm_mean|edaf_grupo|sg_silt_0-5cm_mean,curados_extendidos,v1
parcelas_solo2025_ubic_est-lon-pix_n-cec-silt_v1,curados_extendidos/parcelas_solo2025_ubic_est-lon-pix_n-cec-silt_v1.csv,solo2025,ubic_est-lon-pix,n-cec-silt,197,18,ID_POLIGONO|conjunto|rendimiento_t_ha|area_ha|ndvi_s2_int|ndvi_s2_media_sep_oct|crc_s2_media|vi6t_landsat_max|lai_planet_max|lluvia_ciclo_mm|pendiente_grados|elevacion_m|estado|lon|pixel_clima|sg_nitrogen_0-5cm_mean|sg_cec_0-5cm_mean|sg_silt_0-5cm_mean,estado|lon|pixel_clima,sg_nitrogen_0-5cm_mean|sg_cec_0-5cm_mean|sg_silt_0-5cm_mean,curados_extendidos,v1
parcelas_solo2025_ubic_est-lon-pix_edaf-cec-silt_v1,curados_extendidos/parcelas_solo2025_ubic_est-lon-pix_edaf-cec-silt_v1.csv,solo2025,ubic_est-lon-pix,edaf-cec-silt,197,18,ID_POLIGONO|conjunto|rendimiento_t_ha|area_ha|ndvi_s2_int|ndvi_s2_media_sep_oct|crc_s2_media|vi6t_landsat_max|lai_planet_max|lluvia_ciclo_mm|pendiente_grados|elevacion_m|estado|lon|pixel_clima|edaf_grupo|sg_cec_0-5cm_mean|sg_silt_0-5cm_mean,estado|lon|pixel_clima,edaf_grupo|sg_cec_0-5cm_mean|sg_silt_0-5cm_mean,curados_extendidos,v1
parcelas_solo2025_ubic_est-lon-pix_n-edaf-cec-silt_v1,curados_extendidos/parcelas_solo2025_ubic_est-lon-pix_n-edaf-cec-silt_v1.csv,solo2025,ubic_est-lon-pix,n-edaf-cec-silt,197,19,ID_POLIGONO|conjunto|rendimiento_t_ha|area_ha|ndvi_s2_int|ndvi_s2_media_sep_oct|crc_s2_media|vi6t_landsat_max|lai_planet_max|lluvia_ciclo_mm|pendiente_grados|elevacion_m|estado|lon|pixel_clima|sg_nitrogen_0-5cm_mean|edaf_grupo|sg_cec_0-5cm_mean|sg_silt_0-5cm_mean,estado|lon|pixel_clima,sg_nitrogen_0-5cm_mean|edaf_grupo|sg_cec_0-5cm_mean|sg_silt_0-5cm_mean,curados_extendidos,v1
parcelas_solo2025_ubic_est-lat-pix_reto_v1,curados_reto/parcelas_solo2025_ubic_est-lat-pix_reto_v1.csv,solo2025,ubic_est-lat-pix,reto,197,15,ID_POLIGONO|conjunto|rendimiento_t_ha|area_ha|ndvi_s2_int|ndvi_s2_media_sep_oct|crc_s2_media|vi6t_landsat_max|lai_planet_max|lluvia_ciclo_mm|pendiente_grados|elevacion_m|estado|lat|pixel_clima,estado|lat|pixel_clima,,curados_reto,v1
parcelas_solo2025_ubic_est-lat-pix_n_v1,curados_extendidos/parcelas_solo2025_ubic_est-lat-pix_n_v1.csv,solo2025,ubic_est-lat-pix,n,197,16,ID_POLIGONO|conjunto|rendimiento_t_ha|area_ha|ndvi_s2_int|ndvi_s2_media_sep_oct|crc_s2_media|vi6t_landsat_max|lai_planet_max|lluvia_ciclo_mm|pendiente_grados|elevacion_m|estado|lat|pixel_clima|sg_nitrogen_0-5cm_mean,estado|lat|pixel_clima,sg_nitrogen_0-5cm_mean,curados_extendidos,v1
parcelas_solo2025_ubic_est-lat-pix_edaf_v1,curados_extendidos/parcelas_solo2025_ubic_est-lat-pix_edaf_v1.csv,solo2025,ubic_est-lat-pix,edaf,197,16,ID_POLIGONO|conjunto|rendimiento_t_ha|area_ha|ndvi_s2_int|ndvi_s2_media_sep_oct|crc_s2_media|vi6t_landsat_max|lai_planet_max|lluvia_ciclo_mm|pendiente_grados|elevacion_m|estado|lat|pixel_clima|edaf_grupo,estado|lat|pixel_clima,edaf_grupo,curados_extendidos,v1
parcelas_solo2025_ubic_est-lat-pix_cec_v1,curados_extendidos/parcelas_solo2025_ubic_est-lat-pix_cec_v1.csv,solo2025,ubic_est-lat-pix,cec,197,16,ID_POLIGONO|conjunto|rendimiento_t_ha|area_ha|ndvi_s2_int|ndvi_s2_media_sep_oct|crc_s2_media|vi6t_landsat_max|lai_planet_max|lluvia_ciclo_mm|pendiente_grados|elevacion_m|estado|lat|pixel_clima|sg_cec_0-5cm_mean,estado|lat|pixel_clima,sg_cec_0-5cm_mean,curados_extendidos,v1
parcelas_solo2025_ubic_est-lat-pix_silt_v1,curados_extendidos/parcelas_solo2025_ubic_est-lat-pix_silt_v1.csv,solo2025,ubic_est-lat-pix,silt,197,16,ID_POLIGONO|conjunto|rendimiento_t_ha|area_ha|ndvi_s2_int|ndvi_s2_media_sep_oct|crc_s2_media|vi6t_landsat_max|lai_planet_max|lluvia_ciclo_mm|pendiente_grados|elevacion_m|estado|lat|pixel_clima|sg_silt_0-5cm_mean,estado|lat|pixel_clima,sg_silt_0-5cm_mean,curados_extendidos,v1
parcelas_solo2025_ubic_est-lat-pix_n-edaf_v1,curados_extendidos/parcelas_solo2025_ubic_est-lat-pix_n-edaf_v1.csv,solo2025,ubic_est-lat-pix,n-edaf,197,17,ID_POLIGONO|conjunto|rendimiento_t_ha|area_ha|ndvi_s2_int|ndvi_s2_media_sep_oct|crc_s2_media|vi6t_landsat_max|lai_planet_max|lluvia_ciclo_mm|pendiente_grados|elevacion_m|estado|lat|pixel_clima|sg_nitrogen_0-5cm_mean|edaf_grupo,estado|lat|pixel_clima,sg_nitrogen_0-5cm_mean|edaf_grupo,curados_extendidos,v1
parcelas_solo2025_ubic_est-lat-pix_n-cec_v1,curados_extendidos/parcelas_solo2025_ubic_est-lat-pix_n-cec_v1.csv,solo2025,ubic_est-lat-pix,n-cec,197,17,ID_POLIGONO|conjunto|rendimiento_t_ha|area_ha|ndvi_s2_int|ndvi_s2_media_sep_oct|crc_s2_media|vi6t_landsat_max|lai_planet_max|lluvia_ciclo_mm|pendiente_grados|elevacion_m|estado|lat|pixel_clima|sg_nitrogen_0-5cm_mean|sg_cec_0-5cm_mean,estado|lat|pixel_clima,sg_nitrogen_0-5cm_mean|sg_cec_0-5cm_mean,curados_extendidos,v1
parcelas_solo2025_ubic_est-lat-pix_n-silt_v1,curados_extendidos/parcelas_solo2025_ubic_est-lat-pix_n-silt_v1.csv,solo2025,ubic_est-lat-pix,n-silt,197,17,ID_POLIGONO|conjunto|rendimiento_t_ha|area_ha|ndvi_s2_int|ndvi_s2_media_sep_oct|crc_s2_media|vi6t_landsat_max|lai_planet_max|lluvia_ciclo_mm|pendiente_grados|elevacion_m|estado|lat|pixel_clima|sg_nitrogen_0-5cm_mean|sg_silt_0-5cm_mean,estado|lat|pixel_clima,sg_nitrogen_0-5cm_mean|sg_silt_0-5cm_mean,curados_extendidos,v1
parcelas_solo2025_ubic_est-lat-pix_edaf-cec_v1,curados_extendidos/parcelas_solo2025_ubic_est-lat-pix_edaf-cec_v1.csv,solo2025,ubic_est-lat-pix,edaf-cec,197,17,ID_POLIGONO|conjunto|rendimiento_t_ha|area_ha|ndvi_s2_int|ndvi_s2_media_sep_oct|crc_s2_media|vi6t_landsat_max|lai_planet_max|lluvia_ciclo_mm|pendiente_grados|elevacion_m|estado|lat|pixel_clima|edaf_grupo|sg_cec_0-5cm_mean,estado|lat|pixel_clima,edaf_grupo|sg_cec_0-5cm_mean,curados_extendidos,v1
parcelas_solo2025_ubic_est-lat-pix_edaf-silt_v1,curados_extendidos/parcelas_solo2025_ubic_est-lat-pix_edaf-silt_v1.csv,solo2025,ubic_est-lat-pix,edaf-silt,197,17,ID_POLIGONO|conjunto|rendimiento_t_ha|area_ha|ndvi_s2_int|ndvi_s2_media_sep_oct|crc_s2_media|vi6t_landsat_max|lai_planet_max|lluvia_ciclo_mm|pendiente_grados|elevacion_m|estado|lat|pixel_clima|edaf_grupo|sg_silt_0-5cm_mean,estado|lat|pixel_clima,edaf_grupo|sg_silt_0-5cm_mean,curados_extendidos,v1
parcelas_solo2025_ubic_est-lat-pix_cec-silt_v1,curados_extendidos/parcelas_solo2025_ubic_est-lat-pix_cec-silt_v1.csv,solo2025,ubic_est-lat-pix,cec-silt,197,17,ID_POLIGONO|conjunto|rendimiento_t_ha|area_ha|ndvi_s2_int|ndvi_s2_media_sep_oct|crc_s2_media|vi6t_landsat_max|lai_planet_max|lluvia_ciclo_mm|pendiente_grados|elevacion_m|estado|lat|pixel_clima|sg_cec_0-5cm_mean|sg_silt_0-5cm_mean,estado|lat|pixel_clima,sg_cec_0-5cm_mean|sg_silt_0-5cm_mean,curados_extendidos,v1
parcelas_solo2025_ubic_est-lat-pix_n-edaf-cec_v1,curados_extendidos/parcelas_solo2025_ubic_est-lat-pix_n-edaf-cec_v1.csv,solo2025,ubic_est-lat-pix,n-edaf-cec,197,18,ID_POLIGONO|conjunto|rendimiento_t_ha|area_ha|ndvi_s2_int|ndvi_s2_media_sep_oct|crc_s2_media|vi6t_landsat_max|lai_planet_max|lluvia_ciclo_mm|pendiente_grados|elevacion_m|estado|lat|pixel_clima|sg_nitrogen_0-5cm_mean|edaf_grupo|sg_cec_0-5cm_mean,estado|lat|pixel_clima,sg_nitrogen_0-5cm_mean|edaf_grupo|sg_cec_0-5cm_mean,curados_extendidos,v1
parcelas_solo2025_ubic_est-lat-pix_n-edaf-silt_v1,curados_extendidos/parcelas_solo2025_ubic_est-lat-pix_n-edaf-silt_v1.csv,solo2025,ubic_est-lat-pix,n-edaf-silt,197,18,ID_POLIGONO|conjunto|rendimiento_t_ha|area_ha|ndvi_s2_int|ndvi_s2_media_sep_oct|crc_s2_media|vi6t_landsat_max|lai_planet_max|lluvia_ciclo_mm|pendiente_grados|elevacion_m|estado|lat|pixel_clima|sg_nitrogen_0-5cm_mean|edaf_grupo|sg_silt_0-5cm_mean,estado|lat|pixel_clima,sg_nitrogen_0-5cm_mean|edaf_grupo|sg_silt_0-5cm_mean,curados_extendidos,v1
parcelas_solo2025_ubic_est-lat-pix_n-cec-silt_v1,curados_extendidos/parcelas_solo2025_ubic_est-lat-pix_n-cec-silt_v1.csv,solo2025,ubic_est-lat-pix,n-cec-silt,197,18,ID_POLIGONO|conjunto|rendimiento_t_ha|area_ha|ndvi_s2_int|ndvi_s2_media_sep_oct|crc_s2_media|vi6t_landsat_max|lai_planet_max|lluvia_ciclo_mm|pendiente_grados|elevacion_m|estado|lat|pixel_clima|sg_nitrogen_0-5cm_mean|sg_cec_0-5cm_mean|sg_silt_0-5cm_mean,estado|lat|pixel_clima,sg_nitrogen_0-5cm_mean|sg_cec_0-5cm_mean|sg_silt_0-5cm_mean,curados_extendidos,v1
parcelas_solo2025_ubic_est-lat-pix_edaf-cec-silt_v1,curados_extendidos/parcelas_solo2025_ubic_est-lat-pix_edaf-cec-silt_v1.csv,solo2025,ubic_est-lat-pix,edaf-cec-silt,197,18,ID_POLIGONO|conjunto|rendimiento_t_ha|area_ha|ndvi_s2_int|ndvi_s2_media_sep_oct|crc_s2_media|vi6t_landsat_max|lai_planet_max|lluvia_ciclo_mm|pendiente_grados|elevacion_m|estado|lat|pixel_clima|edaf_grupo|sg_cec_0-5cm_mean|sg_silt_0-5cm_mean,estado|lat|pixel_clima,edaf_grupo|sg_cec_0-5cm_mean|sg_silt_0-5cm_mean,curados_extendidos,v1
parcelas_solo2025_ubic_est-lat-pix_n-edaf-cec-silt_v1,curados_extendidos/parcelas_solo2025_ubic_est-lat-pix_n-edaf-cec-silt_v1.csv,solo2025,ubic_est-lat-pix,n-edaf-cec-silt,197,19,ID_POLIGONO|conjunto|rendimiento_t_ha|area_ha|ndvi_s2_int|ndvi_s2_media_sep_oct|crc_s2_media|vi6t_landsat_max|lai_planet_max|lluvia_ciclo_mm|pendiente_grados|elevacion_m|estado|lat|pixel_clima|sg_nitrogen_0-5cm_mean|edaf_grupo|sg_cec_0-5cm_mean|sg_silt_0-5cm_mean,estado|lat|pixel_clima,sg_nitrogen_0-5cm_mean|edaf_grupo|sg_cec_0-5cm_mean|sg_silt_0-5cm_mean,curados_extendidos,v1
parcelas_solo2025_ubic_mun-lon-lat_reto_v1,curados_reto/parcelas_solo2025_ubic_mun-lon-lat_reto_v1.csv,solo2025,ubic_mun-lon-lat,reto,197,15,ID_POLIGONO|conjunto|rendimiento_t_ha|area_ha|ndvi_s2_int|ndvi_s2_media_sep_oct|crc_s2_media|vi6t_landsat_max|lai_planet_max|lluvia_ciclo_mm|pendiente_grados|elevacion_m|municipio|lon|lat,municipio|lon|lat,,curados_reto,v1
parcelas_solo2025_ubic_mun-lon-lat_n_v1,curados_extendidos/parcelas_solo2025_ubic_mun-lon-lat_n_v1.csv,solo2025,ubic_mun-lon-lat,n,197,16,ID_POLIGONO|conjunto|rendimiento_t_ha|area_ha|ndvi_s2_int|ndvi_s2_media_sep_oct|crc_s2_media|vi6t_landsat_max|lai_planet_max|lluvia_ciclo_mm|pendiente_grados|elevacion_m|municipio|lon|lat|sg_nitrogen_0-5cm_mean,municipio|lon|lat,sg_nitrogen_0-5cm_mean,curados_extendidos,v1
parcelas_solo2025_ubic_mun-lon-lat_edaf_v1,curados_extendidos/parcelas_solo2025_ubic_mun-lon-lat_edaf_v1.csv,solo2025,ubic_mun-lon-lat,edaf,197,16,ID_POLIGONO|conjunto|rendimiento_t_ha|area_ha|ndvi_s2_int|ndvi_s2_media_sep_oct|crc_s2_media|vi6t_landsat_max|lai_planet_max|lluvia_ciclo_mm|pendiente_grados|elevacion_m|municipio|lon|lat|edaf_grupo,municipio|lon|lat,edaf_grupo,curados_extendidos,v1
parcelas_solo2025_ubic_mun-lon-lat_cec_v1,curados_extendidos/parcelas_solo2025_ubic_mun-lon-lat_cec_v1.csv,solo2025,ubic_mun-lon-lat,cec,197,16,ID_POLIGONO|conjunto|rendimiento_t_ha|area_ha|ndvi_s2_int|ndvi_s2_media_sep_oct|crc_s2_media|vi6t_landsat_max|lai_planet_max|lluvia_ciclo_mm|pendiente_grados|elevacion_m|municipio|lon|lat|sg_cec_0-5cm_mean,municipio|lon|lat,sg_cec_0-5cm_mean,curados_extendidos,v1
parcelas_solo2025_ubic_mun-lon-lat_silt_v1,curados_extendidos/parcelas_solo2025_ubic_mun-lon-lat_silt_v1.csv,solo2025,ubic_mun-lon-lat,silt,197,16,ID_POLIGONO|conjunto|rendimiento_t_ha|area_ha|ndvi_s2_int|ndvi_s2_media_sep_oct|crc_s2_media|vi6t_landsat_max|lai_planet_max|lluvia_ciclo_mm|pendiente_grados|elevacion_m|municipio|lon|lat|sg_silt_0-5cm_mean,municipio|lon|lat,sg_silt_0-5cm_mean,curados_extendidos,v1
parcelas_solo2025_ubic_mun-lon-lat_n-edaf_v1,curados_extendidos/parcelas_solo2025_ubic_mun-lon-lat_n-edaf_v1.csv,solo2025,ubic_mun-lon-lat,n-edaf,197,17,ID_POLIGONO|conjunto|rendimiento_t_ha|area_ha|ndvi_s2_int|ndvi_s2_media_sep_oct|crc_s2_media|vi6t_landsat_max|lai_planet_max|lluvia_ciclo_mm|pendiente_grados|elevacion_m|municipio|lon|lat|sg_nitrogen_0-5cm_mean|edaf_grupo,municipio|lon|lat,sg_nitrogen_0-5cm_mean|edaf_grupo,curados_extendidos,v1
parcelas_solo2025_ubic_mun-lon-lat_n-cec_v1,curados_extendidos/parcelas_solo2025_ubic_mun-lon-lat_n-cec_v1.csv,solo2025,ubic_mun-lon-lat,n-cec,197,17,ID_POLIGONO|conjunto|rendimiento_t_ha|area_ha|ndvi_s2_int|ndvi_s2_media_sep_oct|crc_s2_media|vi6t_landsat_max|lai_planet_max|lluvia_ciclo_mm|pendiente_grados|elevacion_m|municipio|lon|lat|sg_nitrogen_0-5cm_mean|sg_cec_0-5cm_mean,municipio|lon|lat,sg_nitrogen_0-5cm_mean|sg_cec_0-5cm_mean,curados_extendidos,v1
parcelas_solo2025_ubic_mun-lon-lat_n-silt_v1,curados_extendidos/parcelas_solo2025_ubic_mun-lon-lat_n-silt_v1.csv,solo2025,ubic_mun-lon-lat,n-silt,197,17,ID_POLIGONO|conjunto|rendimiento_t_ha|area_ha|ndvi_s2_int|ndvi_s2_media_sep_oct|crc_s2_media|vi6t_landsat_max|lai_planet_max|lluvia_ciclo_mm|pendiente_grados|elevacion_m|municipio|lon|lat|sg_nitrogen_0-5cm_mean|sg_silt_0-5cm_mean,municipio|lon|lat,sg_nitrogen_0-5cm_mean|sg_silt_0-5cm_mean,curados_extendidos,v1
parcelas_solo2025_ubic_mun-lon-lat_edaf-cec_v1,curados_extendidos/parcelas_solo2025_ubic_mun-lon-lat_edaf-cec_v1.csv,solo2025,ubic_mun-lon-lat,edaf-cec,197,17,ID_POLIGONO|conjunto|rendimiento_t_ha|area_ha|ndvi_s2_int|ndvi_s2_media_sep_oct|crc_s2_media|vi6t_landsat_max|lai_planet_max|lluvia_ciclo_mm|pendiente_grados|elevacion_m|municipio|lon|lat|edaf_grupo|sg_cec_0-5cm_mean,municipio|lon|lat,edaf_grupo|sg_cec_0-5cm_mean,curados_extendidos,v1
parcelas_solo2025_ubic_mun-lon-lat_edaf-silt_v1,curados_extendidos/parcelas_solo2025_ubic_mun-lon-lat_edaf-silt_v1.csv,solo2025,ubic_mun-lon-lat,edaf-silt,197,17,ID_POLIGONO|conjunto|rendimiento_t_ha|area_ha|ndvi_s2_int|ndvi_s2_media_sep_oct|crc_s2_media|vi6t_landsat_max|lai_planet_max|lluvia_ciclo_mm|pendiente_grados|elevacion_m|municipio|lon|lat|edaf_grupo|sg_silt_0-5cm_mean,municipio|lon|lat,edaf_grupo|sg_silt_0-5cm_mean,curados_extendidos,v1
parcelas_solo2025_ubic_mun-lon-lat_cec-silt_v1,curados_extendidos/parcelas_solo2025_ubic_mun-lon-lat_cec-silt_v1.csv,solo2025,ubic_mun-lon-lat,cec-silt,197,17,ID_POLIGONO|conjunto|rendimiento_t_ha|area_ha|ndvi_s2_int|ndvi_s2_media_sep_oct|crc_s2_media|vi6t_landsat_max|lai_planet_max|lluvia_ciclo_mm|pendiente_grados|elevacion_m|municipio|lon|lat|sg_cec_0-5cm_mean|sg_silt_0-5cm_mean,municipio|lon|lat,sg_cec_0-5cm_mean|sg_silt_0-5cm_mean,curados_extendidos,v1
parcelas_solo2025_ubic_mun-lon-lat_n-edaf-cec_v1,curados_extendidos/parcelas_solo2025_ubic_mun-lon-lat_n-edaf-cec_v1.csv,solo2025,ubic_mun-lon-lat,n-edaf-cec,197,18,ID_POLIGONO|conjunto|rendimiento_t_ha|area_ha|ndvi_s2_int|ndvi_s2_media_sep_oct|crc_s2_media|vi6t_landsat_max|lai_planet_max|lluvia_ciclo_mm|pendiente_grados|elevacion_m|municipio|lon|lat|sg_nitrogen_0-5cm_mean|edaf_grupo|sg_cec_0-5cm_mean,municipio|lon|lat,sg_nitrogen_0-5cm_mean|edaf_grupo|sg_cec_0-5cm_mean,curados_extendidos,v1
parcelas_solo2025_ubic_mun-lon-lat_n-edaf-silt_v1,curados_extendidos/parcelas_solo2025_ubic_mun-lon-lat_n-edaf-silt_v1.csv,solo2025,ubic_mun-lon-lat,n-edaf-silt,197,18,ID_POLIGONO|conjunto|rendimiento_t_ha|area_ha|ndvi_s2_int|ndvi_s2_media_sep_oct|crc_s2_media|vi6t_landsat_max|lai_planet_max|lluvia_ciclo_mm|pendiente_grados|elevacion_m|municipio|lon|lat|sg_nitrogen_0-5cm_mean|edaf_grupo|sg_silt_0-5cm_mean,municipio|lon|lat,sg_nitrogen_0-5cm_mean|edaf_grupo|sg_silt_0-5cm_mean,curados_extendidos,v1
parcelas_solo2025_ubic_mun-lon-lat_n-cec-silt_v1,curados_extendidos/parcelas_solo2025_ubic_mun-lon-lat_n-cec-silt_v1.csv,solo2025,ubic_mun-lon-lat,n-cec-silt,197,18,ID_POLIGONO|conjunto|rendimiento_t_ha|area_ha|ndvi_s2_int|ndvi_s2_media_sep_oct|crc_s2_media|vi6t_landsat_max|lai_planet_max|lluvia_ciclo_mm|pendiente_grados|elevacion_m|municipio|lon|lat|sg_nitrogen_0-5cm_mean|sg_cec_0-5cm_mean|sg_silt_0-5cm_mean,municipio|lon|lat,sg_nitrogen_0-5cm_mean|sg_cec_0-5cm_mean|sg_silt_0-5cm_mean,curados_extendidos,v1
parcelas_solo2025_ubic_mun-lon-lat_edaf-cec-silt_v1,curados_extendidos/parcelas_solo2025_ubic_mun-lon-lat_edaf-cec-silt_v1.csv,solo2025,ubic_mun-lon-lat,edaf-cec-silt,197,18,ID_POLIGONO|conjunto|rendimiento_t_ha|area_ha|ndvi_s2_int|ndvi_s2_media_sep_oct|crc_s2_media|vi6t_landsat_max|lai_planet_max|lluvia_ciclo_mm|pendiente_grados|elevacion_m|municipio|lon|lat|edaf_grupo|sg_cec_0-5cm_mean|sg_silt_0-5cm_mean,municipio|lon|lat,edaf_grupo|sg_cec_0-5cm_mean|sg_silt_0-5cm_mean,curados_extendidos,v1
parcelas_solo2025_ubic_mun-lon-lat_n-edaf-cec-silt_v1,curados_extendidos/parcelas_solo2025_ubic_mun-lon-lat_n-edaf-cec-silt_v1.csv,solo2025,ubic_mun-lon-lat,n-edaf-cec-silt,197,19,ID_POLIGONO|conjunto|rendimiento_t_ha|area_ha|ndvi_s2_int|ndvi_s2_media_sep_oct|crc_s2_media|vi6t_landsat_max|lai_planet_max|lluvia_ciclo_mm|pendiente_grados|elevacion_m|municipio|lon|lat|sg_nitrogen_0-5cm_mean|edaf_grupo|sg_cec_0-5cm_mean|sg_silt_0-5cm_mean,municipio|lon|lat,sg_nitrogen_0-5cm_mean|edaf_grupo|sg_cec_0-5cm_mean|sg_silt_0-5cm_mean,curados_extendidos,v1
parcelas_solo2025_ubic_mun-lon-pix_reto_v1,curados_reto/parcelas_solo2025_ubic_mun-lon-pix_reto_v1.csv,solo2025,ubic_mun-lon-pix,reto,197,15,ID_POLIGONO|conjunto|rendimiento_t_ha|area_ha|ndvi_s2_int|ndvi_s2_media_sep_oct|crc_s2_media|vi6t_landsat_max|lai_planet_max|lluvia_ciclo_mm|pendiente_grados|elevacion_m|municipio|lon|pixel_clima,municipio|lon|pixel_clima,,curados_reto,v1
parcelas_solo2025_ubic_mun-lon-pix_n_v1,curados_extendidos/parcelas_solo2025_ubic_mun-lon-pix_n_v1.csv,solo2025,ubic_mun-lon-pix,n,197,16,ID_POLIGONO|conjunto|rendimiento_t_ha|area_ha|ndvi_s2_int|ndvi_s2_media_sep_oct|crc_s2_media|vi6t_landsat_max|lai_planet_max|lluvia_ciclo_mm|pendiente_grados|elevacion_m|municipio|lon|pixel_clima|sg_nitrogen_0-5cm_mean,municipio|lon|pixel_clima,sg_nitrogen_0-5cm_mean,curados_extendidos,v1
parcelas_solo2025_ubic_mun-lon-pix_edaf_v1,curados_extendidos/parcelas_solo2025_ubic_mun-lon-pix_edaf_v1.csv,solo2025,ubic_mun-lon-pix,edaf,197,16,ID_POLIGONO|conjunto|rendimiento_t_ha|area_ha|ndvi_s2_int|ndvi_s2_media_sep_oct|crc_s2_media|vi6t_landsat_max|lai_planet_max|lluvia_ciclo_mm|pendiente_grados|elevacion_m|municipio|lon|pixel_clima|edaf_grupo,municipio|lon|pixel_clima,edaf_grupo,curados_extendidos,v1
parcelas_solo2025_ubic_mun-lon-pix_cec_v1,curados_extendidos/parcelas_solo2025_ubic_mun-lon-pix_cec_v1.csv,solo2025,ubic_mun-lon-pix,cec,197,16,ID_POLIGONO|conjunto|rendimiento_t_ha|area_ha|ndvi_s2_int|ndvi_s2_media_sep_oct|crc_s2_media|vi6t_landsat_max|lai_planet_max|lluvia_ciclo_mm|pendiente_grados|elevacion_m|municipio|lon|pixel_clima|sg_cec_0-5cm_mean,municipio|lon|pixel_clima,sg_cec_0-5cm_mean,curados_extendidos,v1
parcelas_solo2025_ubic_mun-lon-pix_silt_v1,curados_extendidos/parcelas_solo2025_ubic_mun-lon-pix_silt_v1.csv,solo2025,ubic_mun-lon-pix,silt,197,16,ID_POLIGONO|conjunto|rendimiento_t_ha|area_ha|ndvi_s2_int|ndvi_s2_media_sep_oct|crc_s2_media|vi6t_landsat_max|lai_planet_max|lluvia_ciclo_mm|pendiente_grados|elevacion_m|municipio|lon|pixel_clima|sg_silt_0-5cm_mean,municipio|lon|pixel_clima,sg_silt_0-5cm_mean,curados_extendidos,v1
parcelas_solo2025_ubic_mun-lon-pix_n-edaf_v1,curados_extendidos/parcelas_solo2025_ubic_mun-lon-pix_n-edaf_v1.csv,solo2025,ubic_mun-lon-pix,n-edaf,197,17,ID_POLIGONO|conjunto|rendimiento_t_ha|area_ha|ndvi_s2_int|ndvi_s2_media_sep_oct|crc_s2_media|vi6t_landsat_max|lai_planet_max|lluvia_ciclo_mm|pendiente_grados|elevacion_m|municipio|lon|pixel_clima|sg_nitrogen_0-5cm_mean|edaf_grupo,municipio|lon|pixel_clima,sg_nitrogen_0-5cm_mean|edaf_grupo,curados_extendidos,v1
parcelas_solo2025_ubic_mun-lon-pix_n-cec_v1,curados_extendidos/parcelas_solo2025_ubic_mun-lon-pix_n-cec_v1.csv,solo2025,ubic_mun-lon-pix,n-cec,197,17,ID_POLIGONO|conjunto|rendimiento_t_ha|area_ha|ndvi_s2_int|ndvi_s2_media_sep_oct|crc_s2_media|vi6t_landsat_max|lai_planet_max|lluvia_ciclo_mm|pendiente_grados|elevacion_m|municipio|lon|pixel_clima|sg_nitrogen_0-5cm_mean|sg_cec_0-5cm_mean,municipio|lon|pixel_clima,sg_nitrogen_0-5cm_mean|sg_cec_0-5cm_mean,curados_extendidos,v1
parcelas_solo2025_ubic_mun-lon-pix_n-silt_v1,curados_extendidos/parcelas_solo2025_ubic_mun-lon-pix_n-silt_v1.csv,solo2025,ubic_mun-lon-pix,n-silt,197,17,ID_POLIGONO|conjunto|rendimiento_t_ha|area_ha|ndvi_s2_int|ndvi_s2_media_sep_oct|crc_s2_media|vi6t_landsat_max|lai_planet_max|lluvia_ciclo_mm|pendiente_grados|elevacion_m|municipio|lon|pixel_clima|sg_nitrogen_0-5cm_mean|sg_silt_0-5cm_mean,municipio|lon|pixel_clima,sg_nitrogen_0-5cm_mean|sg_silt_0-5cm_mean,curados_extendidos,v1
parcelas_solo2025_ubic_mun-lon-pix_edaf-cec_v1,curados_extendidos/parcelas_solo2025_ubic_mun-lon-pix_edaf-cec_v1.csv,solo2025,ubic_mun-lon-pix,edaf-cec,197,17,ID_POLIGONO|conjunto|rendimiento_t_ha|area_ha|ndvi_s2_int|ndvi_s2_media_sep_oct|crc_s2_media|vi6t_landsat_max|lai_planet_max|lluvia_ciclo_mm|pendiente_grados|elevacion_m|municipio|lon|pixel_clima|edaf_grupo|sg_cec_0-5cm_mean,municipio|lon|pixel_clima,edaf_grupo|sg_cec_0-5cm_mean,curados_extendidos,v1
parcelas_solo2025_ubic_mun-lon-pix_edaf-silt_v1,curados_extendidos/parcelas_solo2025_ubic_mun-lon-pix_edaf-silt_v1.csv,solo2025,ubic_mun-lon-pix,edaf-silt,197,17,ID_POLIGONO|conjunto|rendimiento_t_ha|area_ha|ndvi_s2_int|ndvi_s2_media_sep_oct|crc_s2_media|vi6t_landsat_max|lai_planet_max|lluvia_ciclo_mm|pendiente_grados|elevacion_m|municipio|lon|pixel_clima|edaf_grupo|sg_silt_0-5cm_mean,municipio|lon|pixel_clima,edaf_grupo|sg_silt_0-5cm_mean,curados_extendidos,v1
parcelas_solo2025_ubic_mun-lon-pix_cec-silt_v1,curados_extendidos/parcelas_solo2025_ubic_mun-lon-pix_cec-silt_v1.csv,solo2025,ubic_mun-lon-pix,cec-silt,197,17,ID_POLIGONO|conjunto|rendimiento_t_ha|area_ha|ndvi_s2_int|ndvi_s2_media_sep_oct|crc_s2_media|vi6t_landsat_max|lai_planet_max|lluvia_ciclo_mm|pendiente_grados|elevacion_m|municipio|lon|pixel_clima|sg_cec_0-5cm_mean|sg_silt_0-5cm_mean,municipio|lon|pixel_clima,sg_cec_0-5cm_mean|sg_silt_0-5cm_mean,curados_extendidos,v1
parcelas_solo2025_ubic_mun-lon-pix_n-edaf-cec_v1,curados_extendidos/parcelas_solo2025_ubic_mun-lon-pix_n-edaf-cec_v1.csv,solo2025,ubic_mun-lon-pix,n-edaf-cec,197,18,ID_POLIGONO|conjunto|rendimiento_t_ha|area_ha|ndvi_s2_int|ndvi_s2_media_sep_oct|crc_s2_media|vi6t_landsat_max|lai_planet_max|lluvia_ciclo_mm|pendiente_grados|elevacion_m|municipio|lon|pixel_clima|sg_nitrogen_0-5cm_mean|edaf_grupo|sg_cec_0-5cm_mean,municipio|lon|pixel_clima,sg_nitrogen_0-5cm_mean|edaf_grupo|sg_cec_0-5cm_mean,curados_extendidos,v1
parcelas_solo2025_ubic_mun-lon-pix_n-edaf-silt_v1,curados_extendidos/parcelas_solo2025_ubic_mun-lon-pix_n-edaf-silt_v1.csv,solo2025,ubic_mun-lon-pix,n-edaf-silt,197,18,ID_POLIGONO|conjunto|rendimiento_t_ha|area_ha|ndvi_s2_int|ndvi_s2_media_sep_oct|crc_s2_media|vi6t_landsat_max|lai_planet_max|lluvia_ciclo_mm|pendiente_grados|elevacion_m|municipio|lon|pixel_clima|sg_nitrogen_0-5cm_mean|edaf_grupo|sg_silt_0-5cm_mean,municipio|lon|pixel_clima,sg_nitrogen_0-5cm_mean|edaf_grupo|sg_silt_0-5cm_mean,curados_extendidos,v1
parcelas_solo2025_ubic_mun-lon-pix_n-cec-silt_v1,curados_extendidos/parcelas_solo2025_ubic_mun-lon-pix_n-cec-silt_v1.csv,solo2025,ubic_mun-lon-pix,n-cec-silt,197,18,ID_POLIGONO|conjunto|rendimiento_t_ha|area_ha|ndvi_s2_int|ndvi_s2_media_sep_oct|crc_s2_media|vi6t_landsat_max|lai_planet_max|lluvia_ciclo_mm|pendiente_grados|elevacion_m|municipio|lon|pixel_clima|sg_nitrogen_0-5cm_mean|sg_cec_0-5cm_mean|sg_silt_0-5cm_mean,municipio|lon|pixel_clima,sg_nitrogen_0-5cm_mean|sg_cec_0-5cm_mean|sg_silt_0-5cm_mean,curados_extendidos,v1
parcelas_solo2025_ubic_mun-lon-pix_edaf-cec-silt_v1,curados_extendidos/parcelas_solo2025_ubic_mun-lon-pix_edaf-cec-silt_v1.csv,solo2025,ubic_mun-lon-pix,edaf-cec-silt,197,18,ID_POLIGONO|conjunto|rendimiento_t_ha|area_ha|ndvi_s2_int|ndvi_s2_media_sep_oct|crc_s2_media|vi6t_landsat_max|lai_planet_max|lluvia_ciclo_mm|pendiente_grados|elevacion_m|municipio|lon|pixel_clima|edaf_grupo|sg_cec_0-5cm_mean|sg_silt_0-5cm_mean,municipio|lon|pixel_clima,edaf_grupo|sg_cec_0-5cm_mean|sg_silt_0-5cm_mean,curados_extendidos,v1
parcelas_solo2025_ubic_mun-lon-pix_n-edaf-cec-silt_v1,curados_extendidos/parcelas_solo2025_ubic_mun-lon-pix_n-edaf-cec-silt_v1.csv,solo2025,ubic_mun-lon-pix,n-edaf-cec-silt,197,19,ID_POLIGONO|conjunto|rendimiento_t_ha|area_ha|ndvi_s2_int|ndvi_s2_media_sep_oct|crc_s2_media|vi6t_landsat_max|lai_planet_max|lluvia_ciclo_mm|pendiente_grados|elevacion_m|municipio|lon|pixel_clima|sg_nitrogen_0-5cm_mean|edaf_grupo|sg_cec_0-5cm_mean|sg_silt_0-5cm_mean,municipio|lon|pixel_clima,sg_nitrogen_0-5cm_mean|edaf_grupo|sg_cec_0-5cm_mean|sg_silt_0-5cm_mean,curados_extendidos,v1
parcelas_solo2025_ubic_mun-lat-pix_reto_v1,curados_reto/parcelas_solo2025_ubic_mun-lat-pix_reto_v1.csv,solo2025,ubic_mun-lat-pix,reto,197,15,ID_POLIGONO|conjunto|rendimiento_t_ha|area_ha|ndvi_s2_int|ndvi_s2_media_sep_oct|crc_s2_media|vi6t_landsat_max|lai_planet_max|lluvia_ciclo_mm|pendiente_grados|elevacion_m|municipio|lat|pixel_clima,municipio|lat|pixel_clima,,curados_reto,v1
parcelas_solo2025_ubic_mun-lat-pix_n_v1,curados_extendidos/parcelas_solo2025_ubic_mun-lat-pix_n_v1.csv,solo2025,ubic_mun-lat-pix,n,197,16,ID_POLIGONO|conjunto|rendimiento_t_ha|area_ha|ndvi_s2_int|ndvi_s2_media_sep_oct|crc_s2_media|vi6t_landsat_max|lai_planet_max|lluvia_ciclo_mm|pendiente_grados|elevacion_m|municipio|lat|pixel_clima|sg_nitrogen_0-5cm_mean,municipio|lat|pixel_clima,sg_nitrogen_0-5cm_mean,curados_extendidos,v1
parcelas_solo2025_ubic_mun-lat-pix_edaf_v1,curados_extendidos/parcelas_solo2025_ubic_mun-lat-pix_edaf_v1.csv,solo2025,ubic_mun-lat-pix,edaf,197,16,ID_POLIGONO|conjunto|rendimiento_t_ha|area_ha|ndvi_s2_int|ndvi_s2_media_sep_oct|crc_s2_media|vi6t_landsat_max|lai_planet_max|lluvia_ciclo_mm|pendiente_grados|elevacion_m|municipio|lat|pixel_clima|edaf_grupo,municipio|lat|pixel_clima,edaf_grupo,curados_extendidos,v1
parcelas_solo2025_ubic_mun-lat-pix_cec_v1,curados_extendidos/parcelas_solo2025_ubic_mun-lat-pix_cec_v1.csv,solo2025,ubic_mun-lat-pix,cec,197,16,ID_POLIGONO|conjunto|rendimiento_t_ha|area_ha|ndvi_s2_int|ndvi_s2_media_sep_oct|crc_s2_media|vi6t_landsat_max|lai_planet_max|lluvia_ciclo_mm|pendiente_grados|elevacion_m|municipio|lat|pixel_clima|sg_cec_0-5cm_mean,municipio|lat|pixel_clima,sg_cec_0-5cm_mean,curados_extendidos,v1
parcelas_solo2025_ubic_mun-lat-pix_silt_v1,curados_extendidos/parcelas_solo2025_ubic_mun-lat-pix_silt_v1.csv,solo2025,ubic_mun-lat-pix,silt,197,16,ID_POLIGONO|conjunto|rendimiento_t_ha|area_ha|ndvi_s2_int|ndvi_s2_media_sep_oct|crc_s2_media|vi6t_landsat_max|lai_planet_max|lluvia_ciclo_mm|pendiente_grados|elevacion_m|municipio|lat|pixel_clima|sg_silt_0-5cm_mean,municipio|lat|pixel_clima,sg_silt_0-5cm_mean,curados_extendidos,v1
parcelas_solo2025_ubic_mun-lat-pix_n-edaf_v1,curados_extendidos/parcelas_solo2025_ubic_mun-lat-pix_n-edaf_v1.csv,solo2025,ubic_mun-lat-pix,n-edaf,197,17,ID_POLIGONO|conjunto|rendimiento_t_ha|area_ha|ndvi_s2_int|ndvi_s2_media_sep_oct|crc_s2_media|vi6t_landsat_max|lai_planet_max|lluvia_ciclo_mm|pendiente_grados|elevacion_m|municipio|lat|pixel_clima|sg_nitrogen_0-5cm_mean|edaf_grupo,municipio|lat|pixel_clima,sg_nitrogen_0-5cm_mean|edaf_grupo,curados_extendidos,v1
parcelas_solo2025_ubic_mun-lat-pix_n-cec_v1,curados_extendidos/parcelas_solo2025_ubic_mun-lat-pix_n-cec_v1.csv,solo2025,ubic_mun-lat-pix,n-cec,197,17,ID_POLIGONO|conjunto|rendimiento_t_ha|area_ha|ndvi_s2_int|ndvi_s2_media_sep_oct|crc_s2_media|vi6t_landsat_max|lai_planet_max|lluvia_ciclo_mm|pendiente_grados|elevacion_m|municipio|lat|pixel_clima|sg_nitrogen_0-5cm_mean|sg_cec_0-5cm_mean,municipio|lat|pixel_clima,sg_nitrogen_0-5cm_mean|sg_cec_0-5cm_mean,curados_extendidos,v1
parcelas_solo2025_ubic_mun-lat-pix_n-silt_v1,curados_extendidos/parcelas_solo2025_ubic_mun-lat-pix_n-silt_v1.csv,solo2025,ubic_mun-lat-pix,n-silt,197,17,ID_POLIGONO|conjunto|rendimiento_t_ha|area_ha|ndvi_s2_int|ndvi_s2_media_sep_oct|crc_s2_media|vi6t_landsat_max|lai_planet_max|lluvia_ciclo_mm|pendiente_grados|elevacion_m|municipio|lat|pixel_clima|sg_nitrogen_0-5cm_mean|sg_silt_0-5cm_mean,municipio|lat|pixel_clima,sg_nitrogen_0-5cm_mean|sg_silt_0-5cm_mean,curados_extendidos,v1
parcelas_solo2025_ubic_mun-lat-pix_edaf-cec_v1,curados_extendidos/parcelas_solo2025_ubic_mun-lat-pix_edaf-cec_v1.csv,solo2025,ubic_mun-lat-pix,edaf-cec,197,17,ID_POLIGONO|conjunto|rendimiento_t_ha|area_ha|ndvi_s2_int|ndvi_s2_media_sep_oct|crc_s2_media|vi6t_landsat_max|lai_planet_max|lluvia_ciclo_mm|pendiente_grados|elevacion_m|municipio|lat|pixel_clima|edaf_grupo|sg_cec_0-5cm_mean,municipio|lat|pixel_clima,edaf_grupo|sg_cec_0-5cm_mean,curados_extendidos,v1
parcelas_solo2025_ubic_mun-lat-pix_edaf-silt_v1,curados_extendidos/parcelas_solo2025_ubic_mun-lat-pix_edaf-silt_v1.csv,solo2025,ubic_mun-lat-pix,edaf-silt,197,17,ID_POLIGONO|conjunto|rendimiento_t_ha|area_ha|ndvi_s2_int|ndvi_s2_media_sep_oct|crc_s2_media|vi6t_landsat_max|lai_planet_max|lluvia_ciclo_mm|pendiente_grados|elevacion_m|municipio|lat|pixel_clima|edaf_grupo|sg_silt_0-5cm_mean,municipio|lat|pixel_clima,edaf_grupo|sg_silt_0-5cm_mean,curados_extendidos,v1
parcelas_solo2025_ubic_mun-lat-pix_cec-silt_v1,curados_extendidos/parcelas_solo2025_ubic_mun-lat-pix_cec-silt_v1.csv,solo2025,ubic_mun-lat-pix,cec-silt,197,17,ID_POLIGONO|conjunto|rendimiento_t_ha|area_ha|ndvi_s2_int|ndvi_s2_media_sep_oct|crc_s2_media|vi6t_landsat_max|lai_planet_max|lluvia_ciclo_mm|pendiente_grados|elevacion_m|municipio|lat|pixel_clima|sg_cec_0-5cm_mean|sg_silt_0-5cm_mean,municipio|lat|pixel_clima,sg_cec_0-5cm_mean|sg_silt_0-5cm_mean,curados_extendidos,v1
parcelas_solo2025_ubic_mun-lat-pix_n-edaf-cec_v1,curados_extendidos/parcelas_solo2025_ubic_mun-lat-pix_n-edaf-cec_v1.csv,solo2025,ubic_mun-lat-pix,n-edaf-cec,197,18,ID_POLIGONO|conjunto|rendimiento_t_ha|area_ha|ndvi_s2_int|ndvi_s2_media_sep_oct|crc_s2_media|vi6t_landsat_max|lai_planet_max|lluvia_ciclo_mm|pendiente_grados|elevacion_m|municipio|lat|pixel_clima|sg_nitrogen_0-5cm_mean|edaf_grupo|sg_cec_0-5cm_mean,municipio|lat|pixel_clima,sg_nitrogen_0-5cm_mean|edaf_grupo|sg_cec_0-5cm_mean,curados_extendidos,v1
parcelas_solo2025_ubic_mun-lat-pix_n-edaf-silt_v1,curados_extendidos/parcelas_solo2025_ubic_mun-lat-pix_n-edaf-silt_v1.csv,solo2025,ubic_mun-lat-pix,n-edaf-silt,197,18,ID_POLIGONO|conjunto|rendimiento_t_ha|area_ha|ndvi_s2_int|ndvi_s2_media_sep_oct|crc_s2_media|vi6t_landsat_max|lai_planet_max|lluvia_ciclo_mm|pendiente_grados|elevacion_m|municipio|lat|pixel_clima|sg_nitrogen_0-5cm_mean|edaf_grupo|sg_silt_0-5cm_mean,municipio|lat|pixel_clima,sg_nitrogen_0-5cm_mean|edaf_grupo|sg_silt_0-5cm_mean,curados_extendidos,v1
parcelas_solo2025_ubic_mun-lat-pix_n-cec-silt_v1,curados_extendidos/parcelas_solo2025_ubic_mun-lat-pix_n-cec-silt_v1.csv,solo2025,ubic_mun-lat-pix,n-cec-silt,197,18,ID_POLIGONO|conjunto|rendimiento_t_ha|area_ha|ndvi_s2_int|ndvi_s2_media_sep_oct|crc_s2_media|vi6t_landsat_max|lai_planet_max|lluvia_ciclo_mm|pendiente_grados|elevacion_m|municipio|lat|pixel_clima|sg_nitrogen_0-5cm_mean|sg_cec_0-5cm_mean|sg_silt_0-5cm_mean,municipio|lat|pixel_clima,sg_nitrogen_0-5cm_mean|sg_cec_0-5cm_mean|sg_silt_0-5cm_mean,curados_extendidos,v1
parcelas_solo2025_ubic_mun-lat-pix_edaf-cec-silt_v1,curados_extendidos/parcelas_solo2025_ubic_mun-lat-pix_edaf-cec-silt_v1.csv,solo2025,ubic_mun-lat-pix,edaf-cec-silt,197,18,ID_POLIGONO|conjunto|rendimiento_t_ha|area_ha|ndvi_s2_int|ndvi_s2_media_sep_oct|crc_s2_media|vi6t_landsat_max|lai_planet_max|lluvia_ciclo_mm|pendiente_grados|elevacion_m|municipio|lat|pixel_clima|edaf_grupo|sg_cec_0-5cm_mean|sg_silt_0-5cm_mean,municipio|lat|pixel_clima,edaf_grupo|sg_cec_0-5cm_mean|sg_silt_0-5cm_mean,curados_extendidos,v1
parcelas_solo2025_ubic_mun-lat-pix_n-edaf-cec-silt_v1,curados_extendidos/parcelas_solo2025_ubic_mun-lat-pix_n-edaf-cec-silt_v1.csv,solo2025,ubic_mun-lat-pix,n-edaf-cec-silt,197,19,ID_POLIGONO|conjunto|rendimiento_t_ha|area_ha|ndvi_s2_int|ndvi_s2_media_sep_oct|crc_s2_media|vi6t_landsat_max|lai_planet_max|lluvia_ciclo_mm|pendiente_grados|elevacion_m|municipio|lat|pixel_clima|sg_nitrogen_0-5cm_mean|edaf_grupo|sg_cec_0-5cm_mean|sg_silt_0-5cm_mean,municipio|lat|pixel_clima,sg_nitrogen_0-5cm_mean|edaf_grupo|sg_cec_0-5cm_mean|sg_silt_0-5cm_mean,curados_extendidos,v1
parcelas_solo2025_ubic_lon-lat-pix_reto_v1,curados_reto/parcelas_solo2025_ubic_lon-lat-pix_reto_v1.csv,solo2025,ubic_lon-lat-pix,reto,197,15,ID_POLIGONO|conjunto|rendimiento_t_ha|area_ha|ndvi_s2_int|ndvi_s2_media_sep_oct|crc_s2_media|vi6t_landsat_max|lai_planet_max|lluvia_ciclo_mm|pendiente_grados|elevacion_m|lon|lat|pixel_clima,lon|lat|pixel_clima,,curados_reto,v1
parcelas_solo2025_ubic_lon-lat-pix_n_v1,curados_extendidos/parcelas_solo2025_ubic_lon-lat-pix_n_v1.csv,solo2025,ubic_lon-lat-pix,n,197,16,ID_POLIGONO|conjunto|rendimiento_t_ha|area_ha|ndvi_s2_int|ndvi_s2_media_sep_oct|crc_s2_media|vi6t_landsat_max|lai_planet_max|lluvia_ciclo_mm|pendiente_grados|elevacion_m|lon|lat|pixel_clima|sg_nitrogen_0-5cm_mean,lon|lat|pixel_clima,sg_nitrogen_0-5cm_mean,curados_extendidos,v1
parcelas_solo2025_ubic_lon-lat-pix_edaf_v1,curados_extendidos/parcelas_solo2025_ubic_lon-lat-pix_edaf_v1.csv,solo2025,ubic_lon-lat-pix,edaf,197,16,ID_POLIGONO|conjunto|rendimiento_t_ha|area_ha|ndvi_s2_int|ndvi_s2_media_sep_oct|crc_s2_media|vi6t_landsat_max|lai_planet_max|lluvia_ciclo_mm|pendiente_grados|elevacion_m|lon|lat|pixel_clima|edaf_grupo,lon|lat|pixel_clima,edaf_grupo,curados_extendidos,v1
parcelas_solo2025_ubic_lon-lat-pix_cec_v1,curados_extendidos/parcelas_solo2025_ubic_lon-lat-pix_cec_v1.csv,solo2025,ubic_lon-lat-pix,cec,197,16,ID_POLIGONO|conjunto|rendimiento_t_ha|area_ha|ndvi_s2_int|ndvi_s2_media_sep_oct|crc_s2_media|vi6t_landsat_max|lai_planet_max|lluvia_ciclo_mm|pendiente_grados|elevacion_m|lon|lat|pixel_clima|sg_cec_0-5cm_mean,lon|lat|pixel_clima,sg_cec_0-5cm_mean,curados_extendidos,v1
parcelas_solo2025_ubic_lon-lat-pix_silt_v1,curados_extendidos/parcelas_solo2025_ubic_lon-lat-pix_silt_v1.csv,solo2025,ubic_lon-lat-pix,silt,197,16,ID_POLIGONO|conjunto|rendimiento_t_ha|area_ha|ndvi_s2_int|ndvi_s2_media_sep_oct|crc_s2_media|vi6t_landsat_max|lai_planet_max|lluvia_ciclo_mm|pendiente_grados|elevacion_m|lon|lat|pixel_clima|sg_silt_0-5cm_mean,lon|lat|pixel_clima,sg_silt_0-5cm_mean,curados_extendidos,v1
parcelas_solo2025_ubic_lon-lat-pix_n-edaf_v1,curados_extendidos/parcelas_solo2025_ubic_lon-lat-pix_n-edaf_v1.csv,solo2025,ubic_lon-lat-pix,n-edaf,197,17,ID_POLIGONO|conjunto|rendimiento_t_ha|area_ha|ndvi_s2_int|ndvi_s2_media_sep_oct|crc_s2_media|vi6t_landsat_max|lai_planet_max|lluvia_ciclo_mm|pendiente_grados|elevacion_m|lon|lat|pixel_clima|sg_nitrogen_0-5cm_mean|edaf_grupo,lon|lat|pixel_clima,sg_nitrogen_0-5cm_mean|edaf_grupo,curados_extendidos,v1
parcelas_solo2025_ubic_lon-lat-pix_n-cec_v1,curados_extendidos/parcelas_solo2025_ubic_lon-lat-pix_n-cec_v1.csv,solo2025,ubic_lon-lat-pix,n-cec,197,17,ID_POLIGONO|conjunto|rendimiento_t_ha|area_ha|ndvi_s2_int|ndvi_s2_media_sep_oct|crc_s2_media|vi6t_landsat_max|lai_planet_max|lluvia_ciclo_mm|pendiente_grados|elevacion_m|lon|lat|pixel_clima|sg_nitrogen_0-5cm_mean|sg_cec_0-5cm_mean,lon|lat|pixel_clima,sg_nitrogen_0-5cm_mean|sg_cec_0-5cm_mean,curados_extendidos,v1
parcelas_solo2025_ubic_lon-lat-pix_n-silt_v1,curados_extendidos/parcelas_solo2025_ubic_lon-lat-pix_n-silt_v1.csv,solo2025,ubic_lon-lat-pix,n-silt,197,17,ID_POLIGONO|conjunto|rendimiento_t_ha|area_ha|ndvi_s2_int|ndvi_s2_media_sep_oct|crc_s2_media|vi6t_landsat_max|lai_planet_max|lluvia_ciclo_mm|pendiente_grados|elevacion_m|lon|lat|pixel_clima|sg_nitrogen_0-5cm_mean|sg_silt_0-5cm_mean,lon|lat|pixel_clima,sg_nitrogen_0-5cm_mean|sg_silt_0-5cm_mean,curados_extendidos,v1
parcelas_solo2025_ubic_lon-lat-pix_edaf-cec_v1,curados_extendidos/parcelas_solo2025_ubic_lon-lat-pix_edaf-cec_v1.csv,solo2025,ubic_lon-lat-pix,edaf-cec,197,17,ID_POLIGONO|conjunto|rendimiento_t_ha|area_ha|ndvi_s2_int|ndvi_s2_media_sep_oct|crc_s2_media|vi6t_landsat_max|lai_planet_max|lluvia_ciclo_mm|pendiente_grados|elevacion_m|lon|lat|pixel_clima|edaf_grupo|sg_cec_0-5cm_mean,lon|lat|pixel_clima,edaf_grupo|sg_cec_0-5cm_mean,curados_extendidos,v1
parcelas_solo2025_ubic_lon-lat-pix_edaf-silt_v1,curados_extendidos/parcelas_solo2025_ubic_lon-lat-pix_edaf-silt_v1.csv,solo2025,ubic_lon-lat-pix,edaf-silt,197,17,ID_POLIGONO|conjunto|rendimiento_t_ha|area_ha|ndvi_s2_int|ndvi_s2_media_sep_oct|crc_s2_media|vi6t_landsat_max|lai_planet_max|lluvia_ciclo_mm|pendiente_grados|elevacion_m|lon|lat|pixel_clima|edaf_grupo|sg_silt_0-5cm_mean,lon|lat|pixel_clima,edaf_grupo|sg_silt_0-5cm_mean,curados_extendidos,v1
parcelas_solo2025_ubic_lon-lat-pix_cec-silt_v1,curados_extendidos/parcelas_solo2025_ubic_lon-lat-pix_cec-silt_v1.csv,solo2025,ubic_lon-lat-pix,cec-silt,197,17,ID_POLIGONO|conjunto|rendimiento_t_ha|area_ha|ndvi_s2_int|ndvi_s2_media_sep_oct|crc_s2_media|vi6t_landsat_max|lai_planet_max|lluvia_ciclo_mm|pendiente_grados|elevacion_m|lon|lat|pixel_clima|sg_cec_0-5cm_mean|sg_silt_0-5cm_mean,lon|lat|pixel_clima,sg_cec_0-5cm_mean|sg_silt_0-5cm_mean,curados_extendidos,v1
parcelas_solo2025_ubic_lon-lat-pix_n-edaf-cec_v1,curados_extendidos/parcelas_solo2025_ubic_lon-lat-pix_n-edaf-cec_v1.csv,solo2025,ubic_lon-lat-pix,n-edaf-cec,197,18,ID_POLIGONO|conjunto|rendimiento_t_ha|area_ha|ndvi_s2_int|ndvi_s2_media_sep_oct|crc_s2_media|vi6t_landsat_max|lai_planet_max|lluvia_ciclo_mm|pendiente_grados|elevacion_m|lon|lat|pixel_clima|sg_nitrogen_0-5cm_mean|edaf_grupo|sg_cec_0-5cm_mean,lon|lat|pixel_clima,sg_nitrogen_0-5cm_mean|edaf_grupo|sg_cec_0-5cm_mean,curados_extendidos,v1
parcelas_solo2025_ubic_lon-lat-pix_n-edaf-silt_v1,curados_extendidos/parcelas_solo2025_ubic_lon-lat-pix_n-edaf-silt_v1.csv,solo2025,ubic_lon-lat-pix,n-edaf-silt,197,18,ID_POLIGONO|conjunto|rendimiento_t_ha|area_ha|ndvi_s2_int|ndvi_s2_media_sep_oct|crc_s2_media|vi6t_landsat_max|lai_planet_max|lluvia_ciclo_mm|pendiente_grados|elevacion_m|lon|lat|pixel_clima|sg_nitrogen_0-5cm_mean|edaf_grupo|sg_silt_0-5cm_mean,lon|lat|pixel_clima,sg_nitrogen_0-5cm_mean|edaf_grupo|sg_silt_0-5cm_mean,curados_extendidos,v1
parcelas_solo2025_ubic_lon-lat-pix_n-cec-silt_v1,curados_extendidos/parcelas_solo2025_ubic_lon-lat-pix_n-cec-silt_v1.csv,solo2025,ubic_lon-lat-pix,n-cec-silt,197,18,ID_POLIGONO|conjunto|rendimiento_t_ha|area_ha|ndvi_s2_int|ndvi_s2_media_sep_oct|crc_s2_media|vi6t_landsat_max|lai_planet_max|lluvia_ciclo_mm|pendiente_grados|elevacion_m|lon|lat|pixel_clima|sg_nitrogen_0-5cm_mean|sg_cec_0-5cm_mean|sg_silt_0-5cm_mean,lon|lat|pixel_clima,sg_nitrogen_0-5cm_mean|sg_cec_0-5cm_mean|sg_silt_0-5cm_mean,curados_extendidos,v1
parcelas_solo2025_ubic_lon-lat-pix_edaf-cec-silt_v1,curados_extendidos/parcelas_solo2025_ubic_lon-lat-pix_edaf-cec-silt_v1.csv,solo2025,ubic_lon-lat-pix,edaf-cec-silt,197,18,ID_POLIGONO|conjunto|rendimiento_t_ha|area_ha|ndvi_s2_int|ndvi_s2_media_sep_oct|crc_s2_media|vi6t_landsat_max|lai_planet_max|lluvia_ciclo_mm|pendiente_grados|elevacion_m|lon|lat|pixel_clima|edaf_grupo|sg_cec_0-5cm_mean|sg_silt_0-5cm_mean,lon|lat|pixel_clima,edaf_grupo|sg_cec_0-5cm_mean|sg_silt_0-5cm_mean,curados_extendidos,v1
parcelas_solo2025_ubic_lon-lat-pix_n-edaf-cec-silt_v1,curados_extendidos/parcelas_solo2025_ubic_lon-lat-pix_n-edaf-cec-silt_v1.csv,solo2025,ubic_lon-lat-pix,n-edaf-cec-silt,197,19,ID_POLIGONO|conjunto|rendimiento_t_ha|area_ha|ndvi_s2_int|ndvi_s2_media_sep_oct|crc_s2_media|vi6t_landsat_max|lai_planet_max|lluvia_ciclo_mm|pendiente_grados|elevacion_m|lon|lat|pixel_clima|sg_nitrogen_0-5cm_mean|edaf_grupo|sg_cec_0-5cm_mean|sg_silt_0-5cm_mean,lon|lat|pixel_clima,sg_nitrogen_0-5cm_mean|edaf_grupo|sg_cec_0-5cm_mean|sg_silt_0-5cm_mean,curados_extendidos,v1
parcelas_solo2025_ubic_est-mun-lon-lat_reto_v1,curados_reto/parcelas_solo2025_ubic_est-mun-lon-lat_reto_v1.csv,solo2025,ubic_est-mun-lon-lat,reto,197,16,ID_POLIGONO|conjunto|rendimiento_t_ha|area_ha|ndvi_s2_int|ndvi_s2_media_sep_oct|crc_s2_media|vi6t_landsat_max|lai_planet_max|lluvia_ciclo_mm|pendiente_grados|elevacion_m|estado|municipio|lon|lat,estado|municipio|lon|lat,,curados_reto,v1
parcelas_solo2025_ubic_est-mun-lon-lat_n_v1,curados_extendidos/parcelas_solo2025_ubic_est-mun-lon-lat_n_v1.csv,solo2025,ubic_est-mun-lon-lat,n,197,17,ID_POLIGONO|conjunto|rendimiento_t_ha|area_ha|ndvi_s2_int|ndvi_s2_media_sep_oct|crc_s2_media|vi6t_landsat_max|lai_planet_max|lluvia_ciclo_mm|pendiente_grados|elevacion_m|estado|municipio|lon|lat|sg_nitrogen_0-5cm_mean,estado|municipio|lon|lat,sg_nitrogen_0-5cm_mean,curados_extendidos,v1
parcelas_solo2025_ubic_est-mun-lon-lat_edaf_v1,curados_extendidos/parcelas_solo2025_ubic_est-mun-lon-lat_edaf_v1.csv,solo2025,ubic_est-mun-lon-lat,edaf,197,17,ID_POLIGONO|conjunto|rendimiento_t_ha|area_ha|ndvi_s2_int|ndvi_s2_media_sep_oct|crc_s2_media|vi6t_landsat_max|lai_planet_max|lluvia_ciclo_mm|pendiente_grados|elevacion_m|estado|municipio|lon|lat|edaf_grupo,estado|municipio|lon|lat,edaf_grupo,curados_extendidos,v1
parcelas_solo2025_ubic_est-mun-lon-lat_cec_v1,curados_extendidos/parcelas_solo2025_ubic_est-mun-lon-lat_cec_v1.csv,solo2025,ubic_est-mun-lon-lat,cec,197,17,ID_POLIGONO|conjunto|rendimiento_t_ha|area_ha|ndvi_s2_int|ndvi_s2_media_sep_oct|crc_s2_media|vi6t_landsat_max|lai_planet_max|lluvia_ciclo_mm|pendiente_grados|elevacion_m|estado|municipio|lon|lat|sg_cec_0-5cm_mean,estado|municipio|lon|lat,sg_cec_0-5cm_mean,curados_extendidos,v1
parcelas_solo2025_ubic_est-mun-lon-lat_silt_v1,curados_extendidos/parcelas_solo2025_ubic_est-mun-lon-lat_silt_v1.csv,solo2025,ubic_est-mun-lon-lat,silt,197,17,ID_POLIGONO|conjunto|rendimiento_t_ha|area_ha|ndvi_s2_int|ndvi_s2_media_sep_oct|crc_s2_media|vi6t_landsat_max|lai_planet_max|lluvia_ciclo_mm|pendiente_grados|elevacion_m|estado|municipio|lon|lat|sg_silt_0-5cm_mean,estado|municipio|lon|lat,sg_silt_0-5cm_mean,curados_extendidos,v1
parcelas_solo2025_ubic_est-mun-lon-lat_n-edaf_v1,curados_extendidos/parcelas_solo2025_ubic_est-mun-lon-lat_n-edaf_v1.csv,solo2025,ubic_est-mun-lon-lat,n-edaf,197,18,ID_POLIGONO|conjunto|rendimiento_t_ha|area_ha|ndvi_s2_int|ndvi_s2_media_sep_oct|crc_s2_media|vi6t_landsat_max|lai_planet_max|lluvia_ciclo_mm|pendiente_grados|elevacion_m|estado|municipio|lon|lat|sg_nitrogen_0-5cm_mean|edaf_grupo,estado|municipio|lon|lat,sg_nitrogen_0-5cm_mean|edaf_grupo,curados_extendidos,v1
parcelas_solo2025_ubic_est-mun-lon-lat_n-cec_v1,curados_extendidos/parcelas_solo2025_ubic_est-mun-lon-lat_n-cec_v1.csv,solo2025,ubic_est-mun-lon-lat,n-cec,197,18,ID_POLIGONO|conjunto|rendimiento_t_ha|area_ha|ndvi_s2_int|ndvi_s2_media_sep_oct|crc_s2_media|vi6t_landsat_max|lai_planet_max|lluvia_ciclo_mm|pendiente_grados|elevacion_m|estado|municipio|lon|lat|sg_nitrogen_0-5cm_mean|sg_cec_0-5cm_mean,estado|municipio|lon|lat,sg_nitrogen_0-5cm_mean|sg_cec_0-5cm_mean,curados_extendidos,v1
parcelas_solo2025_ubic_est-mun-lon-lat_n-silt_v1,curados_extendidos/parcelas_solo2025_ubic_est-mun-lon-lat_n-silt_v1.csv,solo2025,ubic_est-mun-lon-lat,n-silt,197,18,ID_POLIGONO|conjunto|rendimiento_t_ha|area_ha|ndvi_s2_int|ndvi_s2_media_sep_oct|crc_s2_media|vi6t_landsat_max|lai_planet_max|lluvia_ciclo_mm|pendiente_grados|elevacion_m|estado|municipio|lon|lat|sg_nitrogen_0-5cm_mean|sg_silt_0-5cm_mean,estado|municipio|lon|lat,sg_nitrogen_0-5cm_mean|sg_silt_0-5cm_mean,curados_extendidos,v1
parcelas_solo2025_ubic_est-mun-lon-lat_edaf-cec_v1,curados_extendidos/parcelas_solo2025_ubic_est-mun-lon-lat_edaf-cec_v1.csv,solo2025,ubic_est-mun-lon-lat,edaf-cec,197,18,ID_POLIGONO|conjunto|rendimiento_t_ha|area_ha|ndvi_s2_int|ndvi_s2_media_sep_oct|crc_s2_media|vi6t_landsat_max|lai_planet_max|lluvia_ciclo_mm|pendiente_grados|elevacion_m|estado|municipio|lon|lat|edaf_grupo|sg_cec_0-5cm_mean,estado|municipio|lon|lat,edaf_grupo|sg_cec_0-5cm_mean,curados_extendidos,v1
parcelas_solo2025_ubic_est-mun-lon-lat_edaf-silt_v1,curados_extendidos/parcelas_solo2025_ubic_est-mun-lon-lat_edaf-silt_v1.csv,solo2025,ubic_est-mun-lon-lat,edaf-silt,197,18,ID_POLIGONO|conjunto|rendimiento_t_ha|area_ha|ndvi_s2_int|ndvi_s2_media_sep_oct|crc_s2_media|vi6t_landsat_max|lai_planet_max|lluvia_ciclo_mm|pendiente_grados|elevacion_m|estado|municipio|lon|lat|edaf_grupo|sg_silt_0-5cm_mean,estado|municipio|lon|lat,edaf_grupo|sg_silt_0-5cm_mean,curados_extendidos,v1
parcelas_solo2025_ubic_est-mun-lon-lat_cec-silt_v1,curados_extendidos/parcelas_solo2025_ubic_est-mun-lon-lat_cec-silt_v1.csv,solo2025,ubic_est-mun-lon-lat,cec-silt,197,18,ID_POLIGONO|conjunto|rendimiento_t_ha|area_ha|ndvi_s2_int|ndvi_s2_media_sep_oct|crc_s2_media|vi6t_landsat_max|lai_planet_max|lluvia_ciclo_mm|pendiente_grados|elevacion_m|estado|municipio|lon|lat|sg_cec_0-5cm_mean|sg_silt_0-5cm_mean,estado|municipio|lon|lat,sg_cec_0-5cm_mean|sg_silt_0-5cm_mean,curados_extendidos,v1
parcelas_solo2025_ubic_est-mun-lon-lat_n-edaf-cec_v1,curados_extendidos/parcelas_solo2025_ubic_est-mun-lon-lat_n-edaf-cec_v1.csv,solo2025,ubic_est-mun-lon-lat,n-edaf-cec,197,19,ID_POLIGONO|conjunto|rendimiento_t_ha|area_ha|ndvi_s2_int|ndvi_s2_media_sep_oct|crc_s2_media|vi6t_landsat_max|lai_planet_max|lluvia_ciclo_mm|pendiente_grados|elevacion_m|estado|municipio|lon|lat|sg_nitrogen_0-5cm_mean|edaf_grupo|sg_cec_0-5cm_mean,estado|municipio|lon|lat,sg_nitrogen_0-5cm_mean|edaf_grupo|sg_cec_0-5cm_mean,curados_extendidos,v1
parcelas_solo2025_ubic_est-mun-lon-lat_n-edaf-silt_v1,curados_extendidos/parcelas_solo2025_ubic_est-mun-lon-lat_n-edaf-silt_v1.csv,solo2025,ubic_est-mun-lon-lat,n-edaf-silt,197,19,ID_POLIGONO|conjunto|rendimiento_t_ha|area_ha|ndvi_s2_int|ndvi_s2_media_sep_oct|crc_s2_media|vi6t_landsat_max|lai_planet_max|lluvia_ciclo_mm|pendiente_grados|elevacion_m|estado|municipio|lon|lat|sg_nitrogen_0-5cm_mean|edaf_grupo|sg_silt_0-5cm_mean,estado|municipio|lon|lat,sg_nitrogen_0-5cm_mean|edaf_grupo|sg_silt_0-5cm_mean,curados_extendidos,v1
parcelas_solo2025_ubic_est-mun-lon-lat_n-cec-silt_v1,curados_extendidos/parcelas_solo2025_ubic_est-mun-lon-lat_n-cec-silt_v1.csv,solo2025,ubic_est-mun-lon-lat,n-cec-silt,197,19,ID_POLIGONO|conjunto|rendimiento_t_ha|area_ha|ndvi_s2_int|ndvi_s2_media_sep_oct|crc_s2_media|vi6t_landsat_max|lai_planet_max|lluvia_ciclo_mm|pendiente_grados|elevacion_m|estado|municipio|lon|lat|sg_nitrogen_0-5cm_mean|sg_cec_0-5cm_mean|sg_silt_0-5cm_mean,estado|municipio|lon|lat,sg_nitrogen_0-5cm_mean|sg_cec_0-5cm_mean|sg_silt_0-5cm_mean,curados_extendidos,v1
parcelas_solo2025_ubic_est-mun-lon-lat_edaf-cec-silt_v1,curados_extendidos/parcelas_solo2025_ubic_est-mun-lon-lat_edaf-cec-silt_v1.csv,solo2025,ubic_est-mun-lon-lat,edaf-cec-silt,197,19,ID_POLIGONO|conjunto|rendimiento_t_ha|area_ha|ndvi_s2_int|ndvi_s2_media_sep_oct|crc_s2_media|vi6t_landsat_max|lai_planet_max|lluvia_ciclo_mm|pendiente_grados|elevacion_m|estado|municipio|lon|lat|edaf_grupo|sg_cec_0-5cm_mean|sg_silt_0-5cm_mean,estado|municipio|lon|lat,edaf_grupo|sg_cec_0-5cm_mean|sg_silt_0-5cm_mean,curados_extendidos,v1
parcelas_solo2025_ubic_est-mun-lon-lat_n-edaf-cec-silt_v1,curados_extendidos/parcelas_solo2025_ubic_est-mun-lon-lat_n-edaf-cec-silt_v1.csv,solo2025,ubic_est-mun-lon-lat,n-edaf-cec-silt,197,20,ID_POLIGONO|conjunto|rendimiento_t_ha|area_ha|ndvi_s2_int|ndvi_s2_media_sep_oct|crc_s2_media|vi6t_landsat_max|lai_planet_max|lluvia_ciclo_mm|pendiente_grados|elevacion_m|estado|municipio|lon|lat|sg_nitrogen_0-5cm_mean|edaf_grupo|sg_cec_0-5cm_mean|sg_silt_0-5cm_mean,estado|municipio|lon|lat,sg_nitrogen_0-5cm_mean|edaf_grupo|sg_cec_0-5cm_mean|sg_silt_0-5cm_mean,curados_extendidos,v1
parcelas_solo2025_ubic_est-mun-lon-pix_reto_v1,curados_reto/parcelas_solo2025_ubic_est-mun-lon-pix_reto_v1.csv,solo2025,ubic_est-mun-lon-pix,reto,197,16,ID_POLIGONO|conjunto|rendimiento_t_ha|area_ha|ndvi_s2_int|ndvi_s2_media_sep_oct|crc_s2_media|vi6t_landsat_max|lai_planet_max|lluvia_ciclo_mm|pendiente_grados|elevacion_m|estado|municipio|lon|pixel_clima,estado|municipio|lon|pixel_clima,,curados_reto,v1
parcelas_solo2025_ubic_est-mun-lon-pix_n_v1,curados_extendidos/parcelas_solo2025_ubic_est-mun-lon-pix_n_v1.csv,solo2025,ubic_est-mun-lon-pix,n,197,17,ID_POLIGONO|conjunto|rendimiento_t_ha|area_ha|ndvi_s2_int|ndvi_s2_media_sep_oct|crc_s2_media|vi6t_landsat_max|lai_planet_max|lluvia_ciclo_mm|pendiente_grados|elevacion_m|estado|municipio|lon|pixel_clima|sg_nitrogen_0-5cm_mean,estado|municipio|lon|pixel_clima,sg_nitrogen_0-5cm_mean,curados_extendidos,v1
parcelas_solo2025_ubic_est-mun-lon-pix_edaf_v1,curados_extendidos/parcelas_solo2025_ubic_est-mun-lon-pix_edaf_v1.csv,solo2025,ubic_est-mun-lon-pix,edaf,197,17,ID_POLIGONO|conjunto|rendimiento_t_ha|area_ha|ndvi_s2_int|ndvi_s2_media_sep_oct|crc_s2_media|vi6t_landsat_max|lai_planet_max|lluvia_ciclo_mm|pendiente_grados|elevacion_m|estado|municipio|lon|pixel_clima|edaf_grupo,estado|municipio|lon|pixel_clima,edaf_grupo,curados_extendidos,v1
parcelas_solo2025_ubic_est-mun-lon-pix_cec_v1,curados_extendidos/parcelas_solo2025_ubic_est-mun-lon-pix_cec_v1.csv,solo2025,ubic_est-mun-lon-pix,cec,197,17,ID_POLIGONO|conjunto|rendimiento_t_ha|area_ha|ndvi_s2_int|ndvi_s2_media_sep_oct|crc_s2_media|vi6t_landsat_max|lai_planet_max|lluvia_ciclo_mm|pendiente_grados|elevacion_m|estado|municipio|lon|pixel_clima|sg_cec_0-5cm_mean,estado|municipio|lon|pixel_clima,sg_cec_0-5cm_mean,curados_extendidos,v1
parcelas_solo2025_ubic_est-mun-lon-pix_silt_v1,curados_extendidos/parcelas_solo2025_ubic_est-mun-lon-pix_silt_v1.csv,solo2025,ubic_est-mun-lon-pix,silt,197,17,ID_POLIGONO|conjunto|rendimiento_t_ha|area_ha|ndvi_s2_int|ndvi_s2_media_sep_oct|crc_s2_media|vi6t_landsat_max|lai_planet_max|lluvia_ciclo_mm|pendiente_grados|elevacion_m|estado|municipio|lon|pixel_clima|sg_silt_0-5cm_mean,estado|municipio|lon|pixel_clima,sg_silt_0-5cm_mean,curados_extendidos,v1
parcelas_solo2025_ubic_est-mun-lon-pix_n-edaf_v1,curados_extendidos/parcelas_solo2025_ubic_est-mun-lon-pix_n-edaf_v1.csv,solo2025,ubic_est-mun-lon-pix,n-edaf,197,18,ID_POLIGONO|conjunto|rendimiento_t_ha|area_ha|ndvi_s2_int|ndvi_s2_media_sep_oct|crc_s2_media|vi6t_landsat_max|lai_planet_max|lluvia_ciclo_mm|pendiente_grados|elevacion_m|estado|municipio|lon|pixel_clima|sg_nitrogen_0-5cm_mean|edaf_grupo,estado|municipio|lon|pixel_clima,sg_nitrogen_0-5cm_mean|edaf_grupo,curados_extendidos,v1
parcelas_solo2025_ubic_est-mun-lon-pix_n-cec_v1,curados_extendidos/parcelas_solo2025_ubic_est-mun-lon-pix_n-cec_v1.csv,solo2025,ubic_est-mun-lon-pix,n-cec,197,18,ID_POLIGONO|conjunto|rendimiento_t_ha|area_ha|ndvi_s2_int|ndvi_s2_media_sep_oct|crc_s2_media|vi6t_landsat_max|lai_planet_max|lluvia_ciclo_mm|pendiente_grados|elevacion_m|estado|municipio|lon|pixel_clima|sg_nitrogen_0-5cm_mean|sg_cec_0-5cm_mean,estado|municipio|lon|pixel_clima,sg_nitrogen_0-5cm_mean|sg_cec_0-5cm_mean,curados_extendidos,v1
parcelas_solo2025_ubic_est-mun-lon-pix_n-silt_v1,curados_extendidos/parcelas_solo2025_ubic_est-mun-lon-pix_n-silt_v1.csv,solo2025,ubic_est-mun-lon-pix,n-silt,197,18,ID_POLIGONO|conjunto|rendimiento_t_ha|area_ha|ndvi_s2_int|ndvi_s2_media_sep_oct|crc_s2_media|vi6t_landsat_max|lai_planet_max|lluvia_ciclo_mm|pendiente_grados|elevacion_m|estado|municipio|lon|pixel_clima|sg_nitrogen_0-5cm_mean|sg_silt_0-5cm_mean,estado|municipio|lon|pixel_clima,sg_nitrogen_0-5cm_mean|sg_silt_0-5cm_mean,curados_extendidos,v1
parcelas_solo2025_ubic_est-mun-lon-pix_edaf-cec_v1,curados_extendidos/parcelas_solo2025_ubic_est-mun-lon-pix_edaf-cec_v1.csv,solo2025,ubic_est-mun-lon-pix,edaf-cec,197,18,ID_POLIGONO|conjunto|rendimiento_t_ha|area_ha|ndvi_s2_int|ndvi_s2_media_sep_oct|crc_s2_media|vi6t_landsat_max|lai_planet_max|lluvia_ciclo_mm|pendiente_grados|elevacion_m|estado|municipio|lon|pixel_clima|edaf_grupo|sg_cec_0-5cm_mean,estado|municipio|lon|pixel_clima,edaf_grupo|sg_cec_0-5cm_mean,curados_extendidos,v1
parcelas_solo2025_ubic_est-mun-lon-pix_edaf-silt_v1,curados_extendidos/parcelas_solo2025_ubic_est-mun-lon-pix_edaf-silt_v1.csv,solo2025,ubic_est-mun-lon-pix,edaf-silt,197,18,ID_POLIGONO|conjunto|rendimiento_t_ha|area_ha|ndvi_s2_int|ndvi_s2_media_sep_oct|crc_s2_media|vi6t_landsat_max|lai_planet_max|lluvia_ciclo_mm|pendiente_grados|elevacion_m|estado|municipio|lon|pixel_clima|edaf_grupo|sg_silt_0-5cm_mean,estado|municipio|lon|pixel_clima,edaf_grupo|sg_silt_0-5cm_mean,curados_extendidos,v1
parcelas_solo2025_ubic_est-mun-lon-pix_cec-silt_v1,curados_extendidos/parcelas_solo2025_ubic_est-mun-lon-pix_cec-silt_v1.csv,solo2025,ubic_est-mun-lon-pix,cec-silt,197,18,ID_POLIGONO|conjunto|rendimiento_t_ha|area_ha|ndvi_s2_int|ndvi_s2_media_sep_oct|crc_s2_media|vi6t_landsat_max|lai_planet_max|lluvia_ciclo_mm|pendiente_grados|elevacion_m|estado|municipio|lon|pixel_clima|sg_cec_0-5cm_mean|sg_silt_0-5cm_mean,estado|municipio|lon|pixel_clima,sg_cec_0-5cm_mean|sg_silt_0-5cm_mean,curados_extendidos,v1
parcelas_solo2025_ubic_est-mun-lon-pix_n-edaf-cec_v1,curados_extendidos/parcelas_solo2025_ubic_est-mun-lon-pix_n-edaf-cec_v1.csv,solo2025,ubic_est-mun-lon-pix,n-edaf-cec,197,19,ID_POLIGONO|conjunto|rendimiento_t_ha|area_ha|ndvi_s2_int|ndvi_s2_media_sep_oct|crc_s2_media|vi6t_landsat_max|lai_planet_max|lluvia_ciclo_mm|pendiente_grados|elevacion_m|estado|municipio|lon|pixel_clima|sg_nitrogen_0-5cm_mean|edaf_grupo|sg_cec_0-5cm_mean,estado|municipio|lon|pixel_clima,sg_nitrogen_0-5cm_mean|edaf_grupo|sg_cec_0-5cm_mean,curados_extendidos,v1
parcelas_solo2025_ubic_est-mun-lon-pix_n-edaf-silt_v1,curados_extendidos/parcelas_solo2025_ubic_est-mun-lon-pix_n-edaf-silt_v1.csv,solo2025,ubic_est-mun-lon-pix,n-edaf-silt,197,19,ID_POLIGONO|conjunto|rendimiento_t_ha|area_ha|ndvi_s2_int|ndvi_s2_media_sep_oct|crc_s2_media|vi6t_landsat_max|lai_planet_max|lluvia_ciclo_mm|pendiente_grados|elevacion_m|estado|municipio|lon|pixel_clima|sg_nitrogen_0-5cm_mean|edaf_grupo|sg_silt_0-5cm_mean,estado|municipio|lon|pixel_clima,sg_nitrogen_0-5cm_mean|edaf_grupo|sg_silt_0-5cm_mean,curados_extendidos,v1
parcelas_solo2025_ubic_est-mun-lon-pix_n-cec-silt_v1,curados_extendidos/parcelas_solo2025_ubic_est-mun-lon-pix_n-cec-silt_v1.csv,solo2025,ubic_est-mun-lon-pix,n-cec-silt,197,19,ID_POLIGONO|conjunto|rendimiento_t_ha|area_ha|ndvi_s2_int|ndvi_s2_media_sep_oct|crc_s2_media|vi6t_landsat_max|lai_planet_max|lluvia_ciclo_mm|pendiente_grados|elevacion_m|estado|municipio|lon|pixel_clima|sg_nitrogen_0-5cm_mean|sg_cec_0-5cm_mean|sg_silt_0-5cm_mean,estado|municipio|lon|pixel_clima,sg_nitrogen_0-5cm_mean|sg_cec_0-5cm_mean|sg_silt_0-5cm_mean,curados_extendidos,v1
parcelas_solo2025_ubic_est-mun-lon-pix_edaf-cec-silt_v1,curados_extendidos/parcelas_solo2025_ubic_est-mun-lon-pix_edaf-cec-silt_v1.csv,solo2025,ubic_est-mun-lon-pix,edaf-cec-silt,197,19,ID_POLIGONO|conjunto|rendimiento_t_ha|area_ha|ndvi_s2_int|ndvi_s2_media_sep_oct|crc_s2_media|vi6t_landsat_max|lai_planet_max|lluvia_ciclo_mm|pendiente_grados|elevacion_m|estado|municipio|lon|pixel_clima|edaf_grupo|sg_cec_0-5cm_mean|sg_silt_0-5cm_mean,estado|municipio|lon|pixel_clima,edaf_grupo|sg_cec_0-5cm_mean|sg_silt_0-5cm_mean,curados_extendidos,v1
parcelas_solo2025_ubic_est-mun-lon-pix_n-edaf-cec-silt_v1,curados_extendidos/parcelas_solo2025_ubic_est-mun-lon-pix_n-edaf-cec-silt_v1.csv,solo2025,ubic_est-mun-lon-pix,n-edaf-cec-silt,197,20,ID_POLIGONO|conjunto|rendimiento_t_ha|area_ha|ndvi_s2_int|ndvi_s2_media_sep_oct|crc_s2_media|vi6t_landsat_max|lai_planet_max|lluvia_ciclo_mm|pendiente_grados|elevacion_m|estado|municipio|lon|pixel_clima|sg_nitrogen_0-5cm_mean|edaf_grupo|sg_cec_0-5cm_mean|sg_silt_0-5cm_mean,estado|municipio|lon|pixel_clima,sg_nitrogen_0-5cm_mean|edaf_grupo|sg_cec_0-5cm_mean|sg_silt_0-5cm_mean,curados_extendidos,v1
parcelas_solo2025_ubic_est-mun-lat-pix_reto_v1,curados_reto/parcelas_solo2025_ubic_est-mun-lat-pix_reto_v1.csv,solo2025,ubic_est-mun-lat-pix,reto,197,16,ID_POLIGONO|conjunto|rendimiento_t_ha|area_ha|ndvi_s2_int|ndvi_s2_media_sep_oct|crc_s2_media|vi6t_landsat_max|lai_planet_max|lluvia_ciclo_mm|pendiente_grados|elevacion_m|estado|municipio|lat|pixel_clima,estado|municipio|lat|pixel_clima,,curados_reto,v1
parcelas_solo2025_ubic_est-mun-lat-pix_n_v1,curados_extendidos/parcelas_solo2025_ubic_est-mun-lat-pix_n_v1.csv,solo2025,ubic_est-mun-lat-pix,n,197,17,ID_POLIGONO|conjunto|rendimiento_t_ha|area_ha|ndvi_s2_int|ndvi_s2_media_sep_oct|crc_s2_media|vi6t_landsat_max|lai_planet_max|lluvia_ciclo_mm|pendiente_grados|elevacion_m|estado|municipio|lat|pixel_clima|sg_nitrogen_0-5cm_mean,estado|municipio|lat|pixel_clima,sg_nitrogen_0-5cm_mean,curados_extendidos,v1
parcelas_solo2025_ubic_est-mun-lat-pix_edaf_v1,curados_extendidos/parcelas_solo2025_ubic_est-mun-lat-pix_edaf_v1.csv,solo2025,ubic_est-mun-lat-pix,edaf,197,17,ID_POLIGONO|conjunto|rendimiento_t_ha|area_ha|ndvi_s2_int|ndvi_s2_media_sep_oct|crc_s2_media|vi6t_landsat_max|lai_planet_max|lluvia_ciclo_mm|pendiente_grados|elevacion_m|estado|municipio|lat|pixel_clima|edaf_grupo,estado|municipio|lat|pixel_clima,edaf_grupo,curados_extendidos,v1
parcelas_solo2025_ubic_est-mun-lat-pix_cec_v1,curados_extendidos/parcelas_solo2025_ubic_est-mun-lat-pix_cec_v1.csv,solo2025,ubic_est-mun-lat-pix,cec,197,17,ID_POLIGONO|conjunto|rendimiento_t_ha|area_ha|ndvi_s2_int|ndvi_s2_media_sep_oct|crc_s2_media|vi6t_landsat_max|lai_planet_max|lluvia_ciclo_mm|pendiente_grados|elevacion_m|estado|municipio|lat|pixel_clima|sg_cec_0-5cm_mean,estado|municipio|lat|pixel_clima,sg_cec_0-5cm_mean,curados_extendidos,v1
parcelas_solo2025_ubic_est-mun-lat-pix_silt_v1,curados_extendidos/parcelas_solo2025_ubic_est-mun-lat-pix_silt_v1.csv,solo2025,ubic_est-mun-lat-pix,silt,197,17,ID_POLIGONO|conjunto|rendimiento_t_ha|area_ha|ndvi_s2_int|ndvi_s2_media_sep_oct|crc_s2_media|vi6t_landsat_max|lai_planet_max|lluvia_ciclo_mm|pendiente_grados|elevacion_m|estado|municipio|lat|pixel_clima|sg_silt_0-5cm_mean,estado|municipio|lat|pixel_clima,sg_silt_0-5cm_mean,curados_extendidos,v1
parcelas_solo2025_ubic_est-mun-lat-pix_n-edaf_v1,curados_extendidos/parcelas_solo2025_ubic_est-mun-lat-pix_n-edaf_v1.csv,solo2025,ubic_est-mun-lat-pix,n-edaf,197,18,ID_POLIGONO|conjunto|rendimiento_t_ha|area_ha|ndvi_s2_int|ndvi_s2_media_sep_oct|crc_s2_media|vi6t_landsat_max|lai_planet_max|lluvia_ciclo_mm|pendiente_grados|elevacion_m|estado|municipio|lat|pixel_clima|sg_nitrogen_0-5cm_mean|edaf_grupo,estado|municipio|lat|pixel_clima,sg_nitrogen_0-5cm_mean|edaf_grupo,curados_extendidos,v1
parcelas_solo2025_ubic_est-mun-lat-pix_n-cec_v1,curados_extendidos/parcelas_solo2025_ubic_est-mun-lat-pix_n-cec_v1.csv,solo2025,ubic_est-mun-lat-pix,n-cec,197,18,ID_POLIGONO|conjunto|rendimiento_t_ha|area_ha|ndvi_s2_int|ndvi_s2_media_sep_oct|crc_s2_media|vi6t_landsat_max|lai_planet_max|lluvia_ciclo_mm|pendiente_grados|elevacion_m|estado|municipio|lat|pixel_clima|sg_nitrogen_0-5cm_mean|sg_cec_0-5cm_mean,estado|municipio|lat|pixel_clima,sg_nitrogen_0-5cm_mean|sg_cec_0-5cm_mean,curados_extendidos,v1
parcelas_solo2025_ubic_est-mun-lat-pix_n-silt_v1,curados_extendidos/parcelas_solo2025_ubic_est-mun-lat-pix_n-silt_v1.csv,solo2025,ubic_est-mun-lat-pix,n-silt,197,18,ID_POLIGONO|conjunto|rendimiento_t_ha|area_ha|ndvi_s2_int|ndvi_s2_media_sep_oct|crc_s2_media|vi6t_landsat_max|lai_planet_max|lluvia_ciclo_mm|pendiente_grados|elevacion_m|estado|municipio|lat|pixel_clima|sg_nitrogen_0-5cm_mean|sg_silt_0-5cm_mean,estado|municipio|lat|pixel_clima,sg_nitrogen_0-5cm_mean|sg_silt_0-5cm_mean,curados_extendidos,v1
parcelas_solo2025_ubic_est-mun-lat-pix_edaf-cec_v1,curados_extendidos/parcelas_solo2025_ubic_est-mun-lat-pix_edaf-cec_v1.csv,solo2025,ubic_est-mun-lat-pix,edaf-cec,197,18,ID_POLIGONO|conjunto|rendimiento_t_ha|area_ha|ndvi_s2_int|ndvi_s2_media_sep_oct|crc_s2_media|vi6t_landsat_max|lai_planet_max|lluvia_ciclo_mm|pendiente_grados|elevacion_m|estado|municipio|lat|pixel_clima|edaf_grupo|sg_cec_0-5cm_mean,estado|municipio|lat|pixel_clima,edaf_grupo|sg_cec_0-5cm_mean,curados_extendidos,v1
parcelas_solo2025_ubic_est-mun-lat-pix_edaf-silt_v1,curados_extendidos/parcelas_solo2025_ubic_est-mun-lat-pix_edaf-silt_v1.csv,solo2025,ubic_est-mun-lat-pix,edaf-silt,197,18,ID_POLIGONO|conjunto|rendimiento_t_ha|area_ha|ndvi_s2_int|ndvi_s2_media_sep_oct|crc_s2_media|vi6t_landsat_max|lai_planet_max|lluvia_ciclo_mm|pendiente_grados|elevacion_m|estado|municipio|lat|pixel_clima|edaf_grupo|sg_silt_0-5cm_mean,estado|municipio|lat|pixel_clima,edaf_grupo|sg_silt_0-5cm_mean,curados_extendidos,v1
parcelas_solo2025_ubic_est-mun-lat-pix_cec-silt_v1,curados_extendidos/parcelas_solo2025_ubic_est-mun-lat-pix_cec-silt_v1.csv,solo2025,ubic_est-mun-lat-pix,cec-silt,197,18,ID_POLIGONO|conjunto|rendimiento_t_ha|area_ha|ndvi_s2_int|ndvi_s2_media_sep_oct|crc_s2_media|vi6t_landsat_max|lai_planet_max|lluvia_ciclo_mm|pendiente_grados|elevacion_m|estado|municipio|lat|pixel_clima|sg_cec_0-5cm_mean|sg_silt_0-5cm_mean,estado|municipio|lat|pixel_clima,sg_cec_0-5cm_mean|sg_silt_0-5cm_mean,curados_extendidos,v1
parcelas_solo2025_ubic_est-mun-lat-pix_n-edaf-cec_v1,curados_extendidos/parcelas_solo2025_ubic_est-mun-lat-pix_n-edaf-cec_v1.csv,solo2025,ubic_est-mun-lat-pix,n-edaf-cec,197,19,ID_POLIGONO|conjunto|rendimiento_t_ha|area_ha|ndvi_s2_int|ndvi_s2_media_sep_oct|crc_s2_media|vi6t_landsat_max|lai_planet_max|lluvia_ciclo_mm|pendiente_grados|elevacion_m|estado|municipio|lat|pixel_clima|sg_nitrogen_0-5cm_mean|edaf_grupo|sg_cec_0-5cm_mean,estado|municipio|lat|pixel_clima,sg_nitrogen_0-5cm_mean|edaf_grupo|sg_cec_0-5cm_mean,curados_extendidos,v1
parcelas_solo2025_ubic_est-mun-lat-pix_n-edaf-silt_v1,curados_extendidos/parcelas_solo2025_ubic_est-mun-lat-pix_n-edaf-silt_v1.csv,solo2025,ubic_est-mun-lat-pix,n-edaf-silt,197,19,ID_POLIGONO|conjunto|rendimiento_t_ha|area_ha|ndvi_s2_int|ndvi_s2_media_sep_oct|crc_s2_media|vi6t_landsat_max|lai_planet_max|lluvia_ciclo_mm|pendiente_grados|elevacion_m|estado|municipio|lat|pixel_clima|sg_nitrogen_0-5cm_mean|edaf_grupo|sg_silt_0-5cm_mean,estado|municipio|lat|pixel_clima,sg_nitrogen_0-5cm_mean|edaf_grupo|sg_silt_0-5cm_mean,curados_extendidos,v1
parcelas_solo2025_ubic_est-mun-lat-pix_n-cec-silt_v1,curados_extendidos/parcelas_solo2025_ubic_est-mun-lat-pix_n-cec-silt_v1.csv,solo2025,ubic_est-mun-lat-pix,n-cec-silt,197,19,ID_POLIGONO|conjunto|rendimiento_t_ha|area_ha|ndvi_s2_int|ndvi_s2_media_sep_oct|crc_s2_media|vi6t_landsat_max|lai_planet_max|lluvia_ciclo_mm|pendiente_grados|elevacion_m|estado|municipio|lat|pixel_clima|sg_nitrogen_0-5cm_mean|sg_cec_0-5cm_mean|sg_silt_0-5cm_mean,estado|municipio|lat|pixel_clima,sg_nitrogen_0-5cm_mean|sg_cec_0-5cm_mean|sg_silt_0-5cm_mean,curados_extendidos,v1
parcelas_solo2025_ubic_est-mun-lat-pix_edaf-cec-silt_v1,curados_extendidos/parcelas_solo2025_ubic_est-mun-lat-pix_edaf-cec-silt_v1.csv,solo2025,ubic_est-mun-lat-pix,edaf-cec-silt,197,19,ID_POLIGONO|conjunto|rendimiento_t_ha|area_ha|ndvi_s2_int|ndvi_s2_media_sep_oct|crc_s2_media|vi6t_landsat_max|lai_planet_max|lluvia_ciclo_mm|pendiente_grados|elevacion_m|estado|municipio|lat|pixel_clima|edaf_grupo|sg_cec_0-5cm_mean|sg_silt_0-5cm_mean,estado|municipio|lat|pixel_clima,edaf_grupo|sg_cec_0-5cm_mean|sg_silt_0-5cm_mean,curados_extendidos,v1
parcelas_solo2025_ubic_est-mun-lat-pix_n-edaf-cec-silt_v1,curados_extendidos/parcelas_solo2025_ubic_est-mun-lat-pix_n-edaf-cec-silt_v1.csv,solo2025,ubic_est-mun-lat-pix,n-edaf-cec-silt,197,20,ID_POLIGONO|conjunto|rendimiento_t_ha|area_ha|ndvi_s2_int|ndvi_s2_media_sep_oct|crc_s2_media|vi6t_landsat_max|lai_planet_max|lluvia_ciclo_mm|pendiente_grados|elevacion_m|estado|municipio|lat|pixel_clima|sg_nitrogen_0-5cm_mean|edaf_grupo|sg_cec_0-5cm_mean|sg_silt_0-5cm_mean,estado|municipio|lat|pixel_clima,sg_nitrogen_0-5cm_mean|edaf_grupo|sg_cec_0-5cm_mean|sg_silt_0-5cm_mean,curados_extendidos,v1
parcelas_solo2025_ubic_est-lon-lat-pix_reto_v1,curados_reto/parcelas_solo2025_ubic_est-lon-lat-pix_reto_v1.csv,solo2025,ubic_est-lon-lat-pix,reto,197,16,ID_POLIGONO|conjunto|rendimiento_t_ha|area_ha|ndvi_s2_int|ndvi_s2_media_sep_oct|crc_s2_media|vi6t_landsat_max|lai_planet_max|lluvia_ciclo_mm|pendiente_grados|elevacion_m|estado|lon|lat|pixel_clima,estado|lon|lat|pixel_clima,,curados_reto,v1
parcelas_solo2025_ubic_est-lon-lat-pix_n_v1,curados_extendidos/parcelas_solo2025_ubic_est-lon-lat-pix_n_v1.csv,solo2025,ubic_est-lon-lat-pix,n,197,17,ID_POLIGONO|conjunto|rendimiento_t_ha|area_ha|ndvi_s2_int|ndvi_s2_media_sep_oct|crc_s2_media|vi6t_landsat_max|lai_planet_max|lluvia_ciclo_mm|pendiente_grados|elevacion_m|estado|lon|lat|pixel_clima|sg_nitrogen_0-5cm_mean,estado|lon|lat|pixel_clima,sg_nitrogen_0-5cm_mean,curados_extendidos,v1
parcelas_solo2025_ubic_est-lon-lat-pix_edaf_v1,curados_extendidos/parcelas_solo2025_ubic_est-lon-lat-pix_edaf_v1.csv,solo2025,ubic_est-lon-lat-pix,edaf,197,17,ID_POLIGONO|conjunto|rendimiento_t_ha|area_ha|ndvi_s2_int|ndvi_s2_media_sep_oct|crc_s2_media|vi6t_landsat_max|lai_planet_max|lluvia_ciclo_mm|pendiente_grados|elevacion_m|estado|lon|lat|pixel_clima|edaf_grupo,estado|lon|lat|pixel_clima,edaf_grupo,curados_extendidos,v1
parcelas_solo2025_ubic_est-lon-lat-pix_cec_v1,curados_extendidos/parcelas_solo2025_ubic_est-lon-lat-pix_cec_v1.csv,solo2025,ubic_est-lon-lat-pix,cec,197,17,ID_POLIGONO|conjunto|rendimiento_t_ha|area_ha|ndvi_s2_int|ndvi_s2_media_sep_oct|crc_s2_media|vi6t_landsat_max|lai_planet_max|lluvia_ciclo_mm|pendiente_grados|elevacion_m|estado|lon|lat|pixel_clima|sg_cec_0-5cm_mean,estado|lon|lat|pixel_clima,sg_cec_0-5cm_mean,curados_extendidos,v1
parcelas_solo2025_ubic_est-lon-lat-pix_silt_v1,curados_extendidos/parcelas_solo2025_ubic_est-lon-lat-pix_silt_v1.csv,solo2025,ubic_est-lon-lat-pix,silt,197,17,ID_POLIGONO|conjunto|rendimiento_t_ha|area_ha|ndvi_s2_int|ndvi_s2_media_sep_oct|crc_s2_media|vi6t_landsat_max|lai_planet_max|lluvia_ciclo_mm|pendiente_grados|elevacion_m|estado|lon|lat|pixel_clima|sg_silt_0-5cm_mean,estado|lon|lat|pixel_clima,sg_silt_0-5cm_mean,curados_extendidos,v1
parcelas_solo2025_ubic_est-lon-lat-pix_n-edaf_v1,curados_extendidos/parcelas_solo2025_ubic_est-lon-lat-pix_n-edaf_v1.csv,solo2025,ubic_est-lon-lat-pix,n-edaf,197,18,ID_POLIGONO|conjunto|rendimiento_t_ha|area_ha|ndvi_s2_int|ndvi_s2_media_sep_oct|crc_s2_media|vi6t_landsat_max|lai_planet_max|lluvia_ciclo_mm|pendiente_grados|elevacion_m|estado|lon|lat|pixel_clima|sg_nitrogen_0-5cm_mean|edaf_grupo,estado|lon|lat|pixel_clima,sg_nitrogen_0-5cm_mean|edaf_grupo,curados_extendidos,v1
parcelas_solo2025_ubic_est-lon-lat-pix_n-cec_v1,curados_extendidos/parcelas_solo2025_ubic_est-lon-lat-pix_n-cec_v1.csv,solo2025,ubic_est-lon-lat-pix,n-cec,197,18,ID_POLIGONO|conjunto|rendimiento_t_ha|area_ha|ndvi_s2_int|ndvi_s2_media_sep_oct|crc_s2_media|vi6t_landsat_max|lai_planet_max|lluvia_ciclo_mm|pendiente_grados|elevacion_m|estado|lon|lat|pixel_clima|sg_nitrogen_0-5cm_mean|sg_cec_0-5cm_mean,estado|lon|lat|pixel_clima,sg_nitrogen_0-5cm_mean|sg_cec_0-5cm_mean,curados_extendidos,v1
parcelas_solo2025_ubic_est-lon-lat-pix_n-silt_v1,curados_extendidos/parcelas_solo2025_ubic_est-lon-lat-pix_n-silt_v1.csv,solo2025,ubic_est-lon-lat-pix,n-silt,197,18,ID_POLIGONO|conjunto|rendimiento_t_ha|area_ha|ndvi_s2_int|ndvi_s2_media_sep_oct|crc_s2_media|vi6t_landsat_max|lai_planet_max|lluvia_ciclo_mm|pendiente_grados|elevacion_m|estado|lon|lat|pixel_clima|sg_nitrogen_0-5cm_mean|sg_silt_0-5cm_mean,estado|lon|lat|pixel_clima,sg_nitrogen_0-5cm_mean|sg_silt_0-5cm_mean,curados_extendidos,v1
parcelas_solo2025_ubic_est-lon-lat-pix_edaf-cec_v1,curados_extendidos/parcelas_solo2025_ubic_est-lon-lat-pix_edaf-cec_v1.csv,solo2025,ubic_est-lon-lat-pix,edaf-cec,197,18,ID_POLIGONO|conjunto|rendimiento_t_ha|area_ha|ndvi_s2_int|ndvi_s2_media_sep_oct|crc_s2_media|vi6t_landsat_max|lai_planet_max|lluvia_ciclo_mm|pendiente_grados|elevacion_m|estado|lon|lat|pixel_clima|edaf_grupo|sg_cec_0-5cm_mean,estado|lon|lat|pixel_clima,edaf_grupo|sg_cec_0-5cm_mean,curados_extendidos,v1
parcelas_solo2025_ubic_est-lon-lat-pix_edaf-silt_v1,curados_extendidos/parcelas_solo2025_ubic_est-lon-lat-pix_edaf-silt_v1.csv,solo2025,ubic_est-lon-lat-pix,edaf-silt,197,18,ID_POLIGONO|conjunto|rendimiento_t_ha|area_ha|ndvi_s2_int|ndvi_s2_media_sep_oct|crc_s2_media|vi6t_landsat_max|lai_planet_max|lluvia_ciclo_mm|pendiente_grados|elevacion_m|estado|lon|lat|pixel_clima|edaf_grupo|sg_silt_0-5cm_mean,estado|lon|lat|pixel_clima,edaf_grupo|sg_silt_0-5cm_mean,curados_extendidos,v1
parcelas_solo2025_ubic_est-lon-lat-pix_cec-silt_v1,curados_extendidos/parcelas_solo2025_ubic_est-lon-lat-pix_cec-silt_v1.csv,solo2025,ubic_est-lon-lat-pix,cec-silt,197,18,ID_POLIGONO|conjunto|rendimiento_t_ha|area_ha|ndvi_s2_int|ndvi_s2_media_sep_oct|crc_s2_media|vi6t_landsat_max|lai_planet_max|lluvia_ciclo_mm|pendiente_grados|elevacion_m|estado|lon|lat|pixel_clima|sg_cec_0-5cm_mean|sg_silt_0-5cm_mean,estado|lon|lat|pixel_clima,sg_cec_0-5cm_mean|sg_silt_0-5cm_mean,curados_extendidos,v1
parcelas_solo2025_ubic_est-lon-lat-pix_n-edaf-cec_v1,curados_extendidos/parcelas_solo2025_ubic_est-lon-lat-pix_n-edaf-cec_v1.csv,solo2025,ubic_est-lon-lat-pix,n-edaf-cec,197,19,ID_POLIGONO|conjunto|rendimiento_t_ha|area_ha|ndvi_s2_int|ndvi_s2_media_sep_oct|crc_s2_media|vi6t_landsat_max|lai_planet_max|lluvia_ciclo_mm|pendiente_grados|elevacion_m|estado|lon|lat|pixel_clima|sg_nitrogen_0-5cm_mean|edaf_grupo|sg_cec_0-5cm_mean,estado|lon|lat|pixel_clima,sg_nitrogen_0-5cm_mean|edaf_grupo|sg_cec_0-5cm_mean,curados_extendidos,v1
parcelas_solo2025_ubic_est-lon-lat-pix_n-edaf-silt_v1,curados_extendidos/parcelas_solo2025_ubic_est-lon-lat-pix_n-edaf-silt_v1.csv,solo2025,ubic_est-lon-lat-pix,n-edaf-silt,197,19,ID_POLIGONO|conjunto|rendimiento_t_ha|area_ha|ndvi_s2_int|ndvi_s2_media_sep_oct|crc_s2_media|vi6t_landsat_max|lai_planet_max|lluvia_ciclo_mm|pendiente_grados|elevacion_m|estado|lon|lat|pixel_clima|sg_nitrogen_0-5cm_mean|edaf_grupo|sg_silt_0-5cm_mean,estado|lon|lat|pixel_clima,sg_nitrogen_0-5cm_mean|edaf_grupo|sg_silt_0-5cm_mean,curados_extendidos,v1
parcelas_solo2025_ubic_est-lon-lat-pix_n-cec-silt_v1,curados_extendidos/parcelas_solo2025_ubic_est-lon-lat-pix_n-cec-silt_v1.csv,solo2025,ubic_est-lon-lat-pix,n-cec-silt,197,19,ID_POLIGONO|conjunto|rendimiento_t_ha|area_ha|ndvi_s2_int|ndvi_s2_media_sep_oct|crc_s2_media|vi6t_landsat_max|lai_planet_max|lluvia_ciclo_mm|pendiente_grados|elevacion_m|estado|lon|lat|pixel_clima|sg_nitrogen_0-5cm_mean|sg_cec_0-5cm_mean|sg_silt_0-5cm_mean,estado|lon|lat|pixel_clima,sg_nitrogen_0-5cm_mean|sg_cec_0-5cm_mean|sg_silt_0-5cm_mean,curados_extendidos,v1
parcelas_solo2025_ubic_est-lon-lat-pix_edaf-cec-silt_v1,curados_extendidos/parcelas_solo2025_ubic_est-lon-lat-pix_edaf-cec-silt_v1.csv,solo2025,ubic_est-lon-lat-pix,edaf-cec-silt,197,19,ID_POLIGONO|conjunto|rendimiento_t_ha|area_ha|ndvi_s2_int|ndvi_s2_media_sep_oct|crc_s2_media|vi6t_landsat_max|lai_planet_max|lluvia_ciclo_mm|pendiente_grados|elevacion_m|estado|lon|lat|pixel_clima|edaf_grupo|sg_cec_0-5cm_mean|sg_silt_0-5cm_mean,estado|lon|lat|pixel_clima,edaf_grupo|sg_cec_0-5cm_mean|sg_silt_0-5cm_mean,curados_extendidos,v1
parcelas_solo2025_ubic_est-lon-lat-pix_n-edaf-cec-silt_v1,curados_extendidos/parcelas_solo2025_ubic_est-lon-lat-pix_n-edaf-cec-silt_v1.csv,solo2025,ubic_est-lon-lat-pix,n-edaf-cec-silt,197,20,ID_POLIGONO|conjunto|rendimiento_t_ha|area_ha|ndvi_s2_int|ndvi_s2_media_sep_oct|crc_s2_media|vi6t_landsat_max|lai_planet_max|lluvia_ciclo_mm|pendiente_grados|elevacion_m|estado|lon|lat|pixel_clima|sg_nitrogen_0-5cm_mean|edaf_grupo|sg_cec_0-5cm_mean|sg_silt_0-5cm_mean,estado|lon|lat|pixel_clima,sg_nitrogen_0-5cm_mean|edaf_grupo|sg_cec_0-5cm_mean|sg_silt_0-5cm_mean,curados_extendidos,v1
parcelas_solo2025_ubic_mun-lon-lat-pix_reto_v1,curados_reto/parcelas_solo2025_ubic_mun-lon-lat-pix_reto_v1.csv,solo2025,ubic_mun-lon-lat-pix,reto,197,16,ID_POLIGONO|conjunto|rendimiento_t_ha|area_ha|ndvi_s2_int|ndvi_s2_media_sep_oct|crc_s2_media|vi6t_landsat_max|lai_planet_max|lluvia_ciclo_mm|pendiente_grados|elevacion_m|municipio|lon|lat|pixel_clima,municipio|lon|lat|pixel_clima,,curados_reto,v1
parcelas_solo2025_ubic_mun-lon-lat-pix_n_v1,curados_extendidos/parcelas_solo2025_ubic_mun-lon-lat-pix_n_v1.csv,solo2025,ubic_mun-lon-lat-pix,n,197,17,ID_POLIGONO|conjunto|rendimiento_t_ha|area_ha|ndvi_s2_int|ndvi_s2_media_sep_oct|crc_s2_media|vi6t_landsat_max|lai_planet_max|lluvia_ciclo_mm|pendiente_grados|elevacion_m|municipio|lon|lat|pixel_clima|sg_nitrogen_0-5cm_mean,municipio|lon|lat|pixel_clima,sg_nitrogen_0-5cm_mean,curados_extendidos,v1
parcelas_solo2025_ubic_mun-lon-lat-pix_edaf_v1,curados_extendidos/parcelas_solo2025_ubic_mun-lon-lat-pix_edaf_v1.csv,solo2025,ubic_mun-lon-lat-pix,edaf,197,17,ID_POLIGONO|conjunto|rendimiento_t_ha|area_ha|ndvi_s2_int|ndvi_s2_media_sep_oct|crc_s2_media|vi6t_landsat_max|lai_planet_max|lluvia_ciclo_mm|pendiente_grados|elevacion_m|municipio|lon|lat|pixel_clima|edaf_grupo,municipio|lon|lat|pixel_clima,edaf_grupo,curados_extendidos,v1
parcelas_solo2025_ubic_mun-lon-lat-pix_cec_v1,curados_extendidos/parcelas_solo2025_ubic_mun-lon-lat-pix_cec_v1.csv,solo2025,ubic_mun-lon-lat-pix,cec,197,17,ID_POLIGONO|conjunto|rendimiento_t_ha|area_ha|ndvi_s2_int|ndvi_s2_media_sep_oct|crc_s2_media|vi6t_landsat_max|lai_planet_max|lluvia_ciclo_mm|pendiente_grados|elevacion_m|municipio|lon|lat|pixel_clima|sg_cec_0-5cm_mean,municipio|lon|lat|pixel_clima,sg_cec_0-5cm_mean,curados_extendidos,v1
parcelas_solo2025_ubic_mun-lon-lat-pix_silt_v1,curados_extendidos/parcelas_solo2025_ubic_mun-lon-lat-pix_silt_v1.csv,solo2025,ubic_mun-lon-lat-pix,silt,197,17,ID_POLIGONO|conjunto|rendimiento_t_ha|area_ha|ndvi_s2_int|ndvi_s2_media_sep_oct|crc_s2_media|vi6t_landsat_max|lai_planet_max|lluvia_ciclo_mm|pendiente_grados|elevacion_m|municipio|lon|lat|pixel_clima|sg_silt_0-5cm_mean,municipio|lon|lat|pixel_clima,sg_silt_0-5cm_mean,curados_extendidos,v1
parcelas_solo2025_ubic_mun-lon-lat-pix_n-edaf_v1,curados_extendidos/parcelas_solo2025_ubic_mun-lon-lat-pix_n-edaf_v1.csv,solo2025,ubic_mun-lon-lat-pix,n-edaf,197,18,ID_POLIGONO|conjunto|rendimiento_t_ha|area_ha|ndvi_s2_int|ndvi_s2_media_sep_oct|crc_s2_media|vi6t_landsat_max|lai_planet_max|lluvia_ciclo_mm|pendiente_grados|elevacion_m|municipio|lon|lat|pixel_clima|sg_nitrogen_0-5cm_mean|edaf_grupo,municipio|lon|lat|pixel_clima,sg_nitrogen_0-5cm_mean|edaf_grupo,curados_extendidos,v1
parcelas_solo2025_ubic_mun-lon-lat-pix_n-cec_v1,curados_extendidos/parcelas_solo2025_ubic_mun-lon-lat-pix_n-cec_v1.csv,solo2025,ubic_mun-lon-lat-pix,n-cec,197,18,ID_POLIGONO|conjunto|rendimiento_t_ha|area_ha|ndvi_s2_int|ndvi_s2_media_sep_oct|crc_s2_media|vi6t_landsat_max|lai_planet_max|lluvia_ciclo_mm|pendiente_grados|elevacion_m|municipio|lon|lat|pixel_clima|sg_nitrogen_0-5cm_mean|sg_cec_0-5cm_mean,municipio|lon|lat|pixel_clima,sg_nitrogen_0-5cm_mean|sg_cec_0-5cm_mean,curados_extendidos,v1
parcelas_solo2025_ubic_mun-lon-lat-pix_n-silt_v1,curados_extendidos/parcelas_solo2025_ubic_mun-lon-lat-pix_n-silt_v1.csv,solo2025,ubic_mun-lon-lat-pix,n-silt,197,18,ID_POLIGONO|conjunto|rendimiento_t_ha|area_ha|ndvi_s2_int|ndvi_s2_media_sep_oct|crc_s2_media|vi6t_landsat_max|lai_planet_max|lluvia_ciclo_mm|pendiente_grados|elevacion_m|municipio|lon|lat|pixel_clima|sg_nitrogen_0-5cm_mean|sg_silt_0-5cm_mean,municipio|lon|lat|pixel_clima,sg_nitrogen_0-5cm_mean|sg_silt_0-5cm_mean,curados_extendidos,v1
parcelas_solo2025_ubic_mun-lon-lat-pix_edaf-cec_v1,curados_extendidos/parcelas_solo2025_ubic_mun-lon-lat-pix_edaf-cec_v1.csv,solo2025,ubic_mun-lon-lat-pix,edaf-cec,197,18,ID_POLIGONO|conjunto|rendimiento_t_ha|area_ha|ndvi_s2_int|ndvi_s2_media_sep_oct|crc_s2_media|vi6t_landsat_max|lai_planet_max|lluvia_ciclo_mm|pendiente_grados|elevacion_m|municipio|lon|lat|pixel_clima|edaf_grupo|sg_cec_0-5cm_mean,municipio|lon|lat|pixel_clima,edaf_grupo|sg_cec_0-5cm_mean,curados_extendidos,v1
parcelas_solo2025_ubic_mun-lon-lat-pix_edaf-silt_v1,curados_extendidos/parcelas_solo2025_ubic_mun-lon-lat-pix_edaf-silt_v1.csv,solo2025,ubic_mun-lon-lat-pix,edaf-silt,197,18,ID_POLIGONO|conjunto|rendimiento_t_ha|area_ha|ndvi_s2_int|ndvi_s2_media_sep_oct|crc_s2_media|vi6t_landsat_max|lai_planet_max|lluvia_ciclo_mm|pendiente_grados|elevacion_m|municipio|lon|lat|pixel_clima|edaf_grupo|sg_silt_0-5cm_mean,municipio|lon|lat|pixel_clima,edaf_grupo|sg_silt_0-5cm_mean,curados_extendidos,v1
parcelas_solo2025_ubic_mun-lon-lat-pix_cec-silt_v1,curados_extendidos/parcelas_solo2025_ubic_mun-lon-lat-pix_cec-silt_v1.csv,solo2025,ubic_mun-lon-lat-pix,cec-silt,197,18,ID_POLIGONO|conjunto|rendimiento_t_ha|area_ha|ndvi_s2_int|ndvi_s2_media_sep_oct|crc_s2_media|vi6t_landsat_max|lai_planet_max|lluvia_ciclo_mm|pendiente_grados|elevacion_m|municipio|lon|lat|pixel_clima|sg_cec_0-5cm_mean|sg_silt_0-5cm_mean,municipio|lon|lat|pixel_clima,sg_cec_0-5cm_mean|sg_silt_0-5cm_mean,curados_extendidos,v1
parcelas_solo2025_ubic_mun-lon-lat-pix_n-edaf-cec_v1,curados_extendidos/parcelas_solo2025_ubic_mun-lon-lat-pix_n-edaf-cec_v1.csv,solo2025,ubic_mun-lon-lat-pix,n-edaf-cec,197,19,ID_POLIGONO|conjunto|rendimiento_t_ha|area_ha|ndvi_s2_int|ndvi_s2_media_sep_oct|crc_s2_media|vi6t_landsat_max|lai_planet_max|lluvia_ciclo_mm|pendiente_grados|elevacion_m|municipio|lon|lat|pixel_clima|sg_nitrogen_0-5cm_mean|edaf_grupo|sg_cec_0-5cm_mean,municipio|lon|lat|pixel_clima,sg_nitrogen_0-5cm_mean|edaf_grupo|sg_cec_0-5cm_mean,curados_extendidos,v1
parcelas_solo2025_ubic_mun-lon-lat-pix_n-edaf-silt_v1,curados_extendidos/parcelas_solo2025_ubic_mun-lon-lat-pix_n-edaf-silt_v1.csv,solo2025,ubic_mun-lon-lat-pix,n-edaf-silt,197,19,ID_POLIGONO|conjunto|rendimiento_t_ha|area_ha|ndvi_s2_int|ndvi_s2_media_sep_oct|crc_s2_media|vi6t_landsat_max|lai_planet_max|lluvia_ciclo_mm|pendiente_grados|elevacion_m|municipio|lon|lat|pixel_clima|sg_nitrogen_0-5cm_mean|edaf_grupo|sg_silt_0-5cm_mean,municipio|lon|lat|pixel_clima,sg_nitrogen_0-5cm_mean|edaf_grupo|sg_silt_0-5cm_mean,curados_extendidos,v1
parcelas_solo2025_ubic_mun-lon-lat-pix_n-cec-silt_v1,curados_extendidos/parcelas_solo2025_ubic_mun-lon-lat-pix_n-cec-silt_v1.csv,solo2025,ubic_mun-lon-lat-pix,n-cec-silt,197,19,ID_POLIGONO|conjunto|rendimiento_t_ha|area_ha|ndvi_s2_int|ndvi_s2_media_sep_oct|crc_s2_media|vi6t_landsat_max|lai_planet_max|lluvia_ciclo_mm|pendiente_grados|elevacion_m|municipio|lon|lat|pixel_clima|sg_nitrogen_0-5cm_mean|sg_cec_0-5cm_mean|sg_silt_0-5cm_mean,municipio|lon|lat|pixel_clima,sg_nitrogen_0-5cm_mean|sg_cec_0-5cm_mean|sg_silt_0-5cm_mean,curados_extendidos,v1
parcelas_solo2025_ubic_mun-lon-lat-pix_edaf-cec-silt_v1,curados_extendidos/parcelas_solo2025_ubic_mun-lon-lat-pix_edaf-cec-silt_v1.csv,solo2025,ubic_mun-lon-lat-pix,edaf-cec-silt,197,19,ID_POLIGONO|conjunto|rendimiento_t_ha|area_ha|ndvi_s2_int|ndvi_s2_media_sep_oct|crc_s2_media|vi6t_landsat_max|lai_planet_max|lluvia_ciclo_mm|pendiente_grados|elevacion_m|municipio|lon|lat|pixel_clima|edaf_grupo|sg_cec_0-5cm_mean|sg_silt_0-5cm_mean,municipio|lon|lat|pixel_clima,edaf_grupo|sg_cec_0-5cm_mean|sg_silt_0-5cm_mean,curados_extendidos,v1
parcelas_solo2025_ubic_mun-lon-lat-pix_n-edaf-cec-silt_v1,curados_extendidos/parcelas_solo2025_ubic_mun-lon-lat-pix_n-edaf-cec-silt_v1.csv,solo2025,ubic_mun-lon-lat-pix,n-edaf-cec-silt,197,20,ID_POLIGONO|conjunto|rendimiento_t_ha|area_ha|ndvi_s2_int|ndvi_s2_media_sep_oct|crc_s2_media|vi6t_landsat_max|lai_planet_max|lluvia_ciclo_mm|pendiente_grados|elevacion_m|municipio|lon|lat|pixel_clima|sg_nitrogen_0-5cm_mean|edaf_grupo|sg_cec_0-5cm_mean|sg_silt_0-5cm_mean,municipio|lon|lat|pixel_clima,sg_nitrogen_0-5cm_mean|edaf_grupo|sg_cec_0-5cm_mean|sg_silt_0-5cm_mean,curados_extendidos,v1
parcelas_solo2025_ubic_completa_reto_v1,curados_reto/parcelas_solo2025_ubic_completa_reto_v1.csv,solo2025,ubic_completa,reto,197,17,ID_POLIGONO|conjunto|rendimiento_t_ha|area_ha|ndvi_s2_int|ndvi_s2_media_sep_oct|crc_s2_media|vi6t_landsat_max|lai_planet_max|lluvia_ciclo_mm|pendiente_grados|elevacion_m|estado|municipio|lon|lat|pixel_clima,estado|municipio|lon|lat|pixel_clima,,curados_reto,v1
parcelas_solo2025_ubic_completa_n_v1,curados_extendidos/parcelas_solo2025_ubic_completa_n_v1.csv,solo2025,ubic_completa,n,197,18,ID_POLIGONO|conjunto|rendimiento_t_ha|area_ha|ndvi_s2_int|ndvi_s2_media_sep_oct|crc_s2_media|vi6t_landsat_max|lai_planet_max|lluvia_ciclo_mm|pendiente_grados|elevacion_m|estado|municipio|lon|lat|pixel_clima|sg_nitrogen_0-5cm_mean,estado|municipio|lon|lat|pixel_clima,sg_nitrogen_0-5cm_mean,curados_extendidos,v1
parcelas_solo2025_ubic_completa_edaf_v1,curados_extendidos/parcelas_solo2025_ubic_completa_edaf_v1.csv,solo2025,ubic_completa,edaf,197,18,ID_POLIGONO|conjunto|rendimiento_t_ha|area_ha|ndvi_s2_int|ndvi_s2_media_sep_oct|crc_s2_media|vi6t_landsat_max|lai_planet_max|lluvia_ciclo_mm|pendiente_grados|elevacion_m|estado|municipio|lon|lat|pixel_clima|edaf_grupo,estado|municipio|lon|lat|pixel_clima,edaf_grupo,curados_extendidos,v1
parcelas_solo2025_ubic_completa_cec_v1,curados_extendidos/parcelas_solo2025_ubic_completa_cec_v1.csv,solo2025,ubic_completa,cec,197,18,ID_POLIGONO|conjunto|rendimiento_t_ha|area_ha|ndvi_s2_int|ndvi_s2_media_sep_oct|crc_s2_media|vi6t_landsat_max|lai_planet_max|lluvia_ciclo_mm|pendiente_grados|elevacion_m|estado|municipio|lon|lat|pixel_clima|sg_cec_0-5cm_mean,estado|municipio|lon|lat|pixel_clima,sg_cec_0-5cm_mean,curados_extendidos,v1
parcelas_solo2025_ubic_completa_silt_v1,curados_extendidos/parcelas_solo2025_ubic_completa_silt_v1.csv,solo2025,ubic_completa,silt,197,18,ID_POLIGONO|conjunto|rendimiento_t_ha|area_ha|ndvi_s2_int|ndvi_s2_media_sep_oct|crc_s2_media|vi6t_landsat_max|lai_planet_max|lluvia_ciclo_mm|pendiente_grados|elevacion_m|estado|municipio|lon|lat|pixel_clima|sg_silt_0-5cm_mean,estado|municipio|lon|lat|pixel_clima,sg_silt_0-5cm_mean,curados_extendidos,v1
parcelas_solo2025_ubic_completa_n-edaf_v1,curados_extendidos/parcelas_solo2025_ubic_completa_n-edaf_v1.csv,solo2025,ubic_completa,n-edaf,197,19,ID_POLIGONO|conjunto|rendimiento_t_ha|area_ha|ndvi_s2_int|ndvi_s2_media_sep_oct|crc_s2_media|vi6t_landsat_max|lai_planet_max|lluvia_ciclo_mm|pendiente_grados|elevacion_m|estado|municipio|lon|lat|pixel_clima|sg_nitrogen_0-5cm_mean|edaf_grupo,estado|municipio|lon|lat|pixel_clima,sg_nitrogen_0-5cm_mean|edaf_grupo,curados_extendidos,v1
parcelas_solo2025_ubic_completa_n-cec_v1,curados_extendidos/parcelas_solo2025_ubic_completa_n-cec_v1.csv,solo2025,ubic_completa,n-cec,197,19,ID_POLIGONO|conjunto|rendimiento_t_ha|area_ha|ndvi_s2_int|ndvi_s2_media_sep_oct|crc_s2_media|vi6t_landsat_max|lai_planet_max|lluvia_ciclo_mm|pendiente_grados|elevacion_m|estado|municipio|lon|lat|pixel_clima|sg_nitrogen_0-5cm_mean|sg_cec_0-5cm_mean,estado|municipio|lon|lat|pixel_clima,sg_nitrogen_0-5cm_mean|sg_cec_0-5cm_mean,curados_extendidos,v1
parcelas_solo2025_ubic_completa_n-silt_v1,curados_extendidos/parcelas_solo2025_ubic_completa_n-silt_v1.csv,solo2025,ubic_completa,n-silt,197,19,ID_POLIGONO|conjunto|rendimiento_t_ha|area_ha|ndvi_s2_int|ndvi_s2_media_sep_oct|crc_s2_media|vi6t_landsat_max|lai_planet_max|lluvia_ciclo_mm|pendiente_grados|elevacion_m|estado|municipio|lon|lat|pixel_clima|sg_nitrogen_0-5cm_mean|sg_silt_0-5cm_mean,estado|municipio|lon|lat|pixel_clima,sg_nitrogen_0-5cm_mean|sg_silt_0-5cm_mean,curados_extendidos,v1
parcelas_solo2025_ubic_completa_edaf-cec_v1,curados_extendidos/parcelas_solo2025_ubic_completa_edaf-cec_v1.csv,solo2025,ubic_completa,edaf-cec,197,19,ID_POLIGONO|conjunto|rendimiento_t_ha|area_ha|ndvi_s2_int|ndvi_s2_media_sep_oct|crc_s2_media|vi6t_landsat_max|lai_planet_max|lluvia_ciclo_mm|pendiente_grados|elevacion_m|estado|municipio|lon|lat|pixel_clima|edaf_grupo|sg_cec_0-5cm_mean,estado|municipio|lon|lat|pixel_clima,edaf_grupo|sg_cec_0-5cm_mean,curados_extendidos,v1
parcelas_solo2025_ubic_completa_edaf-silt_v1,curados_extendidos/parcelas_solo2025_ubic_completa_edaf-silt_v1.csv,solo2025,ubic_completa,edaf-silt,197,19,ID_POLIGONO|conjunto|rendimiento_t_ha|area_ha|ndvi_s2_int|ndvi_s2_media_sep_oct|crc_s2_media|vi6t_landsat_max|lai_planet_max|lluvia_ciclo_mm|pendiente_grados|elevacion_m|estado|municipio|lon|lat|pixel_clima|edaf_grupo|sg_silt_0-5cm_mean,estado|municipio|lon|lat|pixel_clima,edaf_grupo|sg_silt_0-5cm_mean,curados_extendidos,v1
parcelas_solo2025_ubic_completa_cec-silt_v1,curados_extendidos/parcelas_solo2025_ubic_completa_cec-silt_v1.csv,solo2025,ubic_completa,cec-silt,197,19,ID_POLIGONO|conjunto|rendimiento_t_ha|area_ha|ndvi_s2_int|ndvi_s2_media_sep_oct|crc_s2_media|vi6t_landsat_max|lai_planet_max|lluvia_ciclo_mm|pendiente_grados|elevacion_m|estado|municipio|lon|lat|pixel_clima|sg_cec_0-5cm_mean|sg_silt_0-5cm_mean,estado|municipio|lon|lat|pixel_clima,sg_cec_0-5cm_mean|sg_silt_0-5cm_mean,curados_extendidos,v1
parcelas_solo2025_ubic_completa_n-edaf-cec_v1,curados_extendidos/parcelas_solo2025_ubic_completa_n-edaf-cec_v1.csv,solo2025,ubic_completa,n-edaf-cec,197,20,ID_POLIGONO|conjunto|rendimiento_t_ha|area_ha|ndvi_s2_int|ndvi_s2_media_sep_oct|crc_s2_media|vi6t_landsat_max|lai_planet_max|lluvia_ciclo_mm|pendiente_grados|elevacion_m|estado|municipio|lon|lat|pixel_clima|sg_nitrogen_0-5cm_mean|edaf_grupo|sg_cec_0-5cm_mean,estado|municipio|lon|lat|pixel_clima,sg_nitrogen_0-5cm_mean|edaf_grupo|sg_cec_0-5cm_mean,curados_extendidos,v1
parcelas_solo2025_ubic_completa_n-edaf-silt_v1,curados_extendidos/parcelas_solo2025_ubic_completa_n-edaf-silt_v1.csv,solo2025,ubic_completa,n-edaf-silt,197,20,ID_POLIGONO|conjunto|rendimiento_t_ha|area_ha|ndvi_s2_int|ndvi_s2_media_sep_oct|crc_s2_media|vi6t_landsat_max|lai_planet_max|lluvia_ciclo_mm|pendiente_grados|elevacion_m|estado|municipio|lon|lat|pixel_clima|sg_nitrogen_0-5cm_mean|edaf_grupo|sg_silt_0-5cm_mean,estado|municipio|lon|lat|pixel_clima,sg_nitrogen_0-5cm_mean|edaf_grupo|sg_silt_0-5cm_mean,curados_extendidos,v1
parcelas_solo2025_ubic_completa_n-cec-silt_v1,curados_extendidos/parcelas_solo2025_ubic_completa_n-cec-silt_v1.csv,solo2025,ubic_completa,n-cec-silt,197,20,ID_POLIGONO|conjunto|rendimiento_t_ha|area_ha|ndvi_s2_int|ndvi_s2_media_sep_oct|crc_s2_media|vi6t_landsat_max|lai_planet_max|lluvia_ciclo_mm|pendiente_grados|elevacion_m|estado|municipio|lon|lat|pixel_clima|sg_nitrogen_0-5cm_mean|sg_cec_0-5cm_mean|sg_silt_0-5cm_mean,estado|municipio|lon|lat|pixel_clima,sg_nitrogen_0-5cm_mean|sg_cec_0-5cm_mean|sg_silt_0-5cm_mean,curados_extendidos,v1
parcelas_solo2025_ubic_completa_edaf-cec-silt_v1,curados_extendidos/parcelas_solo2025_ubic_completa_edaf-cec-silt_v1.csv,solo2025,ubic_completa,edaf-cec-silt,197,20,ID_POLIGONO|conjunto|rendimiento_t_ha|area_ha|ndvi_s2_int|ndvi_s2_media_sep_oct|crc_s2_media|vi6t_landsat_max|lai_planet_max|lluvia_ciclo_mm|pendiente_grados|elevacion_m|estado|municipio|lon|lat|pixel_clima|edaf_grupo|sg_cec_0-5cm_mean|sg_silt_0-5cm_mean,estado|municipio|lon|lat|pixel_clima,edaf_grupo|sg_cec_0-5cm_mean|sg_silt_0-5cm_mean,curados_extendidos,v1
parcelas_solo2025_ubic_completa_n-edaf-cec-silt_v1,curados_extendidos/parcelas_solo2025_ubic_completa_n-edaf-cec-silt_v1.csv,solo2025,ubic_completa,n-edaf-cec-silt,197,21,ID_POLIGONO|conjunto|rendimiento_t_ha|area_ha|ndvi_s2_int|ndvi_s2_media_sep_oct|crc_s2_media|vi6t_landsat_max|lai_planet_max|lluvia_ciclo_mm|pendiente_grados|elevacion_m|estado|municipio|lon|lat|pixel_clima|sg_nitrogen_0-5cm_mean|edaf_grupo|sg_cec_0-5cm_mean|sg_silt_0-5cm_mean,estado|municipio|lon|lat|pixel_clima,sg_nitrogen_0-5cm_mean|edaf_grupo|sg_cec_0-5cm_mean|sg_silt_0-5cm_mean,curados_extendidos,v1
parcelas_multianio_sin_ubic_reto_v1,curados_reto/parcelas_multianio_sin_ubic_reto_v1.csv,multianio,sin_ubic,reto,197,36,ID_POLIGONO|conjunto|rendimiento_t_ha|area_ha|ndvi_s2_int|ndvi_s2_media_sep_oct|crc_s2_media|vi6t_landsat_max|lai_planet_max|lluvia_ciclo_mm|pendiente_grados|elevacion_m|ndvi_s2_max_2022|ndvi_s2_int_2022|ndvi_s2_media_sep_oct_2022|ndvi_s2_max_2023|ndvi_s2_int_2023|ndvi_s2_media_sep_oct_2023|ndvi_s2_max_2024|ndvi_s2_int_2024|ndvi_s2_media_sep_oct_2024|crc_s2_media_2022|crc_s2_media_2023|crc_s2_media_2024|vi6t_landsat_max_2022|vi6t_landsat_max_2023|vi6t_landsat_max_2024|lluvia_ciclo_mm_2022|lluvia_ciclo_mm_2023|lluvia_ciclo_mm_2024|ndvi_s2_max_hist_media|ndvi_s2_int_hist_media|ndvi_s2_media_sep_oct_hist_media|crc_s2_media_hist_media|vi6t_landsat_max_hist_media|lluvia_ciclo_mm_hist_media,,,curados_reto,v1
parcelas_multianio_sin_ubic_n_v1,curados_extendidos/parcelas_multianio_sin_ubic_n_v1.csv,multianio,sin_ubic,n,197,37,ID_POLIGONO|conjunto|rendimiento_t_ha|area_ha|ndvi_s2_int|ndvi_s2_media_sep_oct|crc_s2_media|vi6t_landsat_max|lai_planet_max|lluvia_ciclo_mm|pendiente_grados|elevacion_m|ndvi_s2_max_2022|ndvi_s2_int_2022|ndvi_s2_media_sep_oct_2022|ndvi_s2_max_2023|ndvi_s2_int_2023|ndvi_s2_media_sep_oct_2023|ndvi_s2_max_2024|ndvi_s2_int_2024|ndvi_s2_media_sep_oct_2024|crc_s2_media_2022|crc_s2_media_2023|crc_s2_media_2024|vi6t_landsat_max_2022|vi6t_landsat_max_2023|vi6t_landsat_max_2024|lluvia_ciclo_mm_2022|lluvia_ciclo_mm_2023|lluvia_ciclo_mm_2024|ndvi_s2_max_hist_media|ndvi_s2_int_hist_media|ndvi_s2_media_sep_oct_hist_media|crc_s2_media_hist_media|vi6t_landsat_max_hist_media|lluvia_ciclo_mm_hist_media|sg_nitrogen_0-5cm_mean,,sg_nitrogen_0-5cm_mean,curados_extendidos,v1
parcelas_multianio_sin_ubic_edaf_v1,curados_extendidos/parcelas_multianio_sin_ubic_edaf_v1.csv,multianio,sin_ubic,edaf,197,37,ID_POLIGONO|conjunto|rendimiento_t_ha|area_ha|ndvi_s2_int|ndvi_s2_media_sep_oct|crc_s2_media|vi6t_landsat_max|lai_planet_max|lluvia_ciclo_mm|pendiente_grados|elevacion_m|ndvi_s2_max_2022|ndvi_s2_int_2022|ndvi_s2_media_sep_oct_2022|ndvi_s2_max_2023|ndvi_s2_int_2023|ndvi_s2_media_sep_oct_2023|ndvi_s2_max_2024|ndvi_s2_int_2024|ndvi_s2_media_sep_oct_2024|crc_s2_media_2022|crc_s2_media_2023|crc_s2_media_2024|vi6t_landsat_max_2022|vi6t_landsat_max_2023|vi6t_landsat_max_2024|lluvia_ciclo_mm_2022|lluvia_ciclo_mm_2023|lluvia_ciclo_mm_2024|ndvi_s2_max_hist_media|ndvi_s2_int_hist_media|ndvi_s2_media_sep_oct_hist_media|crc_s2_media_hist_media|vi6t_landsat_max_hist_media|lluvia_ciclo_mm_hist_media|edaf_grupo,,edaf_grupo,curados_extendidos,v1
parcelas_multianio_sin_ubic_cec_v1,curados_extendidos/parcelas_multianio_sin_ubic_cec_v1.csv,multianio,sin_ubic,cec,197,37,ID_POLIGONO|conjunto|rendimiento_t_ha|area_ha|ndvi_s2_int|ndvi_s2_media_sep_oct|crc_s2_media|vi6t_landsat_max|lai_planet_max|lluvia_ciclo_mm|pendiente_grados|elevacion_m|ndvi_s2_max_2022|ndvi_s2_int_2022|ndvi_s2_media_sep_oct_2022|ndvi_s2_max_2023|ndvi_s2_int_2023|ndvi_s2_media_sep_oct_2023|ndvi_s2_max_2024|ndvi_s2_int_2024|ndvi_s2_media_sep_oct_2024|crc_s2_media_2022|crc_s2_media_2023|crc_s2_media_2024|vi6t_landsat_max_2022|vi6t_landsat_max_2023|vi6t_landsat_max_2024|lluvia_ciclo_mm_2022|lluvia_ciclo_mm_2023|lluvia_ciclo_mm_2024|ndvi_s2_max_hist_media|ndvi_s2_int_hist_media|ndvi_s2_media_sep_oct_hist_media|crc_s2_media_hist_media|vi6t_landsat_max_hist_media|lluvia_ciclo_mm_hist_media|sg_cec_0-5cm_mean,,sg_cec_0-5cm_mean,curados_extendidos,v1
parcelas_multianio_sin_ubic_silt_v1,curados_extendidos/parcelas_multianio_sin_ubic_silt_v1.csv,multianio,sin_ubic,silt,197,37,ID_POLIGONO|conjunto|rendimiento_t_ha|area_ha|ndvi_s2_int|ndvi_s2_media_sep_oct|crc_s2_media|vi6t_landsat_max|lai_planet_max|lluvia_ciclo_mm|pendiente_grados|elevacion_m|ndvi_s2_max_2022|ndvi_s2_int_2022|ndvi_s2_media_sep_oct_2022|ndvi_s2_max_2023|ndvi_s2_int_2023|ndvi_s2_media_sep_oct_2023|ndvi_s2_max_2024|ndvi_s2_int_2024|ndvi_s2_media_sep_oct_2024|crc_s2_media_2022|crc_s2_media_2023|crc_s2_media_2024|vi6t_landsat_max_2022|vi6t_landsat_max_2023|vi6t_landsat_max_2024|lluvia_ciclo_mm_2022|lluvia_ciclo_mm_2023|lluvia_ciclo_mm_2024|ndvi_s2_max_hist_media|ndvi_s2_int_hist_media|ndvi_s2_media_sep_oct_hist_media|crc_s2_media_hist_media|vi6t_landsat_max_hist_media|lluvia_ciclo_mm_hist_media|sg_silt_0-5cm_mean,,sg_silt_0-5cm_mean,curados_extendidos,v1
parcelas_multianio_sin_ubic_n-edaf_v1,curados_extendidos/parcelas_multianio_sin_ubic_n-edaf_v1.csv,multianio,sin_ubic,n-edaf,197,38,ID_POLIGONO|conjunto|rendimiento_t_ha|area_ha|ndvi_s2_int|ndvi_s2_media_sep_oct|crc_s2_media|vi6t_landsat_max|lai_planet_max|lluvia_ciclo_mm|pendiente_grados|elevacion_m|ndvi_s2_max_2022|ndvi_s2_int_2022|ndvi_s2_media_sep_oct_2022|ndvi_s2_max_2023|ndvi_s2_int_2023|ndvi_s2_media_sep_oct_2023|ndvi_s2_max_2024|ndvi_s2_int_2024|ndvi_s2_media_sep_oct_2024|crc_s2_media_2022|crc_s2_media_2023|crc_s2_media_2024|vi6t_landsat_max_2022|vi6t_landsat_max_2023|vi6t_landsat_max_2024|lluvia_ciclo_mm_2022|lluvia_ciclo_mm_2023|lluvia_ciclo_mm_2024|ndvi_s2_max_hist_media|ndvi_s2_int_hist_media|ndvi_s2_media_sep_oct_hist_media|crc_s2_media_hist_media|vi6t_landsat_max_hist_media|lluvia_ciclo_mm_hist_media|sg_nitrogen_0-5cm_mean|edaf_grupo,,sg_nitrogen_0-5cm_mean|edaf_grupo,curados_extendidos,v1
parcelas_multianio_sin_ubic_n-cec_v1,curados_extendidos/parcelas_multianio_sin_ubic_n-cec_v1.csv,multianio,sin_ubic,n-cec,197,38,ID_POLIGONO|conjunto|rendimiento_t_ha|area_ha|ndvi_s2_int|ndvi_s2_media_sep_oct|crc_s2_media|vi6t_landsat_max|lai_planet_max|lluvia_ciclo_mm|pendiente_grados|elevacion_m|ndvi_s2_max_2022|ndvi_s2_int_2022|ndvi_s2_media_sep_oct_2022|ndvi_s2_max_2023|ndvi_s2_int_2023|ndvi_s2_media_sep_oct_2023|ndvi_s2_max_2024|ndvi_s2_int_2024|ndvi_s2_media_sep_oct_2024|crc_s2_media_2022|crc_s2_media_2023|crc_s2_media_2024|vi6t_landsat_max_2022|vi6t_landsat_max_2023|vi6t_landsat_max_2024|lluvia_ciclo_mm_2022|lluvia_ciclo_mm_2023|lluvia_ciclo_mm_2024|ndvi_s2_max_hist_media|ndvi_s2_int_hist_media|ndvi_s2_media_sep_oct_hist_media|crc_s2_media_hist_media|vi6t_landsat_max_hist_media|lluvia_ciclo_mm_hist_media|sg_nitrogen_0-5cm_mean|sg_cec_0-5cm_mean,,sg_nitrogen_0-5cm_mean|sg_cec_0-5cm_mean,curados_extendidos,v1
parcelas_multianio_sin_ubic_n-silt_v1,curados_extendidos/parcelas_multianio_sin_ubic_n-silt_v1.csv,multianio,sin_ubic,n-silt,197,38,ID_POLIGONO|conjunto|rendimiento_t_ha|area_ha|ndvi_s2_int|ndvi_s2_media_sep_oct|crc_s2_media|vi6t_landsat_max|lai_planet_max|lluvia_ciclo_mm|pendiente_grados|elevacion_m|ndvi_s2_max_2022|ndvi_s2_int_2022|ndvi_s2_media_sep_oct_2022|ndvi_s2_max_2023|ndvi_s2_int_2023|ndvi_s2_media_sep_oct_2023|ndvi_s2_max_2024|ndvi_s2_int_2024|ndvi_s2_media_sep_oct_2024|crc_s2_media_2022|crc_s2_media_2023|crc_s2_media_2024|vi6t_landsat_max_2022|vi6t_landsat_max_2023|vi6t_landsat_max_2024|lluvia_ciclo_mm_2022|lluvia_ciclo_mm_2023|lluvia_ciclo_mm_2024|ndvi_s2_max_hist_media|ndvi_s2_int_hist_media|ndvi_s2_media_sep_oct_hist_media|crc_s2_media_hist_media|vi6t_landsat_max_hist_media|lluvia_ciclo_mm_hist_media|sg_nitrogen_0-5cm_mean|sg_silt_0-5cm_mean,,sg_nitrogen_0-5cm_mean|sg_silt_0-5cm_mean,curados_extendidos,v1
parcelas_multianio_sin_ubic_edaf-cec_v1,curados_extendidos/parcelas_multianio_sin_ubic_edaf-cec_v1.csv,multianio,sin_ubic,edaf-cec,197,38,ID_POLIGONO|conjunto|rendimiento_t_ha|area_ha|ndvi_s2_int|ndvi_s2_media_sep_oct|crc_s2_media|vi6t_landsat_max|lai_planet_max|lluvia_ciclo_mm|pendiente_grados|elevacion_m|ndvi_s2_max_2022|ndvi_s2_int_2022|ndvi_s2_media_sep_oct_2022|ndvi_s2_max_2023|ndvi_s2_int_2023|ndvi_s2_media_sep_oct_2023|ndvi_s2_max_2024|ndvi_s2_int_2024|ndvi_s2_media_sep_oct_2024|crc_s2_media_2022|crc_s2_media_2023|crc_s2_media_2024|vi6t_landsat_max_2022|vi6t_landsat_max_2023|vi6t_landsat_max_2024|lluvia_ciclo_mm_2022|lluvia_ciclo_mm_2023|lluvia_ciclo_mm_2024|ndvi_s2_max_hist_media|ndvi_s2_int_hist_media|ndvi_s2_media_sep_oct_hist_media|crc_s2_media_hist_media|vi6t_landsat_max_hist_media|lluvia_ciclo_mm_hist_media|edaf_grupo|sg_cec_0-5cm_mean,,edaf_grupo|sg_cec_0-5cm_mean,curados_extendidos,v1
parcelas_multianio_sin_ubic_edaf-silt_v1,curados_extendidos/parcelas_multianio_sin_ubic_edaf-silt_v1.csv,multianio,sin_ubic,edaf-silt,197,38,ID_POLIGONO|conjunto|rendimiento_t_ha|area_ha|ndvi_s2_int|ndvi_s2_media_sep_oct|crc_s2_media|vi6t_landsat_max|lai_planet_max|lluvia_ciclo_mm|pendiente_grados|elevacion_m|ndvi_s2_max_2022|ndvi_s2_int_2022|ndvi_s2_media_sep_oct_2022|ndvi_s2_max_2023|ndvi_s2_int_2023|ndvi_s2_media_sep_oct_2023|ndvi_s2_max_2024|ndvi_s2_int_2024|ndvi_s2_media_sep_oct_2024|crc_s2_media_2022|crc_s2_media_2023|crc_s2_media_2024|vi6t_landsat_max_2022|vi6t_landsat_max_2023|vi6t_landsat_max_2024|lluvia_ciclo_mm_2022|lluvia_ciclo_mm_2023|lluvia_ciclo_mm_2024|ndvi_s2_max_hist_media|ndvi_s2_int_hist_media|ndvi_s2_media_sep_oct_hist_media|crc_s2_media_hist_media|vi6t_landsat_max_hist_media|lluvia_ciclo_mm_hist_media|edaf_grupo|sg_silt_0-5cm_mean,,edaf_grupo|sg_silt_0-5cm_mean,curados_extendidos,v1
parcelas_multianio_sin_ubic_cec-silt_v1,curados_extendidos/parcelas_multianio_sin_ubic_cec-silt_v1.csv,multianio,sin_ubic,cec-silt,197,38,ID_POLIGONO|conjunto|rendimiento_t_ha|area_ha|ndvi_s2_int|ndvi_s2_media_sep_oct|crc_s2_media|vi6t_landsat_max|lai_planet_max|lluvia_ciclo_mm|pendiente_grados|elevacion_m|ndvi_s2_max_2022|ndvi_s2_int_2022|ndvi_s2_media_sep_oct_2022|ndvi_s2_max_2023|ndvi_s2_int_2023|ndvi_s2_media_sep_oct_2023|ndvi_s2_max_2024|ndvi_s2_int_2024|ndvi_s2_media_sep_oct_2024|crc_s2_media_2022|crc_s2_media_2023|crc_s2_media_2024|vi6t_landsat_max_2022|vi6t_landsat_max_2023|vi6t_landsat_max_2024|lluvia_ciclo_mm_2022|lluvia_ciclo_mm_2023|lluvia_ciclo_mm_2024|ndvi_s2_max_hist_media|ndvi_s2_int_hist_media|ndvi_s2_media_sep_oct_hist_media|crc_s2_media_hist_media|vi6t_landsat_max_hist_media|lluvia_ciclo_mm_hist_media|sg_cec_0-5cm_mean|sg_silt_0-5cm_mean,,sg_cec_0-5cm_mean|sg_silt_0-5cm_mean,curados_extendidos,v1
parcelas_multianio_sin_ubic_n-edaf-cec_v1,curados_extendidos/parcelas_multianio_sin_ubic_n-edaf-cec_v1.csv,multianio,sin_ubic,n-edaf-cec,197,39,ID_POLIGONO|conjunto|rendimiento_t_ha|area_ha|ndvi_s2_int|ndvi_s2_media_sep_oct|crc_s2_media|vi6t_landsat_max|lai_planet_max|lluvia_ciclo_mm|pendiente_grados|elevacion_m|ndvi_s2_max_2022|ndvi_s2_int_2022|ndvi_s2_media_sep_oct_2022|ndvi_s2_max_2023|ndvi_s2_int_2023|ndvi_s2_media_sep_oct_2023|ndvi_s2_max_2024|ndvi_s2_int_2024|ndvi_s2_media_sep_oct_2024|crc_s2_media_2022|crc_s2_media_2023|crc_s2_media_2024|vi6t_landsat_max_2022|vi6t_landsat_max_2023|vi6t_landsat_max_2024|lluvia_ciclo_mm_2022|lluvia_ciclo_mm_2023|lluvia_ciclo_mm_2024|ndvi_s2_max_hist_media|ndvi_s2_int_hist_media|ndvi_s2_media_sep_oct_hist_media|crc_s2_media_hist_media|vi6t_landsat_max_hist_media|lluvia_ciclo_mm_hist_media|sg_nitrogen_0-5cm_mean|edaf_grupo|sg_cec_0-5cm_mean,,sg_nitrogen_0-5cm_mean|edaf_grupo|sg_cec_0-5cm_mean,curados_extendidos,v1
parcelas_multianio_sin_ubic_n-edaf-silt_v1,curados_extendidos/parcelas_multianio_sin_ubic_n-edaf-silt_v1.csv,multianio,sin_ubic,n-edaf-silt,197,39,ID_POLIGONO|conjunto|rendimiento_t_ha|area_ha|ndvi_s2_int|ndvi_s2_media_sep_oct|crc_s2_media|vi6t_landsat_max|lai_planet_max|lluvia_ciclo_mm|pendiente_grados|elevacion_m|ndvi_s2_max_2022|ndvi_s2_int_2022|ndvi_s2_media_sep_oct_2022|ndvi_s2_max_2023|ndvi_s2_int_2023|ndvi_s2_media_sep_oct_2023|ndvi_s2_max_2024|ndvi_s2_int_2024|ndvi_s2_media_sep_oct_2024|crc_s2_media_2022|crc_s2_media_2023|crc_s2_media_2024|vi6t_landsat_max_2022|vi6t_landsat_max_2023|vi6t_landsat_max_2024|lluvia_ciclo_mm_2022|lluvia_ciclo_mm_2023|lluvia_ciclo_mm_2024|ndvi_s2_max_hist_media|ndvi_s2_int_hist_media|ndvi_s2_media_sep_oct_hist_media|crc_s2_media_hist_media|vi6t_landsat_max_hist_media|lluvia_ciclo_mm_hist_media|sg_nitrogen_0-5cm_mean|edaf_grupo|sg_silt_0-5cm_mean,,sg_nitrogen_0-5cm_mean|edaf_grupo|sg_silt_0-5cm_mean,curados_extendidos,v1
parcelas_multianio_sin_ubic_n-cec-silt_v1,curados_extendidos/parcelas_multianio_sin_ubic_n-cec-silt_v1.csv,multianio,sin_ubic,n-cec-silt,197,39,ID_POLIGONO|conjunto|rendimiento_t_ha|area_ha|ndvi_s2_int|ndvi_s2_media_sep_oct|crc_s2_media|vi6t_landsat_max|lai_planet_max|lluvia_ciclo_mm|pendiente_grados|elevacion_m|ndvi_s2_max_2022|ndvi_s2_int_2022|ndvi_s2_media_sep_oct_2022|ndvi_s2_max_2023|ndvi_s2_int_2023|ndvi_s2_media_sep_oct_2023|ndvi_s2_max_2024|ndvi_s2_int_2024|ndvi_s2_media_sep_oct_2024|crc_s2_media_2022|crc_s2_media_2023|crc_s2_media_2024|vi6t_landsat_max_2022|vi6t_landsat_max_2023|vi6t_landsat_max_2024|lluvia_ciclo_mm_2022|lluvia_ciclo_mm_2023|lluvia_ciclo_mm_2024|ndvi_s2_max_hist_media|ndvi_s2_int_hist_media|ndvi_s2_media_sep_oct_hist_media|crc_s2_media_hist_media|vi6t_landsat_max_hist_media|lluvia_ciclo_mm_hist_media|sg_nitrogen_0-5cm_mean|sg_cec_0-5cm_mean|sg_silt_0-5cm_mean,,sg_nitrogen_0-5cm_mean|sg_cec_0-5cm_mean|sg_silt_0-5cm_mean,curados_extendidos,v1
parcelas_multianio_sin_ubic_edaf-cec-silt_v1,curados_extendidos/parcelas_multianio_sin_ubic_edaf-cec-silt_v1.csv,multianio,sin_ubic,edaf-cec-silt,197,39,ID_POLIGONO|conjunto|rendimiento_t_ha|area_ha|ndvi_s2_int|ndvi_s2_media_sep_oct|crc_s2_media|vi6t_landsat_max|lai_planet_max|lluvia_ciclo_mm|pendiente_grados|elevacion_m|ndvi_s2_max_2022|ndvi_s2_int_2022|ndvi_s2_media_sep_oct_2022|ndvi_s2_max_2023|ndvi_s2_int_2023|ndvi_s2_media_sep_oct_2023|ndvi_s2_max_2024|ndvi_s2_int_2024|ndvi_s2_media_sep_oct_2024|crc_s2_media_2022|crc_s2_media_2023|crc_s2_media_2024|vi6t_landsat_max_2022|vi6t_landsat_max_2023|vi6t_landsat_max_2024|lluvia_ciclo_mm_2022|lluvia_ciclo_mm_2023|lluvia_ciclo_mm_2024|ndvi_s2_max_hist_media|ndvi_s2_int_hist_media|ndvi_s2_media_sep_oct_hist_media|crc_s2_media_hist_media|vi6t_landsat_max_hist_media|lluvia_ciclo_mm_hist_media|edaf_grupo|sg_cec_0-5cm_mean|sg_silt_0-5cm_mean,,edaf_grupo|sg_cec_0-5cm_mean|sg_silt_0-5cm_mean,curados_extendidos,v1
parcelas_multianio_sin_ubic_n-edaf-cec-silt_v1,curados_extendidos/parcelas_multianio_sin_ubic_n-edaf-cec-silt_v1.csv,multianio,sin_ubic,n-edaf-cec-silt,197,40,ID_POLIGONO|conjunto|rendimiento_t_ha|area_ha|ndvi_s2_int|ndvi_s2_media_sep_oct|crc_s2_media|vi6t_landsat_max|lai_planet_max|lluvia_ciclo_mm|pendiente_grados|elevacion_m|ndvi_s2_max_2022|ndvi_s2_int_2022|ndvi_s2_media_sep_oct_2022|ndvi_s2_max_2023|ndvi_s2_int_2023|ndvi_s2_media_sep_oct_2023|ndvi_s2_max_2024|ndvi_s2_int_2024|ndvi_s2_media_sep_oct_2024|crc_s2_media_2022|crc_s2_media_2023|crc_s2_media_2024|vi6t_landsat_max_2022|vi6t_landsat_max_2023|vi6t_landsat_max_2024|lluvia_ciclo_mm_2022|lluvia_ciclo_mm_2023|lluvia_ciclo_mm_2024|ndvi_s2_max_hist_media|ndvi_s2_int_hist_media|ndvi_s2_media_sep_oct_hist_media|crc_s2_media_hist_media|vi6t_landsat_max_hist_media|lluvia_ciclo_mm_hist_media|sg_nitrogen_0-5cm_mean|edaf_grupo|sg_cec_0-5cm_mean|sg_silt_0-5cm_mean,,sg_nitrogen_0-5cm_mean|edaf_grupo|sg_cec_0-5cm_mean|sg_silt_0-5cm_mean,curados_extendidos,v1
parcelas_multianio_ubic_est_reto_v1,curados_reto/parcelas_multianio_ubic_est_reto_v1.csv,multianio,ubic_est,reto,197,37,ID_POLIGONO|conjunto|rendimiento_t_ha|area_ha|ndvi_s2_int|ndvi_s2_media_sep_oct|crc_s2_media|vi6t_landsat_max|lai_planet_max|lluvia_ciclo_mm|pendiente_grados|elevacion_m|ndvi_s2_max_2022|ndvi_s2_int_2022|ndvi_s2_media_sep_oct_2022|ndvi_s2_max_2023|ndvi_s2_int_2023|ndvi_s2_media_sep_oct_2023|ndvi_s2_max_2024|ndvi_s2_int_2024|ndvi_s2_media_sep_oct_2024|crc_s2_media_2022|crc_s2_media_2023|crc_s2_media_2024|vi6t_landsat_max_2022|vi6t_landsat_max_2023|vi6t_landsat_max_2024|lluvia_ciclo_mm_2022|lluvia_ciclo_mm_2023|lluvia_ciclo_mm_2024|ndvi_s2_max_hist_media|ndvi_s2_int_hist_media|ndvi_s2_media_sep_oct_hist_media|crc_s2_media_hist_media|vi6t_landsat_max_hist_media|lluvia_ciclo_mm_hist_media|estado,estado,,curados_reto,v1
parcelas_multianio_ubic_est_n_v1,curados_extendidos/parcelas_multianio_ubic_est_n_v1.csv,multianio,ubic_est,n,197,38,ID_POLIGONO|conjunto|rendimiento_t_ha|area_ha|ndvi_s2_int|ndvi_s2_media_sep_oct|crc_s2_media|vi6t_landsat_max|lai_planet_max|lluvia_ciclo_mm|pendiente_grados|elevacion_m|ndvi_s2_max_2022|ndvi_s2_int_2022|ndvi_s2_media_sep_oct_2022|ndvi_s2_max_2023|ndvi_s2_int_2023|ndvi_s2_media_sep_oct_2023|ndvi_s2_max_2024|ndvi_s2_int_2024|ndvi_s2_media_sep_oct_2024|crc_s2_media_2022|crc_s2_media_2023|crc_s2_media_2024|vi6t_landsat_max_2022|vi6t_landsat_max_2023|vi6t_landsat_max_2024|lluvia_ciclo_mm_2022|lluvia_ciclo_mm_2023|lluvia_ciclo_mm_2024|ndvi_s2_max_hist_media|ndvi_s2_int_hist_media|ndvi_s2_media_sep_oct_hist_media|crc_s2_media_hist_media|vi6t_landsat_max_hist_media|lluvia_ciclo_mm_hist_media|estado|sg_nitrogen_0-5cm_mean,estado,sg_nitrogen_0-5cm_mean,curados_extendidos,v1
parcelas_multianio_ubic_est_edaf_v1,curados_extendidos/parcelas_multianio_ubic_est_edaf_v1.csv,multianio,ubic_est,edaf,197,38,ID_POLIGONO|conjunto|rendimiento_t_ha|area_ha|ndvi_s2_int|ndvi_s2_media_sep_oct|crc_s2_media|vi6t_landsat_max|lai_planet_max|lluvia_ciclo_mm|pendiente_grados|elevacion_m|ndvi_s2_max_2022|ndvi_s2_int_2022|ndvi_s2_media_sep_oct_2022|ndvi_s2_max_2023|ndvi_s2_int_2023|ndvi_s2_media_sep_oct_2023|ndvi_s2_max_2024|ndvi_s2_int_2024|ndvi_s2_media_sep_oct_2024|crc_s2_media_2022|crc_s2_media_2023|crc_s2_media_2024|vi6t_landsat_max_2022|vi6t_landsat_max_2023|vi6t_landsat_max_2024|lluvia_ciclo_mm_2022|lluvia_ciclo_mm_2023|lluvia_ciclo_mm_2024|ndvi_s2_max_hist_media|ndvi_s2_int_hist_media|ndvi_s2_media_sep_oct_hist_media|crc_s2_media_hist_media|vi6t_landsat_max_hist_media|lluvia_ciclo_mm_hist_media|estado|edaf_grupo,estado,edaf_grupo,curados_extendidos,v1
parcelas_multianio_ubic_est_cec_v1,curados_extendidos/parcelas_multianio_ubic_est_cec_v1.csv,multianio,ubic_est,cec,197,38,ID_POLIGONO|conjunto|rendimiento_t_ha|area_ha|ndvi_s2_int|ndvi_s2_media_sep_oct|crc_s2_media|vi6t_landsat_max|lai_planet_max|lluvia_ciclo_mm|pendiente_grados|elevacion_m|ndvi_s2_max_2022|ndvi_s2_int_2022|ndvi_s2_media_sep_oct_2022|ndvi_s2_max_2023|ndvi_s2_int_2023|ndvi_s2_media_sep_oct_2023|ndvi_s2_max_2024|ndvi_s2_int_2024|ndvi_s2_media_sep_oct_2024|crc_s2_media_2022|crc_s2_media_2023|crc_s2_media_2024|vi6t_landsat_max_2022|vi6t_landsat_max_2023|vi6t_landsat_max_2024|lluvia_ciclo_mm_2022|lluvia_ciclo_mm_2023|lluvia_ciclo_mm_2024|ndvi_s2_max_hist_media|ndvi_s2_int_hist_media|ndvi_s2_media_sep_oct_hist_media|crc_s2_media_hist_media|vi6t_landsat_max_hist_media|lluvia_ciclo_mm_hist_media|estado|sg_cec_0-5cm_mean,estado,sg_cec_0-5cm_mean,curados_extendidos,v1
parcelas_multianio_ubic_est_silt_v1,curados_extendidos/parcelas_multianio_ubic_est_silt_v1.csv,multianio,ubic_est,silt,197,38,ID_POLIGONO|conjunto|rendimiento_t_ha|area_ha|ndvi_s2_int|ndvi_s2_media_sep_oct|crc_s2_media|vi6t_landsat_max|lai_planet_max|lluvia_ciclo_mm|pendiente_grados|elevacion_m|ndvi_s2_max_2022|ndvi_s2_int_2022|ndvi_s2_media_sep_oct_2022|ndvi_s2_max_2023|ndvi_s2_int_2023|ndvi_s2_media_sep_oct_2023|ndvi_s2_max_2024|ndvi_s2_int_2024|ndvi_s2_media_sep_oct_2024|crc_s2_media_2022|crc_s2_media_2023|crc_s2_media_2024|vi6t_landsat_max_2022|vi6t_landsat_max_2023|vi6t_landsat_max_2024|lluvia_ciclo_mm_2022|lluvia_ciclo_mm_2023|lluvia_ciclo_mm_2024|ndvi_s2_max_hist_media|ndvi_s2_int_hist_media|ndvi_s2_media_sep_oct_hist_media|crc_s2_media_hist_media|vi6t_landsat_max_hist_media|lluvia_ciclo_mm_hist_media|estado|sg_silt_0-5cm_mean,estado,sg_silt_0-5cm_mean,curados_extendidos,v1
parcelas_multianio_ubic_est_n-edaf_v1,curados_extendidos/parcelas_multianio_ubic_est_n-edaf_v1.csv,multianio,ubic_est,n-edaf,197,39,ID_POLIGONO|conjunto|rendimiento_t_ha|area_ha|ndvi_s2_int|ndvi_s2_media_sep_oct|crc_s2_media|vi6t_landsat_max|lai_planet_max|lluvia_ciclo_mm|pendiente_grados|elevacion_m|ndvi_s2_max_2022|ndvi_s2_int_2022|ndvi_s2_media_sep_oct_2022|ndvi_s2_max_2023|ndvi_s2_int_2023|ndvi_s2_media_sep_oct_2023|ndvi_s2_max_2024|ndvi_s2_int_2024|ndvi_s2_media_sep_oct_2024|crc_s2_media_2022|crc_s2_media_2023|crc_s2_media_2024|vi6t_landsat_max_2022|vi6t_landsat_max_2023|vi6t_landsat_max_2024|lluvia_ciclo_mm_2022|lluvia_ciclo_mm_2023|lluvia_ciclo_mm_2024|ndvi_s2_max_hist_media|ndvi_s2_int_hist_media|ndvi_s2_media_sep_oct_hist_media|crc_s2_media_hist_media|vi6t_landsat_max_hist_media|lluvia_ciclo_mm_hist_media|estado|sg_nitrogen_0-5cm_mean|edaf_grupo,estado,sg_nitrogen_0-5cm_mean|edaf_grupo,curados_extendidos,v1
parcelas_multianio_ubic_est_n-cec_v1,curados_extendidos/parcelas_multianio_ubic_est_n-cec_v1.csv,multianio,ubic_est,n-cec,197,39,ID_POLIGONO|conjunto|rendimiento_t_ha|area_ha|ndvi_s2_int|ndvi_s2_media_sep_oct|crc_s2_media|vi6t_landsat_max|lai_planet_max|lluvia_ciclo_mm|pendiente_grados|elevacion_m|ndvi_s2_max_2022|ndvi_s2_int_2022|ndvi_s2_media_sep_oct_2022|ndvi_s2_max_2023|ndvi_s2_int_2023|ndvi_s2_media_sep_oct_2023|ndvi_s2_max_2024|ndvi_s2_int_2024|ndvi_s2_media_sep_oct_2024|crc_s2_media_2022|crc_s2_media_2023|crc_s2_media_2024|vi6t_landsat_max_2022|vi6t_landsat_max_2023|vi6t_landsat_max_2024|lluvia_ciclo_mm_2022|lluvia_ciclo_mm_2023|lluvia_ciclo_mm_2024|ndvi_s2_max_hist_media|ndvi_s2_int_hist_media|ndvi_s2_media_sep_oct_hist_media|crc_s2_media_hist_media|vi6t_landsat_max_hist_media|lluvia_ciclo_mm_hist_media|estado|sg_nitrogen_0-5cm_mean|sg_cec_0-5cm_mean,estado,sg_nitrogen_0-5cm_mean|sg_cec_0-5cm_mean,curados_extendidos,v1
parcelas_multianio_ubic_est_n-silt_v1,curados_extendidos/parcelas_multianio_ubic_est_n-silt_v1.csv,multianio,ubic_est,n-silt,197,39,ID_POLIGONO|conjunto|rendimiento_t_ha|area_ha|ndvi_s2_int|ndvi_s2_media_sep_oct|crc_s2_media|vi6t_landsat_max|lai_planet_max|lluvia_ciclo_mm|pendiente_grados|elevacion_m|ndvi_s2_max_2022|ndvi_s2_int_2022|ndvi_s2_media_sep_oct_2022|ndvi_s2_max_2023|ndvi_s2_int_2023|ndvi_s2_media_sep_oct_2023|ndvi_s2_max_2024|ndvi_s2_int_2024|ndvi_s2_media_sep_oct_2024|crc_s2_media_2022|crc_s2_media_2023|crc_s2_media_2024|vi6t_landsat_max_2022|vi6t_landsat_max_2023|vi6t_landsat_max_2024|lluvia_ciclo_mm_2022|lluvia_ciclo_mm_2023|lluvia_ciclo_mm_2024|ndvi_s2_max_hist_media|ndvi_s2_int_hist_media|ndvi_s2_media_sep_oct_hist_media|crc_s2_media_hist_media|vi6t_landsat_max_hist_media|lluvia_ciclo_mm_hist_media|estado|sg_nitrogen_0-5cm_mean|sg_silt_0-5cm_mean,estado,sg_nitrogen_0-5cm_mean|sg_silt_0-5cm_mean,curados_extendidos,v1
parcelas_multianio_ubic_est_edaf-cec_v1,curados_extendidos/parcelas_multianio_ubic_est_edaf-cec_v1.csv,multianio,ubic_est,edaf-cec,197,39,ID_POLIGONO|conjunto|rendimiento_t_ha|area_ha|ndvi_s2_int|ndvi_s2_media_sep_oct|crc_s2_media|vi6t_landsat_max|lai_planet_max|lluvia_ciclo_mm|pendiente_grados|elevacion_m|ndvi_s2_max_2022|ndvi_s2_int_2022|ndvi_s2_media_sep_oct_2022|ndvi_s2_max_2023|ndvi_s2_int_2023|ndvi_s2_media_sep_oct_2023|ndvi_s2_max_2024|ndvi_s2_int_2024|ndvi_s2_media_sep_oct_2024|crc_s2_media_2022|crc_s2_media_2023|crc_s2_media_2024|vi6t_landsat_max_2022|vi6t_landsat_max_2023|vi6t_landsat_max_2024|lluvia_ciclo_mm_2022|lluvia_ciclo_mm_2023|lluvia_ciclo_mm_2024|ndvi_s2_max_hist_media|ndvi_s2_int_hist_media|ndvi_s2_media_sep_oct_hist_media|crc_s2_media_hist_media|vi6t_landsat_max_hist_media|lluvia_ciclo_mm_hist_media|estado|edaf_grupo|sg_cec_0-5cm_mean,estado,edaf_grupo|sg_cec_0-5cm_mean,curados_extendidos,v1
parcelas_multianio_ubic_est_edaf-silt_v1,curados_extendidos/parcelas_multianio_ubic_est_edaf-silt_v1.csv,multianio,ubic_est,edaf-silt,197,39,ID_POLIGONO|conjunto|rendimiento_t_ha|area_ha|ndvi_s2_int|ndvi_s2_media_sep_oct|crc_s2_media|vi6t_landsat_max|lai_planet_max|lluvia_ciclo_mm|pendiente_grados|elevacion_m|ndvi_s2_max_2022|ndvi_s2_int_2022|ndvi_s2_media_sep_oct_2022|ndvi_s2_max_2023|ndvi_s2_int_2023|ndvi_s2_media_sep_oct_2023|ndvi_s2_max_2024|ndvi_s2_int_2024|ndvi_s2_media_sep_oct_2024|crc_s2_media_2022|crc_s2_media_2023|crc_s2_media_2024|vi6t_landsat_max_2022|vi6t_landsat_max_2023|vi6t_landsat_max_2024|lluvia_ciclo_mm_2022|lluvia_ciclo_mm_2023|lluvia_ciclo_mm_2024|ndvi_s2_max_hist_media|ndvi_s2_int_hist_media|ndvi_s2_media_sep_oct_hist_media|crc_s2_media_hist_media|vi6t_landsat_max_hist_media|lluvia_ciclo_mm_hist_media|estado|edaf_grupo|sg_silt_0-5cm_mean,estado,edaf_grupo|sg_silt_0-5cm_mean,curados_extendidos,v1
parcelas_multianio_ubic_est_cec-silt_v1,curados_extendidos/parcelas_multianio_ubic_est_cec-silt_v1.csv,multianio,ubic_est,cec-silt,197,39,ID_POLIGONO|conjunto|rendimiento_t_ha|area_ha|ndvi_s2_int|ndvi_s2_media_sep_oct|crc_s2_media|vi6t_landsat_max|lai_planet_max|lluvia_ciclo_mm|pendiente_grados|elevacion_m|ndvi_s2_max_2022|ndvi_s2_int_2022|ndvi_s2_media_sep_oct_2022|ndvi_s2_max_2023|ndvi_s2_int_2023|ndvi_s2_media_sep_oct_2023|ndvi_s2_max_2024|ndvi_s2_int_2024|ndvi_s2_media_sep_oct_2024|crc_s2_media_2022|crc_s2_media_2023|crc_s2_media_2024|vi6t_landsat_max_2022|vi6t_landsat_max_2023|vi6t_landsat_max_2024|lluvia_ciclo_mm_2022|lluvia_ciclo_mm_2023|lluvia_ciclo_mm_2024|ndvi_s2_max_hist_media|ndvi_s2_int_hist_media|ndvi_s2_media_sep_oct_hist_media|crc_s2_media_hist_media|vi6t_landsat_max_hist_media|lluvia_ciclo_mm_hist_media|estado|sg_cec_0-5cm_mean|sg_silt_0-5cm_mean,estado,sg_cec_0-5cm_mean|sg_silt_0-5cm_mean,curados_extendidos,v1
parcelas_multianio_ubic_est_n-edaf-cec_v1,curados_extendidos/parcelas_multianio_ubic_est_n-edaf-cec_v1.csv,multianio,ubic_est,n-edaf-cec,197,40,ID_POLIGONO|conjunto|rendimiento_t_ha|area_ha|ndvi_s2_int|ndvi_s2_media_sep_oct|crc_s2_media|vi6t_landsat_max|lai_planet_max|lluvia_ciclo_mm|pendiente_grados|elevacion_m|ndvi_s2_max_2022|ndvi_s2_int_2022|ndvi_s2_media_sep_oct_2022|ndvi_s2_max_2023|ndvi_s2_int_2023|ndvi_s2_media_sep_oct_2023|ndvi_s2_max_2024|ndvi_s2_int_2024|ndvi_s2_media_sep_oct_2024|crc_s2_media_2022|crc_s2_media_2023|crc_s2_media_2024|vi6t_landsat_max_2022|vi6t_landsat_max_2023|vi6t_landsat_max_2024|lluvia_ciclo_mm_2022|lluvia_ciclo_mm_2023|lluvia_ciclo_mm_2024|ndvi_s2_max_hist_media|ndvi_s2_int_hist_media|ndvi_s2_media_sep_oct_hist_media|crc_s2_media_hist_media|vi6t_landsat_max_hist_media|lluvia_ciclo_mm_hist_media|estado|sg_nitrogen_0-5cm_mean|edaf_grupo|sg_cec_0-5cm_mean,estado,sg_nitrogen_0-5cm_mean|edaf_grupo|sg_cec_0-5cm_mean,curados_extendidos,v1
parcelas_multianio_ubic_est_n-edaf-silt_v1,curados_extendidos/parcelas_multianio_ubic_est_n-edaf-silt_v1.csv,multianio,ubic_est,n-edaf-silt,197,40,ID_POLIGONO|conjunto|rendimiento_t_ha|area_ha|ndvi_s2_int|ndvi_s2_media_sep_oct|crc_s2_media|vi6t_landsat_max|lai_planet_max|lluvia_ciclo_mm|pendiente_grados|elevacion_m|ndvi_s2_max_2022|ndvi_s2_int_2022|ndvi_s2_media_sep_oct_2022|ndvi_s2_max_2023|ndvi_s2_int_2023|ndvi_s2_media_sep_oct_2023|ndvi_s2_max_2024|ndvi_s2_int_2024|ndvi_s2_media_sep_oct_2024|crc_s2_media_2022|crc_s2_media_2023|crc_s2_media_2024|vi6t_landsat_max_2022|vi6t_landsat_max_2023|vi6t_landsat_max_2024|lluvia_ciclo_mm_2022|lluvia_ciclo_mm_2023|lluvia_ciclo_mm_2024|ndvi_s2_max_hist_media|ndvi_s2_int_hist_media|ndvi_s2_media_sep_oct_hist_media|crc_s2_media_hist_media|vi6t_landsat_max_hist_media|lluvia_ciclo_mm_hist_media|estado|sg_nitrogen_0-5cm_mean|edaf_grupo|sg_silt_0-5cm_mean,estado,sg_nitrogen_0-5cm_mean|edaf_grupo|sg_silt_0-5cm_mean,curados_extendidos,v1
parcelas_multianio_ubic_est_n-cec-silt_v1,curados_extendidos/parcelas_multianio_ubic_est_n-cec-silt_v1.csv,multianio,ubic_est,n-cec-silt,197,40,ID_POLIGONO|conjunto|rendimiento_t_ha|area_ha|ndvi_s2_int|ndvi_s2_media_sep_oct|crc_s2_media|vi6t_landsat_max|lai_planet_max|lluvia_ciclo_mm|pendiente_grados|elevacion_m|ndvi_s2_max_2022|ndvi_s2_int_2022|ndvi_s2_media_sep_oct_2022|ndvi_s2_max_2023|ndvi_s2_int_2023|ndvi_s2_media_sep_oct_2023|ndvi_s2_max_2024|ndvi_s2_int_2024|ndvi_s2_media_sep_oct_2024|crc_s2_media_2022|crc_s2_media_2023|crc_s2_media_2024|vi6t_landsat_max_2022|vi6t_landsat_max_2023|vi6t_landsat_max_2024|lluvia_ciclo_mm_2022|lluvia_ciclo_mm_2023|lluvia_ciclo_mm_2024|ndvi_s2_max_hist_media|ndvi_s2_int_hist_media|ndvi_s2_media_sep_oct_hist_media|crc_s2_media_hist_media|vi6t_landsat_max_hist_media|lluvia_ciclo_mm_hist_media|estado|sg_nitrogen_0-5cm_mean|sg_cec_0-5cm_mean|sg_silt_0-5cm_mean,estado,sg_nitrogen_0-5cm_mean|sg_cec_0-5cm_mean|sg_silt_0-5cm_mean,curados_extendidos,v1
parcelas_multianio_ubic_est_edaf-cec-silt_v1,curados_extendidos/parcelas_multianio_ubic_est_edaf-cec-silt_v1.csv,multianio,ubic_est,edaf-cec-silt,197,40,ID_POLIGONO|conjunto|rendimiento_t_ha|area_ha|ndvi_s2_int|ndvi_s2_media_sep_oct|crc_s2_media|vi6t_landsat_max|lai_planet_max|lluvia_ciclo_mm|pendiente_grados|elevacion_m|ndvi_s2_max_2022|ndvi_s2_int_2022|ndvi_s2_media_sep_oct_2022|ndvi_s2_max_2023|ndvi_s2_int_2023|ndvi_s2_media_sep_oct_2023|ndvi_s2_max_2024|ndvi_s2_int_2024|ndvi_s2_media_sep_oct_2024|crc_s2_media_2022|crc_s2_media_2023|crc_s2_media_2024|vi6t_landsat_max_2022|vi6t_landsat_max_2023|vi6t_landsat_max_2024|lluvia_ciclo_mm_2022|lluvia_ciclo_mm_2023|lluvia_ciclo_mm_2024|ndvi_s2_max_hist_media|ndvi_s2_int_hist_media|ndvi_s2_media_sep_oct_hist_media|crc_s2_media_hist_media|vi6t_landsat_max_hist_media|lluvia_ciclo_mm_hist_media|estado|edaf_grupo|sg_cec_0-5cm_mean|sg_silt_0-5cm_mean,estado,edaf_grupo|sg_cec_0-5cm_mean|sg_silt_0-5cm_mean,curados_extendidos,v1
parcelas_multianio_ubic_est_n-edaf-cec-silt_v1,curados_extendidos/parcelas_multianio_ubic_est_n-edaf-cec-silt_v1.csv,multianio,ubic_est,n-edaf-cec-silt,197,41,ID_POLIGONO|conjunto|rendimiento_t_ha|area_ha|ndvi_s2_int|ndvi_s2_media_sep_oct|crc_s2_media|vi6t_landsat_max|lai_planet_max|lluvia_ciclo_mm|pendiente_grados|elevacion_m|ndvi_s2_max_2022|ndvi_s2_int_2022|ndvi_s2_media_sep_oct_2022|ndvi_s2_max_2023|ndvi_s2_int_2023|ndvi_s2_media_sep_oct_2023|ndvi_s2_max_2024|ndvi_s2_int_2024|ndvi_s2_media_sep_oct_2024|crc_s2_media_2022|crc_s2_media_2023|crc_s2_media_2024|vi6t_landsat_max_2022|vi6t_landsat_max_2023|vi6t_landsat_max_2024|lluvia_ciclo_mm_2022|lluvia_ciclo_mm_2023|lluvia_ciclo_mm_2024|ndvi_s2_max_hist_media|ndvi_s2_int_hist_media|ndvi_s2_media_sep_oct_hist_media|crc_s2_media_hist_media|vi6t_landsat_max_hist_media|lluvia_ciclo_mm_hist_media|estado|sg_nitrogen_0-5cm_mean|edaf_grupo|sg_cec_0-5cm_mean|sg_silt_0-5cm_mean,estado,sg_nitrogen_0-5cm_mean|edaf_grupo|sg_cec_0-5cm_mean|sg_silt_0-5cm_mean,curados_extendidos,v1
parcelas_multianio_ubic_mun_reto_v1,curados_reto/parcelas_multianio_ubic_mun_reto_v1.csv,multianio,ubic_mun,reto,197,37,ID_POLIGONO|conjunto|rendimiento_t_ha|area_ha|ndvi_s2_int|ndvi_s2_media_sep_oct|crc_s2_media|vi6t_landsat_max|lai_planet_max|lluvia_ciclo_mm|pendiente_grados|elevacion_m|ndvi_s2_max_2022|ndvi_s2_int_2022|ndvi_s2_media_sep_oct_2022|ndvi_s2_max_2023|ndvi_s2_int_2023|ndvi_s2_media_sep_oct_2023|ndvi_s2_max_2024|ndvi_s2_int_2024|ndvi_s2_media_sep_oct_2024|crc_s2_media_2022|crc_s2_media_2023|crc_s2_media_2024|vi6t_landsat_max_2022|vi6t_landsat_max_2023|vi6t_landsat_max_2024|lluvia_ciclo_mm_2022|lluvia_ciclo_mm_2023|lluvia_ciclo_mm_2024|ndvi_s2_max_hist_media|ndvi_s2_int_hist_media|ndvi_s2_media_sep_oct_hist_media|crc_s2_media_hist_media|vi6t_landsat_max_hist_media|lluvia_ciclo_mm_hist_media|municipio,municipio,,curados_reto,v1
parcelas_multianio_ubic_mun_n_v1,curados_extendidos/parcelas_multianio_ubic_mun_n_v1.csv,multianio,ubic_mun,n,197,38,ID_POLIGONO|conjunto|rendimiento_t_ha|area_ha|ndvi_s2_int|ndvi_s2_media_sep_oct|crc_s2_media|vi6t_landsat_max|lai_planet_max|lluvia_ciclo_mm|pendiente_grados|elevacion_m|ndvi_s2_max_2022|ndvi_s2_int_2022|ndvi_s2_media_sep_oct_2022|ndvi_s2_max_2023|ndvi_s2_int_2023|ndvi_s2_media_sep_oct_2023|ndvi_s2_max_2024|ndvi_s2_int_2024|ndvi_s2_media_sep_oct_2024|crc_s2_media_2022|crc_s2_media_2023|crc_s2_media_2024|vi6t_landsat_max_2022|vi6t_landsat_max_2023|vi6t_landsat_max_2024|lluvia_ciclo_mm_2022|lluvia_ciclo_mm_2023|lluvia_ciclo_mm_2024|ndvi_s2_max_hist_media|ndvi_s2_int_hist_media|ndvi_s2_media_sep_oct_hist_media|crc_s2_media_hist_media|vi6t_landsat_max_hist_media|lluvia_ciclo_mm_hist_media|municipio|sg_nitrogen_0-5cm_mean,municipio,sg_nitrogen_0-5cm_mean,curados_extendidos,v1
parcelas_multianio_ubic_mun_edaf_v1,curados_extendidos/parcelas_multianio_ubic_mun_edaf_v1.csv,multianio,ubic_mun,edaf,197,38,ID_POLIGONO|conjunto|rendimiento_t_ha|area_ha|ndvi_s2_int|ndvi_s2_media_sep_oct|crc_s2_media|vi6t_landsat_max|lai_planet_max|lluvia_ciclo_mm|pendiente_grados|elevacion_m|ndvi_s2_max_2022|ndvi_s2_int_2022|ndvi_s2_media_sep_oct_2022|ndvi_s2_max_2023|ndvi_s2_int_2023|ndvi_s2_media_sep_oct_2023|ndvi_s2_max_2024|ndvi_s2_int_2024|ndvi_s2_media_sep_oct_2024|crc_s2_media_2022|crc_s2_media_2023|crc_s2_media_2024|vi6t_landsat_max_2022|vi6t_landsat_max_2023|vi6t_landsat_max_2024|lluvia_ciclo_mm_2022|lluvia_ciclo_mm_2023|lluvia_ciclo_mm_2024|ndvi_s2_max_hist_media|ndvi_s2_int_hist_media|ndvi_s2_media_sep_oct_hist_media|crc_s2_media_hist_media|vi6t_landsat_max_hist_media|lluvia_ciclo_mm_hist_media|municipio|edaf_grupo,municipio,edaf_grupo,curados_extendidos,v1
parcelas_multianio_ubic_mun_cec_v1,curados_extendidos/parcelas_multianio_ubic_mun_cec_v1.csv,multianio,ubic_mun,cec,197,38,ID_POLIGONO|conjunto|rendimiento_t_ha|area_ha|ndvi_s2_int|ndvi_s2_media_sep_oct|crc_s2_media|vi6t_landsat_max|lai_planet_max|lluvia_ciclo_mm|pendiente_grados|elevacion_m|ndvi_s2_max_2022|ndvi_s2_int_2022|ndvi_s2_media_sep_oct_2022|ndvi_s2_max_2023|ndvi_s2_int_2023|ndvi_s2_media_sep_oct_2023|ndvi_s2_max_2024|ndvi_s2_int_2024|ndvi_s2_media_sep_oct_2024|crc_s2_media_2022|crc_s2_media_2023|crc_s2_media_2024|vi6t_landsat_max_2022|vi6t_landsat_max_2023|vi6t_landsat_max_2024|lluvia_ciclo_mm_2022|lluvia_ciclo_mm_2023|lluvia_ciclo_mm_2024|ndvi_s2_max_hist_media|ndvi_s2_int_hist_media|ndvi_s2_media_sep_oct_hist_media|crc_s2_media_hist_media|vi6t_landsat_max_hist_media|lluvia_ciclo_mm_hist_media|municipio|sg_cec_0-5cm_mean,municipio,sg_cec_0-5cm_mean,curados_extendidos,v1
parcelas_multianio_ubic_mun_silt_v1,curados_extendidos/parcelas_multianio_ubic_mun_silt_v1.csv,multianio,ubic_mun,silt,197,38,ID_POLIGONO|conjunto|rendimiento_t_ha|area_ha|ndvi_s2_int|ndvi_s2_media_sep_oct|crc_s2_media|vi6t_landsat_max|lai_planet_max|lluvia_ciclo_mm|pendiente_grados|elevacion_m|ndvi_s2_max_2022|ndvi_s2_int_2022|ndvi_s2_media_sep_oct_2022|ndvi_s2_max_2023|ndvi_s2_int_2023|ndvi_s2_media_sep_oct_2023|ndvi_s2_max_2024|ndvi_s2_int_2024|ndvi_s2_media_sep_oct_2024|crc_s2_media_2022|crc_s2_media_2023|crc_s2_media_2024|vi6t_landsat_max_2022|vi6t_landsat_max_2023|vi6t_landsat_max_2024|lluvia_ciclo_mm_2022|lluvia_ciclo_mm_2023|lluvia_ciclo_mm_2024|ndvi_s2_max_hist_media|ndvi_s2_int_hist_media|ndvi_s2_media_sep_oct_hist_media|crc_s2_media_hist_media|vi6t_landsat_max_hist_media|lluvia_ciclo_mm_hist_media|municipio|sg_silt_0-5cm_mean,municipio,sg_silt_0-5cm_mean,curados_extendidos,v1
parcelas_multianio_ubic_mun_n-edaf_v1,curados_extendidos/parcelas_multianio_ubic_mun_n-edaf_v1.csv,multianio,ubic_mun,n-edaf,197,39,ID_POLIGONO|conjunto|rendimiento_t_ha|area_ha|ndvi_s2_int|ndvi_s2_media_sep_oct|crc_s2_media|vi6t_landsat_max|lai_planet_max|lluvia_ciclo_mm|pendiente_grados|elevacion_m|ndvi_s2_max_2022|ndvi_s2_int_2022|ndvi_s2_media_sep_oct_2022|ndvi_s2_max_2023|ndvi_s2_int_2023|ndvi_s2_media_sep_oct_2023|ndvi_s2_max_2024|ndvi_s2_int_2024|ndvi_s2_media_sep_oct_2024|crc_s2_media_2022|crc_s2_media_2023|crc_s2_media_2024|vi6t_landsat_max_2022|vi6t_landsat_max_2023|vi6t_landsat_max_2024|lluvia_ciclo_mm_2022|lluvia_ciclo_mm_2023|lluvia_ciclo_mm_2024|ndvi_s2_max_hist_media|ndvi_s2_int_hist_media|ndvi_s2_media_sep_oct_hist_media|crc_s2_media_hist_media|vi6t_landsat_max_hist_media|lluvia_ciclo_mm_hist_media|municipio|sg_nitrogen_0-5cm_mean|edaf_grupo,municipio,sg_nitrogen_0-5cm_mean|edaf_grupo,curados_extendidos,v1
parcelas_multianio_ubic_mun_n-cec_v1,curados_extendidos/parcelas_multianio_ubic_mun_n-cec_v1.csv,multianio,ubic_mun,n-cec,197,39,ID_POLIGONO|conjunto|rendimiento_t_ha|area_ha|ndvi_s2_int|ndvi_s2_media_sep_oct|crc_s2_media|vi6t_landsat_max|lai_planet_max|lluvia_ciclo_mm|pendiente_grados|elevacion_m|ndvi_s2_max_2022|ndvi_s2_int_2022|ndvi_s2_media_sep_oct_2022|ndvi_s2_max_2023|ndvi_s2_int_2023|ndvi_s2_media_sep_oct_2023|ndvi_s2_max_2024|ndvi_s2_int_2024|ndvi_s2_media_sep_oct_2024|crc_s2_media_2022|crc_s2_media_2023|crc_s2_media_2024|vi6t_landsat_max_2022|vi6t_landsat_max_2023|vi6t_landsat_max_2024|lluvia_ciclo_mm_2022|lluvia_ciclo_mm_2023|lluvia_ciclo_mm_2024|ndvi_s2_max_hist_media|ndvi_s2_int_hist_media|ndvi_s2_media_sep_oct_hist_media|crc_s2_media_hist_media|vi6t_landsat_max_hist_media|lluvia_ciclo_mm_hist_media|municipio|sg_nitrogen_0-5cm_mean|sg_cec_0-5cm_mean,municipio,sg_nitrogen_0-5cm_mean|sg_cec_0-5cm_mean,curados_extendidos,v1
parcelas_multianio_ubic_mun_n-silt_v1,curados_extendidos/parcelas_multianio_ubic_mun_n-silt_v1.csv,multianio,ubic_mun,n-silt,197,39,ID_POLIGONO|conjunto|rendimiento_t_ha|area_ha|ndvi_s2_int|ndvi_s2_media_sep_oct|crc_s2_media|vi6t_landsat_max|lai_planet_max|lluvia_ciclo_mm|pendiente_grados|elevacion_m|ndvi_s2_max_2022|ndvi_s2_int_2022|ndvi_s2_media_sep_oct_2022|ndvi_s2_max_2023|ndvi_s2_int_2023|ndvi_s2_media_sep_oct_2023|ndvi_s2_max_2024|ndvi_s2_int_2024|ndvi_s2_media_sep_oct_2024|crc_s2_media_2022|crc_s2_media_2023|crc_s2_media_2024|vi6t_landsat_max_2022|vi6t_landsat_max_2023|vi6t_landsat_max_2024|lluvia_ciclo_mm_2022|lluvia_ciclo_mm_2023|lluvia_ciclo_mm_2024|ndvi_s2_max_hist_media|ndvi_s2_int_hist_media|ndvi_s2_media_sep_oct_hist_media|crc_s2_media_hist_media|vi6t_landsat_max_hist_media|lluvia_ciclo_mm_hist_media|municipio|sg_nitrogen_0-5cm_mean|sg_silt_0-5cm_mean,municipio,sg_nitrogen_0-5cm_mean|sg_silt_0-5cm_mean,curados_extendidos,v1
parcelas_multianio_ubic_mun_edaf-cec_v1,curados_extendidos/parcelas_multianio_ubic_mun_edaf-cec_v1.csv,multianio,ubic_mun,edaf-cec,197,39,ID_POLIGONO|conjunto|rendimiento_t_ha|area_ha|ndvi_s2_int|ndvi_s2_media_sep_oct|crc_s2_media|vi6t_landsat_max|lai_planet_max|lluvia_ciclo_mm|pendiente_grados|elevacion_m|ndvi_s2_max_2022|ndvi_s2_int_2022|ndvi_s2_media_sep_oct_2022|ndvi_s2_max_2023|ndvi_s2_int_2023|ndvi_s2_media_sep_oct_2023|ndvi_s2_max_2024|ndvi_s2_int_2024|ndvi_s2_media_sep_oct_2024|crc_s2_media_2022|crc_s2_media_2023|crc_s2_media_2024|vi6t_landsat_max_2022|vi6t_landsat_max_2023|vi6t_landsat_max_2024|lluvia_ciclo_mm_2022|lluvia_ciclo_mm_2023|lluvia_ciclo_mm_2024|ndvi_s2_max_hist_media|ndvi_s2_int_hist_media|ndvi_s2_media_sep_oct_hist_media|crc_s2_media_hist_media|vi6t_landsat_max_hist_media|lluvia_ciclo_mm_hist_media|municipio|edaf_grupo|sg_cec_0-5cm_mean,municipio,edaf_grupo|sg_cec_0-5cm_mean,curados_extendidos,v1
parcelas_multianio_ubic_mun_edaf-silt_v1,curados_extendidos/parcelas_multianio_ubic_mun_edaf-silt_v1.csv,multianio,ubic_mun,edaf-silt,197,39,ID_POLIGONO|conjunto|rendimiento_t_ha|area_ha|ndvi_s2_int|ndvi_s2_media_sep_oct|crc_s2_media|vi6t_landsat_max|lai_planet_max|lluvia_ciclo_mm|pendiente_grados|elevacion_m|ndvi_s2_max_2022|ndvi_s2_int_2022|ndvi_s2_media_sep_oct_2022|ndvi_s2_max_2023|ndvi_s2_int_2023|ndvi_s2_media_sep_oct_2023|ndvi_s2_max_2024|ndvi_s2_int_2024|ndvi_s2_media_sep_oct_2024|crc_s2_media_2022|crc_s2_media_2023|crc_s2_media_2024|vi6t_landsat_max_2022|vi6t_landsat_max_2023|vi6t_landsat_max_2024|lluvia_ciclo_mm_2022|lluvia_ciclo_mm_2023|lluvia_ciclo_mm_2024|ndvi_s2_max_hist_media|ndvi_s2_int_hist_media|ndvi_s2_media_sep_oct_hist_media|crc_s2_media_hist_media|vi6t_landsat_max_hist_media|lluvia_ciclo_mm_hist_media|municipio|edaf_grupo|sg_silt_0-5cm_mean,municipio,edaf_grupo|sg_silt_0-5cm_mean,curados_extendidos,v1
parcelas_multianio_ubic_mun_cec-silt_v1,curados_extendidos/parcelas_multianio_ubic_mun_cec-silt_v1.csv,multianio,ubic_mun,cec-silt,197,39,ID_POLIGONO|conjunto|rendimiento_t_ha|area_ha|ndvi_s2_int|ndvi_s2_media_sep_oct|crc_s2_media|vi6t_landsat_max|lai_planet_max|lluvia_ciclo_mm|pendiente_grados|elevacion_m|ndvi_s2_max_2022|ndvi_s2_int_2022|ndvi_s2_media_sep_oct_2022|ndvi_s2_max_2023|ndvi_s2_int_2023|ndvi_s2_media_sep_oct_2023|ndvi_s2_max_2024|ndvi_s2_int_2024|ndvi_s2_media_sep_oct_2024|crc_s2_media_2022|crc_s2_media_2023|crc_s2_media_2024|vi6t_landsat_max_2022|vi6t_landsat_max_2023|vi6t_landsat_max_2024|lluvia_ciclo_mm_2022|lluvia_ciclo_mm_2023|lluvia_ciclo_mm_2024|ndvi_s2_max_hist_media|ndvi_s2_int_hist_media|ndvi_s2_media_sep_oct_hist_media|crc_s2_media_hist_media|vi6t_landsat_max_hist_media|lluvia_ciclo_mm_hist_media|municipio|sg_cec_0-5cm_mean|sg_silt_0-5cm_mean,municipio,sg_cec_0-5cm_mean|sg_silt_0-5cm_mean,curados_extendidos,v1
parcelas_multianio_ubic_mun_n-edaf-cec_v1,curados_extendidos/parcelas_multianio_ubic_mun_n-edaf-cec_v1.csv,multianio,ubic_mun,n-edaf-cec,197,40,ID_POLIGONO|conjunto|rendimiento_t_ha|area_ha|ndvi_s2_int|ndvi_s2_media_sep_oct|crc_s2_media|vi6t_landsat_max|lai_planet_max|lluvia_ciclo_mm|pendiente_grados|elevacion_m|ndvi_s2_max_2022|ndvi_s2_int_2022|ndvi_s2_media_sep_oct_2022|ndvi_s2_max_2023|ndvi_s2_int_2023|ndvi_s2_media_sep_oct_2023|ndvi_s2_max_2024|ndvi_s2_int_2024|ndvi_s2_media_sep_oct_2024|crc_s2_media_2022|crc_s2_media_2023|crc_s2_media_2024|vi6t_landsat_max_2022|vi6t_landsat_max_2023|vi6t_landsat_max_2024|lluvia_ciclo_mm_2022|lluvia_ciclo_mm_2023|lluvia_ciclo_mm_2024|ndvi_s2_max_hist_media|ndvi_s2_int_hist_media|ndvi_s2_media_sep_oct_hist_media|crc_s2_media_hist_media|vi6t_landsat_max_hist_media|lluvia_ciclo_mm_hist_media|municipio|sg_nitrogen_0-5cm_mean|edaf_grupo|sg_cec_0-5cm_mean,municipio,sg_nitrogen_0-5cm_mean|edaf_grupo|sg_cec_0-5cm_mean,curados_extendidos,v1
parcelas_multianio_ubic_mun_n-edaf-silt_v1,curados_extendidos/parcelas_multianio_ubic_mun_n-edaf-silt_v1.csv,multianio,ubic_mun,n-edaf-silt,197,40,ID_POLIGONO|conjunto|rendimiento_t_ha|area_ha|ndvi_s2_int|ndvi_s2_media_sep_oct|crc_s2_media|vi6t_landsat_max|lai_planet_max|lluvia_ciclo_mm|pendiente_grados|elevacion_m|ndvi_s2_max_2022|ndvi_s2_int_2022|ndvi_s2_media_sep_oct_2022|ndvi_s2_max_2023|ndvi_s2_int_2023|ndvi_s2_media_sep_oct_2023|ndvi_s2_max_2024|ndvi_s2_int_2024|ndvi_s2_media_sep_oct_2024|crc_s2_media_2022|crc_s2_media_2023|crc_s2_media_2024|vi6t_landsat_max_2022|vi6t_landsat_max_2023|vi6t_landsat_max_2024|lluvia_ciclo_mm_2022|lluvia_ciclo_mm_2023|lluvia_ciclo_mm_2024|ndvi_s2_max_hist_media|ndvi_s2_int_hist_media|ndvi_s2_media_sep_oct_hist_media|crc_s2_media_hist_media|vi6t_landsat_max_hist_media|lluvia_ciclo_mm_hist_media|municipio|sg_nitrogen_0-5cm_mean|edaf_grupo|sg_silt_0-5cm_mean,municipio,sg_nitrogen_0-5cm_mean|edaf_grupo|sg_silt_0-5cm_mean,curados_extendidos,v1
parcelas_multianio_ubic_mun_n-cec-silt_v1,curados_extendidos/parcelas_multianio_ubic_mun_n-cec-silt_v1.csv,multianio,ubic_mun,n-cec-silt,197,40,ID_POLIGONO|conjunto|rendimiento_t_ha|area_ha|ndvi_s2_int|ndvi_s2_media_sep_oct|crc_s2_media|vi6t_landsat_max|lai_planet_max|lluvia_ciclo_mm|pendiente_grados|elevacion_m|ndvi_s2_max_2022|ndvi_s2_int_2022|ndvi_s2_media_sep_oct_2022|ndvi_s2_max_2023|ndvi_s2_int_2023|ndvi_s2_media_sep_oct_2023|ndvi_s2_max_2024|ndvi_s2_int_2024|ndvi_s2_media_sep_oct_2024|crc_s2_media_2022|crc_s2_media_2023|crc_s2_media_2024|vi6t_landsat_max_2022|vi6t_landsat_max_2023|vi6t_landsat_max_2024|lluvia_ciclo_mm_2022|lluvia_ciclo_mm_2023|lluvia_ciclo_mm_2024|ndvi_s2_max_hist_media|ndvi_s2_int_hist_media|ndvi_s2_media_sep_oct_hist_media|crc_s2_media_hist_media|vi6t_landsat_max_hist_media|lluvia_ciclo_mm_hist_media|municipio|sg_nitrogen_0-5cm_mean|sg_cec_0-5cm_mean|sg_silt_0-5cm_mean,municipio,sg_nitrogen_0-5cm_mean|sg_cec_0-5cm_mean|sg_silt_0-5cm_mean,curados_extendidos,v1
parcelas_multianio_ubic_mun_edaf-cec-silt_v1,curados_extendidos/parcelas_multianio_ubic_mun_edaf-cec-silt_v1.csv,multianio,ubic_mun,edaf-cec-silt,197,40,ID_POLIGONO|conjunto|rendimiento_t_ha|area_ha|ndvi_s2_int|ndvi_s2_media_sep_oct|crc_s2_media|vi6t_landsat_max|lai_planet_max|lluvia_ciclo_mm|pendiente_grados|elevacion_m|ndvi_s2_max_2022|ndvi_s2_int_2022|ndvi_s2_media_sep_oct_2022|ndvi_s2_max_2023|ndvi_s2_int_2023|ndvi_s2_media_sep_oct_2023|ndvi_s2_max_2024|ndvi_s2_int_2024|ndvi_s2_media_sep_oct_2024|crc_s2_media_2022|crc_s2_media_2023|crc_s2_media_2024|vi6t_landsat_max_2022|vi6t_landsat_max_2023|vi6t_landsat_max_2024|lluvia_ciclo_mm_2022|lluvia_ciclo_mm_2023|lluvia_ciclo_mm_2024|ndvi_s2_max_hist_media|ndvi_s2_int_hist_media|ndvi_s2_media_sep_oct_hist_media|crc_s2_media_hist_media|vi6t_landsat_max_hist_media|lluvia_ciclo_mm_hist_media|municipio|edaf_grupo|sg_cec_0-5cm_mean|sg_silt_0-5cm_mean,municipio,edaf_grupo|sg_cec_0-5cm_mean|sg_silt_0-5cm_mean,curados_extendidos,v1
parcelas_multianio_ubic_mun_n-edaf-cec-silt_v1,curados_extendidos/parcelas_multianio_ubic_mun_n-edaf-cec-silt_v1.csv,multianio,ubic_mun,n-edaf-cec-silt,197,41,ID_POLIGONO|conjunto|rendimiento_t_ha|area_ha|ndvi_s2_int|ndvi_s2_media_sep_oct|crc_s2_media|vi6t_landsat_max|lai_planet_max|lluvia_ciclo_mm|pendiente_grados|elevacion_m|ndvi_s2_max_2022|ndvi_s2_int_2022|ndvi_s2_media_sep_oct_2022|ndvi_s2_max_2023|ndvi_s2_int_2023|ndvi_s2_media_sep_oct_2023|ndvi_s2_max_2024|ndvi_s2_int_2024|ndvi_s2_media_sep_oct_2024|crc_s2_media_2022|crc_s2_media_2023|crc_s2_media_2024|vi6t_landsat_max_2022|vi6t_landsat_max_2023|vi6t_landsat_max_2024|lluvia_ciclo_mm_2022|lluvia_ciclo_mm_2023|lluvia_ciclo_mm_2024|ndvi_s2_max_hist_media|ndvi_s2_int_hist_media|ndvi_s2_media_sep_oct_hist_media|crc_s2_media_hist_media|vi6t_landsat_max_hist_media|lluvia_ciclo_mm_hist_media|municipio|sg_nitrogen_0-5cm_mean|edaf_grupo|sg_cec_0-5cm_mean|sg_silt_0-5cm_mean,municipio,sg_nitrogen_0-5cm_mean|edaf_grupo|sg_cec_0-5cm_mean|sg_silt_0-5cm_mean,curados_extendidos,v1
parcelas_multianio_ubic_lon_reto_v1,curados_reto/parcelas_multianio_ubic_lon_reto_v1.csv,multianio,ubic_lon,reto,197,37,ID_POLIGONO|conjunto|rendimiento_t_ha|area_ha|ndvi_s2_int|ndvi_s2_media_sep_oct|crc_s2_media|vi6t_landsat_max|lai_planet_max|lluvia_ciclo_mm|pendiente_grados|elevacion_m|ndvi_s2_max_2022|ndvi_s2_int_2022|ndvi_s2_media_sep_oct_2022|ndvi_s2_max_2023|ndvi_s2_int_2023|ndvi_s2_media_sep_oct_2023|ndvi_s2_max_2024|ndvi_s2_int_2024|ndvi_s2_media_sep_oct_2024|crc_s2_media_2022|crc_s2_media_2023|crc_s2_media_2024|vi6t_landsat_max_2022|vi6t_landsat_max_2023|vi6t_landsat_max_2024|lluvia_ciclo_mm_2022|lluvia_ciclo_mm_2023|lluvia_ciclo_mm_2024|ndvi_s2_max_hist_media|ndvi_s2_int_hist_media|ndvi_s2_media_sep_oct_hist_media|crc_s2_media_hist_media|vi6t_landsat_max_hist_media|lluvia_ciclo_mm_hist_media|lon,lon,,curados_reto,v1
parcelas_multianio_ubic_lon_n_v1,curados_extendidos/parcelas_multianio_ubic_lon_n_v1.csv,multianio,ubic_lon,n,197,38,ID_POLIGONO|conjunto|rendimiento_t_ha|area_ha|ndvi_s2_int|ndvi_s2_media_sep_oct|crc_s2_media|vi6t_landsat_max|lai_planet_max|lluvia_ciclo_mm|pendiente_grados|elevacion_m|ndvi_s2_max_2022|ndvi_s2_int_2022|ndvi_s2_media_sep_oct_2022|ndvi_s2_max_2023|ndvi_s2_int_2023|ndvi_s2_media_sep_oct_2023|ndvi_s2_max_2024|ndvi_s2_int_2024|ndvi_s2_media_sep_oct_2024|crc_s2_media_2022|crc_s2_media_2023|crc_s2_media_2024|vi6t_landsat_max_2022|vi6t_landsat_max_2023|vi6t_landsat_max_2024|lluvia_ciclo_mm_2022|lluvia_ciclo_mm_2023|lluvia_ciclo_mm_2024|ndvi_s2_max_hist_media|ndvi_s2_int_hist_media|ndvi_s2_media_sep_oct_hist_media|crc_s2_media_hist_media|vi6t_landsat_max_hist_media|lluvia_ciclo_mm_hist_media|lon|sg_nitrogen_0-5cm_mean,lon,sg_nitrogen_0-5cm_mean,curados_extendidos,v1
parcelas_multianio_ubic_lon_edaf_v1,curados_extendidos/parcelas_multianio_ubic_lon_edaf_v1.csv,multianio,ubic_lon,edaf,197,38,ID_POLIGONO|conjunto|rendimiento_t_ha|area_ha|ndvi_s2_int|ndvi_s2_media_sep_oct|crc_s2_media|vi6t_landsat_max|lai_planet_max|lluvia_ciclo_mm|pendiente_grados|elevacion_m|ndvi_s2_max_2022|ndvi_s2_int_2022|ndvi_s2_media_sep_oct_2022|ndvi_s2_max_2023|ndvi_s2_int_2023|ndvi_s2_media_sep_oct_2023|ndvi_s2_max_2024|ndvi_s2_int_2024|ndvi_s2_media_sep_oct_2024|crc_s2_media_2022|crc_s2_media_2023|crc_s2_media_2024|vi6t_landsat_max_2022|vi6t_landsat_max_2023|vi6t_landsat_max_2024|lluvia_ciclo_mm_2022|lluvia_ciclo_mm_2023|lluvia_ciclo_mm_2024|ndvi_s2_max_hist_media|ndvi_s2_int_hist_media|ndvi_s2_media_sep_oct_hist_media|crc_s2_media_hist_media|vi6t_landsat_max_hist_media|lluvia_ciclo_mm_hist_media|lon|edaf_grupo,lon,edaf_grupo,curados_extendidos,v1
parcelas_multianio_ubic_lon_cec_v1,curados_extendidos/parcelas_multianio_ubic_lon_cec_v1.csv,multianio,ubic_lon,cec,197,38,ID_POLIGONO|conjunto|rendimiento_t_ha|area_ha|ndvi_s2_int|ndvi_s2_media_sep_oct|crc_s2_media|vi6t_landsat_max|lai_planet_max|lluvia_ciclo_mm|pendiente_grados|elevacion_m|ndvi_s2_max_2022|ndvi_s2_int_2022|ndvi_s2_media_sep_oct_2022|ndvi_s2_max_2023|ndvi_s2_int_2023|ndvi_s2_media_sep_oct_2023|ndvi_s2_max_2024|ndvi_s2_int_2024|ndvi_s2_media_sep_oct_2024|crc_s2_media_2022|crc_s2_media_2023|crc_s2_media_2024|vi6t_landsat_max_2022|vi6t_landsat_max_2023|vi6t_landsat_max_2024|lluvia_ciclo_mm_2022|lluvia_ciclo_mm_2023|lluvia_ciclo_mm_2024|ndvi_s2_max_hist_media|ndvi_s2_int_hist_media|ndvi_s2_media_sep_oct_hist_media|crc_s2_media_hist_media|vi6t_landsat_max_hist_media|lluvia_ciclo_mm_hist_media|lon|sg_cec_0-5cm_mean,lon,sg_cec_0-5cm_mean,curados_extendidos,v1
parcelas_multianio_ubic_lon_silt_v1,curados_extendidos/parcelas_multianio_ubic_lon_silt_v1.csv,multianio,ubic_lon,silt,197,38,ID_POLIGONO|conjunto|rendimiento_t_ha|area_ha|ndvi_s2_int|ndvi_s2_media_sep_oct|crc_s2_media|vi6t_landsat_max|lai_planet_max|lluvia_ciclo_mm|pendiente_grados|elevacion_m|ndvi_s2_max_2022|ndvi_s2_int_2022|ndvi_s2_media_sep_oct_2022|ndvi_s2_max_2023|ndvi_s2_int_2023|ndvi_s2_media_sep_oct_2023|ndvi_s2_max_2024|ndvi_s2_int_2024|ndvi_s2_media_sep_oct_2024|crc_s2_media_2022|crc_s2_media_2023|crc_s2_media_2024|vi6t_landsat_max_2022|vi6t_landsat_max_2023|vi6t_landsat_max_2024|lluvia_ciclo_mm_2022|lluvia_ciclo_mm_2023|lluvia_ciclo_mm_2024|ndvi_s2_max_hist_media|ndvi_s2_int_hist_media|ndvi_s2_media_sep_oct_hist_media|crc_s2_media_hist_media|vi6t_landsat_max_hist_media|lluvia_ciclo_mm_hist_media|lon|sg_silt_0-5cm_mean,lon,sg_silt_0-5cm_mean,curados_extendidos,v1
parcelas_multianio_ubic_lon_n-edaf_v1,curados_extendidos/parcelas_multianio_ubic_lon_n-edaf_v1.csv,multianio,ubic_lon,n-edaf,197,39,ID_POLIGONO|conjunto|rendimiento_t_ha|area_ha|ndvi_s2_int|ndvi_s2_media_sep_oct|crc_s2_media|vi6t_landsat_max|lai_planet_max|lluvia_ciclo_mm|pendiente_grados|elevacion_m|ndvi_s2_max_2022|ndvi_s2_int_2022|ndvi_s2_media_sep_oct_2022|ndvi_s2_max_2023|ndvi_s2_int_2023|ndvi_s2_media_sep_oct_2023|ndvi_s2_max_2024|ndvi_s2_int_2024|ndvi_s2_media_sep_oct_2024|crc_s2_media_2022|crc_s2_media_2023|crc_s2_media_2024|vi6t_landsat_max_2022|vi6t_landsat_max_2023|vi6t_landsat_max_2024|lluvia_ciclo_mm_2022|lluvia_ciclo_mm_2023|lluvia_ciclo_mm_2024|ndvi_s2_max_hist_media|ndvi_s2_int_hist_media|ndvi_s2_media_sep_oct_hist_media|crc_s2_media_hist_media|vi6t_landsat_max_hist_media|lluvia_ciclo_mm_hist_media|lon|sg_nitrogen_0-5cm_mean|edaf_grupo,lon,sg_nitrogen_0-5cm_mean|edaf_grupo,curados_extendidos,v1
parcelas_multianio_ubic_lon_n-cec_v1,curados_extendidos/parcelas_multianio_ubic_lon_n-cec_v1.csv,multianio,ubic_lon,n-cec,197,39,ID_POLIGONO|conjunto|rendimiento_t_ha|area_ha|ndvi_s2_int|ndvi_s2_media_sep_oct|crc_s2_media|vi6t_landsat_max|lai_planet_max|lluvia_ciclo_mm|pendiente_grados|elevacion_m|ndvi_s2_max_2022|ndvi_s2_int_2022|ndvi_s2_media_sep_oct_2022|ndvi_s2_max_2023|ndvi_s2_int_2023|ndvi_s2_media_sep_oct_2023|ndvi_s2_max_2024|ndvi_s2_int_2024|ndvi_s2_media_sep_oct_2024|crc_s2_media_2022|crc_s2_media_2023|crc_s2_media_2024|vi6t_landsat_max_2022|vi6t_landsat_max_2023|vi6t_landsat_max_2024|lluvia_ciclo_mm_2022|lluvia_ciclo_mm_2023|lluvia_ciclo_mm_2024|ndvi_s2_max_hist_media|ndvi_s2_int_hist_media|ndvi_s2_media_sep_oct_hist_media|crc_s2_media_hist_media|vi6t_landsat_max_hist_media|lluvia_ciclo_mm_hist_media|lon|sg_nitrogen_0-5cm_mean|sg_cec_0-5cm_mean,lon,sg_nitrogen_0-5cm_mean|sg_cec_0-5cm_mean,curados_extendidos,v1
parcelas_multianio_ubic_lon_n-silt_v1,curados_extendidos/parcelas_multianio_ubic_lon_n-silt_v1.csv,multianio,ubic_lon,n-silt,197,39,ID_POLIGONO|conjunto|rendimiento_t_ha|area_ha|ndvi_s2_int|ndvi_s2_media_sep_oct|crc_s2_media|vi6t_landsat_max|lai_planet_max|lluvia_ciclo_mm|pendiente_grados|elevacion_m|ndvi_s2_max_2022|ndvi_s2_int_2022|ndvi_s2_media_sep_oct_2022|ndvi_s2_max_2023|ndvi_s2_int_2023|ndvi_s2_media_sep_oct_2023|ndvi_s2_max_2024|ndvi_s2_int_2024|ndvi_s2_media_sep_oct_2024|crc_s2_media_2022|crc_s2_media_2023|crc_s2_media_2024|vi6t_landsat_max_2022|vi6t_landsat_max_2023|vi6t_landsat_max_2024|lluvia_ciclo_mm_2022|lluvia_ciclo_mm_2023|lluvia_ciclo_mm_2024|ndvi_s2_max_hist_media|ndvi_s2_int_hist_media|ndvi_s2_media_sep_oct_hist_media|crc_s2_media_hist_media|vi6t_landsat_max_hist_media|lluvia_ciclo_mm_hist_media|lon|sg_nitrogen_0-5cm_mean|sg_silt_0-5cm_mean,lon,sg_nitrogen_0-5cm_mean|sg_silt_0-5cm_mean,curados_extendidos,v1
parcelas_multianio_ubic_lon_edaf-cec_v1,curados_extendidos/parcelas_multianio_ubic_lon_edaf-cec_v1.csv,multianio,ubic_lon,edaf-cec,197,39,ID_POLIGONO|conjunto|rendimiento_t_ha|area_ha|ndvi_s2_int|ndvi_s2_media_sep_oct|crc_s2_media|vi6t_landsat_max|lai_planet_max|lluvia_ciclo_mm|pendiente_grados|elevacion_m|ndvi_s2_max_2022|ndvi_s2_int_2022|ndvi_s2_media_sep_oct_2022|ndvi_s2_max_2023|ndvi_s2_int_2023|ndvi_s2_media_sep_oct_2023|ndvi_s2_max_2024|ndvi_s2_int_2024|ndvi_s2_media_sep_oct_2024|crc_s2_media_2022|crc_s2_media_2023|crc_s2_media_2024|vi6t_landsat_max_2022|vi6t_landsat_max_2023|vi6t_landsat_max_2024|lluvia_ciclo_mm_2022|lluvia_ciclo_mm_2023|lluvia_ciclo_mm_2024|ndvi_s2_max_hist_media|ndvi_s2_int_hist_media|ndvi_s2_media_sep_oct_hist_media|crc_s2_media_hist_media|vi6t_landsat_max_hist_media|lluvia_ciclo_mm_hist_media|lon|edaf_grupo|sg_cec_0-5cm_mean,lon,edaf_grupo|sg_cec_0-5cm_mean,curados_extendidos,v1
parcelas_multianio_ubic_lon_edaf-silt_v1,curados_extendidos/parcelas_multianio_ubic_lon_edaf-silt_v1.csv,multianio,ubic_lon,edaf-silt,197,39,ID_POLIGONO|conjunto|rendimiento_t_ha|area_ha|ndvi_s2_int|ndvi_s2_media_sep_oct|crc_s2_media|vi6t_landsat_max|lai_planet_max|lluvia_ciclo_mm|pendiente_grados|elevacion_m|ndvi_s2_max_2022|ndvi_s2_int_2022|ndvi_s2_media_sep_oct_2022|ndvi_s2_max_2023|ndvi_s2_int_2023|ndvi_s2_media_sep_oct_2023|ndvi_s2_max_2024|ndvi_s2_int_2024|ndvi_s2_media_sep_oct_2024|crc_s2_media_2022|crc_s2_media_2023|crc_s2_media_2024|vi6t_landsat_max_2022|vi6t_landsat_max_2023|vi6t_landsat_max_2024|lluvia_ciclo_mm_2022|lluvia_ciclo_mm_2023|lluvia_ciclo_mm_2024|ndvi_s2_max_hist_media|ndvi_s2_int_hist_media|ndvi_s2_media_sep_oct_hist_media|crc_s2_media_hist_media|vi6t_landsat_max_hist_media|lluvia_ciclo_mm_hist_media|lon|edaf_grupo|sg_silt_0-5cm_mean,lon,edaf_grupo|sg_silt_0-5cm_mean,curados_extendidos,v1
parcelas_multianio_ubic_lon_cec-silt_v1,curados_extendidos/parcelas_multianio_ubic_lon_cec-silt_v1.csv,multianio,ubic_lon,cec-silt,197,39,ID_POLIGONO|conjunto|rendimiento_t_ha|area_ha|ndvi_s2_int|ndvi_s2_media_sep_oct|crc_s2_media|vi6t_landsat_max|lai_planet_max|lluvia_ciclo_mm|pendiente_grados|elevacion_m|ndvi_s2_max_2022|ndvi_s2_int_2022|ndvi_s2_media_sep_oct_2022|ndvi_s2_max_2023|ndvi_s2_int_2023|ndvi_s2_media_sep_oct_2023|ndvi_s2_max_2024|ndvi_s2_int_2024|ndvi_s2_media_sep_oct_2024|crc_s2_media_2022|crc_s2_media_2023|crc_s2_media_2024|vi6t_landsat_max_2022|vi6t_landsat_max_2023|vi6t_landsat_max_2024|lluvia_ciclo_mm_2022|lluvia_ciclo_mm_2023|lluvia_ciclo_mm_2024|ndvi_s2_max_hist_media|ndvi_s2_int_hist_media|ndvi_s2_media_sep_oct_hist_media|crc_s2_media_hist_media|vi6t_landsat_max_hist_media|lluvia_ciclo_mm_hist_media|lon|sg_cec_0-5cm_mean|sg_silt_0-5cm_mean,lon,sg_cec_0-5cm_mean|sg_silt_0-5cm_mean,curados_extendidos,v1
parcelas_multianio_ubic_lon_n-edaf-cec_v1,curados_extendidos/parcelas_multianio_ubic_lon_n-edaf-cec_v1.csv,multianio,ubic_lon,n-edaf-cec,197,40,ID_POLIGONO|conjunto|rendimiento_t_ha|area_ha|ndvi_s2_int|ndvi_s2_media_sep_oct|crc_s2_media|vi6t_landsat_max|lai_planet_max|lluvia_ciclo_mm|pendiente_grados|elevacion_m|ndvi_s2_max_2022|ndvi_s2_int_2022|ndvi_s2_media_sep_oct_2022|ndvi_s2_max_2023|ndvi_s2_int_2023|ndvi_s2_media_sep_oct_2023|ndvi_s2_max_2024|ndvi_s2_int_2024|ndvi_s2_media_sep_oct_2024|crc_s2_media_2022|crc_s2_media_2023|crc_s2_media_2024|vi6t_landsat_max_2022|vi6t_landsat_max_2023|vi6t_landsat_max_2024|lluvia_ciclo_mm_2022|lluvia_ciclo_mm_2023|lluvia_ciclo_mm_2024|ndvi_s2_max_hist_media|ndvi_s2_int_hist_media|ndvi_s2_media_sep_oct_hist_media|crc_s2_media_hist_media|vi6t_landsat_max_hist_media|lluvia_ciclo_mm_hist_media|lon|sg_nitrogen_0-5cm_mean|edaf_grupo|sg_cec_0-5cm_mean,lon,sg_nitrogen_0-5cm_mean|edaf_grupo|sg_cec_0-5cm_mean,curados_extendidos,v1
parcelas_multianio_ubic_lon_n-edaf-silt_v1,curados_extendidos/parcelas_multianio_ubic_lon_n-edaf-silt_v1.csv,multianio,ubic_lon,n-edaf-silt,197,40,ID_POLIGONO|conjunto|rendimiento_t_ha|area_ha|ndvi_s2_int|ndvi_s2_media_sep_oct|crc_s2_media|vi6t_landsat_max|lai_planet_max|lluvia_ciclo_mm|pendiente_grados|elevacion_m|ndvi_s2_max_2022|ndvi_s2_int_2022|ndvi_s2_media_sep_oct_2022|ndvi_s2_max_2023|ndvi_s2_int_2023|ndvi_s2_media_sep_oct_2023|ndvi_s2_max_2024|ndvi_s2_int_2024|ndvi_s2_media_sep_oct_2024|crc_s2_media_2022|crc_s2_media_2023|crc_s2_media_2024|vi6t_landsat_max_2022|vi6t_landsat_max_2023|vi6t_landsat_max_2024|lluvia_ciclo_mm_2022|lluvia_ciclo_mm_2023|lluvia_ciclo_mm_2024|ndvi_s2_max_hist_media|ndvi_s2_int_hist_media|ndvi_s2_media_sep_oct_hist_media|crc_s2_media_hist_media|vi6t_landsat_max_hist_media|lluvia_ciclo_mm_hist_media|lon|sg_nitrogen_0-5cm_mean|edaf_grupo|sg_silt_0-5cm_mean,lon,sg_nitrogen_0-5cm_mean|edaf_grupo|sg_silt_0-5cm_mean,curados_extendidos,v1
parcelas_multianio_ubic_lon_n-cec-silt_v1,curados_extendidos/parcelas_multianio_ubic_lon_n-cec-silt_v1.csv,multianio,ubic_lon,n-cec-silt,197,40,ID_POLIGONO|conjunto|rendimiento_t_ha|area_ha|ndvi_s2_int|ndvi_s2_media_sep_oct|crc_s2_media|vi6t_landsat_max|lai_planet_max|lluvia_ciclo_mm|pendiente_grados|elevacion_m|ndvi_s2_max_2022|ndvi_s2_int_2022|ndvi_s2_media_sep_oct_2022|ndvi_s2_max_2023|ndvi_s2_int_2023|ndvi_s2_media_sep_oct_2023|ndvi_s2_max_2024|ndvi_s2_int_2024|ndvi_s2_media_sep_oct_2024|crc_s2_media_2022|crc_s2_media_2023|crc_s2_media_2024|vi6t_landsat_max_2022|vi6t_landsat_max_2023|vi6t_landsat_max_2024|lluvia_ciclo_mm_2022|lluvia_ciclo_mm_2023|lluvia_ciclo_mm_2024|ndvi_s2_max_hist_media|ndvi_s2_int_hist_media|ndvi_s2_media_sep_oct_hist_media|crc_s2_media_hist_media|vi6t_landsat_max_hist_media|lluvia_ciclo_mm_hist_media|lon|sg_nitrogen_0-5cm_mean|sg_cec_0-5cm_mean|sg_silt_0-5cm_mean,lon,sg_nitrogen_0-5cm_mean|sg_cec_0-5cm_mean|sg_silt_0-5cm_mean,curados_extendidos,v1
parcelas_multianio_ubic_lon_edaf-cec-silt_v1,curados_extendidos/parcelas_multianio_ubic_lon_edaf-cec-silt_v1.csv,multianio,ubic_lon,edaf-cec-silt,197,40,ID_POLIGONO|conjunto|rendimiento_t_ha|area_ha|ndvi_s2_int|ndvi_s2_media_sep_oct|crc_s2_media|vi6t_landsat_max|lai_planet_max|lluvia_ciclo_mm|pendiente_grados|elevacion_m|ndvi_s2_max_2022|ndvi_s2_int_2022|ndvi_s2_media_sep_oct_2022|ndvi_s2_max_2023|ndvi_s2_int_2023|ndvi_s2_media_sep_oct_2023|ndvi_s2_max_2024|ndvi_s2_int_2024|ndvi_s2_media_sep_oct_2024|crc_s2_media_2022|crc_s2_media_2023|crc_s2_media_2024|vi6t_landsat_max_2022|vi6t_landsat_max_2023|vi6t_landsat_max_2024|lluvia_ciclo_mm_2022|lluvia_ciclo_mm_2023|lluvia_ciclo_mm_2024|ndvi_s2_max_hist_media|ndvi_s2_int_hist_media|ndvi_s2_media_sep_oct_hist_media|crc_s2_media_hist_media|vi6t_landsat_max_hist_media|lluvia_ciclo_mm_hist_media|lon|edaf_grupo|sg_cec_0-5cm_mean|sg_silt_0-5cm_mean,lon,edaf_grupo|sg_cec_0-5cm_mean|sg_silt_0-5cm_mean,curados_extendidos,v1
parcelas_multianio_ubic_lon_n-edaf-cec-silt_v1,curados_extendidos/parcelas_multianio_ubic_lon_n-edaf-cec-silt_v1.csv,multianio,ubic_lon,n-edaf-cec-silt,197,41,ID_POLIGONO|conjunto|rendimiento_t_ha|area_ha|ndvi_s2_int|ndvi_s2_media_sep_oct|crc_s2_media|vi6t_landsat_max|lai_planet_max|lluvia_ciclo_mm|pendiente_grados|elevacion_m|ndvi_s2_max_2022|ndvi_s2_int_2022|ndvi_s2_media_sep_oct_2022|ndvi_s2_max_2023|ndvi_s2_int_2023|ndvi_s2_media_sep_oct_2023|ndvi_s2_max_2024|ndvi_s2_int_2024|ndvi_s2_media_sep_oct_2024|crc_s2_media_2022|crc_s2_media_2023|crc_s2_media_2024|vi6t_landsat_max_2022|vi6t_landsat_max_2023|vi6t_landsat_max_2024|lluvia_ciclo_mm_2022|lluvia_ciclo_mm_2023|lluvia_ciclo_mm_2024|ndvi_s2_max_hist_media|ndvi_s2_int_hist_media|ndvi_s2_media_sep_oct_hist_media|crc_s2_media_hist_media|vi6t_landsat_max_hist_media|lluvia_ciclo_mm_hist_media|lon|sg_nitrogen_0-5cm_mean|edaf_grupo|sg_cec_0-5cm_mean|sg_silt_0-5cm_mean,lon,sg_nitrogen_0-5cm_mean|edaf_grupo|sg_cec_0-5cm_mean|sg_silt_0-5cm_mean,curados_extendidos,v1
parcelas_multianio_ubic_lat_reto_v1,curados_reto/parcelas_multianio_ubic_lat_reto_v1.csv,multianio,ubic_lat,reto,197,37,ID_POLIGONO|conjunto|rendimiento_t_ha|area_ha|ndvi_s2_int|ndvi_s2_media_sep_oct|crc_s2_media|vi6t_landsat_max|lai_planet_max|lluvia_ciclo_mm|pendiente_grados|elevacion_m|ndvi_s2_max_2022|ndvi_s2_int_2022|ndvi_s2_media_sep_oct_2022|ndvi_s2_max_2023|ndvi_s2_int_2023|ndvi_s2_media_sep_oct_2023|ndvi_s2_max_2024|ndvi_s2_int_2024|ndvi_s2_media_sep_oct_2024|crc_s2_media_2022|crc_s2_media_2023|crc_s2_media_2024|vi6t_landsat_max_2022|vi6t_landsat_max_2023|vi6t_landsat_max_2024|lluvia_ciclo_mm_2022|lluvia_ciclo_mm_2023|lluvia_ciclo_mm_2024|ndvi_s2_max_hist_media|ndvi_s2_int_hist_media|ndvi_s2_media_sep_oct_hist_media|crc_s2_media_hist_media|vi6t_landsat_max_hist_media|lluvia_ciclo_mm_hist_media|lat,lat,,curados_reto,v1
parcelas_multianio_ubic_lat_n_v1,curados_extendidos/parcelas_multianio_ubic_lat_n_v1.csv,multianio,ubic_lat,n,197,38,ID_POLIGONO|conjunto|rendimiento_t_ha|area_ha|ndvi_s2_int|ndvi_s2_media_sep_oct|crc_s2_media|vi6t_landsat_max|lai_planet_max|lluvia_ciclo_mm|pendiente_grados|elevacion_m|ndvi_s2_max_2022|ndvi_s2_int_2022|ndvi_s2_media_sep_oct_2022|ndvi_s2_max_2023|ndvi_s2_int_2023|ndvi_s2_media_sep_oct_2023|ndvi_s2_max_2024|ndvi_s2_int_2024|ndvi_s2_media_sep_oct_2024|crc_s2_media_2022|crc_s2_media_2023|crc_s2_media_2024|vi6t_landsat_max_2022|vi6t_landsat_max_2023|vi6t_landsat_max_2024|lluvia_ciclo_mm_2022|lluvia_ciclo_mm_2023|lluvia_ciclo_mm_2024|ndvi_s2_max_hist_media|ndvi_s2_int_hist_media|ndvi_s2_media_sep_oct_hist_media|crc_s2_media_hist_media|vi6t_landsat_max_hist_media|lluvia_ciclo_mm_hist_media|lat|sg_nitrogen_0-5cm_mean,lat,sg_nitrogen_0-5cm_mean,curados_extendidos,v1
parcelas_multianio_ubic_lat_edaf_v1,curados_extendidos/parcelas_multianio_ubic_lat_edaf_v1.csv,multianio,ubic_lat,edaf,197,38,ID_POLIGONO|conjunto|rendimiento_t_ha|area_ha|ndvi_s2_int|ndvi_s2_media_sep_oct|crc_s2_media|vi6t_landsat_max|lai_planet_max|lluvia_ciclo_mm|pendiente_grados|elevacion_m|ndvi_s2_max_2022|ndvi_s2_int_2022|ndvi_s2_media_sep_oct_2022|ndvi_s2_max_2023|ndvi_s2_int_2023|ndvi_s2_media_sep_oct_2023|ndvi_s2_max_2024|ndvi_s2_int_2024|ndvi_s2_media_sep_oct_2024|crc_s2_media_2022|crc_s2_media_2023|crc_s2_media_2024|vi6t_landsat_max_2022|vi6t_landsat_max_2023|vi6t_landsat_max_2024|lluvia_ciclo_mm_2022|lluvia_ciclo_mm_2023|lluvia_ciclo_mm_2024|ndvi_s2_max_hist_media|ndvi_s2_int_hist_media|ndvi_s2_media_sep_oct_hist_media|crc_s2_media_hist_media|vi6t_landsat_max_hist_media|lluvia_ciclo_mm_hist_media|lat|edaf_grupo,lat,edaf_grupo,curados_extendidos,v1
parcelas_multianio_ubic_lat_cec_v1,curados_extendidos/parcelas_multianio_ubic_lat_cec_v1.csv,multianio,ubic_lat,cec,197,38,ID_POLIGONO|conjunto|rendimiento_t_ha|area_ha|ndvi_s2_int|ndvi_s2_media_sep_oct|crc_s2_media|vi6t_landsat_max|lai_planet_max|lluvia_ciclo_mm|pendiente_grados|elevacion_m|ndvi_s2_max_2022|ndvi_s2_int_2022|ndvi_s2_media_sep_oct_2022|ndvi_s2_max_2023|ndvi_s2_int_2023|ndvi_s2_media_sep_oct_2023|ndvi_s2_max_2024|ndvi_s2_int_2024|ndvi_s2_media_sep_oct_2024|crc_s2_media_2022|crc_s2_media_2023|crc_s2_media_2024|vi6t_landsat_max_2022|vi6t_landsat_max_2023|vi6t_landsat_max_2024|lluvia_ciclo_mm_2022|lluvia_ciclo_mm_2023|lluvia_ciclo_mm_2024|ndvi_s2_max_hist_media|ndvi_s2_int_hist_media|ndvi_s2_media_sep_oct_hist_media|crc_s2_media_hist_media|vi6t_landsat_max_hist_media|lluvia_ciclo_mm_hist_media|lat|sg_cec_0-5cm_mean,lat,sg_cec_0-5cm_mean,curados_extendidos,v1
parcelas_multianio_ubic_lat_silt_v1,curados_extendidos/parcelas_multianio_ubic_lat_silt_v1.csv,multianio,ubic_lat,silt,197,38,ID_POLIGONO|conjunto|rendimiento_t_ha|area_ha|ndvi_s2_int|ndvi_s2_media_sep_oct|crc_s2_media|vi6t_landsat_max|lai_planet_max|lluvia_ciclo_mm|pendiente_grados|elevacion_m|ndvi_s2_max_2022|ndvi_s2_int_2022|ndvi_s2_media_sep_oct_2022|ndvi_s2_max_2023|ndvi_s2_int_2023|ndvi_s2_media_sep_oct_2023|ndvi_s2_max_2024|ndvi_s2_int_2024|ndvi_s2_media_sep_oct_2024|crc_s2_media_2022|crc_s2_media_2023|crc_s2_media_2024|vi6t_landsat_max_2022|vi6t_landsat_max_2023|vi6t_landsat_max_2024|lluvia_ciclo_mm_2022|lluvia_ciclo_mm_2023|lluvia_ciclo_mm_2024|ndvi_s2_max_hist_media|ndvi_s2_int_hist_media|ndvi_s2_media_sep_oct_hist_media|crc_s2_media_hist_media|vi6t_landsat_max_hist_media|lluvia_ciclo_mm_hist_media|lat|sg_silt_0-5cm_mean,lat,sg_silt_0-5cm_mean,curados_extendidos,v1
parcelas_multianio_ubic_lat_n-edaf_v1,curados_extendidos/parcelas_multianio_ubic_lat_n-edaf_v1.csv,multianio,ubic_lat,n-edaf,197,39,ID_POLIGONO|conjunto|rendimiento_t_ha|area_ha|ndvi_s2_int|ndvi_s2_media_sep_oct|crc_s2_media|vi6t_landsat_max|lai_planet_max|lluvia_ciclo_mm|pendiente_grados|elevacion_m|ndvi_s2_max_2022|ndvi_s2_int_2022|ndvi_s2_media_sep_oct_2022|ndvi_s2_max_2023|ndvi_s2_int_2023|ndvi_s2_media_sep_oct_2023|ndvi_s2_max_2024|ndvi_s2_int_2024|ndvi_s2_media_sep_oct_2024|crc_s2_media_2022|crc_s2_media_2023|crc_s2_media_2024|vi6t_landsat_max_2022|vi6t_landsat_max_2023|vi6t_landsat_max_2024|lluvia_ciclo_mm_2022|lluvia_ciclo_mm_2023|lluvia_ciclo_mm_2024|ndvi_s2_max_hist_media|ndvi_s2_int_hist_media|ndvi_s2_media_sep_oct_hist_media|crc_s2_media_hist_media|vi6t_landsat_max_hist_media|lluvia_ciclo_mm_hist_media|lat|sg_nitrogen_0-5cm_mean|edaf_grupo,lat,sg_nitrogen_0-5cm_mean|edaf_grupo,curados_extendidos,v1
parcelas_multianio_ubic_lat_n-cec_v1,curados_extendidos/parcelas_multianio_ubic_lat_n-cec_v1.csv,multianio,ubic_lat,n-cec,197,39,ID_POLIGONO|conjunto|rendimiento_t_ha|area_ha|ndvi_s2_int|ndvi_s2_media_sep_oct|crc_s2_media|vi6t_landsat_max|lai_planet_max|lluvia_ciclo_mm|pendiente_grados|elevacion_m|ndvi_s2_max_2022|ndvi_s2_int_2022|ndvi_s2_media_sep_oct_2022|ndvi_s2_max_2023|ndvi_s2_int_2023|ndvi_s2_media_sep_oct_2023|ndvi_s2_max_2024|ndvi_s2_int_2024|ndvi_s2_media_sep_oct_2024|crc_s2_media_2022|crc_s2_media_2023|crc_s2_media_2024|vi6t_landsat_max_2022|vi6t_landsat_max_2023|vi6t_landsat_max_2024|lluvia_ciclo_mm_2022|lluvia_ciclo_mm_2023|lluvia_ciclo_mm_2024|ndvi_s2_max_hist_media|ndvi_s2_int_hist_media|ndvi_s2_media_sep_oct_hist_media|crc_s2_media_hist_media|vi6t_landsat_max_hist_media|lluvia_ciclo_mm_hist_media|lat|sg_nitrogen_0-5cm_mean|sg_cec_0-5cm_mean,lat,sg_nitrogen_0-5cm_mean|sg_cec_0-5cm_mean,curados_extendidos,v1
parcelas_multianio_ubic_lat_n-silt_v1,curados_extendidos/parcelas_multianio_ubic_lat_n-silt_v1.csv,multianio,ubic_lat,n-silt,197,39,ID_POLIGONO|conjunto|rendimiento_t_ha|area_ha|ndvi_s2_int|ndvi_s2_media_sep_oct|crc_s2_media|vi6t_landsat_max|lai_planet_max|lluvia_ciclo_mm|pendiente_grados|elevacion_m|ndvi_s2_max_2022|ndvi_s2_int_2022|ndvi_s2_media_sep_oct_2022|ndvi_s2_max_2023|ndvi_s2_int_2023|ndvi_s2_media_sep_oct_2023|ndvi_s2_max_2024|ndvi_s2_int_2024|ndvi_s2_media_sep_oct_2024|crc_s2_media_2022|crc_s2_media_2023|crc_s2_media_2024|vi6t_landsat_max_2022|vi6t_landsat_max_2023|vi6t_landsat_max_2024|lluvia_ciclo_mm_2022|lluvia_ciclo_mm_2023|lluvia_ciclo_mm_2024|ndvi_s2_max_hist_media|ndvi_s2_int_hist_media|ndvi_s2_media_sep_oct_hist_media|crc_s2_media_hist_media|vi6t_landsat_max_hist_media|lluvia_ciclo_mm_hist_media|lat|sg_nitrogen_0-5cm_mean|sg_silt_0-5cm_mean,lat,sg_nitrogen_0-5cm_mean|sg_silt_0-5cm_mean,curados_extendidos,v1
parcelas_multianio_ubic_lat_edaf-cec_v1,curados_extendidos/parcelas_multianio_ubic_lat_edaf-cec_v1.csv,multianio,ubic_lat,edaf-cec,197,39,ID_POLIGONO|conjunto|rendimiento_t_ha|area_ha|ndvi_s2_int|ndvi_s2_media_sep_oct|crc_s2_media|vi6t_landsat_max|lai_planet_max|lluvia_ciclo_mm|pendiente_grados|elevacion_m|ndvi_s2_max_2022|ndvi_s2_int_2022|ndvi_s2_media_sep_oct_2022|ndvi_s2_max_2023|ndvi_s2_int_2023|ndvi_s2_media_sep_oct_2023|ndvi_s2_max_2024|ndvi_s2_int_2024|ndvi_s2_media_sep_oct_2024|crc_s2_media_2022|crc_s2_media_2023|crc_s2_media_2024|vi6t_landsat_max_2022|vi6t_landsat_max_2023|vi6t_landsat_max_2024|lluvia_ciclo_mm_2022|lluvia_ciclo_mm_2023|lluvia_ciclo_mm_2024|ndvi_s2_max_hist_media|ndvi_s2_int_hist_media|ndvi_s2_media_sep_oct_hist_media|crc_s2_media_hist_media|vi6t_landsat_max_hist_media|lluvia_ciclo_mm_hist_media|lat|edaf_grupo|sg_cec_0-5cm_mean,lat,edaf_grupo|sg_cec_0-5cm_mean,curados_extendidos,v1
parcelas_multianio_ubic_lat_edaf-silt_v1,curados_extendidos/parcelas_multianio_ubic_lat_edaf-silt_v1.csv,multianio,ubic_lat,edaf-silt,197,39,ID_POLIGONO|conjunto|rendimiento_t_ha|area_ha|ndvi_s2_int|ndvi_s2_media_sep_oct|crc_s2_media|vi6t_landsat_max|lai_planet_max|lluvia_ciclo_mm|pendiente_grados|elevacion_m|ndvi_s2_max_2022|ndvi_s2_int_2022|ndvi_s2_media_sep_oct_2022|ndvi_s2_max_2023|ndvi_s2_int_2023|ndvi_s2_media_sep_oct_2023|ndvi_s2_max_2024|ndvi_s2_int_2024|ndvi_s2_media_sep_oct_2024|crc_s2_media_2022|crc_s2_media_2023|crc_s2_media_2024|vi6t_landsat_max_2022|vi6t_landsat_max_2023|vi6t_landsat_max_2024|lluvia_ciclo_mm_2022|lluvia_ciclo_mm_2023|lluvia_ciclo_mm_2024|ndvi_s2_max_hist_media|ndvi_s2_int_hist_media|ndvi_s2_media_sep_oct_hist_media|crc_s2_media_hist_media|vi6t_landsat_max_hist_media|lluvia_ciclo_mm_hist_media|lat|edaf_grupo|sg_silt_0-5cm_mean,lat,edaf_grupo|sg_silt_0-5cm_mean,curados_extendidos,v1
parcelas_multianio_ubic_lat_cec-silt_v1,curados_extendidos/parcelas_multianio_ubic_lat_cec-silt_v1.csv,multianio,ubic_lat,cec-silt,197,39,ID_POLIGONO|conjunto|rendimiento_t_ha|area_ha|ndvi_s2_int|ndvi_s2_media_sep_oct|crc_s2_media|vi6t_landsat_max|lai_planet_max|lluvia_ciclo_mm|pendiente_grados|elevacion_m|ndvi_s2_max_2022|ndvi_s2_int_2022|ndvi_s2_media_sep_oct_2022|ndvi_s2_max_2023|ndvi_s2_int_2023|ndvi_s2_media_sep_oct_2023|ndvi_s2_max_2024|ndvi_s2_int_2024|ndvi_s2_media_sep_oct_2024|crc_s2_media_2022|crc_s2_media_2023|crc_s2_media_2024|vi6t_landsat_max_2022|vi6t_landsat_max_2023|vi6t_landsat_max_2024|lluvia_ciclo_mm_2022|lluvia_ciclo_mm_2023|lluvia_ciclo_mm_2024|ndvi_s2_max_hist_media|ndvi_s2_int_hist_media|ndvi_s2_media_sep_oct_hist_media|crc_s2_media_hist_media|vi6t_landsat_max_hist_media|lluvia_ciclo_mm_hist_media|lat|sg_cec_0-5cm_mean|sg_silt_0-5cm_mean,lat,sg_cec_0-5cm_mean|sg_silt_0-5cm_mean,curados_extendidos,v1
parcelas_multianio_ubic_lat_n-edaf-cec_v1,curados_extendidos/parcelas_multianio_ubic_lat_n-edaf-cec_v1.csv,multianio,ubic_lat,n-edaf-cec,197,40,ID_POLIGONO|conjunto|rendimiento_t_ha|area_ha|ndvi_s2_int|ndvi_s2_media_sep_oct|crc_s2_media|vi6t_landsat_max|lai_planet_max|lluvia_ciclo_mm|pendiente_grados|elevacion_m|ndvi_s2_max_2022|ndvi_s2_int_2022|ndvi_s2_media_sep_oct_2022|ndvi_s2_max_2023|ndvi_s2_int_2023|ndvi_s2_media_sep_oct_2023|ndvi_s2_max_2024|ndvi_s2_int_2024|ndvi_s2_media_sep_oct_2024|crc_s2_media_2022|crc_s2_media_2023|crc_s2_media_2024|vi6t_landsat_max_2022|vi6t_landsat_max_2023|vi6t_landsat_max_2024|lluvia_ciclo_mm_2022|lluvia_ciclo_mm_2023|lluvia_ciclo_mm_2024|ndvi_s2_max_hist_media|ndvi_s2_int_hist_media|ndvi_s2_media_sep_oct_hist_media|crc_s2_media_hist_media|vi6t_landsat_max_hist_media|lluvia_ciclo_mm_hist_media|lat|sg_nitrogen_0-5cm_mean|edaf_grupo|sg_cec_0-5cm_mean,lat,sg_nitrogen_0-5cm_mean|edaf_grupo|sg_cec_0-5cm_mean,curados_extendidos,v1
parcelas_multianio_ubic_lat_n-edaf-silt_v1,curados_extendidos/parcelas_multianio_ubic_lat_n-edaf-silt_v1.csv,multianio,ubic_lat,n-edaf-silt,197,40,ID_POLIGONO|conjunto|rendimiento_t_ha|area_ha|ndvi_s2_int|ndvi_s2_media_sep_oct|crc_s2_media|vi6t_landsat_max|lai_planet_max|lluvia_ciclo_mm|pendiente_grados|elevacion_m|ndvi_s2_max_2022|ndvi_s2_int_2022|ndvi_s2_media_sep_oct_2022|ndvi_s2_max_2023|ndvi_s2_int_2023|ndvi_s2_media_sep_oct_2023|ndvi_s2_max_2024|ndvi_s2_int_2024|ndvi_s2_media_sep_oct_2024|crc_s2_media_2022|crc_s2_media_2023|crc_s2_media_2024|vi6t_landsat_max_2022|vi6t_landsat_max_2023|vi6t_landsat_max_2024|lluvia_ciclo_mm_2022|lluvia_ciclo_mm_2023|lluvia_ciclo_mm_2024|ndvi_s2_max_hist_media|ndvi_s2_int_hist_media|ndvi_s2_media_sep_oct_hist_media|crc_s2_media_hist_media|vi6t_landsat_max_hist_media|lluvia_ciclo_mm_hist_media|lat|sg_nitrogen_0-5cm_mean|edaf_grupo|sg_silt_0-5cm_mean,lat,sg_nitrogen_0-5cm_mean|edaf_grupo|sg_silt_0-5cm_mean,curados_extendidos,v1
parcelas_multianio_ubic_lat_n-cec-silt_v1,curados_extendidos/parcelas_multianio_ubic_lat_n-cec-silt_v1.csv,multianio,ubic_lat,n-cec-silt,197,40,ID_POLIGONO|conjunto|rendimiento_t_ha|area_ha|ndvi_s2_int|ndvi_s2_media_sep_oct|crc_s2_media|vi6t_landsat_max|lai_planet_max|lluvia_ciclo_mm|pendiente_grados|elevacion_m|ndvi_s2_max_2022|ndvi_s2_int_2022|ndvi_s2_media_sep_oct_2022|ndvi_s2_max_2023|ndvi_s2_int_2023|ndvi_s2_media_sep_oct_2023|ndvi_s2_max_2024|ndvi_s2_int_2024|ndvi_s2_media_sep_oct_2024|crc_s2_media_2022|crc_s2_media_2023|crc_s2_media_2024|vi6t_landsat_max_2022|vi6t_landsat_max_2023|vi6t_landsat_max_2024|lluvia_ciclo_mm_2022|lluvia_ciclo_mm_2023|lluvia_ciclo_mm_2024|ndvi_s2_max_hist_media|ndvi_s2_int_hist_media|ndvi_s2_media_sep_oct_hist_media|crc_s2_media_hist_media|vi6t_landsat_max_hist_media|lluvia_ciclo_mm_hist_media|lat|sg_nitrogen_0-5cm_mean|sg_cec_0-5cm_mean|sg_silt_0-5cm_mean,lat,sg_nitrogen_0-5cm_mean|sg_cec_0-5cm_mean|sg_silt_0-5cm_mean,curados_extendidos,v1
parcelas_multianio_ubic_lat_edaf-cec-silt_v1,curados_extendidos/parcelas_multianio_ubic_lat_edaf-cec-silt_v1.csv,multianio,ubic_lat,edaf-cec-silt,197,40,ID_POLIGONO|conjunto|rendimiento_t_ha|area_ha|ndvi_s2_int|ndvi_s2_media_sep_oct|crc_s2_media|vi6t_landsat_max|lai_planet_max|lluvia_ciclo_mm|pendiente_grados|elevacion_m|ndvi_s2_max_2022|ndvi_s2_int_2022|ndvi_s2_media_sep_oct_2022|ndvi_s2_max_2023|ndvi_s2_int_2023|ndvi_s2_media_sep_oct_2023|ndvi_s2_max_2024|ndvi_s2_int_2024|ndvi_s2_media_sep_oct_2024|crc_s2_media_2022|crc_s2_media_2023|crc_s2_media_2024|vi6t_landsat_max_2022|vi6t_landsat_max_2023|vi6t_landsat_max_2024|lluvia_ciclo_mm_2022|lluvia_ciclo_mm_2023|lluvia_ciclo_mm_2024|ndvi_s2_max_hist_media|ndvi_s2_int_hist_media|ndvi_s2_media_sep_oct_hist_media|crc_s2_media_hist_media|vi6t_landsat_max_hist_media|lluvia_ciclo_mm_hist_media|lat|edaf_grupo|sg_cec_0-5cm_mean|sg_silt_0-5cm_mean,lat,edaf_grupo|sg_cec_0-5cm_mean|sg_silt_0-5cm_mean,curados_extendidos,v1
parcelas_multianio_ubic_lat_n-edaf-cec-silt_v1,curados_extendidos/parcelas_multianio_ubic_lat_n-edaf-cec-silt_v1.csv,multianio,ubic_lat,n-edaf-cec-silt,197,41,ID_POLIGONO|conjunto|rendimiento_t_ha|area_ha|ndvi_s2_int|ndvi_s2_media_sep_oct|crc_s2_media|vi6t_landsat_max|lai_planet_max|lluvia_ciclo_mm|pendiente_grados|elevacion_m|ndvi_s2_max_2022|ndvi_s2_int_2022|ndvi_s2_media_sep_oct_2022|ndvi_s2_max_2023|ndvi_s2_int_2023|ndvi_s2_media_sep_oct_2023|ndvi_s2_max_2024|ndvi_s2_int_2024|ndvi_s2_media_sep_oct_2024|crc_s2_media_2022|crc_s2_media_2023|crc_s2_media_2024|vi6t_landsat_max_2022|vi6t_landsat_max_2023|vi6t_landsat_max_2024|lluvia_ciclo_mm_2022|lluvia_ciclo_mm_2023|lluvia_ciclo_mm_2024|ndvi_s2_max_hist_media|ndvi_s2_int_hist_media|ndvi_s2_media_sep_oct_hist_media|crc_s2_media_hist_media|vi6t_landsat_max_hist_media|lluvia_ciclo_mm_hist_media|lat|sg_nitrogen_0-5cm_mean|edaf_grupo|sg_cec_0-5cm_mean|sg_silt_0-5cm_mean,lat,sg_nitrogen_0-5cm_mean|edaf_grupo|sg_cec_0-5cm_mean|sg_silt_0-5cm_mean,curados_extendidos,v1
parcelas_multianio_ubic_pix_reto_v1,curados_reto/parcelas_multianio_ubic_pix_reto_v1.csv,multianio,ubic_pix,reto,197,37,ID_POLIGONO|conjunto|rendimiento_t_ha|area_ha|ndvi_s2_int|ndvi_s2_media_sep_oct|crc_s2_media|vi6t_landsat_max|lai_planet_max|lluvia_ciclo_mm|pendiente_grados|elevacion_m|ndvi_s2_max_2022|ndvi_s2_int_2022|ndvi_s2_media_sep_oct_2022|ndvi_s2_max_2023|ndvi_s2_int_2023|ndvi_s2_media_sep_oct_2023|ndvi_s2_max_2024|ndvi_s2_int_2024|ndvi_s2_media_sep_oct_2024|crc_s2_media_2022|crc_s2_media_2023|crc_s2_media_2024|vi6t_landsat_max_2022|vi6t_landsat_max_2023|vi6t_landsat_max_2024|lluvia_ciclo_mm_2022|lluvia_ciclo_mm_2023|lluvia_ciclo_mm_2024|ndvi_s2_max_hist_media|ndvi_s2_int_hist_media|ndvi_s2_media_sep_oct_hist_media|crc_s2_media_hist_media|vi6t_landsat_max_hist_media|lluvia_ciclo_mm_hist_media|pixel_clima,pixel_clima,,curados_reto,v1
parcelas_multianio_ubic_pix_n_v1,curados_extendidos/parcelas_multianio_ubic_pix_n_v1.csv,multianio,ubic_pix,n,197,38,ID_POLIGONO|conjunto|rendimiento_t_ha|area_ha|ndvi_s2_int|ndvi_s2_media_sep_oct|crc_s2_media|vi6t_landsat_max|lai_planet_max|lluvia_ciclo_mm|pendiente_grados|elevacion_m|ndvi_s2_max_2022|ndvi_s2_int_2022|ndvi_s2_media_sep_oct_2022|ndvi_s2_max_2023|ndvi_s2_int_2023|ndvi_s2_media_sep_oct_2023|ndvi_s2_max_2024|ndvi_s2_int_2024|ndvi_s2_media_sep_oct_2024|crc_s2_media_2022|crc_s2_media_2023|crc_s2_media_2024|vi6t_landsat_max_2022|vi6t_landsat_max_2023|vi6t_landsat_max_2024|lluvia_ciclo_mm_2022|lluvia_ciclo_mm_2023|lluvia_ciclo_mm_2024|ndvi_s2_max_hist_media|ndvi_s2_int_hist_media|ndvi_s2_media_sep_oct_hist_media|crc_s2_media_hist_media|vi6t_landsat_max_hist_media|lluvia_ciclo_mm_hist_media|pixel_clima|sg_nitrogen_0-5cm_mean,pixel_clima,sg_nitrogen_0-5cm_mean,curados_extendidos,v1
parcelas_multianio_ubic_pix_edaf_v1,curados_extendidos/parcelas_multianio_ubic_pix_edaf_v1.csv,multianio,ubic_pix,edaf,197,38,ID_POLIGONO|conjunto|rendimiento_t_ha|area_ha|ndvi_s2_int|ndvi_s2_media_sep_oct|crc_s2_media|vi6t_landsat_max|lai_planet_max|lluvia_ciclo_mm|pendiente_grados|elevacion_m|ndvi_s2_max_2022|ndvi_s2_int_2022|ndvi_s2_media_sep_oct_2022|ndvi_s2_max_2023|ndvi_s2_int_2023|ndvi_s2_media_sep_oct_2023|ndvi_s2_max_2024|ndvi_s2_int_2024|ndvi_s2_media_sep_oct_2024|crc_s2_media_2022|crc_s2_media_2023|crc_s2_media_2024|vi6t_landsat_max_2022|vi6t_landsat_max_2023|vi6t_landsat_max_2024|lluvia_ciclo_mm_2022|lluvia_ciclo_mm_2023|lluvia_ciclo_mm_2024|ndvi_s2_max_hist_media|ndvi_s2_int_hist_media|ndvi_s2_media_sep_oct_hist_media|crc_s2_media_hist_media|vi6t_landsat_max_hist_media|lluvia_ciclo_mm_hist_media|pixel_clima|edaf_grupo,pixel_clima,edaf_grupo,curados_extendidos,v1
parcelas_multianio_ubic_pix_cec_v1,curados_extendidos/parcelas_multianio_ubic_pix_cec_v1.csv,multianio,ubic_pix,cec,197,38,ID_POLIGONO|conjunto|rendimiento_t_ha|area_ha|ndvi_s2_int|ndvi_s2_media_sep_oct|crc_s2_media|vi6t_landsat_max|lai_planet_max|lluvia_ciclo_mm|pendiente_grados|elevacion_m|ndvi_s2_max_2022|ndvi_s2_int_2022|ndvi_s2_media_sep_oct_2022|ndvi_s2_max_2023|ndvi_s2_int_2023|ndvi_s2_media_sep_oct_2023|ndvi_s2_max_2024|ndvi_s2_int_2024|ndvi_s2_media_sep_oct_2024|crc_s2_media_2022|crc_s2_media_2023|crc_s2_media_2024|vi6t_landsat_max_2022|vi6t_landsat_max_2023|vi6t_landsat_max_2024|lluvia_ciclo_mm_2022|lluvia_ciclo_mm_2023|lluvia_ciclo_mm_2024|ndvi_s2_max_hist_media|ndvi_s2_int_hist_media|ndvi_s2_media_sep_oct_hist_media|crc_s2_media_hist_media|vi6t_landsat_max_hist_media|lluvia_ciclo_mm_hist_media|pixel_clima|sg_cec_0-5cm_mean,pixel_clima,sg_cec_0-5cm_mean,curados_extendidos,v1
parcelas_multianio_ubic_pix_silt_v1,curados_extendidos/parcelas_multianio_ubic_pix_silt_v1.csv,multianio,ubic_pix,silt,197,38,ID_POLIGONO|conjunto|rendimiento_t_ha|area_ha|ndvi_s2_int|ndvi_s2_media_sep_oct|crc_s2_media|vi6t_landsat_max|lai_planet_max|lluvia_ciclo_mm|pendiente_grados|elevacion_m|ndvi_s2_max_2022|ndvi_s2_int_2022|ndvi_s2_media_sep_oct_2022|ndvi_s2_max_2023|ndvi_s2_int_2023|ndvi_s2_media_sep_oct_2023|ndvi_s2_max_2024|ndvi_s2_int_2024|ndvi_s2_media_sep_oct_2024|crc_s2_media_2022|crc_s2_media_2023|crc_s2_media_2024|vi6t_landsat_max_2022|vi6t_landsat_max_2023|vi6t_landsat_max_2024|lluvia_ciclo_mm_2022|lluvia_ciclo_mm_2023|lluvia_ciclo_mm_2024|ndvi_s2_max_hist_media|ndvi_s2_int_hist_media|ndvi_s2_media_sep_oct_hist_media|crc_s2_media_hist_media|vi6t_landsat_max_hist_media|lluvia_ciclo_mm_hist_media|pixel_clima|sg_silt_0-5cm_mean,pixel_clima,sg_silt_0-5cm_mean,curados_extendidos,v1
parcelas_multianio_ubic_pix_n-edaf_v1,curados_extendidos/parcelas_multianio_ubic_pix_n-edaf_v1.csv,multianio,ubic_pix,n-edaf,197,39,ID_POLIGONO|conjunto|rendimiento_t_ha|area_ha|ndvi_s2_int|ndvi_s2_media_sep_oct|crc_s2_media|vi6t_landsat_max|lai_planet_max|lluvia_ciclo_mm|pendiente_grados|elevacion_m|ndvi_s2_max_2022|ndvi_s2_int_2022|ndvi_s2_media_sep_oct_2022|ndvi_s2_max_2023|ndvi_s2_int_2023|ndvi_s2_media_sep_oct_2023|ndvi_s2_max_2024|ndvi_s2_int_2024|ndvi_s2_media_sep_oct_2024|crc_s2_media_2022|crc_s2_media_2023|crc_s2_media_2024|vi6t_landsat_max_2022|vi6t_landsat_max_2023|vi6t_landsat_max_2024|lluvia_ciclo_mm_2022|lluvia_ciclo_mm_2023|lluvia_ciclo_mm_2024|ndvi_s2_max_hist_media|ndvi_s2_int_hist_media|ndvi_s2_media_sep_oct_hist_media|crc_s2_media_hist_media|vi6t_landsat_max_hist_media|lluvia_ciclo_mm_hist_media|pixel_clima|sg_nitrogen_0-5cm_mean|edaf_grupo,pixel_clima,sg_nitrogen_0-5cm_mean|edaf_grupo,curados_extendidos,v1
parcelas_multianio_ubic_pix_n-cec_v1,curados_extendidos/parcelas_multianio_ubic_pix_n-cec_v1.csv,multianio,ubic_pix,n-cec,197,39,ID_POLIGONO|conjunto|rendimiento_t_ha|area_ha|ndvi_s2_int|ndvi_s2_media_sep_oct|crc_s2_media|vi6t_landsat_max|lai_planet_max|lluvia_ciclo_mm|pendiente_grados|elevacion_m|ndvi_s2_max_2022|ndvi_s2_int_2022|ndvi_s2_media_sep_oct_2022|ndvi_s2_max_2023|ndvi_s2_int_2023|ndvi_s2_media_sep_oct_2023|ndvi_s2_max_2024|ndvi_s2_int_2024|ndvi_s2_media_sep_oct_2024|crc_s2_media_2022|crc_s2_media_2023|crc_s2_media_2024|vi6t_landsat_max_2022|vi6t_landsat_max_2023|vi6t_landsat_max_2024|lluvia_ciclo_mm_2022|lluvia_ciclo_mm_2023|lluvia_ciclo_mm_2024|ndvi_s2_max_hist_media|ndvi_s2_int_hist_media|ndvi_s2_media_sep_oct_hist_media|crc_s2_media_hist_media|vi6t_landsat_max_hist_media|lluvia_ciclo_mm_hist_media|pixel_clima|sg_nitrogen_0-5cm_mean|sg_cec_0-5cm_mean,pixel_clima,sg_nitrogen_0-5cm_mean|sg_cec_0-5cm_mean,curados_extendidos,v1
parcelas_multianio_ubic_pix_n-silt_v1,curados_extendidos/parcelas_multianio_ubic_pix_n-silt_v1.csv,multianio,ubic_pix,n-silt,197,39,ID_POLIGONO|conjunto|rendimiento_t_ha|area_ha|ndvi_s2_int|ndvi_s2_media_sep_oct|crc_s2_media|vi6t_landsat_max|lai_planet_max|lluvia_ciclo_mm|pendiente_grados|elevacion_m|ndvi_s2_max_2022|ndvi_s2_int_2022|ndvi_s2_media_sep_oct_2022|ndvi_s2_max_2023|ndvi_s2_int_2023|ndvi_s2_media_sep_oct_2023|ndvi_s2_max_2024|ndvi_s2_int_2024|ndvi_s2_media_sep_oct_2024|crc_s2_media_2022|crc_s2_media_2023|crc_s2_media_2024|vi6t_landsat_max_2022|vi6t_landsat_max_2023|vi6t_landsat_max_2024|lluvia_ciclo_mm_2022|lluvia_ciclo_mm_2023|lluvia_ciclo_mm_2024|ndvi_s2_max_hist_media|ndvi_s2_int_hist_media|ndvi_s2_media_sep_oct_hist_media|crc_s2_media_hist_media|vi6t_landsat_max_hist_media|lluvia_ciclo_mm_hist_media|pixel_clima|sg_nitrogen_0-5cm_mean|sg_silt_0-5cm_mean,pixel_clima,sg_nitrogen_0-5cm_mean|sg_silt_0-5cm_mean,curados_extendidos,v1
parcelas_multianio_ubic_pix_edaf-cec_v1,curados_extendidos/parcelas_multianio_ubic_pix_edaf-cec_v1.csv,multianio,ubic_pix,edaf-cec,197,39,ID_POLIGONO|conjunto|rendimiento_t_ha|area_ha|ndvi_s2_int|ndvi_s2_media_sep_oct|crc_s2_media|vi6t_landsat_max|lai_planet_max|lluvia_ciclo_mm|pendiente_grados|elevacion_m|ndvi_s2_max_2022|ndvi_s2_int_2022|ndvi_s2_media_sep_oct_2022|ndvi_s2_max_2023|ndvi_s2_int_2023|ndvi_s2_media_sep_oct_2023|ndvi_s2_max_2024|ndvi_s2_int_2024|ndvi_s2_media_sep_oct_2024|crc_s2_media_2022|crc_s2_media_2023|crc_s2_media_2024|vi6t_landsat_max_2022|vi6t_landsat_max_2023|vi6t_landsat_max_2024|lluvia_ciclo_mm_2022|lluvia_ciclo_mm_2023|lluvia_ciclo_mm_2024|ndvi_s2_max_hist_media|ndvi_s2_int_hist_media|ndvi_s2_media_sep_oct_hist_media|crc_s2_media_hist_media|vi6t_landsat_max_hist_media|lluvia_ciclo_mm_hist_media|pixel_clima|edaf_grupo|sg_cec_0-5cm_mean,pixel_clima,edaf_grupo|sg_cec_0-5cm_mean,curados_extendidos,v1
parcelas_multianio_ubic_pix_edaf-silt_v1,curados_extendidos/parcelas_multianio_ubic_pix_edaf-silt_v1.csv,multianio,ubic_pix,edaf-silt,197,39,ID_POLIGONO|conjunto|rendimiento_t_ha|area_ha|ndvi_s2_int|ndvi_s2_media_sep_oct|crc_s2_media|vi6t_landsat_max|lai_planet_max|lluvia_ciclo_mm|pendiente_grados|elevacion_m|ndvi_s2_max_2022|ndvi_s2_int_2022|ndvi_s2_media_sep_oct_2022|ndvi_s2_max_2023|ndvi_s2_int_2023|ndvi_s2_media_sep_oct_2023|ndvi_s2_max_2024|ndvi_s2_int_2024|ndvi_s2_media_sep_oct_2024|crc_s2_media_2022|crc_s2_media_2023|crc_s2_media_2024|vi6t_landsat_max_2022|vi6t_landsat_max_2023|vi6t_landsat_max_2024|lluvia_ciclo_mm_2022|lluvia_ciclo_mm_2023|lluvia_ciclo_mm_2024|ndvi_s2_max_hist_media|ndvi_s2_int_hist_media|ndvi_s2_media_sep_oct_hist_media|crc_s2_media_hist_media|vi6t_landsat_max_hist_media|lluvia_ciclo_mm_hist_media|pixel_clima|edaf_grupo|sg_silt_0-5cm_mean,pixel_clima,edaf_grupo|sg_silt_0-5cm_mean,curados_extendidos,v1
parcelas_multianio_ubic_pix_cec-silt_v1,curados_extendidos/parcelas_multianio_ubic_pix_cec-silt_v1.csv,multianio,ubic_pix,cec-silt,197,39,ID_POLIGONO|conjunto|rendimiento_t_ha|area_ha|ndvi_s2_int|ndvi_s2_media_sep_oct|crc_s2_media|vi6t_landsat_max|lai_planet_max|lluvia_ciclo_mm|pendiente_grados|elevacion_m|ndvi_s2_max_2022|ndvi_s2_int_2022|ndvi_s2_media_sep_oct_2022|ndvi_s2_max_2023|ndvi_s2_int_2023|ndvi_s2_media_sep_oct_2023|ndvi_s2_max_2024|ndvi_s2_int_2024|ndvi_s2_media_sep_oct_2024|crc_s2_media_2022|crc_s2_media_2023|crc_s2_media_2024|vi6t_landsat_max_2022|vi6t_landsat_max_2023|vi6t_landsat_max_2024|lluvia_ciclo_mm_2022|lluvia_ciclo_mm_2023|lluvia_ciclo_mm_2024|ndvi_s2_max_hist_media|ndvi_s2_int_hist_media|ndvi_s2_media_sep_oct_hist_media|crc_s2_media_hist_media|vi6t_landsat_max_hist_media|lluvia_ciclo_mm_hist_media|pixel_clima|sg_cec_0-5cm_mean|sg_silt_0-5cm_mean,pixel_clima,sg_cec_0-5cm_mean|sg_silt_0-5cm_mean,curados_extendidos,v1
parcelas_multianio_ubic_pix_n-edaf-cec_v1,curados_extendidos/parcelas_multianio_ubic_pix_n-edaf-cec_v1.csv,multianio,ubic_pix,n-edaf-cec,197,40,ID_POLIGONO|conjunto|rendimiento_t_ha|area_ha|ndvi_s2_int|ndvi_s2_media_sep_oct|crc_s2_media|vi6t_landsat_max|lai_planet_max|lluvia_ciclo_mm|pendiente_grados|elevacion_m|ndvi_s2_max_2022|ndvi_s2_int_2022|ndvi_s2_media_sep_oct_2022|ndvi_s2_max_2023|ndvi_s2_int_2023|ndvi_s2_media_sep_oct_2023|ndvi_s2_max_2024|ndvi_s2_int_2024|ndvi_s2_media_sep_oct_2024|crc_s2_media_2022|crc_s2_media_2023|crc_s2_media_2024|vi6t_landsat_max_2022|vi6t_landsat_max_2023|vi6t_landsat_max_2024|lluvia_ciclo_mm_2022|lluvia_ciclo_mm_2023|lluvia_ciclo_mm_2024|ndvi_s2_max_hist_media|ndvi_s2_int_hist_media|ndvi_s2_media_sep_oct_hist_media|crc_s2_media_hist_media|vi6t_landsat_max_hist_media|lluvia_ciclo_mm_hist_media|pixel_clima|sg_nitrogen_0-5cm_mean|edaf_grupo|sg_cec_0-5cm_mean,pixel_clima,sg_nitrogen_0-5cm_mean|edaf_grupo|sg_cec_0-5cm_mean,curados_extendidos,v1
parcelas_multianio_ubic_pix_n-edaf-silt_v1,curados_extendidos/parcelas_multianio_ubic_pix_n-edaf-silt_v1.csv,multianio,ubic_pix,n-edaf-silt,197,40,ID_POLIGONO|conjunto|rendimiento_t_ha|area_ha|ndvi_s2_int|ndvi_s2_media_sep_oct|crc_s2_media|vi6t_landsat_max|lai_planet_max|lluvia_ciclo_mm|pendiente_grados|elevacion_m|ndvi_s2_max_2022|ndvi_s2_int_2022|ndvi_s2_media_sep_oct_2022|ndvi_s2_max_2023|ndvi_s2_int_2023|ndvi_s2_media_sep_oct_2023|ndvi_s2_max_2024|ndvi_s2_int_2024|ndvi_s2_media_sep_oct_2024|crc_s2_media_2022|crc_s2_media_2023|crc_s2_media_2024|vi6t_landsat_max_2022|vi6t_landsat_max_2023|vi6t_landsat_max_2024|lluvia_ciclo_mm_2022|lluvia_ciclo_mm_2023|lluvia_ciclo_mm_2024|ndvi_s2_max_hist_media|ndvi_s2_int_hist_media|ndvi_s2_media_sep_oct_hist_media|crc_s2_media_hist_media|vi6t_landsat_max_hist_media|lluvia_ciclo_mm_hist_media|pixel_clima|sg_nitrogen_0-5cm_mean|edaf_grupo|sg_silt_0-5cm_mean,pixel_clima,sg_nitrogen_0-5cm_mean|edaf_grupo|sg_silt_0-5cm_mean,curados_extendidos,v1
parcelas_multianio_ubic_pix_n-cec-silt_v1,curados_extendidos/parcelas_multianio_ubic_pix_n-cec-silt_v1.csv,multianio,ubic_pix,n-cec-silt,197,40,ID_POLIGONO|conjunto|rendimiento_t_ha|area_ha|ndvi_s2_int|ndvi_s2_media_sep_oct|crc_s2_media|vi6t_landsat_max|lai_planet_max|lluvia_ciclo_mm|pendiente_grados|elevacion_m|ndvi_s2_max_2022|ndvi_s2_int_2022|ndvi_s2_media_sep_oct_2022|ndvi_s2_max_2023|ndvi_s2_int_2023|ndvi_s2_media_sep_oct_2023|ndvi_s2_max_2024|ndvi_s2_int_2024|ndvi_s2_media_sep_oct_2024|crc_s2_media_2022|crc_s2_media_2023|crc_s2_media_2024|vi6t_landsat_max_2022|vi6t_landsat_max_2023|vi6t_landsat_max_2024|lluvia_ciclo_mm_2022|lluvia_ciclo_mm_2023|lluvia_ciclo_mm_2024|ndvi_s2_max_hist_media|ndvi_s2_int_hist_media|ndvi_s2_media_sep_oct_hist_media|crc_s2_media_hist_media|vi6t_landsat_max_hist_media|lluvia_ciclo_mm_hist_media|pixel_clima|sg_nitrogen_0-5cm_mean|sg_cec_0-5cm_mean|sg_silt_0-5cm_mean,pixel_clima,sg_nitrogen_0-5cm_mean|sg_cec_0-5cm_mean|sg_silt_0-5cm_mean,curados_extendidos,v1
parcelas_multianio_ubic_pix_edaf-cec-silt_v1,curados_extendidos/parcelas_multianio_ubic_pix_edaf-cec-silt_v1.csv,multianio,ubic_pix,edaf-cec-silt,197,40,ID_POLIGONO|conjunto|rendimiento_t_ha|area_ha|ndvi_s2_int|ndvi_s2_media_sep_oct|crc_s2_media|vi6t_landsat_max|lai_planet_max|lluvia_ciclo_mm|pendiente_grados|elevacion_m|ndvi_s2_max_2022|ndvi_s2_int_2022|ndvi_s2_media_sep_oct_2022|ndvi_s2_max_2023|ndvi_s2_int_2023|ndvi_s2_media_sep_oct_2023|ndvi_s2_max_2024|ndvi_s2_int_2024|ndvi_s2_media_sep_oct_2024|crc_s2_media_2022|crc_s2_media_2023|crc_s2_media_2024|vi6t_landsat_max_2022|vi6t_landsat_max_2023|vi6t_landsat_max_2024|lluvia_ciclo_mm_2022|lluvia_ciclo_mm_2023|lluvia_ciclo_mm_2024|ndvi_s2_max_hist_media|ndvi_s2_int_hist_media|ndvi_s2_media_sep_oct_hist_media|crc_s2_media_hist_media|vi6t_landsat_max_hist_media|lluvia_ciclo_mm_hist_media|pixel_clima|edaf_grupo|sg_cec_0-5cm_mean|sg_silt_0-5cm_mean,pixel_clima,edaf_grupo|sg_cec_0-5cm_mean|sg_silt_0-5cm_mean,curados_extendidos,v1
parcelas_multianio_ubic_pix_n-edaf-cec-silt_v1,curados_extendidos/parcelas_multianio_ubic_pix_n-edaf-cec-silt_v1.csv,multianio,ubic_pix,n-edaf-cec-silt,197,41,ID_POLIGONO|conjunto|rendimiento_t_ha|area_ha|ndvi_s2_int|ndvi_s2_media_sep_oct|crc_s2_media|vi6t_landsat_max|lai_planet_max|lluvia_ciclo_mm|pendiente_grados|elevacion_m|ndvi_s2_max_2022|ndvi_s2_int_2022|ndvi_s2_media_sep_oct_2022|ndvi_s2_max_2023|ndvi_s2_int_2023|ndvi_s2_media_sep_oct_2023|ndvi_s2_max_2024|ndvi_s2_int_2024|ndvi_s2_media_sep_oct_2024|crc_s2_media_2022|crc_s2_media_2023|crc_s2_media_2024|vi6t_landsat_max_2022|vi6t_landsat_max_2023|vi6t_landsat_max_2024|lluvia_ciclo_mm_2022|lluvia_ciclo_mm_2023|lluvia_ciclo_mm_2024|ndvi_s2_max_hist_media|ndvi_s2_int_hist_media|ndvi_s2_media_sep_oct_hist_media|crc_s2_media_hist_media|vi6t_landsat_max_hist_media|lluvia_ciclo_mm_hist_media|pixel_clima|sg_nitrogen_0-5cm_mean|edaf_grupo|sg_cec_0-5cm_mean|sg_silt_0-5cm_mean,pixel_clima,sg_nitrogen_0-5cm_mean|edaf_grupo|sg_cec_0-5cm_mean|sg_silt_0-5cm_mean,curados_extendidos,v1
parcelas_multianio_ubic_est-mun_reto_v1,curados_reto/parcelas_multianio_ubic_est-mun_reto_v1.csv,multianio,ubic_est-mun,reto,197,38,ID_POLIGONO|conjunto|rendimiento_t_ha|area_ha|ndvi_s2_int|ndvi_s2_media_sep_oct|crc_s2_media|vi6t_landsat_max|lai_planet_max|lluvia_ciclo_mm|pendiente_grados|elevacion_m|ndvi_s2_max_2022|ndvi_s2_int_2022|ndvi_s2_media_sep_oct_2022|ndvi_s2_max_2023|ndvi_s2_int_2023|ndvi_s2_media_sep_oct_2023|ndvi_s2_max_2024|ndvi_s2_int_2024|ndvi_s2_media_sep_oct_2024|crc_s2_media_2022|crc_s2_media_2023|crc_s2_media_2024|vi6t_landsat_max_2022|vi6t_landsat_max_2023|vi6t_landsat_max_2024|lluvia_ciclo_mm_2022|lluvia_ciclo_mm_2023|lluvia_ciclo_mm_2024|ndvi_s2_max_hist_media|ndvi_s2_int_hist_media|ndvi_s2_media_sep_oct_hist_media|crc_s2_media_hist_media|vi6t_landsat_max_hist_media|lluvia_ciclo_mm_hist_media|estado|municipio,estado|municipio,,curados_reto,v1
parcelas_multianio_ubic_est-mun_n_v1,curados_extendidos/parcelas_multianio_ubic_est-mun_n_v1.csv,multianio,ubic_est-mun,n,197,39,ID_POLIGONO|conjunto|rendimiento_t_ha|area_ha|ndvi_s2_int|ndvi_s2_media_sep_oct|crc_s2_media|vi6t_landsat_max|lai_planet_max|lluvia_ciclo_mm|pendiente_grados|elevacion_m|ndvi_s2_max_2022|ndvi_s2_int_2022|ndvi_s2_media_sep_oct_2022|ndvi_s2_max_2023|ndvi_s2_int_2023|ndvi_s2_media_sep_oct_2023|ndvi_s2_max_2024|ndvi_s2_int_2024|ndvi_s2_media_sep_oct_2024|crc_s2_media_2022|crc_s2_media_2023|crc_s2_media_2024|vi6t_landsat_max_2022|vi6t_landsat_max_2023|vi6t_landsat_max_2024|lluvia_ciclo_mm_2022|lluvia_ciclo_mm_2023|lluvia_ciclo_mm_2024|ndvi_s2_max_hist_media|ndvi_s2_int_hist_media|ndvi_s2_media_sep_oct_hist_media|crc_s2_media_hist_media|vi6t_landsat_max_hist_media|lluvia_ciclo_mm_hist_media|estado|municipio|sg_nitrogen_0-5cm_mean,estado|municipio,sg_nitrogen_0-5cm_mean,curados_extendidos,v1
parcelas_multianio_ubic_est-mun_edaf_v1,curados_extendidos/parcelas_multianio_ubic_est-mun_edaf_v1.csv,multianio,ubic_est-mun,edaf,197,39,ID_POLIGONO|conjunto|rendimiento_t_ha|area_ha|ndvi_s2_int|ndvi_s2_media_sep_oct|crc_s2_media|vi6t_landsat_max|lai_planet_max|lluvia_ciclo_mm|pendiente_grados|elevacion_m|ndvi_s2_max_2022|ndvi_s2_int_2022|ndvi_s2_media_sep_oct_2022|ndvi_s2_max_2023|ndvi_s2_int_2023|ndvi_s2_media_sep_oct_2023|ndvi_s2_max_2024|ndvi_s2_int_2024|ndvi_s2_media_sep_oct_2024|crc_s2_media_2022|crc_s2_media_2023|crc_s2_media_2024|vi6t_landsat_max_2022|vi6t_landsat_max_2023|vi6t_landsat_max_2024|lluvia_ciclo_mm_2022|lluvia_ciclo_mm_2023|lluvia_ciclo_mm_2024|ndvi_s2_max_hist_media|ndvi_s2_int_hist_media|ndvi_s2_media_sep_oct_hist_media|crc_s2_media_hist_media|vi6t_landsat_max_hist_media|lluvia_ciclo_mm_hist_media|estado|municipio|edaf_grupo,estado|municipio,edaf_grupo,curados_extendidos,v1
parcelas_multianio_ubic_est-mun_cec_v1,curados_extendidos/parcelas_multianio_ubic_est-mun_cec_v1.csv,multianio,ubic_est-mun,cec,197,39,ID_POLIGONO|conjunto|rendimiento_t_ha|area_ha|ndvi_s2_int|ndvi_s2_media_sep_oct|crc_s2_media|vi6t_landsat_max|lai_planet_max|lluvia_ciclo_mm|pendiente_grados|elevacion_m|ndvi_s2_max_2022|ndvi_s2_int_2022|ndvi_s2_media_sep_oct_2022|ndvi_s2_max_2023|ndvi_s2_int_2023|ndvi_s2_media_sep_oct_2023|ndvi_s2_max_2024|ndvi_s2_int_2024|ndvi_s2_media_sep_oct_2024|crc_s2_media_2022|crc_s2_media_2023|crc_s2_media_2024|vi6t_landsat_max_2022|vi6t_landsat_max_2023|vi6t_landsat_max_2024|lluvia_ciclo_mm_2022|lluvia_ciclo_mm_2023|lluvia_ciclo_mm_2024|ndvi_s2_max_hist_media|ndvi_s2_int_hist_media|ndvi_s2_media_sep_oct_hist_media|crc_s2_media_hist_media|vi6t_landsat_max_hist_media|lluvia_ciclo_mm_hist_media|estado|municipio|sg_cec_0-5cm_mean,estado|municipio,sg_cec_0-5cm_mean,curados_extendidos,v1
parcelas_multianio_ubic_est-mun_silt_v1,curados_extendidos/parcelas_multianio_ubic_est-mun_silt_v1.csv,multianio,ubic_est-mun,silt,197,39,ID_POLIGONO|conjunto|rendimiento_t_ha|area_ha|ndvi_s2_int|ndvi_s2_media_sep_oct|crc_s2_media|vi6t_landsat_max|lai_planet_max|lluvia_ciclo_mm|pendiente_grados|elevacion_m|ndvi_s2_max_2022|ndvi_s2_int_2022|ndvi_s2_media_sep_oct_2022|ndvi_s2_max_2023|ndvi_s2_int_2023|ndvi_s2_media_sep_oct_2023|ndvi_s2_max_2024|ndvi_s2_int_2024|ndvi_s2_media_sep_oct_2024|crc_s2_media_2022|crc_s2_media_2023|crc_s2_media_2024|vi6t_landsat_max_2022|vi6t_landsat_max_2023|vi6t_landsat_max_2024|lluvia_ciclo_mm_2022|lluvia_ciclo_mm_2023|lluvia_ciclo_mm_2024|ndvi_s2_max_hist_media|ndvi_s2_int_hist_media|ndvi_s2_media_sep_oct_hist_media|crc_s2_media_hist_media|vi6t_landsat_max_hist_media|lluvia_ciclo_mm_hist_media|estado|municipio|sg_silt_0-5cm_mean,estado|municipio,sg_silt_0-5cm_mean,curados_extendidos,v1
parcelas_multianio_ubic_est-mun_n-edaf_v1,curados_extendidos/parcelas_multianio_ubic_est-mun_n-edaf_v1.csv,multianio,ubic_est-mun,n-edaf,197,40,ID_POLIGONO|conjunto|rendimiento_t_ha|area_ha|ndvi_s2_int|ndvi_s2_media_sep_oct|crc_s2_media|vi6t_landsat_max|lai_planet_max|lluvia_ciclo_mm|pendiente_grados|elevacion_m|ndvi_s2_max_2022|ndvi_s2_int_2022|ndvi_s2_media_sep_oct_2022|ndvi_s2_max_2023|ndvi_s2_int_2023|ndvi_s2_media_sep_oct_2023|ndvi_s2_max_2024|ndvi_s2_int_2024|ndvi_s2_media_sep_oct_2024|crc_s2_media_2022|crc_s2_media_2023|crc_s2_media_2024|vi6t_landsat_max_2022|vi6t_landsat_max_2023|vi6t_landsat_max_2024|lluvia_ciclo_mm_2022|lluvia_ciclo_mm_2023|lluvia_ciclo_mm_2024|ndvi_s2_max_hist_media|ndvi_s2_int_hist_media|ndvi_s2_media_sep_oct_hist_media|crc_s2_media_hist_media|vi6t_landsat_max_hist_media|lluvia_ciclo_mm_hist_media|estado|municipio|sg_nitrogen_0-5cm_mean|edaf_grupo,estado|municipio,sg_nitrogen_0-5cm_mean|edaf_grupo,curados_extendidos,v1
parcelas_multianio_ubic_est-mun_n-cec_v1,curados_extendidos/parcelas_multianio_ubic_est-mun_n-cec_v1.csv,multianio,ubic_est-mun,n-cec,197,40,ID_POLIGONO|conjunto|rendimiento_t_ha|area_ha|ndvi_s2_int|ndvi_s2_media_sep_oct|crc_s2_media|vi6t_landsat_max|lai_planet_max|lluvia_ciclo_mm|pendiente_grados|elevacion_m|ndvi_s2_max_2022|ndvi_s2_int_2022|ndvi_s2_media_sep_oct_2022|ndvi_s2_max_2023|ndvi_s2_int_2023|ndvi_s2_media_sep_oct_2023|ndvi_s2_max_2024|ndvi_s2_int_2024|ndvi_s2_media_sep_oct_2024|crc_s2_media_2022|crc_s2_media_2023|crc_s2_media_2024|vi6t_landsat_max_2022|vi6t_landsat_max_2023|vi6t_landsat_max_2024|lluvia_ciclo_mm_2022|lluvia_ciclo_mm_2023|lluvia_ciclo_mm_2024|ndvi_s2_max_hist_media|ndvi_s2_int_hist_media|ndvi_s2_media_sep_oct_hist_media|crc_s2_media_hist_media|vi6t_landsat_max_hist_media|lluvia_ciclo_mm_hist_media|estado|municipio|sg_nitrogen_0-5cm_mean|sg_cec_0-5cm_mean,estado|municipio,sg_nitrogen_0-5cm_mean|sg_cec_0-5cm_mean,curados_extendidos,v1
parcelas_multianio_ubic_est-mun_n-silt_v1,curados_extendidos/parcelas_multianio_ubic_est-mun_n-silt_v1.csv,multianio,ubic_est-mun,n-silt,197,40,ID_POLIGONO|conjunto|rendimiento_t_ha|area_ha|ndvi_s2_int|ndvi_s2_media_sep_oct|crc_s2_media|vi6t_landsat_max|lai_planet_max|lluvia_ciclo_mm|pendiente_grados|elevacion_m|ndvi_s2_max_2022|ndvi_s2_int_2022|ndvi_s2_media_sep_oct_2022|ndvi_s2_max_2023|ndvi_s2_int_2023|ndvi_s2_media_sep_oct_2023|ndvi_s2_max_2024|ndvi_s2_int_2024|ndvi_s2_media_sep_oct_2024|crc_s2_media_2022|crc_s2_media_2023|crc_s2_media_2024|vi6t_landsat_max_2022|vi6t_landsat_max_2023|vi6t_landsat_max_2024|lluvia_ciclo_mm_2022|lluvia_ciclo_mm_2023|lluvia_ciclo_mm_2024|ndvi_s2_max_hist_media|ndvi_s2_int_hist_media|ndvi_s2_media_sep_oct_hist_media|crc_s2_media_hist_media|vi6t_landsat_max_hist_media|lluvia_ciclo_mm_hist_media|estado|municipio|sg_nitrogen_0-5cm_mean|sg_silt_0-5cm_mean,estado|municipio,sg_nitrogen_0-5cm_mean|sg_silt_0-5cm_mean,curados_extendidos,v1
parcelas_multianio_ubic_est-mun_edaf-cec_v1,curados_extendidos/parcelas_multianio_ubic_est-mun_edaf-cec_v1.csv,multianio,ubic_est-mun,edaf-cec,197,40,ID_POLIGONO|conjunto|rendimiento_t_ha|area_ha|ndvi_s2_int|ndvi_s2_media_sep_oct|crc_s2_media|vi6t_landsat_max|lai_planet_max|lluvia_ciclo_mm|pendiente_grados|elevacion_m|ndvi_s2_max_2022|ndvi_s2_int_2022|ndvi_s2_media_sep_oct_2022|ndvi_s2_max_2023|ndvi_s2_int_2023|ndvi_s2_media_sep_oct_2023|ndvi_s2_max_2024|ndvi_s2_int_2024|ndvi_s2_media_sep_oct_2024|crc_s2_media_2022|crc_s2_media_2023|crc_s2_media_2024|vi6t_landsat_max_2022|vi6t_landsat_max_2023|vi6t_landsat_max_2024|lluvia_ciclo_mm_2022|lluvia_ciclo_mm_2023|lluvia_ciclo_mm_2024|ndvi_s2_max_hist_media|ndvi_s2_int_hist_media|ndvi_s2_media_sep_oct_hist_media|crc_s2_media_hist_media|vi6t_landsat_max_hist_media|lluvia_ciclo_mm_hist_media|estado|municipio|edaf_grupo|sg_cec_0-5cm_mean,estado|municipio,edaf_grupo|sg_cec_0-5cm_mean,curados_extendidos,v1
parcelas_multianio_ubic_est-mun_edaf-silt_v1,curados_extendidos/parcelas_multianio_ubic_est-mun_edaf-silt_v1.csv,multianio,ubic_est-mun,edaf-silt,197,40,ID_POLIGONO|conjunto|rendimiento_t_ha|area_ha|ndvi_s2_int|ndvi_s2_media_sep_oct|crc_s2_media|vi6t_landsat_max|lai_planet_max|lluvia_ciclo_mm|pendiente_grados|elevacion_m|ndvi_s2_max_2022|ndvi_s2_int_2022|ndvi_s2_media_sep_oct_2022|ndvi_s2_max_2023|ndvi_s2_int_2023|ndvi_s2_media_sep_oct_2023|ndvi_s2_max_2024|ndvi_s2_int_2024|ndvi_s2_media_sep_oct_2024|crc_s2_media_2022|crc_s2_media_2023|crc_s2_media_2024|vi6t_landsat_max_2022|vi6t_landsat_max_2023|vi6t_landsat_max_2024|lluvia_ciclo_mm_2022|lluvia_ciclo_mm_2023|lluvia_ciclo_mm_2024|ndvi_s2_max_hist_media|ndvi_s2_int_hist_media|ndvi_s2_media_sep_oct_hist_media|crc_s2_media_hist_media|vi6t_landsat_max_hist_media|lluvia_ciclo_mm_hist_media|estado|municipio|edaf_grupo|sg_silt_0-5cm_mean,estado|municipio,edaf_grupo|sg_silt_0-5cm_mean,curados_extendidos,v1
parcelas_multianio_ubic_est-mun_cec-silt_v1,curados_extendidos/parcelas_multianio_ubic_est-mun_cec-silt_v1.csv,multianio,ubic_est-mun,cec-silt,197,40,ID_POLIGONO|conjunto|rendimiento_t_ha|area_ha|ndvi_s2_int|ndvi_s2_media_sep_oct|crc_s2_media|vi6t_landsat_max|lai_planet_max|lluvia_ciclo_mm|pendiente_grados|elevacion_m|ndvi_s2_max_2022|ndvi_s2_int_2022|ndvi_s2_media_sep_oct_2022|ndvi_s2_max_2023|ndvi_s2_int_2023|ndvi_s2_media_sep_oct_2023|ndvi_s2_max_2024|ndvi_s2_int_2024|ndvi_s2_media_sep_oct_2024|crc_s2_media_2022|crc_s2_media_2023|crc_s2_media_2024|vi6t_landsat_max_2022|vi6t_landsat_max_2023|vi6t_landsat_max_2024|lluvia_ciclo_mm_2022|lluvia_ciclo_mm_2023|lluvia_ciclo_mm_2024|ndvi_s2_max_hist_media|ndvi_s2_int_hist_media|ndvi_s2_media_sep_oct_hist_media|crc_s2_media_hist_media|vi6t_landsat_max_hist_media|lluvia_ciclo_mm_hist_media|estado|municipio|sg_cec_0-5cm_mean|sg_silt_0-5cm_mean,estado|municipio,sg_cec_0-5cm_mean|sg_silt_0-5cm_mean,curados_extendidos,v1
parcelas_multianio_ubic_est-mun_n-edaf-cec_v1,curados_extendidos/parcelas_multianio_ubic_est-mun_n-edaf-cec_v1.csv,multianio,ubic_est-mun,n-edaf-cec,197,41,ID_POLIGONO|conjunto|rendimiento_t_ha|area_ha|ndvi_s2_int|ndvi_s2_media_sep_oct|crc_s2_media|vi6t_landsat_max|lai_planet_max|lluvia_ciclo_mm|pendiente_grados|elevacion_m|ndvi_s2_max_2022|ndvi_s2_int_2022|ndvi_s2_media_sep_oct_2022|ndvi_s2_max_2023|ndvi_s2_int_2023|ndvi_s2_media_sep_oct_2023|ndvi_s2_max_2024|ndvi_s2_int_2024|ndvi_s2_media_sep_oct_2024|crc_s2_media_2022|crc_s2_media_2023|crc_s2_media_2024|vi6t_landsat_max_2022|vi6t_landsat_max_2023|vi6t_landsat_max_2024|lluvia_ciclo_mm_2022|lluvia_ciclo_mm_2023|lluvia_ciclo_mm_2024|ndvi_s2_max_hist_media|ndvi_s2_int_hist_media|ndvi_s2_media_sep_oct_hist_media|crc_s2_media_hist_media|vi6t_landsat_max_hist_media|lluvia_ciclo_mm_hist_media|estado|municipio|sg_nitrogen_0-5cm_mean|edaf_grupo|sg_cec_0-5cm_mean,estado|municipio,sg_nitrogen_0-5cm_mean|edaf_grupo|sg_cec_0-5cm_mean,curados_extendidos,v1
parcelas_multianio_ubic_est-mun_n-edaf-silt_v1,curados_extendidos/parcelas_multianio_ubic_est-mun_n-edaf-silt_v1.csv,multianio,ubic_est-mun,n-edaf-silt,197,41,ID_POLIGONO|conjunto|rendimiento_t_ha|area_ha|ndvi_s2_int|ndvi_s2_media_sep_oct|crc_s2_media|vi6t_landsat_max|lai_planet_max|lluvia_ciclo_mm|pendiente_grados|elevacion_m|ndvi_s2_max_2022|ndvi_s2_int_2022|ndvi_s2_media_sep_oct_2022|ndvi_s2_max_2023|ndvi_s2_int_2023|ndvi_s2_media_sep_oct_2023|ndvi_s2_max_2024|ndvi_s2_int_2024|ndvi_s2_media_sep_oct_2024|crc_s2_media_2022|crc_s2_media_2023|crc_s2_media_2024|vi6t_landsat_max_2022|vi6t_landsat_max_2023|vi6t_landsat_max_2024|lluvia_ciclo_mm_2022|lluvia_ciclo_mm_2023|lluvia_ciclo_mm_2024|ndvi_s2_max_hist_media|ndvi_s2_int_hist_media|ndvi_s2_media_sep_oct_hist_media|crc_s2_media_hist_media|vi6t_landsat_max_hist_media|lluvia_ciclo_mm_hist_media|estado|municipio|sg_nitrogen_0-5cm_mean|edaf_grupo|sg_silt_0-5cm_mean,estado|municipio,sg_nitrogen_0-5cm_mean|edaf_grupo|sg_silt_0-5cm_mean,curados_extendidos,v1
parcelas_multianio_ubic_est-mun_n-cec-silt_v1,curados_extendidos/parcelas_multianio_ubic_est-mun_n-cec-silt_v1.csv,multianio,ubic_est-mun,n-cec-silt,197,41,ID_POLIGONO|conjunto|rendimiento_t_ha|area_ha|ndvi_s2_int|ndvi_s2_media_sep_oct|crc_s2_media|vi6t_landsat_max|lai_planet_max|lluvia_ciclo_mm|pendiente_grados|elevacion_m|ndvi_s2_max_2022|ndvi_s2_int_2022|ndvi_s2_media_sep_oct_2022|ndvi_s2_max_2023|ndvi_s2_int_2023|ndvi_s2_media_sep_oct_2023|ndvi_s2_max_2024|ndvi_s2_int_2024|ndvi_s2_media_sep_oct_2024|crc_s2_media_2022|crc_s2_media_2023|crc_s2_media_2024|vi6t_landsat_max_2022|vi6t_landsat_max_2023|vi6t_landsat_max_2024|lluvia_ciclo_mm_2022|lluvia_ciclo_mm_2023|lluvia_ciclo_mm_2024|ndvi_s2_max_hist_media|ndvi_s2_int_hist_media|ndvi_s2_media_sep_oct_hist_media|crc_s2_media_hist_media|vi6t_landsat_max_hist_media|lluvia_ciclo_mm_hist_media|estado|municipio|sg_nitrogen_0-5cm_mean|sg_cec_0-5cm_mean|sg_silt_0-5cm_mean,estado|municipio,sg_nitrogen_0-5cm_mean|sg_cec_0-5cm_mean|sg_silt_0-5cm_mean,curados_extendidos,v1
parcelas_multianio_ubic_est-mun_edaf-cec-silt_v1,curados_extendidos/parcelas_multianio_ubic_est-mun_edaf-cec-silt_v1.csv,multianio,ubic_est-mun,edaf-cec-silt,197,41,ID_POLIGONO|conjunto|rendimiento_t_ha|area_ha|ndvi_s2_int|ndvi_s2_media_sep_oct|crc_s2_media|vi6t_landsat_max|lai_planet_max|lluvia_ciclo_mm|pendiente_grados|elevacion_m|ndvi_s2_max_2022|ndvi_s2_int_2022|ndvi_s2_media_sep_oct_2022|ndvi_s2_max_2023|ndvi_s2_int_2023|ndvi_s2_media_sep_oct_2023|ndvi_s2_max_2024|ndvi_s2_int_2024|ndvi_s2_media_sep_oct_2024|crc_s2_media_2022|crc_s2_media_2023|crc_s2_media_2024|vi6t_landsat_max_2022|vi6t_landsat_max_2023|vi6t_landsat_max_2024|lluvia_ciclo_mm_2022|lluvia_ciclo_mm_2023|lluvia_ciclo_mm_2024|ndvi_s2_max_hist_media|ndvi_s2_int_hist_media|ndvi_s2_media_sep_oct_hist_media|crc_s2_media_hist_media|vi6t_landsat_max_hist_media|lluvia_ciclo_mm_hist_media|estado|municipio|edaf_grupo|sg_cec_0-5cm_mean|sg_silt_0-5cm_mean,estado|municipio,edaf_grupo|sg_cec_0-5cm_mean|sg_silt_0-5cm_mean,curados_extendidos,v1
parcelas_multianio_ubic_est-mun_n-edaf-cec-silt_v1,curados_extendidos/parcelas_multianio_ubic_est-mun_n-edaf-cec-silt_v1.csv,multianio,ubic_est-mun,n-edaf-cec-silt,197,42,ID_POLIGONO|conjunto|rendimiento_t_ha|area_ha|ndvi_s2_int|ndvi_s2_media_sep_oct|crc_s2_media|vi6t_landsat_max|lai_planet_max|lluvia_ciclo_mm|pendiente_grados|elevacion_m|ndvi_s2_max_2022|ndvi_s2_int_2022|ndvi_s2_media_sep_oct_2022|ndvi_s2_max_2023|ndvi_s2_int_2023|ndvi_s2_media_sep_oct_2023|ndvi_s2_max_2024|ndvi_s2_int_2024|ndvi_s2_media_sep_oct_2024|crc_s2_media_2022|crc_s2_media_2023|crc_s2_media_2024|vi6t_landsat_max_2022|vi6t_landsat_max_2023|vi6t_landsat_max_2024|lluvia_ciclo_mm_2022|lluvia_ciclo_mm_2023|lluvia_ciclo_mm_2024|ndvi_s2_max_hist_media|ndvi_s2_int_hist_media|ndvi_s2_media_sep_oct_hist_media|crc_s2_media_hist_media|vi6t_landsat_max_hist_media|lluvia_ciclo_mm_hist_media|estado|municipio|sg_nitrogen_0-5cm_mean|edaf_grupo|sg_cec_0-5cm_mean|sg_silt_0-5cm_mean,estado|municipio,sg_nitrogen_0-5cm_mean|edaf_grupo|sg_cec_0-5cm_mean|sg_silt_0-5cm_mean,curados_extendidos,v1
parcelas_multianio_ubic_est-lon_reto_v1,curados_reto/parcelas_multianio_ubic_est-lon_reto_v1.csv,multianio,ubic_est-lon,reto,197,38,ID_POLIGONO|conjunto|rendimiento_t_ha|area_ha|ndvi_s2_int|ndvi_s2_media_sep_oct|crc_s2_media|vi6t_landsat_max|lai_planet_max|lluvia_ciclo_mm|pendiente_grados|elevacion_m|ndvi_s2_max_2022|ndvi_s2_int_2022|ndvi_s2_media_sep_oct_2022|ndvi_s2_max_2023|ndvi_s2_int_2023|ndvi_s2_media_sep_oct_2023|ndvi_s2_max_2024|ndvi_s2_int_2024|ndvi_s2_media_sep_oct_2024|crc_s2_media_2022|crc_s2_media_2023|crc_s2_media_2024|vi6t_landsat_max_2022|vi6t_landsat_max_2023|vi6t_landsat_max_2024|lluvia_ciclo_mm_2022|lluvia_ciclo_mm_2023|lluvia_ciclo_mm_2024|ndvi_s2_max_hist_media|ndvi_s2_int_hist_media|ndvi_s2_media_sep_oct_hist_media|crc_s2_media_hist_media|vi6t_landsat_max_hist_media|lluvia_ciclo_mm_hist_media|estado|lon,estado|lon,,curados_reto,v1
parcelas_multianio_ubic_est-lon_n_v1,curados_extendidos/parcelas_multianio_ubic_est-lon_n_v1.csv,multianio,ubic_est-lon,n,197,39,ID_POLIGONO|conjunto|rendimiento_t_ha|area_ha|ndvi_s2_int|ndvi_s2_media_sep_oct|crc_s2_media|vi6t_landsat_max|lai_planet_max|lluvia_ciclo_mm|pendiente_grados|elevacion_m|ndvi_s2_max_2022|ndvi_s2_int_2022|ndvi_s2_media_sep_oct_2022|ndvi_s2_max_2023|ndvi_s2_int_2023|ndvi_s2_media_sep_oct_2023|ndvi_s2_max_2024|ndvi_s2_int_2024|ndvi_s2_media_sep_oct_2024|crc_s2_media_2022|crc_s2_media_2023|crc_s2_media_2024|vi6t_landsat_max_2022|vi6t_landsat_max_2023|vi6t_landsat_max_2024|lluvia_ciclo_mm_2022|lluvia_ciclo_mm_2023|lluvia_ciclo_mm_2024|ndvi_s2_max_hist_media|ndvi_s2_int_hist_media|ndvi_s2_media_sep_oct_hist_media|crc_s2_media_hist_media|vi6t_landsat_max_hist_media|lluvia_ciclo_mm_hist_media|estado|lon|sg_nitrogen_0-5cm_mean,estado|lon,sg_nitrogen_0-5cm_mean,curados_extendidos,v1
parcelas_multianio_ubic_est-lon_edaf_v1,curados_extendidos/parcelas_multianio_ubic_est-lon_edaf_v1.csv,multianio,ubic_est-lon,edaf,197,39,ID_POLIGONO|conjunto|rendimiento_t_ha|area_ha|ndvi_s2_int|ndvi_s2_media_sep_oct|crc_s2_media|vi6t_landsat_max|lai_planet_max|lluvia_ciclo_mm|pendiente_grados|elevacion_m|ndvi_s2_max_2022|ndvi_s2_int_2022|ndvi_s2_media_sep_oct_2022|ndvi_s2_max_2023|ndvi_s2_int_2023|ndvi_s2_media_sep_oct_2023|ndvi_s2_max_2024|ndvi_s2_int_2024|ndvi_s2_media_sep_oct_2024|crc_s2_media_2022|crc_s2_media_2023|crc_s2_media_2024|vi6t_landsat_max_2022|vi6t_landsat_max_2023|vi6t_landsat_max_2024|lluvia_ciclo_mm_2022|lluvia_ciclo_mm_2023|lluvia_ciclo_mm_2024|ndvi_s2_max_hist_media|ndvi_s2_int_hist_media|ndvi_s2_media_sep_oct_hist_media|crc_s2_media_hist_media|vi6t_landsat_max_hist_media|lluvia_ciclo_mm_hist_media|estado|lon|edaf_grupo,estado|lon,edaf_grupo,curados_extendidos,v1
parcelas_multianio_ubic_est-lon_cec_v1,curados_extendidos/parcelas_multianio_ubic_est-lon_cec_v1.csv,multianio,ubic_est-lon,cec,197,39,ID_POLIGONO|conjunto|rendimiento_t_ha|area_ha|ndvi_s2_int|ndvi_s2_media_sep_oct|crc_s2_media|vi6t_landsat_max|lai_planet_max|lluvia_ciclo_mm|pendiente_grados|elevacion_m|ndvi_s2_max_2022|ndvi_s2_int_2022|ndvi_s2_media_sep_oct_2022|ndvi_s2_max_2023|ndvi_s2_int_2023|ndvi_s2_media_sep_oct_2023|ndvi_s2_max_2024|ndvi_s2_int_2024|ndvi_s2_media_sep_oct_2024|crc_s2_media_2022|crc_s2_media_2023|crc_s2_media_2024|vi6t_landsat_max_2022|vi6t_landsat_max_2023|vi6t_landsat_max_2024|lluvia_ciclo_mm_2022|lluvia_ciclo_mm_2023|lluvia_ciclo_mm_2024|ndvi_s2_max_hist_media|ndvi_s2_int_hist_media|ndvi_s2_media_sep_oct_hist_media|crc_s2_media_hist_media|vi6t_landsat_max_hist_media|lluvia_ciclo_mm_hist_media|estado|lon|sg_cec_0-5cm_mean,estado|lon,sg_cec_0-5cm_mean,curados_extendidos,v1
parcelas_multianio_ubic_est-lon_silt_v1,curados_extendidos/parcelas_multianio_ubic_est-lon_silt_v1.csv,multianio,ubic_est-lon,silt,197,39,ID_POLIGONO|conjunto|rendimiento_t_ha|area_ha|ndvi_s2_int|ndvi_s2_media_sep_oct|crc_s2_media|vi6t_landsat_max|lai_planet_max|lluvia_ciclo_mm|pendiente_grados|elevacion_m|ndvi_s2_max_2022|ndvi_s2_int_2022|ndvi_s2_media_sep_oct_2022|ndvi_s2_max_2023|ndvi_s2_int_2023|ndvi_s2_media_sep_oct_2023|ndvi_s2_max_2024|ndvi_s2_int_2024|ndvi_s2_media_sep_oct_2024|crc_s2_media_2022|crc_s2_media_2023|crc_s2_media_2024|vi6t_landsat_max_2022|vi6t_landsat_max_2023|vi6t_landsat_max_2024|lluvia_ciclo_mm_2022|lluvia_ciclo_mm_2023|lluvia_ciclo_mm_2024|ndvi_s2_max_hist_media|ndvi_s2_int_hist_media|ndvi_s2_media_sep_oct_hist_media|crc_s2_media_hist_media|vi6t_landsat_max_hist_media|lluvia_ciclo_mm_hist_media|estado|lon|sg_silt_0-5cm_mean,estado|lon,sg_silt_0-5cm_mean,curados_extendidos,v1
parcelas_multianio_ubic_est-lon_n-edaf_v1,curados_extendidos/parcelas_multianio_ubic_est-lon_n-edaf_v1.csv,multianio,ubic_est-lon,n-edaf,197,40,ID_POLIGONO|conjunto|rendimiento_t_ha|area_ha|ndvi_s2_int|ndvi_s2_media_sep_oct|crc_s2_media|vi6t_landsat_max|lai_planet_max|lluvia_ciclo_mm|pendiente_grados|elevacion_m|ndvi_s2_max_2022|ndvi_s2_int_2022|ndvi_s2_media_sep_oct_2022|ndvi_s2_max_2023|ndvi_s2_int_2023|ndvi_s2_media_sep_oct_2023|ndvi_s2_max_2024|ndvi_s2_int_2024|ndvi_s2_media_sep_oct_2024|crc_s2_media_2022|crc_s2_media_2023|crc_s2_media_2024|vi6t_landsat_max_2022|vi6t_landsat_max_2023|vi6t_landsat_max_2024|lluvia_ciclo_mm_2022|lluvia_ciclo_mm_2023|lluvia_ciclo_mm_2024|ndvi_s2_max_hist_media|ndvi_s2_int_hist_media|ndvi_s2_media_sep_oct_hist_media|crc_s2_media_hist_media|vi6t_landsat_max_hist_media|lluvia_ciclo_mm_hist_media|estado|lon|sg_nitrogen_0-5cm_mean|edaf_grupo,estado|lon,sg_nitrogen_0-5cm_mean|edaf_grupo,curados_extendidos,v1
parcelas_multianio_ubic_est-lon_n-cec_v1,curados_extendidos/parcelas_multianio_ubic_est-lon_n-cec_v1.csv,multianio,ubic_est-lon,n-cec,197,40,ID_POLIGONO|conjunto|rendimiento_t_ha|area_ha|ndvi_s2_int|ndvi_s2_media_sep_oct|crc_s2_media|vi6t_landsat_max|lai_planet_max|lluvia_ciclo_mm|pendiente_grados|elevacion_m|ndvi_s2_max_2022|ndvi_s2_int_2022|ndvi_s2_media_sep_oct_2022|ndvi_s2_max_2023|ndvi_s2_int_2023|ndvi_s2_media_sep_oct_2023|ndvi_s2_max_2024|ndvi_s2_int_2024|ndvi_s2_media_sep_oct_2024|crc_s2_media_2022|crc_s2_media_2023|crc_s2_media_2024|vi6t_landsat_max_2022|vi6t_landsat_max_2023|vi6t_landsat_max_2024|lluvia_ciclo_mm_2022|lluvia_ciclo_mm_2023|lluvia_ciclo_mm_2024|ndvi_s2_max_hist_media|ndvi_s2_int_hist_media|ndvi_s2_media_sep_oct_hist_media|crc_s2_media_hist_media|vi6t_landsat_max_hist_media|lluvia_ciclo_mm_hist_media|estado|lon|sg_nitrogen_0-5cm_mean|sg_cec_0-5cm_mean,estado|lon,sg_nitrogen_0-5cm_mean|sg_cec_0-5cm_mean,curados_extendidos,v1
parcelas_multianio_ubic_est-lon_n-silt_v1,curados_extendidos/parcelas_multianio_ubic_est-lon_n-silt_v1.csv,multianio,ubic_est-lon,n-silt,197,40,ID_POLIGONO|conjunto|rendimiento_t_ha|area_ha|ndvi_s2_int|ndvi_s2_media_sep_oct|crc_s2_media|vi6t_landsat_max|lai_planet_max|lluvia_ciclo_mm|pendiente_grados|elevacion_m|ndvi_s2_max_2022|ndvi_s2_int_2022|ndvi_s2_media_sep_oct_2022|ndvi_s2_max_2023|ndvi_s2_int_2023|ndvi_s2_media_sep_oct_2023|ndvi_s2_max_2024|ndvi_s2_int_2024|ndvi_s2_media_sep_oct_2024|crc_s2_media_2022|crc_s2_media_2023|crc_s2_media_2024|vi6t_landsat_max_2022|vi6t_landsat_max_2023|vi6t_landsat_max_2024|lluvia_ciclo_mm_2022|lluvia_ciclo_mm_2023|lluvia_ciclo_mm_2024|ndvi_s2_max_hist_media|ndvi_s2_int_hist_media|ndvi_s2_media_sep_oct_hist_media|crc_s2_media_hist_media|vi6t_landsat_max_hist_media|lluvia_ciclo_mm_hist_media|estado|lon|sg_nitrogen_0-5cm_mean|sg_silt_0-5cm_mean,estado|lon,sg_nitrogen_0-5cm_mean|sg_silt_0-5cm_mean,curados_extendidos,v1
parcelas_multianio_ubic_est-lon_edaf-cec_v1,curados_extendidos/parcelas_multianio_ubic_est-lon_edaf-cec_v1.csv,multianio,ubic_est-lon,edaf-cec,197,40,ID_POLIGONO|conjunto|rendimiento_t_ha|area_ha|ndvi_s2_int|ndvi_s2_media_sep_oct|crc_s2_media|vi6t_landsat_max|lai_planet_max|lluvia_ciclo_mm|pendiente_grados|elevacion_m|ndvi_s2_max_2022|ndvi_s2_int_2022|ndvi_s2_media_sep_oct_2022|ndvi_s2_max_2023|ndvi_s2_int_2023|ndvi_s2_media_sep_oct_2023|ndvi_s2_max_2024|ndvi_s2_int_2024|ndvi_s2_media_sep_oct_2024|crc_s2_media_2022|crc_s2_media_2023|crc_s2_media_2024|vi6t_landsat_max_2022|vi6t_landsat_max_2023|vi6t_landsat_max_2024|lluvia_ciclo_mm_2022|lluvia_ciclo_mm_2023|lluvia_ciclo_mm_2024|ndvi_s2_max_hist_media|ndvi_s2_int_hist_media|ndvi_s2_media_sep_oct_hist_media|crc_s2_media_hist_media|vi6t_landsat_max_hist_media|lluvia_ciclo_mm_hist_media|estado|lon|edaf_grupo|sg_cec_0-5cm_mean,estado|lon,edaf_grupo|sg_cec_0-5cm_mean,curados_extendidos,v1
parcelas_multianio_ubic_est-lon_edaf-silt_v1,curados_extendidos/parcelas_multianio_ubic_est-lon_edaf-silt_v1.csv,multianio,ubic_est-lon,edaf-silt,197,40,ID_POLIGONO|conjunto|rendimiento_t_ha|area_ha|ndvi_s2_int|ndvi_s2_media_sep_oct|crc_s2_media|vi6t_landsat_max|lai_planet_max|lluvia_ciclo_mm|pendiente_grados|elevacion_m|ndvi_s2_max_2022|ndvi_s2_int_2022|ndvi_s2_media_sep_oct_2022|ndvi_s2_max_2023|ndvi_s2_int_2023|ndvi_s2_media_sep_oct_2023|ndvi_s2_max_2024|ndvi_s2_int_2024|ndvi_s2_media_sep_oct_2024|crc_s2_media_2022|crc_s2_media_2023|crc_s2_media_2024|vi6t_landsat_max_2022|vi6t_landsat_max_2023|vi6t_landsat_max_2024|lluvia_ciclo_mm_2022|lluvia_ciclo_mm_2023|lluvia_ciclo_mm_2024|ndvi_s2_max_hist_media|ndvi_s2_int_hist_media|ndvi_s2_media_sep_oct_hist_media|crc_s2_media_hist_media|vi6t_landsat_max_hist_media|lluvia_ciclo_mm_hist_media|estado|lon|edaf_grupo|sg_silt_0-5cm_mean,estado|lon,edaf_grupo|sg_silt_0-5cm_mean,curados_extendidos,v1
parcelas_multianio_ubic_est-lon_cec-silt_v1,curados_extendidos/parcelas_multianio_ubic_est-lon_cec-silt_v1.csv,multianio,ubic_est-lon,cec-silt,197,40,ID_POLIGONO|conjunto|rendimiento_t_ha|area_ha|ndvi_s2_int|ndvi_s2_media_sep_oct|crc_s2_media|vi6t_landsat_max|lai_planet_max|lluvia_ciclo_mm|pendiente_grados|elevacion_m|ndvi_s2_max_2022|ndvi_s2_int_2022|ndvi_s2_media_sep_oct_2022|ndvi_s2_max_2023|ndvi_s2_int_2023|ndvi_s2_media_sep_oct_2023|ndvi_s2_max_2024|ndvi_s2_int_2024|ndvi_s2_media_sep_oct_2024|crc_s2_media_2022|crc_s2_media_2023|crc_s2_media_2024|vi6t_landsat_max_2022|vi6t_landsat_max_2023|vi6t_landsat_max_2024|lluvia_ciclo_mm_2022|lluvia_ciclo_mm_2023|lluvia_ciclo_mm_2024|ndvi_s2_max_hist_media|ndvi_s2_int_hist_media|ndvi_s2_media_sep_oct_hist_media|crc_s2_media_hist_media|vi6t_landsat_max_hist_media|lluvia_ciclo_mm_hist_media|estado|lon|sg_cec_0-5cm_mean|sg_silt_0-5cm_mean,estado|lon,sg_cec_0-5cm_mean|sg_silt_0-5cm_mean,curados_extendidos,v1
parcelas_multianio_ubic_est-lon_n-edaf-cec_v1,curados_extendidos/parcelas_multianio_ubic_est-lon_n-edaf-cec_v1.csv,multianio,ubic_est-lon,n-edaf-cec,197,41,ID_POLIGONO|conjunto|rendimiento_t_ha|area_ha|ndvi_s2_int|ndvi_s2_media_sep_oct|crc_s2_media|vi6t_landsat_max|lai_planet_max|lluvia_ciclo_mm|pendiente_grados|elevacion_m|ndvi_s2_max_2022|ndvi_s2_int_2022|ndvi_s2_media_sep_oct_2022|ndvi_s2_max_2023|ndvi_s2_int_2023|ndvi_s2_media_sep_oct_2023|ndvi_s2_max_2024|ndvi_s2_int_2024|ndvi_s2_media_sep_oct_2024|crc_s2_media_2022|crc_s2_media_2023|crc_s2_media_2024|vi6t_landsat_max_2022|vi6t_landsat_max_2023|vi6t_landsat_max_2024|lluvia_ciclo_mm_2022|lluvia_ciclo_mm_2023|lluvia_ciclo_mm_2024|ndvi_s2_max_hist_media|ndvi_s2_int_hist_media|ndvi_s2_media_sep_oct_hist_media|crc_s2_media_hist_media|vi6t_landsat_max_hist_media|lluvia_ciclo_mm_hist_media|estado|lon|sg_nitrogen_0-5cm_mean|edaf_grupo|sg_cec_0-5cm_mean,estado|lon,sg_nitrogen_0-5cm_mean|edaf_grupo|sg_cec_0-5cm_mean,curados_extendidos,v1
parcelas_multianio_ubic_est-lon_n-edaf-silt_v1,curados_extendidos/parcelas_multianio_ubic_est-lon_n-edaf-silt_v1.csv,multianio,ubic_est-lon,n-edaf-silt,197,41,ID_POLIGONO|conjunto|rendimiento_t_ha|area_ha|ndvi_s2_int|ndvi_s2_media_sep_oct|crc_s2_media|vi6t_landsat_max|lai_planet_max|lluvia_ciclo_mm|pendiente_grados|elevacion_m|ndvi_s2_max_2022|ndvi_s2_int_2022|ndvi_s2_media_sep_oct_2022|ndvi_s2_max_2023|ndvi_s2_int_2023|ndvi_s2_media_sep_oct_2023|ndvi_s2_max_2024|ndvi_s2_int_2024|ndvi_s2_media_sep_oct_2024|crc_s2_media_2022|crc_s2_media_2023|crc_s2_media_2024|vi6t_landsat_max_2022|vi6t_landsat_max_2023|vi6t_landsat_max_2024|lluvia_ciclo_mm_2022|lluvia_ciclo_mm_2023|lluvia_ciclo_mm_2024|ndvi_s2_max_hist_media|ndvi_s2_int_hist_media|ndvi_s2_media_sep_oct_hist_media|crc_s2_media_hist_media|vi6t_landsat_max_hist_media|lluvia_ciclo_mm_hist_media|estado|lon|sg_nitrogen_0-5cm_mean|edaf_grupo|sg_silt_0-5cm_mean,estado|lon,sg_nitrogen_0-5cm_mean|edaf_grupo|sg_silt_0-5cm_mean,curados_extendidos,v1
parcelas_multianio_ubic_est-lon_n-cec-silt_v1,curados_extendidos/parcelas_multianio_ubic_est-lon_n-cec-silt_v1.csv,multianio,ubic_est-lon,n-cec-silt,197,41,ID_POLIGONO|conjunto|rendimiento_t_ha|area_ha|ndvi_s2_int|ndvi_s2_media_sep_oct|crc_s2_media|vi6t_landsat_max|lai_planet_max|lluvia_ciclo_mm|pendiente_grados|elevacion_m|ndvi_s2_max_2022|ndvi_s2_int_2022|ndvi_s2_media_sep_oct_2022|ndvi_s2_max_2023|ndvi_s2_int_2023|ndvi_s2_media_sep_oct_2023|ndvi_s2_max_2024|ndvi_s2_int_2024|ndvi_s2_media_sep_oct_2024|crc_s2_media_2022|crc_s2_media_2023|crc_s2_media_2024|vi6t_landsat_max_2022|vi6t_landsat_max_2023|vi6t_landsat_max_2024|lluvia_ciclo_mm_2022|lluvia_ciclo_mm_2023|lluvia_ciclo_mm_2024|ndvi_s2_max_hist_media|ndvi_s2_int_hist_media|ndvi_s2_media_sep_oct_hist_media|crc_s2_media_hist_media|vi6t_landsat_max_hist_media|lluvia_ciclo_mm_hist_media|estado|lon|sg_nitrogen_0-5cm_mean|sg_cec_0-5cm_mean|sg_silt_0-5cm_mean,estado|lon,sg_nitrogen_0-5cm_mean|sg_cec_0-5cm_mean|sg_silt_0-5cm_mean,curados_extendidos,v1
parcelas_multianio_ubic_est-lon_edaf-cec-silt_v1,curados_extendidos/parcelas_multianio_ubic_est-lon_edaf-cec-silt_v1.csv,multianio,ubic_est-lon,edaf-cec-silt,197,41,ID_POLIGONO|conjunto|rendimiento_t_ha|area_ha|ndvi_s2_int|ndvi_s2_media_sep_oct|crc_s2_media|vi6t_landsat_max|lai_planet_max|lluvia_ciclo_mm|pendiente_grados|elevacion_m|ndvi_s2_max_2022|ndvi_s2_int_2022|ndvi_s2_media_sep_oct_2022|ndvi_s2_max_2023|ndvi_s2_int_2023|ndvi_s2_media_sep_oct_2023|ndvi_s2_max_2024|ndvi_s2_int_2024|ndvi_s2_media_sep_oct_2024|crc_s2_media_2022|crc_s2_media_2023|crc_s2_media_2024|vi6t_landsat_max_2022|vi6t_landsat_max_2023|vi6t_landsat_max_2024|lluvia_ciclo_mm_2022|lluvia_ciclo_mm_2023|lluvia_ciclo_mm_2024|ndvi_s2_max_hist_media|ndvi_s2_int_hist_media|ndvi_s2_media_sep_oct_hist_media|crc_s2_media_hist_media|vi6t_landsat_max_hist_media|lluvia_ciclo_mm_hist_media|estado|lon|edaf_grupo|sg_cec_0-5cm_mean|sg_silt_0-5cm_mean,estado|lon,edaf_grupo|sg_cec_0-5cm_mean|sg_silt_0-5cm_mean,curados_extendidos,v1
parcelas_multianio_ubic_est-lon_n-edaf-cec-silt_v1,curados_extendidos/parcelas_multianio_ubic_est-lon_n-edaf-cec-silt_v1.csv,multianio,ubic_est-lon,n-edaf-cec-silt,197,42,ID_POLIGONO|conjunto|rendimiento_t_ha|area_ha|ndvi_s2_int|ndvi_s2_media_sep_oct|crc_s2_media|vi6t_landsat_max|lai_planet_max|lluvia_ciclo_mm|pendiente_grados|elevacion_m|ndvi_s2_max_2022|ndvi_s2_int_2022|ndvi_s2_media_sep_oct_2022|ndvi_s2_max_2023|ndvi_s2_int_2023|ndvi_s2_media_sep_oct_2023|ndvi_s2_max_2024|ndvi_s2_int_2024|ndvi_s2_media_sep_oct_2024|crc_s2_media_2022|crc_s2_media_2023|crc_s2_media_2024|vi6t_landsat_max_2022|vi6t_landsat_max_2023|vi6t_landsat_max_2024|lluvia_ciclo_mm_2022|lluvia_ciclo_mm_2023|lluvia_ciclo_mm_2024|ndvi_s2_max_hist_media|ndvi_s2_int_hist_media|ndvi_s2_media_sep_oct_hist_media|crc_s2_media_hist_media|vi6t_landsat_max_hist_media|lluvia_ciclo_mm_hist_media|estado|lon|sg_nitrogen_0-5cm_mean|edaf_grupo|sg_cec_0-5cm_mean|sg_silt_0-5cm_mean,estado|lon,sg_nitrogen_0-5cm_mean|edaf_grupo|sg_cec_0-5cm_mean|sg_silt_0-5cm_mean,curados_extendidos,v1
parcelas_multianio_ubic_est-lat_reto_v1,curados_reto/parcelas_multianio_ubic_est-lat_reto_v1.csv,multianio,ubic_est-lat,reto,197,38,ID_POLIGONO|conjunto|rendimiento_t_ha|area_ha|ndvi_s2_int|ndvi_s2_media_sep_oct|crc_s2_media|vi6t_landsat_max|lai_planet_max|lluvia_ciclo_mm|pendiente_grados|elevacion_m|ndvi_s2_max_2022|ndvi_s2_int_2022|ndvi_s2_media_sep_oct_2022|ndvi_s2_max_2023|ndvi_s2_int_2023|ndvi_s2_media_sep_oct_2023|ndvi_s2_max_2024|ndvi_s2_int_2024|ndvi_s2_media_sep_oct_2024|crc_s2_media_2022|crc_s2_media_2023|crc_s2_media_2024|vi6t_landsat_max_2022|vi6t_landsat_max_2023|vi6t_landsat_max_2024|lluvia_ciclo_mm_2022|lluvia_ciclo_mm_2023|lluvia_ciclo_mm_2024|ndvi_s2_max_hist_media|ndvi_s2_int_hist_media|ndvi_s2_media_sep_oct_hist_media|crc_s2_media_hist_media|vi6t_landsat_max_hist_media|lluvia_ciclo_mm_hist_media|estado|lat,estado|lat,,curados_reto,v1
parcelas_multianio_ubic_est-lat_n_v1,curados_extendidos/parcelas_multianio_ubic_est-lat_n_v1.csv,multianio,ubic_est-lat,n,197,39,ID_POLIGONO|conjunto|rendimiento_t_ha|area_ha|ndvi_s2_int|ndvi_s2_media_sep_oct|crc_s2_media|vi6t_landsat_max|lai_planet_max|lluvia_ciclo_mm|pendiente_grados|elevacion_m|ndvi_s2_max_2022|ndvi_s2_int_2022|ndvi_s2_media_sep_oct_2022|ndvi_s2_max_2023|ndvi_s2_int_2023|ndvi_s2_media_sep_oct_2023|ndvi_s2_max_2024|ndvi_s2_int_2024|ndvi_s2_media_sep_oct_2024|crc_s2_media_2022|crc_s2_media_2023|crc_s2_media_2024|vi6t_landsat_max_2022|vi6t_landsat_max_2023|vi6t_landsat_max_2024|lluvia_ciclo_mm_2022|lluvia_ciclo_mm_2023|lluvia_ciclo_mm_2024|ndvi_s2_max_hist_media|ndvi_s2_int_hist_media|ndvi_s2_media_sep_oct_hist_media|crc_s2_media_hist_media|vi6t_landsat_max_hist_media|lluvia_ciclo_mm_hist_media|estado|lat|sg_nitrogen_0-5cm_mean,estado|lat,sg_nitrogen_0-5cm_mean,curados_extendidos,v1
parcelas_multianio_ubic_est-lat_edaf_v1,curados_extendidos/parcelas_multianio_ubic_est-lat_edaf_v1.csv,multianio,ubic_est-lat,edaf,197,39,ID_POLIGONO|conjunto|rendimiento_t_ha|area_ha|ndvi_s2_int|ndvi_s2_media_sep_oct|crc_s2_media|vi6t_landsat_max|lai_planet_max|lluvia_ciclo_mm|pendiente_grados|elevacion_m|ndvi_s2_max_2022|ndvi_s2_int_2022|ndvi_s2_media_sep_oct_2022|ndvi_s2_max_2023|ndvi_s2_int_2023|ndvi_s2_media_sep_oct_2023|ndvi_s2_max_2024|ndvi_s2_int_2024|ndvi_s2_media_sep_oct_2024|crc_s2_media_2022|crc_s2_media_2023|crc_s2_media_2024|vi6t_landsat_max_2022|vi6t_landsat_max_2023|vi6t_landsat_max_2024|lluvia_ciclo_mm_2022|lluvia_ciclo_mm_2023|lluvia_ciclo_mm_2024|ndvi_s2_max_hist_media|ndvi_s2_int_hist_media|ndvi_s2_media_sep_oct_hist_media|crc_s2_media_hist_media|vi6t_landsat_max_hist_media|lluvia_ciclo_mm_hist_media|estado|lat|edaf_grupo,estado|lat,edaf_grupo,curados_extendidos,v1
parcelas_multianio_ubic_est-lat_cec_v1,curados_extendidos/parcelas_multianio_ubic_est-lat_cec_v1.csv,multianio,ubic_est-lat,cec,197,39,ID_POLIGONO|conjunto|rendimiento_t_ha|area_ha|ndvi_s2_int|ndvi_s2_media_sep_oct|crc_s2_media|vi6t_landsat_max|lai_planet_max|lluvia_ciclo_mm|pendiente_grados|elevacion_m|ndvi_s2_max_2022|ndvi_s2_int_2022|ndvi_s2_media_sep_oct_2022|ndvi_s2_max_2023|ndvi_s2_int_2023|ndvi_s2_media_sep_oct_2023|ndvi_s2_max_2024|ndvi_s2_int_2024|ndvi_s2_media_sep_oct_2024|crc_s2_media_2022|crc_s2_media_2023|crc_s2_media_2024|vi6t_landsat_max_2022|vi6t_landsat_max_2023|vi6t_landsat_max_2024|lluvia_ciclo_mm_2022|lluvia_ciclo_mm_2023|lluvia_ciclo_mm_2024|ndvi_s2_max_hist_media|ndvi_s2_int_hist_media|ndvi_s2_media_sep_oct_hist_media|crc_s2_media_hist_media|vi6t_landsat_max_hist_media|lluvia_ciclo_mm_hist_media|estado|lat|sg_cec_0-5cm_mean,estado|lat,sg_cec_0-5cm_mean,curados_extendidos,v1
parcelas_multianio_ubic_est-lat_silt_v1,curados_extendidos/parcelas_multianio_ubic_est-lat_silt_v1.csv,multianio,ubic_est-lat,silt,197,39,ID_POLIGONO|conjunto|rendimiento_t_ha|area_ha|ndvi_s2_int|ndvi_s2_media_sep_oct|crc_s2_media|vi6t_landsat_max|lai_planet_max|lluvia_ciclo_mm|pendiente_grados|elevacion_m|ndvi_s2_max_2022|ndvi_s2_int_2022|ndvi_s2_media_sep_oct_2022|ndvi_s2_max_2023|ndvi_s2_int_2023|ndvi_s2_media_sep_oct_2023|ndvi_s2_max_2024|ndvi_s2_int_2024|ndvi_s2_media_sep_oct_2024|crc_s2_media_2022|crc_s2_media_2023|crc_s2_media_2024|vi6t_landsat_max_2022|vi6t_landsat_max_2023|vi6t_landsat_max_2024|lluvia_ciclo_mm_2022|lluvia_ciclo_mm_2023|lluvia_ciclo_mm_2024|ndvi_s2_max_hist_media|ndvi_s2_int_hist_media|ndvi_s2_media_sep_oct_hist_media|crc_s2_media_hist_media|vi6t_landsat_max_hist_media|lluvia_ciclo_mm_hist_media|estado|lat|sg_silt_0-5cm_mean,estado|lat,sg_silt_0-5cm_mean,curados_extendidos,v1
parcelas_multianio_ubic_est-lat_n-edaf_v1,curados_extendidos/parcelas_multianio_ubic_est-lat_n-edaf_v1.csv,multianio,ubic_est-lat,n-edaf,197,40,ID_POLIGONO|conjunto|rendimiento_t_ha|area_ha|ndvi_s2_int|ndvi_s2_media_sep_oct|crc_s2_media|vi6t_landsat_max|lai_planet_max|lluvia_ciclo_mm|pendiente_grados|elevacion_m|ndvi_s2_max_2022|ndvi_s2_int_2022|ndvi_s2_media_sep_oct_2022|ndvi_s2_max_2023|ndvi_s2_int_2023|ndvi_s2_media_sep_oct_2023|ndvi_s2_max_2024|ndvi_s2_int_2024|ndvi_s2_media_sep_oct_2024|crc_s2_media_2022|crc_s2_media_2023|crc_s2_media_2024|vi6t_landsat_max_2022|vi6t_landsat_max_2023|vi6t_landsat_max_2024|lluvia_ciclo_mm_2022|lluvia_ciclo_mm_2023|lluvia_ciclo_mm_2024|ndvi_s2_max_hist_media|ndvi_s2_int_hist_media|ndvi_s2_media_sep_oct_hist_media|crc_s2_media_hist_media|vi6t_landsat_max_hist_media|lluvia_ciclo_mm_hist_media|estado|lat|sg_nitrogen_0-5cm_mean|edaf_grupo,estado|lat,sg_nitrogen_0-5cm_mean|edaf_grupo,curados_extendidos,v1
parcelas_multianio_ubic_est-lat_n-cec_v1,curados_extendidos/parcelas_multianio_ubic_est-lat_n-cec_v1.csv,multianio,ubic_est-lat,n-cec,197,40,ID_POLIGONO|conjunto|rendimiento_t_ha|area_ha|ndvi_s2_int|ndvi_s2_media_sep_oct|crc_s2_media|vi6t_landsat_max|lai_planet_max|lluvia_ciclo_mm|pendiente_grados|elevacion_m|ndvi_s2_max_2022|ndvi_s2_int_2022|ndvi_s2_media_sep_oct_2022|ndvi_s2_max_2023|ndvi_s2_int_2023|ndvi_s2_media_sep_oct_2023|ndvi_s2_max_2024|ndvi_s2_int_2024|ndvi_s2_media_sep_oct_2024|crc_s2_media_2022|crc_s2_media_2023|crc_s2_media_2024|vi6t_landsat_max_2022|vi6t_landsat_max_2023|vi6t_landsat_max_2024|lluvia_ciclo_mm_2022|lluvia_ciclo_mm_2023|lluvia_ciclo_mm_2024|ndvi_s2_max_hist_media|ndvi_s2_int_hist_media|ndvi_s2_media_sep_oct_hist_media|crc_s2_media_hist_media|vi6t_landsat_max_hist_media|lluvia_ciclo_mm_hist_media|estado|lat|sg_nitrogen_0-5cm_mean|sg_cec_0-5cm_mean,estado|lat,sg_nitrogen_0-5cm_mean|sg_cec_0-5cm_mean,curados_extendidos,v1
parcelas_multianio_ubic_est-lat_n-silt_v1,curados_extendidos/parcelas_multianio_ubic_est-lat_n-silt_v1.csv,multianio,ubic_est-lat,n-silt,197,40,ID_POLIGONO|conjunto|rendimiento_t_ha|area_ha|ndvi_s2_int|ndvi_s2_media_sep_oct|crc_s2_media|vi6t_landsat_max|lai_planet_max|lluvia_ciclo_mm|pendiente_grados|elevacion_m|ndvi_s2_max_2022|ndvi_s2_int_2022|ndvi_s2_media_sep_oct_2022|ndvi_s2_max_2023|ndvi_s2_int_2023|ndvi_s2_media_sep_oct_2023|ndvi_s2_max_2024|ndvi_s2_int_2024|ndvi_s2_media_sep_oct_2024|crc_s2_media_2022|crc_s2_media_2023|crc_s2_media_2024|vi6t_landsat_max_2022|vi6t_landsat_max_2023|vi6t_landsat_max_2024|lluvia_ciclo_mm_2022|lluvia_ciclo_mm_2023|lluvia_ciclo_mm_2024|ndvi_s2_max_hist_media|ndvi_s2_int_hist_media|ndvi_s2_media_sep_oct_hist_media|crc_s2_media_hist_media|vi6t_landsat_max_hist_media|lluvia_ciclo_mm_hist_media|estado|lat|sg_nitrogen_0-5cm_mean|sg_silt_0-5cm_mean,estado|lat,sg_nitrogen_0-5cm_mean|sg_silt_0-5cm_mean,curados_extendidos,v1
parcelas_multianio_ubic_est-lat_edaf-cec_v1,curados_extendidos/parcelas_multianio_ubic_est-lat_edaf-cec_v1.csv,multianio,ubic_est-lat,edaf-cec,197,40,ID_POLIGONO|conjunto|rendimiento_t_ha|area_ha|ndvi_s2_int|ndvi_s2_media_sep_oct|crc_s2_media|vi6t_landsat_max|lai_planet_max|lluvia_ciclo_mm|pendiente_grados|elevacion_m|ndvi_s2_max_2022|ndvi_s2_int_2022|ndvi_s2_media_sep_oct_2022|ndvi_s2_max_2023|ndvi_s2_int_2023|ndvi_s2_media_sep_oct_2023|ndvi_s2_max_2024|ndvi_s2_int_2024|ndvi_s2_media_sep_oct_2024|crc_s2_media_2022|crc_s2_media_2023|crc_s2_media_2024|vi6t_landsat_max_2022|vi6t_landsat_max_2023|vi6t_landsat_max_2024|lluvia_ciclo_mm_2022|lluvia_ciclo_mm_2023|lluvia_ciclo_mm_2024|ndvi_s2_max_hist_media|ndvi_s2_int_hist_media|ndvi_s2_media_sep_oct_hist_media|crc_s2_media_hist_media|vi6t_landsat_max_hist_media|lluvia_ciclo_mm_hist_media|estado|lat|edaf_grupo|sg_cec_0-5cm_mean,estado|lat,edaf_grupo|sg_cec_0-5cm_mean,curados_extendidos,v1
parcelas_multianio_ubic_est-lat_edaf-silt_v1,curados_extendidos/parcelas_multianio_ubic_est-lat_edaf-silt_v1.csv,multianio,ubic_est-lat,edaf-silt,197,40,ID_POLIGONO|conjunto|rendimiento_t_ha|area_ha|ndvi_s2_int|ndvi_s2_media_sep_oct|crc_s2_media|vi6t_landsat_max|lai_planet_max|lluvia_ciclo_mm|pendiente_grados|elevacion_m|ndvi_s2_max_2022|ndvi_s2_int_2022|ndvi_s2_media_sep_oct_2022|ndvi_s2_max_2023|ndvi_s2_int_2023|ndvi_s2_media_sep_oct_2023|ndvi_s2_max_2024|ndvi_s2_int_2024|ndvi_s2_media_sep_oct_2024|crc_s2_media_2022|crc_s2_media_2023|crc_s2_media_2024|vi6t_landsat_max_2022|vi6t_landsat_max_2023|vi6t_landsat_max_2024|lluvia_ciclo_mm_2022|lluvia_ciclo_mm_2023|lluvia_ciclo_mm_2024|ndvi_s2_max_hist_media|ndvi_s2_int_hist_media|ndvi_s2_media_sep_oct_hist_media|crc_s2_media_hist_media|vi6t_landsat_max_hist_media|lluvia_ciclo_mm_hist_media|estado|lat|edaf_grupo|sg_silt_0-5cm_mean,estado|lat,edaf_grupo|sg_silt_0-5cm_mean,curados_extendidos,v1
parcelas_multianio_ubic_est-lat_cec-silt_v1,curados_extendidos/parcelas_multianio_ubic_est-lat_cec-silt_v1.csv,multianio,ubic_est-lat,cec-silt,197,40,ID_POLIGONO|conjunto|rendimiento_t_ha|area_ha|ndvi_s2_int|ndvi_s2_media_sep_oct|crc_s2_media|vi6t_landsat_max|lai_planet_max|lluvia_ciclo_mm|pendiente_grados|elevacion_m|ndvi_s2_max_2022|ndvi_s2_int_2022|ndvi_s2_media_sep_oct_2022|ndvi_s2_max_2023|ndvi_s2_int_2023|ndvi_s2_media_sep_oct_2023|ndvi_s2_max_2024|ndvi_s2_int_2024|ndvi_s2_media_sep_oct_2024|crc_s2_media_2022|crc_s2_media_2023|crc_s2_media_2024|vi6t_landsat_max_2022|vi6t_landsat_max_2023|vi6t_landsat_max_2024|lluvia_ciclo_mm_2022|lluvia_ciclo_mm_2023|lluvia_ciclo_mm_2024|ndvi_s2_max_hist_media|ndvi_s2_int_hist_media|ndvi_s2_media_sep_oct_hist_media|crc_s2_media_hist_media|vi6t_landsat_max_hist_media|lluvia_ciclo_mm_hist_media|estado|lat|sg_cec_0-5cm_mean|sg_silt_0-5cm_mean,estado|lat,sg_cec_0-5cm_mean|sg_silt_0-5cm_mean,curados_extendidos,v1
parcelas_multianio_ubic_est-lat_n-edaf-cec_v1,curados_extendidos/parcelas_multianio_ubic_est-lat_n-edaf-cec_v1.csv,multianio,ubic_est-lat,n-edaf-cec,197,41,ID_POLIGONO|conjunto|rendimiento_t_ha|area_ha|ndvi_s2_int|ndvi_s2_media_sep_oct|crc_s2_media|vi6t_landsat_max|lai_planet_max|lluvia_ciclo_mm|pendiente_grados|elevacion_m|ndvi_s2_max_2022|ndvi_s2_int_2022|ndvi_s2_media_sep_oct_2022|ndvi_s2_max_2023|ndvi_s2_int_2023|ndvi_s2_media_sep_oct_2023|ndvi_s2_max_2024|ndvi_s2_int_2024|ndvi_s2_media_sep_oct_2024|crc_s2_media_2022|crc_s2_media_2023|crc_s2_media_2024|vi6t_landsat_max_2022|vi6t_landsat_max_2023|vi6t_landsat_max_2024|lluvia_ciclo_mm_2022|lluvia_ciclo_mm_2023|lluvia_ciclo_mm_2024|ndvi_s2_max_hist_media|ndvi_s2_int_hist_media|ndvi_s2_media_sep_oct_hist_media|crc_s2_media_hist_media|vi6t_landsat_max_hist_media|lluvia_ciclo_mm_hist_media|estado|lat|sg_nitrogen_0-5cm_mean|edaf_grupo|sg_cec_0-5cm_mean,estado|lat,sg_nitrogen_0-5cm_mean|edaf_grupo|sg_cec_0-5cm_mean,curados_extendidos,v1
parcelas_multianio_ubic_est-lat_n-edaf-silt_v1,curados_extendidos/parcelas_multianio_ubic_est-lat_n-edaf-silt_v1.csv,multianio,ubic_est-lat,n-edaf-silt,197,41,ID_POLIGONO|conjunto|rendimiento_t_ha|area_ha|ndvi_s2_int|ndvi_s2_media_sep_oct|crc_s2_media|vi6t_landsat_max|lai_planet_max|lluvia_ciclo_mm|pendiente_grados|elevacion_m|ndvi_s2_max_2022|ndvi_s2_int_2022|ndvi_s2_media_sep_oct_2022|ndvi_s2_max_2023|ndvi_s2_int_2023|ndvi_s2_media_sep_oct_2023|ndvi_s2_max_2024|ndvi_s2_int_2024|ndvi_s2_media_sep_oct_2024|crc_s2_media_2022|crc_s2_media_2023|crc_s2_media_2024|vi6t_landsat_max_2022|vi6t_landsat_max_2023|vi6t_landsat_max_2024|lluvia_ciclo_mm_2022|lluvia_ciclo_mm_2023|lluvia_ciclo_mm_2024|ndvi_s2_max_hist_media|ndvi_s2_int_hist_media|ndvi_s2_media_sep_oct_hist_media|crc_s2_media_hist_media|vi6t_landsat_max_hist_media|lluvia_ciclo_mm_hist_media|estado|lat|sg_nitrogen_0-5cm_mean|edaf_grupo|sg_silt_0-5cm_mean,estado|lat,sg_nitrogen_0-5cm_mean|edaf_grupo|sg_silt_0-5cm_mean,curados_extendidos,v1
parcelas_multianio_ubic_est-lat_n-cec-silt_v1,curados_extendidos/parcelas_multianio_ubic_est-lat_n-cec-silt_v1.csv,multianio,ubic_est-lat,n-cec-silt,197,41,ID_POLIGONO|conjunto|rendimiento_t_ha|area_ha|ndvi_s2_int|ndvi_s2_media_sep_oct|crc_s2_media|vi6t_landsat_max|lai_planet_max|lluvia_ciclo_mm|pendiente_grados|elevacion_m|ndvi_s2_max_2022|ndvi_s2_int_2022|ndvi_s2_media_sep_oct_2022|ndvi_s2_max_2023|ndvi_s2_int_2023|ndvi_s2_media_sep_oct_2023|ndvi_s2_max_2024|ndvi_s2_int_2024|ndvi_s2_media_sep_oct_2024|crc_s2_media_2022|crc_s2_media_2023|crc_s2_media_2024|vi6t_landsat_max_2022|vi6t_landsat_max_2023|vi6t_landsat_max_2024|lluvia_ciclo_mm_2022|lluvia_ciclo_mm_2023|lluvia_ciclo_mm_2024|ndvi_s2_max_hist_media|ndvi_s2_int_hist_media|ndvi_s2_media_sep_oct_hist_media|crc_s2_media_hist_media|vi6t_landsat_max_hist_media|lluvia_ciclo_mm_hist_media|estado|lat|sg_nitrogen_0-5cm_mean|sg_cec_0-5cm_mean|sg_silt_0-5cm_mean,estado|lat,sg_nitrogen_0-5cm_mean|sg_cec_0-5cm_mean|sg_silt_0-5cm_mean,curados_extendidos,v1
parcelas_multianio_ubic_est-lat_edaf-cec-silt_v1,curados_extendidos/parcelas_multianio_ubic_est-lat_edaf-cec-silt_v1.csv,multianio,ubic_est-lat,edaf-cec-silt,197,41,ID_POLIGONO|conjunto|rendimiento_t_ha|area_ha|ndvi_s2_int|ndvi_s2_media_sep_oct|crc_s2_media|vi6t_landsat_max|lai_planet_max|lluvia_ciclo_mm|pendiente_grados|elevacion_m|ndvi_s2_max_2022|ndvi_s2_int_2022|ndvi_s2_media_sep_oct_2022|ndvi_s2_max_2023|ndvi_s2_int_2023|ndvi_s2_media_sep_oct_2023|ndvi_s2_max_2024|ndvi_s2_int_2024|ndvi_s2_media_sep_oct_2024|crc_s2_media_2022|crc_s2_media_2023|crc_s2_media_2024|vi6t_landsat_max_2022|vi6t_landsat_max_2023|vi6t_landsat_max_2024|lluvia_ciclo_mm_2022|lluvia_ciclo_mm_2023|lluvia_ciclo_mm_2024|ndvi_s2_max_hist_media|ndvi_s2_int_hist_media|ndvi_s2_media_sep_oct_hist_media|crc_s2_media_hist_media|vi6t_landsat_max_hist_media|lluvia_ciclo_mm_hist_media|estado|lat|edaf_grupo|sg_cec_0-5cm_mean|sg_silt_0-5cm_mean,estado|lat,edaf_grupo|sg_cec_0-5cm_mean|sg_silt_0-5cm_mean,curados_extendidos,v1
parcelas_multianio_ubic_est-lat_n-edaf-cec-silt_v1,curados_extendidos/parcelas_multianio_ubic_est-lat_n-edaf-cec-silt_v1.csv,multianio,ubic_est-lat,n-edaf-cec-silt,197,42,ID_POLIGONO|conjunto|rendimiento_t_ha|area_ha|ndvi_s2_int|ndvi_s2_media_sep_oct|crc_s2_media|vi6t_landsat_max|lai_planet_max|lluvia_ciclo_mm|pendiente_grados|elevacion_m|ndvi_s2_max_2022|ndvi_s2_int_2022|ndvi_s2_media_sep_oct_2022|ndvi_s2_max_2023|ndvi_s2_int_2023|ndvi_s2_media_sep_oct_2023|ndvi_s2_max_2024|ndvi_s2_int_2024|ndvi_s2_media_sep_oct_2024|crc_s2_media_2022|crc_s2_media_2023|crc_s2_media_2024|vi6t_landsat_max_2022|vi6t_landsat_max_2023|vi6t_landsat_max_2024|lluvia_ciclo_mm_2022|lluvia_ciclo_mm_2023|lluvia_ciclo_mm_2024|ndvi_s2_max_hist_media|ndvi_s2_int_hist_media|ndvi_s2_media_sep_oct_hist_media|crc_s2_media_hist_media|vi6t_landsat_max_hist_media|lluvia_ciclo_mm_hist_media|estado|lat|sg_nitrogen_0-5cm_mean|edaf_grupo|sg_cec_0-5cm_mean|sg_silt_0-5cm_mean,estado|lat,sg_nitrogen_0-5cm_mean|edaf_grupo|sg_cec_0-5cm_mean|sg_silt_0-5cm_mean,curados_extendidos,v1
parcelas_multianio_ubic_est-pix_reto_v1,curados_reto/parcelas_multianio_ubic_est-pix_reto_v1.csv,multianio,ubic_est-pix,reto,197,38,ID_POLIGONO|conjunto|rendimiento_t_ha|area_ha|ndvi_s2_int|ndvi_s2_media_sep_oct|crc_s2_media|vi6t_landsat_max|lai_planet_max|lluvia_ciclo_mm|pendiente_grados|elevacion_m|ndvi_s2_max_2022|ndvi_s2_int_2022|ndvi_s2_media_sep_oct_2022|ndvi_s2_max_2023|ndvi_s2_int_2023|ndvi_s2_media_sep_oct_2023|ndvi_s2_max_2024|ndvi_s2_int_2024|ndvi_s2_media_sep_oct_2024|crc_s2_media_2022|crc_s2_media_2023|crc_s2_media_2024|vi6t_landsat_max_2022|vi6t_landsat_max_2023|vi6t_landsat_max_2024|lluvia_ciclo_mm_2022|lluvia_ciclo_mm_2023|lluvia_ciclo_mm_2024|ndvi_s2_max_hist_media|ndvi_s2_int_hist_media|ndvi_s2_media_sep_oct_hist_media|crc_s2_media_hist_media|vi6t_landsat_max_hist_media|lluvia_ciclo_mm_hist_media|estado|pixel_clima,estado|pixel_clima,,curados_reto,v1
parcelas_multianio_ubic_est-pix_n_v1,curados_extendidos/parcelas_multianio_ubic_est-pix_n_v1.csv,multianio,ubic_est-pix,n,197,39,ID_POLIGONO|conjunto|rendimiento_t_ha|area_ha|ndvi_s2_int|ndvi_s2_media_sep_oct|crc_s2_media|vi6t_landsat_max|lai_planet_max|lluvia_ciclo_mm|pendiente_grados|elevacion_m|ndvi_s2_max_2022|ndvi_s2_int_2022|ndvi_s2_media_sep_oct_2022|ndvi_s2_max_2023|ndvi_s2_int_2023|ndvi_s2_media_sep_oct_2023|ndvi_s2_max_2024|ndvi_s2_int_2024|ndvi_s2_media_sep_oct_2024|crc_s2_media_2022|crc_s2_media_2023|crc_s2_media_2024|vi6t_landsat_max_2022|vi6t_landsat_max_2023|vi6t_landsat_max_2024|lluvia_ciclo_mm_2022|lluvia_ciclo_mm_2023|lluvia_ciclo_mm_2024|ndvi_s2_max_hist_media|ndvi_s2_int_hist_media|ndvi_s2_media_sep_oct_hist_media|crc_s2_media_hist_media|vi6t_landsat_max_hist_media|lluvia_ciclo_mm_hist_media|estado|pixel_clima|sg_nitrogen_0-5cm_mean,estado|pixel_clima,sg_nitrogen_0-5cm_mean,curados_extendidos,v1
parcelas_multianio_ubic_est-pix_edaf_v1,curados_extendidos/parcelas_multianio_ubic_est-pix_edaf_v1.csv,multianio,ubic_est-pix,edaf,197,39,ID_POLIGONO|conjunto|rendimiento_t_ha|area_ha|ndvi_s2_int|ndvi_s2_media_sep_oct|crc_s2_media|vi6t_landsat_max|lai_planet_max|lluvia_ciclo_mm|pendiente_grados|elevacion_m|ndvi_s2_max_2022|ndvi_s2_int_2022|ndvi_s2_media_sep_oct_2022|ndvi_s2_max_2023|ndvi_s2_int_2023|ndvi_s2_media_sep_oct_2023|ndvi_s2_max_2024|ndvi_s2_int_2024|ndvi_s2_media_sep_oct_2024|crc_s2_media_2022|crc_s2_media_2023|crc_s2_media_2024|vi6t_landsat_max_2022|vi6t_landsat_max_2023|vi6t_landsat_max_2024|lluvia_ciclo_mm_2022|lluvia_ciclo_mm_2023|lluvia_ciclo_mm_2024|ndvi_s2_max_hist_media|ndvi_s2_int_hist_media|ndvi_s2_media_sep_oct_hist_media|crc_s2_media_hist_media|vi6t_landsat_max_hist_media|lluvia_ciclo_mm_hist_media|estado|pixel_clima|edaf_grupo,estado|pixel_clima,edaf_grupo,curados_extendidos,v1
parcelas_multianio_ubic_est-pix_cec_v1,curados_extendidos/parcelas_multianio_ubic_est-pix_cec_v1.csv,multianio,ubic_est-pix,cec,197,39,ID_POLIGONO|conjunto|rendimiento_t_ha|area_ha|ndvi_s2_int|ndvi_s2_media_sep_oct|crc_s2_media|vi6t_landsat_max|lai_planet_max|lluvia_ciclo_mm|pendiente_grados|elevacion_m|ndvi_s2_max_2022|ndvi_s2_int_2022|ndvi_s2_media_sep_oct_2022|ndvi_s2_max_2023|ndvi_s2_int_2023|ndvi_s2_media_sep_oct_2023|ndvi_s2_max_2024|ndvi_s2_int_2024|ndvi_s2_media_sep_oct_2024|crc_s2_media_2022|crc_s2_media_2023|crc_s2_media_2024|vi6t_landsat_max_2022|vi6t_landsat_max_2023|vi6t_landsat_max_2024|lluvia_ciclo_mm_2022|lluvia_ciclo_mm_2023|lluvia_ciclo_mm_2024|ndvi_s2_max_hist_media|ndvi_s2_int_hist_media|ndvi_s2_media_sep_oct_hist_media|crc_s2_media_hist_media|vi6t_landsat_max_hist_media|lluvia_ciclo_mm_hist_media|estado|pixel_clima|sg_cec_0-5cm_mean,estado|pixel_clima,sg_cec_0-5cm_mean,curados_extendidos,v1
parcelas_multianio_ubic_est-pix_silt_v1,curados_extendidos/parcelas_multianio_ubic_est-pix_silt_v1.csv,multianio,ubic_est-pix,silt,197,39,ID_POLIGONO|conjunto|rendimiento_t_ha|area_ha|ndvi_s2_int|ndvi_s2_media_sep_oct|crc_s2_media|vi6t_landsat_max|lai_planet_max|lluvia_ciclo_mm|pendiente_grados|elevacion_m|ndvi_s2_max_2022|ndvi_s2_int_2022|ndvi_s2_media_sep_oct_2022|ndvi_s2_max_2023|ndvi_s2_int_2023|ndvi_s2_media_sep_oct_2023|ndvi_s2_max_2024|ndvi_s2_int_2024|ndvi_s2_media_sep_oct_2024|crc_s2_media_2022|crc_s2_media_2023|crc_s2_media_2024|vi6t_landsat_max_2022|vi6t_landsat_max_2023|vi6t_landsat_max_2024|lluvia_ciclo_mm_2022|lluvia_ciclo_mm_2023|lluvia_ciclo_mm_2024|ndvi_s2_max_hist_media|ndvi_s2_int_hist_media|ndvi_s2_media_sep_oct_hist_media|crc_s2_media_hist_media|vi6t_landsat_max_hist_media|lluvia_ciclo_mm_hist_media|estado|pixel_clima|sg_silt_0-5cm_mean,estado|pixel_clima,sg_silt_0-5cm_mean,curados_extendidos,v1
parcelas_multianio_ubic_est-pix_n-edaf_v1,curados_extendidos/parcelas_multianio_ubic_est-pix_n-edaf_v1.csv,multianio,ubic_est-pix,n-edaf,197,40,ID_POLIGONO|conjunto|rendimiento_t_ha|area_ha|ndvi_s2_int|ndvi_s2_media_sep_oct|crc_s2_media|vi6t_landsat_max|lai_planet_max|lluvia_ciclo_mm|pendiente_grados|elevacion_m|ndvi_s2_max_2022|ndvi_s2_int_2022|ndvi_s2_media_sep_oct_2022|ndvi_s2_max_2023|ndvi_s2_int_2023|ndvi_s2_media_sep_oct_2023|ndvi_s2_max_2024|ndvi_s2_int_2024|ndvi_s2_media_sep_oct_2024|crc_s2_media_2022|crc_s2_media_2023|crc_s2_media_2024|vi6t_landsat_max_2022|vi6t_landsat_max_2023|vi6t_landsat_max_2024|lluvia_ciclo_mm_2022|lluvia_ciclo_mm_2023|lluvia_ciclo_mm_2024|ndvi_s2_max_hist_media|ndvi_s2_int_hist_media|ndvi_s2_media_sep_oct_hist_media|crc_s2_media_hist_media|vi6t_landsat_max_hist_media|lluvia_ciclo_mm_hist_media|estado|pixel_clima|sg_nitrogen_0-5cm_mean|edaf_grupo,estado|pixel_clima,sg_nitrogen_0-5cm_mean|edaf_grupo,curados_extendidos,v1
parcelas_multianio_ubic_est-pix_n-cec_v1,curados_extendidos/parcelas_multianio_ubic_est-pix_n-cec_v1.csv,multianio,ubic_est-pix,n-cec,197,40,ID_POLIGONO|conjunto|rendimiento_t_ha|area_ha|ndvi_s2_int|ndvi_s2_media_sep_oct|crc_s2_media|vi6t_landsat_max|lai_planet_max|lluvia_ciclo_mm|pendiente_grados|elevacion_m|ndvi_s2_max_2022|ndvi_s2_int_2022|ndvi_s2_media_sep_oct_2022|ndvi_s2_max_2023|ndvi_s2_int_2023|ndvi_s2_media_sep_oct_2023|ndvi_s2_max_2024|ndvi_s2_int_2024|ndvi_s2_media_sep_oct_2024|crc_s2_media_2022|crc_s2_media_2023|crc_s2_media_2024|vi6t_landsat_max_2022|vi6t_landsat_max_2023|vi6t_landsat_max_2024|lluvia_ciclo_mm_2022|lluvia_ciclo_mm_2023|lluvia_ciclo_mm_2024|ndvi_s2_max_hist_media|ndvi_s2_int_hist_media|ndvi_s2_media_sep_oct_hist_media|crc_s2_media_hist_media|vi6t_landsat_max_hist_media|lluvia_ciclo_mm_hist_media|estado|pixel_clima|sg_nitrogen_0-5cm_mean|sg_cec_0-5cm_mean,estado|pixel_clima,sg_nitrogen_0-5cm_mean|sg_cec_0-5cm_mean,curados_extendidos,v1
parcelas_multianio_ubic_est-pix_n-silt_v1,curados_extendidos/parcelas_multianio_ubic_est-pix_n-silt_v1.csv,multianio,ubic_est-pix,n-silt,197,40,ID_POLIGONO|conjunto|rendimiento_t_ha|area_ha|ndvi_s2_int|ndvi_s2_media_sep_oct|crc_s2_media|vi6t_landsat_max|lai_planet_max|lluvia_ciclo_mm|pendiente_grados|elevacion_m|ndvi_s2_max_2022|ndvi_s2_int_2022|ndvi_s2_media_sep_oct_2022|ndvi_s2_max_2023|ndvi_s2_int_2023|ndvi_s2_media_sep_oct_2023|ndvi_s2_max_2024|ndvi_s2_int_2024|ndvi_s2_media_sep_oct_2024|crc_s2_media_2022|crc_s2_media_2023|crc_s2_media_2024|vi6t_landsat_max_2022|vi6t_landsat_max_2023|vi6t_landsat_max_2024|lluvia_ciclo_mm_2022|lluvia_ciclo_mm_2023|lluvia_ciclo_mm_2024|ndvi_s2_max_hist_media|ndvi_s2_int_hist_media|ndvi_s2_media_sep_oct_hist_media|crc_s2_media_hist_media|vi6t_landsat_max_hist_media|lluvia_ciclo_mm_hist_media|estado|pixel_clima|sg_nitrogen_0-5cm_mean|sg_silt_0-5cm_mean,estado|pixel_clima,sg_nitrogen_0-5cm_mean|sg_silt_0-5cm_mean,curados_extendidos,v1
parcelas_multianio_ubic_est-pix_edaf-cec_v1,curados_extendidos/parcelas_multianio_ubic_est-pix_edaf-cec_v1.csv,multianio,ubic_est-pix,edaf-cec,197,40,ID_POLIGONO|conjunto|rendimiento_t_ha|area_ha|ndvi_s2_int|ndvi_s2_media_sep_oct|crc_s2_media|vi6t_landsat_max|lai_planet_max|lluvia_ciclo_mm|pendiente_grados|elevacion_m|ndvi_s2_max_2022|ndvi_s2_int_2022|ndvi_s2_media_sep_oct_2022|ndvi_s2_max_2023|ndvi_s2_int_2023|ndvi_s2_media_sep_oct_2023|ndvi_s2_max_2024|ndvi_s2_int_2024|ndvi_s2_media_sep_oct_2024|crc_s2_media_2022|crc_s2_media_2023|crc_s2_media_2024|vi6t_landsat_max_2022|vi6t_landsat_max_2023|vi6t_landsat_max_2024|lluvia_ciclo_mm_2022|lluvia_ciclo_mm_2023|lluvia_ciclo_mm_2024|ndvi_s2_max_hist_media|ndvi_s2_int_hist_media|ndvi_s2_media_sep_oct_hist_media|crc_s2_media_hist_media|vi6t_landsat_max_hist_media|lluvia_ciclo_mm_hist_media|estado|pixel_clima|edaf_grupo|sg_cec_0-5cm_mean,estado|pixel_clima,edaf_grupo|sg_cec_0-5cm_mean,curados_extendidos,v1
parcelas_multianio_ubic_est-pix_edaf-silt_v1,curados_extendidos/parcelas_multianio_ubic_est-pix_edaf-silt_v1.csv,multianio,ubic_est-pix,edaf-silt,197,40,ID_POLIGONO|conjunto|rendimiento_t_ha|area_ha|ndvi_s2_int|ndvi_s2_media_sep_oct|crc_s2_media|vi6t_landsat_max|lai_planet_max|lluvia_ciclo_mm|pendiente_grados|elevacion_m|ndvi_s2_max_2022|ndvi_s2_int_2022|ndvi_s2_media_sep_oct_2022|ndvi_s2_max_2023|ndvi_s2_int_2023|ndvi_s2_media_sep_oct_2023|ndvi_s2_max_2024|ndvi_s2_int_2024|ndvi_s2_media_sep_oct_2024|crc_s2_media_2022|crc_s2_media_2023|crc_s2_media_2024|vi6t_landsat_max_2022|vi6t_landsat_max_2023|vi6t_landsat_max_2024|lluvia_ciclo_mm_2022|lluvia_ciclo_mm_2023|lluvia_ciclo_mm_2024|ndvi_s2_max_hist_media|ndvi_s2_int_hist_media|ndvi_s2_media_sep_oct_hist_media|crc_s2_media_hist_media|vi6t_landsat_max_hist_media|lluvia_ciclo_mm_hist_media|estado|pixel_clima|edaf_grupo|sg_silt_0-5cm_mean,estado|pixel_clima,edaf_grupo|sg_silt_0-5cm_mean,curados_extendidos,v1
parcelas_multianio_ubic_est-pix_cec-silt_v1,curados_extendidos/parcelas_multianio_ubic_est-pix_cec-silt_v1.csv,multianio,ubic_est-pix,cec-silt,197,40,ID_POLIGONO|conjunto|rendimiento_t_ha|area_ha|ndvi_s2_int|ndvi_s2_media_sep_oct|crc_s2_media|vi6t_landsat_max|lai_planet_max|lluvia_ciclo_mm|pendiente_grados|elevacion_m|ndvi_s2_max_2022|ndvi_s2_int_2022|ndvi_s2_media_sep_oct_2022|ndvi_s2_max_2023|ndvi_s2_int_2023|ndvi_s2_media_sep_oct_2023|ndvi_s2_max_2024|ndvi_s2_int_2024|ndvi_s2_media_sep_oct_2024|crc_s2_media_2022|crc_s2_media_2023|crc_s2_media_2024|vi6t_landsat_max_2022|vi6t_landsat_max_2023|vi6t_landsat_max_2024|lluvia_ciclo_mm_2022|lluvia_ciclo_mm_2023|lluvia_ciclo_mm_2024|ndvi_s2_max_hist_media|ndvi_s2_int_hist_media|ndvi_s2_media_sep_oct_hist_media|crc_s2_media_hist_media|vi6t_landsat_max_hist_media|lluvia_ciclo_mm_hist_media|estado|pixel_clima|sg_cec_0-5cm_mean|sg_silt_0-5cm_mean,estado|pixel_clima,sg_cec_0-5cm_mean|sg_silt_0-5cm_mean,curados_extendidos,v1
parcelas_multianio_ubic_est-pix_n-edaf-cec_v1,curados_extendidos/parcelas_multianio_ubic_est-pix_n-edaf-cec_v1.csv,multianio,ubic_est-pix,n-edaf-cec,197,41,ID_POLIGONO|conjunto|rendimiento_t_ha|area_ha|ndvi_s2_int|ndvi_s2_media_sep_oct|crc_s2_media|vi6t_landsat_max|lai_planet_max|lluvia_ciclo_mm|pendiente_grados|elevacion_m|ndvi_s2_max_2022|ndvi_s2_int_2022|ndvi_s2_media_sep_oct_2022|ndvi_s2_max_2023|ndvi_s2_int_2023|ndvi_s2_media_sep_oct_2023|ndvi_s2_max_2024|ndvi_s2_int_2024|ndvi_s2_media_sep_oct_2024|crc_s2_media_2022|crc_s2_media_2023|crc_s2_media_2024|vi6t_landsat_max_2022|vi6t_landsat_max_2023|vi6t_landsat_max_2024|lluvia_ciclo_mm_2022|lluvia_ciclo_mm_2023|lluvia_ciclo_mm_2024|ndvi_s2_max_hist_media|ndvi_s2_int_hist_media|ndvi_s2_media_sep_oct_hist_media|crc_s2_media_hist_media|vi6t_landsat_max_hist_media|lluvia_ciclo_mm_hist_media|estado|pixel_clima|sg_nitrogen_0-5cm_mean|edaf_grupo|sg_cec_0-5cm_mean,estado|pixel_clima,sg_nitrogen_0-5cm_mean|edaf_grupo|sg_cec_0-5cm_mean,curados_extendidos,v1
parcelas_multianio_ubic_est-pix_n-edaf-silt_v1,curados_extendidos/parcelas_multianio_ubic_est-pix_n-edaf-silt_v1.csv,multianio,ubic_est-pix,n-edaf-silt,197,41,ID_POLIGONO|conjunto|rendimiento_t_ha|area_ha|ndvi_s2_int|ndvi_s2_media_sep_oct|crc_s2_media|vi6t_landsat_max|lai_planet_max|lluvia_ciclo_mm|pendiente_grados|elevacion_m|ndvi_s2_max_2022|ndvi_s2_int_2022|ndvi_s2_media_sep_oct_2022|ndvi_s2_max_2023|ndvi_s2_int_2023|ndvi_s2_media_sep_oct_2023|ndvi_s2_max_2024|ndvi_s2_int_2024|ndvi_s2_media_sep_oct_2024|crc_s2_media_2022|crc_s2_media_2023|crc_s2_media_2024|vi6t_landsat_max_2022|vi6t_landsat_max_2023|vi6t_landsat_max_2024|lluvia_ciclo_mm_2022|lluvia_ciclo_mm_2023|lluvia_ciclo_mm_2024|ndvi_s2_max_hist_media|ndvi_s2_int_hist_media|ndvi_s2_media_sep_oct_hist_media|crc_s2_media_hist_media|vi6t_landsat_max_hist_media|lluvia_ciclo_mm_hist_media|estado|pixel_clima|sg_nitrogen_0-5cm_mean|edaf_grupo|sg_silt_0-5cm_mean,estado|pixel_clima,sg_nitrogen_0-5cm_mean|edaf_grupo|sg_silt_0-5cm_mean,curados_extendidos,v1
parcelas_multianio_ubic_est-pix_n-cec-silt_v1,curados_extendidos/parcelas_multianio_ubic_est-pix_n-cec-silt_v1.csv,multianio,ubic_est-pix,n-cec-silt,197,41,ID_POLIGONO|conjunto|rendimiento_t_ha|area_ha|ndvi_s2_int|ndvi_s2_media_sep_oct|crc_s2_media|vi6t_landsat_max|lai_planet_max|lluvia_ciclo_mm|pendiente_grados|elevacion_m|ndvi_s2_max_2022|ndvi_s2_int_2022|ndvi_s2_media_sep_oct_2022|ndvi_s2_max_2023|ndvi_s2_int_2023|ndvi_s2_media_sep_oct_2023|ndvi_s2_max_2024|ndvi_s2_int_2024|ndvi_s2_media_sep_oct_2024|crc_s2_media_2022|crc_s2_media_2023|crc_s2_media_2024|vi6t_landsat_max_2022|vi6t_landsat_max_2023|vi6t_landsat_max_2024|lluvia_ciclo_mm_2022|lluvia_ciclo_mm_2023|lluvia_ciclo_mm_2024|ndvi_s2_max_hist_media|ndvi_s2_int_hist_media|ndvi_s2_media_sep_oct_hist_media|crc_s2_media_hist_media|vi6t_landsat_max_hist_media|lluvia_ciclo_mm_hist_media|estado|pixel_clima|sg_nitrogen_0-5cm_mean|sg_cec_0-5cm_mean|sg_silt_0-5cm_mean,estado|pixel_clima,sg_nitrogen_0-5cm_mean|sg_cec_0-5cm_mean|sg_silt_0-5cm_mean,curados_extendidos,v1
parcelas_multianio_ubic_est-pix_edaf-cec-silt_v1,curados_extendidos/parcelas_multianio_ubic_est-pix_edaf-cec-silt_v1.csv,multianio,ubic_est-pix,edaf-cec-silt,197,41,ID_POLIGONO|conjunto|rendimiento_t_ha|area_ha|ndvi_s2_int|ndvi_s2_media_sep_oct|crc_s2_media|vi6t_landsat_max|lai_planet_max|lluvia_ciclo_mm|pendiente_grados|elevacion_m|ndvi_s2_max_2022|ndvi_s2_int_2022|ndvi_s2_media_sep_oct_2022|ndvi_s2_max_2023|ndvi_s2_int_2023|ndvi_s2_media_sep_oct_2023|ndvi_s2_max_2024|ndvi_s2_int_2024|ndvi_s2_media_sep_oct_2024|crc_s2_media_2022|crc_s2_media_2023|crc_s2_media_2024|vi6t_landsat_max_2022|vi6t_landsat_max_2023|vi6t_landsat_max_2024|lluvia_ciclo_mm_2022|lluvia_ciclo_mm_2023|lluvia_ciclo_mm_2024|ndvi_s2_max_hist_media|ndvi_s2_int_hist_media|ndvi_s2_media_sep_oct_hist_media|crc_s2_media_hist_media|vi6t_landsat_max_hist_media|lluvia_ciclo_mm_hist_media|estado|pixel_clima|edaf_grupo|sg_cec_0-5cm_mean|sg_silt_0-5cm_mean,estado|pixel_clima,edaf_grupo|sg_cec_0-5cm_mean|sg_silt_0-5cm_mean,curados_extendidos,v1
parcelas_multianio_ubic_est-pix_n-edaf-cec-silt_v1,curados_extendidos/parcelas_multianio_ubic_est-pix_n-edaf-cec-silt_v1.csv,multianio,ubic_est-pix,n-edaf-cec-silt,197,42,ID_POLIGONO|conjunto|rendimiento_t_ha|area_ha|ndvi_s2_int|ndvi_s2_media_sep_oct|crc_s2_media|vi6t_landsat_max|lai_planet_max|lluvia_ciclo_mm|pendiente_grados|elevacion_m|ndvi_s2_max_2022|ndvi_s2_int_2022|ndvi_s2_media_sep_oct_2022|ndvi_s2_max_2023|ndvi_s2_int_2023|ndvi_s2_media_sep_oct_2023|ndvi_s2_max_2024|ndvi_s2_int_2024|ndvi_s2_media_sep_oct_2024|crc_s2_media_2022|crc_s2_media_2023|crc_s2_media_2024|vi6t_landsat_max_2022|vi6t_landsat_max_2023|vi6t_landsat_max_2024|lluvia_ciclo_mm_2022|lluvia_ciclo_mm_2023|lluvia_ciclo_mm_2024|ndvi_s2_max_hist_media|ndvi_s2_int_hist_media|ndvi_s2_media_sep_oct_hist_media|crc_s2_media_hist_media|vi6t_landsat_max_hist_media|lluvia_ciclo_mm_hist_media|estado|pixel_clima|sg_nitrogen_0-5cm_mean|edaf_grupo|sg_cec_0-5cm_mean|sg_silt_0-5cm_mean,estado|pixel_clima,sg_nitrogen_0-5cm_mean|edaf_grupo|sg_cec_0-5cm_mean|sg_silt_0-5cm_mean,curados_extendidos,v1
parcelas_multianio_ubic_mun-lon_reto_v1,curados_reto/parcelas_multianio_ubic_mun-lon_reto_v1.csv,multianio,ubic_mun-lon,reto,197,38,ID_POLIGONO|conjunto|rendimiento_t_ha|area_ha|ndvi_s2_int|ndvi_s2_media_sep_oct|crc_s2_media|vi6t_landsat_max|lai_planet_max|lluvia_ciclo_mm|pendiente_grados|elevacion_m|ndvi_s2_max_2022|ndvi_s2_int_2022|ndvi_s2_media_sep_oct_2022|ndvi_s2_max_2023|ndvi_s2_int_2023|ndvi_s2_media_sep_oct_2023|ndvi_s2_max_2024|ndvi_s2_int_2024|ndvi_s2_media_sep_oct_2024|crc_s2_media_2022|crc_s2_media_2023|crc_s2_media_2024|vi6t_landsat_max_2022|vi6t_landsat_max_2023|vi6t_landsat_max_2024|lluvia_ciclo_mm_2022|lluvia_ciclo_mm_2023|lluvia_ciclo_mm_2024|ndvi_s2_max_hist_media|ndvi_s2_int_hist_media|ndvi_s2_media_sep_oct_hist_media|crc_s2_media_hist_media|vi6t_landsat_max_hist_media|lluvia_ciclo_mm_hist_media|municipio|lon,municipio|lon,,curados_reto,v1
parcelas_multianio_ubic_mun-lon_n_v1,curados_extendidos/parcelas_multianio_ubic_mun-lon_n_v1.csv,multianio,ubic_mun-lon,n,197,39,ID_POLIGONO|conjunto|rendimiento_t_ha|area_ha|ndvi_s2_int|ndvi_s2_media_sep_oct|crc_s2_media|vi6t_landsat_max|lai_planet_max|lluvia_ciclo_mm|pendiente_grados|elevacion_m|ndvi_s2_max_2022|ndvi_s2_int_2022|ndvi_s2_media_sep_oct_2022|ndvi_s2_max_2023|ndvi_s2_int_2023|ndvi_s2_media_sep_oct_2023|ndvi_s2_max_2024|ndvi_s2_int_2024|ndvi_s2_media_sep_oct_2024|crc_s2_media_2022|crc_s2_media_2023|crc_s2_media_2024|vi6t_landsat_max_2022|vi6t_landsat_max_2023|vi6t_landsat_max_2024|lluvia_ciclo_mm_2022|lluvia_ciclo_mm_2023|lluvia_ciclo_mm_2024|ndvi_s2_max_hist_media|ndvi_s2_int_hist_media|ndvi_s2_media_sep_oct_hist_media|crc_s2_media_hist_media|vi6t_landsat_max_hist_media|lluvia_ciclo_mm_hist_media|municipio|lon|sg_nitrogen_0-5cm_mean,municipio|lon,sg_nitrogen_0-5cm_mean,curados_extendidos,v1
parcelas_multianio_ubic_mun-lon_edaf_v1,curados_extendidos/parcelas_multianio_ubic_mun-lon_edaf_v1.csv,multianio,ubic_mun-lon,edaf,197,39,ID_POLIGONO|conjunto|rendimiento_t_ha|area_ha|ndvi_s2_int|ndvi_s2_media_sep_oct|crc_s2_media|vi6t_landsat_max|lai_planet_max|lluvia_ciclo_mm|pendiente_grados|elevacion_m|ndvi_s2_max_2022|ndvi_s2_int_2022|ndvi_s2_media_sep_oct_2022|ndvi_s2_max_2023|ndvi_s2_int_2023|ndvi_s2_media_sep_oct_2023|ndvi_s2_max_2024|ndvi_s2_int_2024|ndvi_s2_media_sep_oct_2024|crc_s2_media_2022|crc_s2_media_2023|crc_s2_media_2024|vi6t_landsat_max_2022|vi6t_landsat_max_2023|vi6t_landsat_max_2024|lluvia_ciclo_mm_2022|lluvia_ciclo_mm_2023|lluvia_ciclo_mm_2024|ndvi_s2_max_hist_media|ndvi_s2_int_hist_media|ndvi_s2_media_sep_oct_hist_media|crc_s2_media_hist_media|vi6t_landsat_max_hist_media|lluvia_ciclo_mm_hist_media|municipio|lon|edaf_grupo,municipio|lon,edaf_grupo,curados_extendidos,v1
parcelas_multianio_ubic_mun-lon_cec_v1,curados_extendidos/parcelas_multianio_ubic_mun-lon_cec_v1.csv,multianio,ubic_mun-lon,cec,197,39,ID_POLIGONO|conjunto|rendimiento_t_ha|area_ha|ndvi_s2_int|ndvi_s2_media_sep_oct|crc_s2_media|vi6t_landsat_max|lai_planet_max|lluvia_ciclo_mm|pendiente_grados|elevacion_m|ndvi_s2_max_2022|ndvi_s2_int_2022|ndvi_s2_media_sep_oct_2022|ndvi_s2_max_2023|ndvi_s2_int_2023|ndvi_s2_media_sep_oct_2023|ndvi_s2_max_2024|ndvi_s2_int_2024|ndvi_s2_media_sep_oct_2024|crc_s2_media_2022|crc_s2_media_2023|crc_s2_media_2024|vi6t_landsat_max_2022|vi6t_landsat_max_2023|vi6t_landsat_max_2024|lluvia_ciclo_mm_2022|lluvia_ciclo_mm_2023|lluvia_ciclo_mm_2024|ndvi_s2_max_hist_media|ndvi_s2_int_hist_media|ndvi_s2_media_sep_oct_hist_media|crc_s2_media_hist_media|vi6t_landsat_max_hist_media|lluvia_ciclo_mm_hist_media|municipio|lon|sg_cec_0-5cm_mean,municipio|lon,sg_cec_0-5cm_mean,curados_extendidos,v1
parcelas_multianio_ubic_mun-lon_silt_v1,curados_extendidos/parcelas_multianio_ubic_mun-lon_silt_v1.csv,multianio,ubic_mun-lon,silt,197,39,ID_POLIGONO|conjunto|rendimiento_t_ha|area_ha|ndvi_s2_int|ndvi_s2_media_sep_oct|crc_s2_media|vi6t_landsat_max|lai_planet_max|lluvia_ciclo_mm|pendiente_grados|elevacion_m|ndvi_s2_max_2022|ndvi_s2_int_2022|ndvi_s2_media_sep_oct_2022|ndvi_s2_max_2023|ndvi_s2_int_2023|ndvi_s2_media_sep_oct_2023|ndvi_s2_max_2024|ndvi_s2_int_2024|ndvi_s2_media_sep_oct_2024|crc_s2_media_2022|crc_s2_media_2023|crc_s2_media_2024|vi6t_landsat_max_2022|vi6t_landsat_max_2023|vi6t_landsat_max_2024|lluvia_ciclo_mm_2022|lluvia_ciclo_mm_2023|lluvia_ciclo_mm_2024|ndvi_s2_max_hist_media|ndvi_s2_int_hist_media|ndvi_s2_media_sep_oct_hist_media|crc_s2_media_hist_media|vi6t_landsat_max_hist_media|lluvia_ciclo_mm_hist_media|municipio|lon|sg_silt_0-5cm_mean,municipio|lon,sg_silt_0-5cm_mean,curados_extendidos,v1
parcelas_multianio_ubic_mun-lon_n-edaf_v1,curados_extendidos/parcelas_multianio_ubic_mun-lon_n-edaf_v1.csv,multianio,ubic_mun-lon,n-edaf,197,40,ID_POLIGONO|conjunto|rendimiento_t_ha|area_ha|ndvi_s2_int|ndvi_s2_media_sep_oct|crc_s2_media|vi6t_landsat_max|lai_planet_max|lluvia_ciclo_mm|pendiente_grados|elevacion_m|ndvi_s2_max_2022|ndvi_s2_int_2022|ndvi_s2_media_sep_oct_2022|ndvi_s2_max_2023|ndvi_s2_int_2023|ndvi_s2_media_sep_oct_2023|ndvi_s2_max_2024|ndvi_s2_int_2024|ndvi_s2_media_sep_oct_2024|crc_s2_media_2022|crc_s2_media_2023|crc_s2_media_2024|vi6t_landsat_max_2022|vi6t_landsat_max_2023|vi6t_landsat_max_2024|lluvia_ciclo_mm_2022|lluvia_ciclo_mm_2023|lluvia_ciclo_mm_2024|ndvi_s2_max_hist_media|ndvi_s2_int_hist_media|ndvi_s2_media_sep_oct_hist_media|crc_s2_media_hist_media|vi6t_landsat_max_hist_media|lluvia_ciclo_mm_hist_media|municipio|lon|sg_nitrogen_0-5cm_mean|edaf_grupo,municipio|lon,sg_nitrogen_0-5cm_mean|edaf_grupo,curados_extendidos,v1
parcelas_multianio_ubic_mun-lon_n-cec_v1,curados_extendidos/parcelas_multianio_ubic_mun-lon_n-cec_v1.csv,multianio,ubic_mun-lon,n-cec,197,40,ID_POLIGONO|conjunto|rendimiento_t_ha|area_ha|ndvi_s2_int|ndvi_s2_media_sep_oct|crc_s2_media|vi6t_landsat_max|lai_planet_max|lluvia_ciclo_mm|pendiente_grados|elevacion_m|ndvi_s2_max_2022|ndvi_s2_int_2022|ndvi_s2_media_sep_oct_2022|ndvi_s2_max_2023|ndvi_s2_int_2023|ndvi_s2_media_sep_oct_2023|ndvi_s2_max_2024|ndvi_s2_int_2024|ndvi_s2_media_sep_oct_2024|crc_s2_media_2022|crc_s2_media_2023|crc_s2_media_2024|vi6t_landsat_max_2022|vi6t_landsat_max_2023|vi6t_landsat_max_2024|lluvia_ciclo_mm_2022|lluvia_ciclo_mm_2023|lluvia_ciclo_mm_2024|ndvi_s2_max_hist_media|ndvi_s2_int_hist_media|ndvi_s2_media_sep_oct_hist_media|crc_s2_media_hist_media|vi6t_landsat_max_hist_media|lluvia_ciclo_mm_hist_media|municipio|lon|sg_nitrogen_0-5cm_mean|sg_cec_0-5cm_mean,municipio|lon,sg_nitrogen_0-5cm_mean|sg_cec_0-5cm_mean,curados_extendidos,v1
parcelas_multianio_ubic_mun-lon_n-silt_v1,curados_extendidos/parcelas_multianio_ubic_mun-lon_n-silt_v1.csv,multianio,ubic_mun-lon,n-silt,197,40,ID_POLIGONO|conjunto|rendimiento_t_ha|area_ha|ndvi_s2_int|ndvi_s2_media_sep_oct|crc_s2_media|vi6t_landsat_max|lai_planet_max|lluvia_ciclo_mm|pendiente_grados|elevacion_m|ndvi_s2_max_2022|ndvi_s2_int_2022|ndvi_s2_media_sep_oct_2022|ndvi_s2_max_2023|ndvi_s2_int_2023|ndvi_s2_media_sep_oct_2023|ndvi_s2_max_2024|ndvi_s2_int_2024|ndvi_s2_media_sep_oct_2024|crc_s2_media_2022|crc_s2_media_2023|crc_s2_media_2024|vi6t_landsat_max_2022|vi6t_landsat_max_2023|vi6t_landsat_max_2024|lluvia_ciclo_mm_2022|lluvia_ciclo_mm_2023|lluvia_ciclo_mm_2024|ndvi_s2_max_hist_media|ndvi_s2_int_hist_media|ndvi_s2_media_sep_oct_hist_media|crc_s2_media_hist_media|vi6t_landsat_max_hist_media|lluvia_ciclo_mm_hist_media|municipio|lon|sg_nitrogen_0-5cm_mean|sg_silt_0-5cm_mean,municipio|lon,sg_nitrogen_0-5cm_mean|sg_silt_0-5cm_mean,curados_extendidos,v1
parcelas_multianio_ubic_mun-lon_edaf-cec_v1,curados_extendidos/parcelas_multianio_ubic_mun-lon_edaf-cec_v1.csv,multianio,ubic_mun-lon,edaf-cec,197,40,ID_POLIGONO|conjunto|rendimiento_t_ha|area_ha|ndvi_s2_int|ndvi_s2_media_sep_oct|crc_s2_media|vi6t_landsat_max|lai_planet_max|lluvia_ciclo_mm|pendiente_grados|elevacion_m|ndvi_s2_max_2022|ndvi_s2_int_2022|ndvi_s2_media_sep_oct_2022|ndvi_s2_max_2023|ndvi_s2_int_2023|ndvi_s2_media_sep_oct_2023|ndvi_s2_max_2024|ndvi_s2_int_2024|ndvi_s2_media_sep_oct_2024|crc_s2_media_2022|crc_s2_media_2023|crc_s2_media_2024|vi6t_landsat_max_2022|vi6t_landsat_max_2023|vi6t_landsat_max_2024|lluvia_ciclo_mm_2022|lluvia_ciclo_mm_2023|lluvia_ciclo_mm_2024|ndvi_s2_max_hist_media|ndvi_s2_int_hist_media|ndvi_s2_media_sep_oct_hist_media|crc_s2_media_hist_media|vi6t_landsat_max_hist_media|lluvia_ciclo_mm_hist_media|municipio|lon|edaf_grupo|sg_cec_0-5cm_mean,municipio|lon,edaf_grupo|sg_cec_0-5cm_mean,curados_extendidos,v1
parcelas_multianio_ubic_mun-lon_edaf-silt_v1,curados_extendidos/parcelas_multianio_ubic_mun-lon_edaf-silt_v1.csv,multianio,ubic_mun-lon,edaf-silt,197,40,ID_POLIGONO|conjunto|rendimiento_t_ha|area_ha|ndvi_s2_int|ndvi_s2_media_sep_oct|crc_s2_media|vi6t_landsat_max|lai_planet_max|lluvia_ciclo_mm|pendiente_grados|elevacion_m|ndvi_s2_max_2022|ndvi_s2_int_2022|ndvi_s2_media_sep_oct_2022|ndvi_s2_max_2023|ndvi_s2_int_2023|ndvi_s2_media_sep_oct_2023|ndvi_s2_max_2024|ndvi_s2_int_2024|ndvi_s2_media_sep_oct_2024|crc_s2_media_2022|crc_s2_media_2023|crc_s2_media_2024|vi6t_landsat_max_2022|vi6t_landsat_max_2023|vi6t_landsat_max_2024|lluvia_ciclo_mm_2022|lluvia_ciclo_mm_2023|lluvia_ciclo_mm_2024|ndvi_s2_max_hist_media|ndvi_s2_int_hist_media|ndvi_s2_media_sep_oct_hist_media|crc_s2_media_hist_media|vi6t_landsat_max_hist_media|lluvia_ciclo_mm_hist_media|municipio|lon|edaf_grupo|sg_silt_0-5cm_mean,municipio|lon,edaf_grupo|sg_silt_0-5cm_mean,curados_extendidos,v1
parcelas_multianio_ubic_mun-lon_cec-silt_v1,curados_extendidos/parcelas_multianio_ubic_mun-lon_cec-silt_v1.csv,multianio,ubic_mun-lon,cec-silt,197,40,ID_POLIGONO|conjunto|rendimiento_t_ha|area_ha|ndvi_s2_int|ndvi_s2_media_sep_oct|crc_s2_media|vi6t_landsat_max|lai_planet_max|lluvia_ciclo_mm|pendiente_grados|elevacion_m|ndvi_s2_max_2022|ndvi_s2_int_2022|ndvi_s2_media_sep_oct_2022|ndvi_s2_max_2023|ndvi_s2_int_2023|ndvi_s2_media_sep_oct_2023|ndvi_s2_max_2024|ndvi_s2_int_2024|ndvi_s2_media_sep_oct_2024|crc_s2_media_2022|crc_s2_media_2023|crc_s2_media_2024|vi6t_landsat_max_2022|vi6t_landsat_max_2023|vi6t_landsat_max_2024|lluvia_ciclo_mm_2022|lluvia_ciclo_mm_2023|lluvia_ciclo_mm_2024|ndvi_s2_max_hist_media|ndvi_s2_int_hist_media|ndvi_s2_media_sep_oct_hist_media|crc_s2_media_hist_media|vi6t_landsat_max_hist_media|lluvia_ciclo_mm_hist_media|municipio|lon|sg_cec_0-5cm_mean|sg_silt_0-5cm_mean,municipio|lon,sg_cec_0-5cm_mean|sg_silt_0-5cm_mean,curados_extendidos,v1
parcelas_multianio_ubic_mun-lon_n-edaf-cec_v1,curados_extendidos/parcelas_multianio_ubic_mun-lon_n-edaf-cec_v1.csv,multianio,ubic_mun-lon,n-edaf-cec,197,41,ID_POLIGONO|conjunto|rendimiento_t_ha|area_ha|ndvi_s2_int|ndvi_s2_media_sep_oct|crc_s2_media|vi6t_landsat_max|lai_planet_max|lluvia_ciclo_mm|pendiente_grados|elevacion_m|ndvi_s2_max_2022|ndvi_s2_int_2022|ndvi_s2_media_sep_oct_2022|ndvi_s2_max_2023|ndvi_s2_int_2023|ndvi_s2_media_sep_oct_2023|ndvi_s2_max_2024|ndvi_s2_int_2024|ndvi_s2_media_sep_oct_2024|crc_s2_media_2022|crc_s2_media_2023|crc_s2_media_2024|vi6t_landsat_max_2022|vi6t_landsat_max_2023|vi6t_landsat_max_2024|lluvia_ciclo_mm_2022|lluvia_ciclo_mm_2023|lluvia_ciclo_mm_2024|ndvi_s2_max_hist_media|ndvi_s2_int_hist_media|ndvi_s2_media_sep_oct_hist_media|crc_s2_media_hist_media|vi6t_landsat_max_hist_media|lluvia_ciclo_mm_hist_media|municipio|lon|sg_nitrogen_0-5cm_mean|edaf_grupo|sg_cec_0-5cm_mean,municipio|lon,sg_nitrogen_0-5cm_mean|edaf_grupo|sg_cec_0-5cm_mean,curados_extendidos,v1
parcelas_multianio_ubic_mun-lon_n-edaf-silt_v1,curados_extendidos/parcelas_multianio_ubic_mun-lon_n-edaf-silt_v1.csv,multianio,ubic_mun-lon,n-edaf-silt,197,41,ID_POLIGONO|conjunto|rendimiento_t_ha|area_ha|ndvi_s2_int|ndvi_s2_media_sep_oct|crc_s2_media|vi6t_landsat_max|lai_planet_max|lluvia_ciclo_mm|pendiente_grados|elevacion_m|ndvi_s2_max_2022|ndvi_s2_int_2022|ndvi_s2_media_sep_oct_2022|ndvi_s2_max_2023|ndvi_s2_int_2023|ndvi_s2_media_sep_oct_2023|ndvi_s2_max_2024|ndvi_s2_int_2024|ndvi_s2_media_sep_oct_2024|crc_s2_media_2022|crc_s2_media_2023|crc_s2_media_2024|vi6t_landsat_max_2022|vi6t_landsat_max_2023|vi6t_landsat_max_2024|lluvia_ciclo_mm_2022|lluvia_ciclo_mm_2023|lluvia_ciclo_mm_2024|ndvi_s2_max_hist_media|ndvi_s2_int_hist_media|ndvi_s2_media_sep_oct_hist_media|crc_s2_media_hist_media|vi6t_landsat_max_hist_media|lluvia_ciclo_mm_hist_media|municipio|lon|sg_nitrogen_0-5cm_mean|edaf_grupo|sg_silt_0-5cm_mean,municipio|lon,sg_nitrogen_0-5cm_mean|edaf_grupo|sg_silt_0-5cm_mean,curados_extendidos,v1
parcelas_multianio_ubic_mun-lon_n-cec-silt_v1,curados_extendidos/parcelas_multianio_ubic_mun-lon_n-cec-silt_v1.csv,multianio,ubic_mun-lon,n-cec-silt,197,41,ID_POLIGONO|conjunto|rendimiento_t_ha|area_ha|ndvi_s2_int|ndvi_s2_media_sep_oct|crc_s2_media|vi6t_landsat_max|lai_planet_max|lluvia_ciclo_mm|pendiente_grados|elevacion_m|ndvi_s2_max_2022|ndvi_s2_int_2022|ndvi_s2_media_sep_oct_2022|ndvi_s2_max_2023|ndvi_s2_int_2023|ndvi_s2_media_sep_oct_2023|ndvi_s2_max_2024|ndvi_s2_int_2024|ndvi_s2_media_sep_oct_2024|crc_s2_media_2022|crc_s2_media_2023|crc_s2_media_2024|vi6t_landsat_max_2022|vi6t_landsat_max_2023|vi6t_landsat_max_2024|lluvia_ciclo_mm_2022|lluvia_ciclo_mm_2023|lluvia_ciclo_mm_2024|ndvi_s2_max_hist_media|ndvi_s2_int_hist_media|ndvi_s2_media_sep_oct_hist_media|crc_s2_media_hist_media|vi6t_landsat_max_hist_media|lluvia_ciclo_mm_hist_media|municipio|lon|sg_nitrogen_0-5cm_mean|sg_cec_0-5cm_mean|sg_silt_0-5cm_mean,municipio|lon,sg_nitrogen_0-5cm_mean|sg_cec_0-5cm_mean|sg_silt_0-5cm_mean,curados_extendidos,v1
parcelas_multianio_ubic_mun-lon_edaf-cec-silt_v1,curados_extendidos/parcelas_multianio_ubic_mun-lon_edaf-cec-silt_v1.csv,multianio,ubic_mun-lon,edaf-cec-silt,197,41,ID_POLIGONO|conjunto|rendimiento_t_ha|area_ha|ndvi_s2_int|ndvi_s2_media_sep_oct|crc_s2_media|vi6t_landsat_max|lai_planet_max|lluvia_ciclo_mm|pendiente_grados|elevacion_m|ndvi_s2_max_2022|ndvi_s2_int_2022|ndvi_s2_media_sep_oct_2022|ndvi_s2_max_2023|ndvi_s2_int_2023|ndvi_s2_media_sep_oct_2023|ndvi_s2_max_2024|ndvi_s2_int_2024|ndvi_s2_media_sep_oct_2024|crc_s2_media_2022|crc_s2_media_2023|crc_s2_media_2024|vi6t_landsat_max_2022|vi6t_landsat_max_2023|vi6t_landsat_max_2024|lluvia_ciclo_mm_2022|lluvia_ciclo_mm_2023|lluvia_ciclo_mm_2024|ndvi_s2_max_hist_media|ndvi_s2_int_hist_media|ndvi_s2_media_sep_oct_hist_media|crc_s2_media_hist_media|vi6t_landsat_max_hist_media|lluvia_ciclo_mm_hist_media|municipio|lon|edaf_grupo|sg_cec_0-5cm_mean|sg_silt_0-5cm_mean,municipio|lon,edaf_grupo|sg_cec_0-5cm_mean|sg_silt_0-5cm_mean,curados_extendidos,v1
parcelas_multianio_ubic_mun-lon_n-edaf-cec-silt_v1,curados_extendidos/parcelas_multianio_ubic_mun-lon_n-edaf-cec-silt_v1.csv,multianio,ubic_mun-lon,n-edaf-cec-silt,197,42,ID_POLIGONO|conjunto|rendimiento_t_ha|area_ha|ndvi_s2_int|ndvi_s2_media_sep_oct|crc_s2_media|vi6t_landsat_max|lai_planet_max|lluvia_ciclo_mm|pendiente_grados|elevacion_m|ndvi_s2_max_2022|ndvi_s2_int_2022|ndvi_s2_media_sep_oct_2022|ndvi_s2_max_2023|ndvi_s2_int_2023|ndvi_s2_media_sep_oct_2023|ndvi_s2_max_2024|ndvi_s2_int_2024|ndvi_s2_media_sep_oct_2024|crc_s2_media_2022|crc_s2_media_2023|crc_s2_media_2024|vi6t_landsat_max_2022|vi6t_landsat_max_2023|vi6t_landsat_max_2024|lluvia_ciclo_mm_2022|lluvia_ciclo_mm_2023|lluvia_ciclo_mm_2024|ndvi_s2_max_hist_media|ndvi_s2_int_hist_media|ndvi_s2_media_sep_oct_hist_media|crc_s2_media_hist_media|vi6t_landsat_max_hist_media|lluvia_ciclo_mm_hist_media|municipio|lon|sg_nitrogen_0-5cm_mean|edaf_grupo|sg_cec_0-5cm_mean|sg_silt_0-5cm_mean,municipio|lon,sg_nitrogen_0-5cm_mean|edaf_grupo|sg_cec_0-5cm_mean|sg_silt_0-5cm_mean,curados_extendidos,v1
parcelas_multianio_ubic_mun-lat_reto_v1,curados_reto/parcelas_multianio_ubic_mun-lat_reto_v1.csv,multianio,ubic_mun-lat,reto,197,38,ID_POLIGONO|conjunto|rendimiento_t_ha|area_ha|ndvi_s2_int|ndvi_s2_media_sep_oct|crc_s2_media|vi6t_landsat_max|lai_planet_max|lluvia_ciclo_mm|pendiente_grados|elevacion_m|ndvi_s2_max_2022|ndvi_s2_int_2022|ndvi_s2_media_sep_oct_2022|ndvi_s2_max_2023|ndvi_s2_int_2023|ndvi_s2_media_sep_oct_2023|ndvi_s2_max_2024|ndvi_s2_int_2024|ndvi_s2_media_sep_oct_2024|crc_s2_media_2022|crc_s2_media_2023|crc_s2_media_2024|vi6t_landsat_max_2022|vi6t_landsat_max_2023|vi6t_landsat_max_2024|lluvia_ciclo_mm_2022|lluvia_ciclo_mm_2023|lluvia_ciclo_mm_2024|ndvi_s2_max_hist_media|ndvi_s2_int_hist_media|ndvi_s2_media_sep_oct_hist_media|crc_s2_media_hist_media|vi6t_landsat_max_hist_media|lluvia_ciclo_mm_hist_media|municipio|lat,municipio|lat,,curados_reto,v1
parcelas_multianio_ubic_mun-lat_n_v1,curados_extendidos/parcelas_multianio_ubic_mun-lat_n_v1.csv,multianio,ubic_mun-lat,n,197,39,ID_POLIGONO|conjunto|rendimiento_t_ha|area_ha|ndvi_s2_int|ndvi_s2_media_sep_oct|crc_s2_media|vi6t_landsat_max|lai_planet_max|lluvia_ciclo_mm|pendiente_grados|elevacion_m|ndvi_s2_max_2022|ndvi_s2_int_2022|ndvi_s2_media_sep_oct_2022|ndvi_s2_max_2023|ndvi_s2_int_2023|ndvi_s2_media_sep_oct_2023|ndvi_s2_max_2024|ndvi_s2_int_2024|ndvi_s2_media_sep_oct_2024|crc_s2_media_2022|crc_s2_media_2023|crc_s2_media_2024|vi6t_landsat_max_2022|vi6t_landsat_max_2023|vi6t_landsat_max_2024|lluvia_ciclo_mm_2022|lluvia_ciclo_mm_2023|lluvia_ciclo_mm_2024|ndvi_s2_max_hist_media|ndvi_s2_int_hist_media|ndvi_s2_media_sep_oct_hist_media|crc_s2_media_hist_media|vi6t_landsat_max_hist_media|lluvia_ciclo_mm_hist_media|municipio|lat|sg_nitrogen_0-5cm_mean,municipio|lat,sg_nitrogen_0-5cm_mean,curados_extendidos,v1
parcelas_multianio_ubic_mun-lat_edaf_v1,curados_extendidos/parcelas_multianio_ubic_mun-lat_edaf_v1.csv,multianio,ubic_mun-lat,edaf,197,39,ID_POLIGONO|conjunto|rendimiento_t_ha|area_ha|ndvi_s2_int|ndvi_s2_media_sep_oct|crc_s2_media|vi6t_landsat_max|lai_planet_max|lluvia_ciclo_mm|pendiente_grados|elevacion_m|ndvi_s2_max_2022|ndvi_s2_int_2022|ndvi_s2_media_sep_oct_2022|ndvi_s2_max_2023|ndvi_s2_int_2023|ndvi_s2_media_sep_oct_2023|ndvi_s2_max_2024|ndvi_s2_int_2024|ndvi_s2_media_sep_oct_2024|crc_s2_media_2022|crc_s2_media_2023|crc_s2_media_2024|vi6t_landsat_max_2022|vi6t_landsat_max_2023|vi6t_landsat_max_2024|lluvia_ciclo_mm_2022|lluvia_ciclo_mm_2023|lluvia_ciclo_mm_2024|ndvi_s2_max_hist_media|ndvi_s2_int_hist_media|ndvi_s2_media_sep_oct_hist_media|crc_s2_media_hist_media|vi6t_landsat_max_hist_media|lluvia_ciclo_mm_hist_media|municipio|lat|edaf_grupo,municipio|lat,edaf_grupo,curados_extendidos,v1
parcelas_multianio_ubic_mun-lat_cec_v1,curados_extendidos/parcelas_multianio_ubic_mun-lat_cec_v1.csv,multianio,ubic_mun-lat,cec,197,39,ID_POLIGONO|conjunto|rendimiento_t_ha|area_ha|ndvi_s2_int|ndvi_s2_media_sep_oct|crc_s2_media|vi6t_landsat_max|lai_planet_max|lluvia_ciclo_mm|pendiente_grados|elevacion_m|ndvi_s2_max_2022|ndvi_s2_int_2022|ndvi_s2_media_sep_oct_2022|ndvi_s2_max_2023|ndvi_s2_int_2023|ndvi_s2_media_sep_oct_2023|ndvi_s2_max_2024|ndvi_s2_int_2024|ndvi_s2_media_sep_oct_2024|crc_s2_media_2022|crc_s2_media_2023|crc_s2_media_2024|vi6t_landsat_max_2022|vi6t_landsat_max_2023|vi6t_landsat_max_2024|lluvia_ciclo_mm_2022|lluvia_ciclo_mm_2023|lluvia_ciclo_mm_2024|ndvi_s2_max_hist_media|ndvi_s2_int_hist_media|ndvi_s2_media_sep_oct_hist_media|crc_s2_media_hist_media|vi6t_landsat_max_hist_media|lluvia_ciclo_mm_hist_media|municipio|lat|sg_cec_0-5cm_mean,municipio|lat,sg_cec_0-5cm_mean,curados_extendidos,v1
parcelas_multianio_ubic_mun-lat_silt_v1,curados_extendidos/parcelas_multianio_ubic_mun-lat_silt_v1.csv,multianio,ubic_mun-lat,silt,197,39,ID_POLIGONO|conjunto|rendimiento_t_ha|area_ha|ndvi_s2_int|ndvi_s2_media_sep_oct|crc_s2_media|vi6t_landsat_max|lai_planet_max|lluvia_ciclo_mm|pendiente_grados|elevacion_m|ndvi_s2_max_2022|ndvi_s2_int_2022|ndvi_s2_media_sep_oct_2022|ndvi_s2_max_2023|ndvi_s2_int_2023|ndvi_s2_media_sep_oct_2023|ndvi_s2_max_2024|ndvi_s2_int_2024|ndvi_s2_media_sep_oct_2024|crc_s2_media_2022|crc_s2_media_2023|crc_s2_media_2024|vi6t_landsat_max_2022|vi6t_landsat_max_2023|vi6t_landsat_max_2024|lluvia_ciclo_mm_2022|lluvia_ciclo_mm_2023|lluvia_ciclo_mm_2024|ndvi_s2_max_hist_media|ndvi_s2_int_hist_media|ndvi_s2_media_sep_oct_hist_media|crc_s2_media_hist_media|vi6t_landsat_max_hist_media|lluvia_ciclo_mm_hist_media|municipio|lat|sg_silt_0-5cm_mean,municipio|lat,sg_silt_0-5cm_mean,curados_extendidos,v1
parcelas_multianio_ubic_mun-lat_n-edaf_v1,curados_extendidos/parcelas_multianio_ubic_mun-lat_n-edaf_v1.csv,multianio,ubic_mun-lat,n-edaf,197,40,ID_POLIGONO|conjunto|rendimiento_t_ha|area_ha|ndvi_s2_int|ndvi_s2_media_sep_oct|crc_s2_media|vi6t_landsat_max|lai_planet_max|lluvia_ciclo_mm|pendiente_grados|elevacion_m|ndvi_s2_max_2022|ndvi_s2_int_2022|ndvi_s2_media_sep_oct_2022|ndvi_s2_max_2023|ndvi_s2_int_2023|ndvi_s2_media_sep_oct_2023|ndvi_s2_max_2024|ndvi_s2_int_2024|ndvi_s2_media_sep_oct_2024|crc_s2_media_2022|crc_s2_media_2023|crc_s2_media_2024|vi6t_landsat_max_2022|vi6t_landsat_max_2023|vi6t_landsat_max_2024|lluvia_ciclo_mm_2022|lluvia_ciclo_mm_2023|lluvia_ciclo_mm_2024|ndvi_s2_max_hist_media|ndvi_s2_int_hist_media|ndvi_s2_media_sep_oct_hist_media|crc_s2_media_hist_media|vi6t_landsat_max_hist_media|lluvia_ciclo_mm_hist_media|municipio|lat|sg_nitrogen_0-5cm_mean|edaf_grupo,municipio|lat,sg_nitrogen_0-5cm_mean|edaf_grupo,curados_extendidos,v1
parcelas_multianio_ubic_mun-lat_n-cec_v1,curados_extendidos/parcelas_multianio_ubic_mun-lat_n-cec_v1.csv,multianio,ubic_mun-lat,n-cec,197,40,ID_POLIGONO|conjunto|rendimiento_t_ha|area_ha|ndvi_s2_int|ndvi_s2_media_sep_oct|crc_s2_media|vi6t_landsat_max|lai_planet_max|lluvia_ciclo_mm|pendiente_grados|elevacion_m|ndvi_s2_max_2022|ndvi_s2_int_2022|ndvi_s2_media_sep_oct_2022|ndvi_s2_max_2023|ndvi_s2_int_2023|ndvi_s2_media_sep_oct_2023|ndvi_s2_max_2024|ndvi_s2_int_2024|ndvi_s2_media_sep_oct_2024|crc_s2_media_2022|crc_s2_media_2023|crc_s2_media_2024|vi6t_landsat_max_2022|vi6t_landsat_max_2023|vi6t_landsat_max_2024|lluvia_ciclo_mm_2022|lluvia_ciclo_mm_2023|lluvia_ciclo_mm_2024|ndvi_s2_max_hist_media|ndvi_s2_int_hist_media|ndvi_s2_media_sep_oct_hist_media|crc_s2_media_hist_media|vi6t_landsat_max_hist_media|lluvia_ciclo_mm_hist_media|municipio|lat|sg_nitrogen_0-5cm_mean|sg_cec_0-5cm_mean,municipio|lat,sg_nitrogen_0-5cm_mean|sg_cec_0-5cm_mean,curados_extendidos,v1
parcelas_multianio_ubic_mun-lat_n-silt_v1,curados_extendidos/parcelas_multianio_ubic_mun-lat_n-silt_v1.csv,multianio,ubic_mun-lat,n-silt,197,40,ID_POLIGONO|conjunto|rendimiento_t_ha|area_ha|ndvi_s2_int|ndvi_s2_media_sep_oct|crc_s2_media|vi6t_landsat_max|lai_planet_max|lluvia_ciclo_mm|pendiente_grados|elevacion_m|ndvi_s2_max_2022|ndvi_s2_int_2022|ndvi_s2_media_sep_oct_2022|ndvi_s2_max_2023|ndvi_s2_int_2023|ndvi_s2_media_sep_oct_2023|ndvi_s2_max_2024|ndvi_s2_int_2024|ndvi_s2_media_sep_oct_2024|crc_s2_media_2022|crc_s2_media_2023|crc_s2_media_2024|vi6t_landsat_max_2022|vi6t_landsat_max_2023|vi6t_landsat_max_2024|lluvia_ciclo_mm_2022|lluvia_ciclo_mm_2023|lluvia_ciclo_mm_2024|ndvi_s2_max_hist_media|ndvi_s2_int_hist_media|ndvi_s2_media_sep_oct_hist_media|crc_s2_media_hist_media|vi6t_landsat_max_hist_media|lluvia_ciclo_mm_hist_media|municipio|lat|sg_nitrogen_0-5cm_mean|sg_silt_0-5cm_mean,municipio|lat,sg_nitrogen_0-5cm_mean|sg_silt_0-5cm_mean,curados_extendidos,v1
parcelas_multianio_ubic_mun-lat_edaf-cec_v1,curados_extendidos/parcelas_multianio_ubic_mun-lat_edaf-cec_v1.csv,multianio,ubic_mun-lat,edaf-cec,197,40,ID_POLIGONO|conjunto|rendimiento_t_ha|area_ha|ndvi_s2_int|ndvi_s2_media_sep_oct|crc_s2_media|vi6t_landsat_max|lai_planet_max|lluvia_ciclo_mm|pendiente_grados|elevacion_m|ndvi_s2_max_2022|ndvi_s2_int_2022|ndvi_s2_media_sep_oct_2022|ndvi_s2_max_2023|ndvi_s2_int_2023|ndvi_s2_media_sep_oct_2023|ndvi_s2_max_2024|ndvi_s2_int_2024|ndvi_s2_media_sep_oct_2024|crc_s2_media_2022|crc_s2_media_2023|crc_s2_media_2024|vi6t_landsat_max_2022|vi6t_landsat_max_2023|vi6t_landsat_max_2024|lluvia_ciclo_mm_2022|lluvia_ciclo_mm_2023|lluvia_ciclo_mm_2024|ndvi_s2_max_hist_media|ndvi_s2_int_hist_media|ndvi_s2_media_sep_oct_hist_media|crc_s2_media_hist_media|vi6t_landsat_max_hist_media|lluvia_ciclo_mm_hist_media|municipio|lat|edaf_grupo|sg_cec_0-5cm_mean,municipio|lat,edaf_grupo|sg_cec_0-5cm_mean,curados_extendidos,v1
parcelas_multianio_ubic_mun-lat_edaf-silt_v1,curados_extendidos/parcelas_multianio_ubic_mun-lat_edaf-silt_v1.csv,multianio,ubic_mun-lat,edaf-silt,197,40,ID_POLIGONO|conjunto|rendimiento_t_ha|area_ha|ndvi_s2_int|ndvi_s2_media_sep_oct|crc_s2_media|vi6t_landsat_max|lai_planet_max|lluvia_ciclo_mm|pendiente_grados|elevacion_m|ndvi_s2_max_2022|ndvi_s2_int_2022|ndvi_s2_media_sep_oct_2022|ndvi_s2_max_2023|ndvi_s2_int_2023|ndvi_s2_media_sep_oct_2023|ndvi_s2_max_2024|ndvi_s2_int_2024|ndvi_s2_media_sep_oct_2024|crc_s2_media_2022|crc_s2_media_2023|crc_s2_media_2024|vi6t_landsat_max_2022|vi6t_landsat_max_2023|vi6t_landsat_max_2024|lluvia_ciclo_mm_2022|lluvia_ciclo_mm_2023|lluvia_ciclo_mm_2024|ndvi_s2_max_hist_media|ndvi_s2_int_hist_media|ndvi_s2_media_sep_oct_hist_media|crc_s2_media_hist_media|vi6t_landsat_max_hist_media|lluvia_ciclo_mm_hist_media|municipio|lat|edaf_grupo|sg_silt_0-5cm_mean,municipio|lat,edaf_grupo|sg_silt_0-5cm_mean,curados_extendidos,v1
parcelas_multianio_ubic_mun-lat_cec-silt_v1,curados_extendidos/parcelas_multianio_ubic_mun-lat_cec-silt_v1.csv,multianio,ubic_mun-lat,cec-silt,197,40,ID_POLIGONO|conjunto|rendimiento_t_ha|area_ha|ndvi_s2_int|ndvi_s2_media_sep_oct|crc_s2_media|vi6t_landsat_max|lai_planet_max|lluvia_ciclo_mm|pendiente_grados|elevacion_m|ndvi_s2_max_2022|ndvi_s2_int_2022|ndvi_s2_media_sep_oct_2022|ndvi_s2_max_2023|ndvi_s2_int_2023|ndvi_s2_media_sep_oct_2023|ndvi_s2_max_2024|ndvi_s2_int_2024|ndvi_s2_media_sep_oct_2024|crc_s2_media_2022|crc_s2_media_2023|crc_s2_media_2024|vi6t_landsat_max_2022|vi6t_landsat_max_2023|vi6t_landsat_max_2024|lluvia_ciclo_mm_2022|lluvia_ciclo_mm_2023|lluvia_ciclo_mm_2024|ndvi_s2_max_hist_media|ndvi_s2_int_hist_media|ndvi_s2_media_sep_oct_hist_media|crc_s2_media_hist_media|vi6t_landsat_max_hist_media|lluvia_ciclo_mm_hist_media|municipio|lat|sg_cec_0-5cm_mean|sg_silt_0-5cm_mean,municipio|lat,sg_cec_0-5cm_mean|sg_silt_0-5cm_mean,curados_extendidos,v1
parcelas_multianio_ubic_mun-lat_n-edaf-cec_v1,curados_extendidos/parcelas_multianio_ubic_mun-lat_n-edaf-cec_v1.csv,multianio,ubic_mun-lat,n-edaf-cec,197,41,ID_POLIGONO|conjunto|rendimiento_t_ha|area_ha|ndvi_s2_int|ndvi_s2_media_sep_oct|crc_s2_media|vi6t_landsat_max|lai_planet_max|lluvia_ciclo_mm|pendiente_grados|elevacion_m|ndvi_s2_max_2022|ndvi_s2_int_2022|ndvi_s2_media_sep_oct_2022|ndvi_s2_max_2023|ndvi_s2_int_2023|ndvi_s2_media_sep_oct_2023|ndvi_s2_max_2024|ndvi_s2_int_2024|ndvi_s2_media_sep_oct_2024|crc_s2_media_2022|crc_s2_media_2023|crc_s2_media_2024|vi6t_landsat_max_2022|vi6t_landsat_max_2023|vi6t_landsat_max_2024|lluvia_ciclo_mm_2022|lluvia_ciclo_mm_2023|lluvia_ciclo_mm_2024|ndvi_s2_max_hist_media|ndvi_s2_int_hist_media|ndvi_s2_media_sep_oct_hist_media|crc_s2_media_hist_media|vi6t_landsat_max_hist_media|lluvia_ciclo_mm_hist_media|municipio|lat|sg_nitrogen_0-5cm_mean|edaf_grupo|sg_cec_0-5cm_mean,municipio|lat,sg_nitrogen_0-5cm_mean|edaf_grupo|sg_cec_0-5cm_mean,curados_extendidos,v1
parcelas_multianio_ubic_mun-lat_n-edaf-silt_v1,curados_extendidos/parcelas_multianio_ubic_mun-lat_n-edaf-silt_v1.csv,multianio,ubic_mun-lat,n-edaf-silt,197,41,ID_POLIGONO|conjunto|rendimiento_t_ha|area_ha|ndvi_s2_int|ndvi_s2_media_sep_oct|crc_s2_media|vi6t_landsat_max|lai_planet_max|lluvia_ciclo_mm|pendiente_grados|elevacion_m|ndvi_s2_max_2022|ndvi_s2_int_2022|ndvi_s2_media_sep_oct_2022|ndvi_s2_max_2023|ndvi_s2_int_2023|ndvi_s2_media_sep_oct_2023|ndvi_s2_max_2024|ndvi_s2_int_2024|ndvi_s2_media_sep_oct_2024|crc_s2_media_2022|crc_s2_media_2023|crc_s2_media_2024|vi6t_landsat_max_2022|vi6t_landsat_max_2023|vi6t_landsat_max_2024|lluvia_ciclo_mm_2022|lluvia_ciclo_mm_2023|lluvia_ciclo_mm_2024|ndvi_s2_max_hist_media|ndvi_s2_int_hist_media|ndvi_s2_media_sep_oct_hist_media|crc_s2_media_hist_media|vi6t_landsat_max_hist_media|lluvia_ciclo_mm_hist_media|municipio|lat|sg_nitrogen_0-5cm_mean|edaf_grupo|sg_silt_0-5cm_mean,municipio|lat,sg_nitrogen_0-5cm_mean|edaf_grupo|sg_silt_0-5cm_mean,curados_extendidos,v1
parcelas_multianio_ubic_mun-lat_n-cec-silt_v1,curados_extendidos/parcelas_multianio_ubic_mun-lat_n-cec-silt_v1.csv,multianio,ubic_mun-lat,n-cec-silt,197,41,ID_POLIGONO|conjunto|rendimiento_t_ha|area_ha|ndvi_s2_int|ndvi_s2_media_sep_oct|crc_s2_media|vi6t_landsat_max|lai_planet_max|lluvia_ciclo_mm|pendiente_grados|elevacion_m|ndvi_s2_max_2022|ndvi_s2_int_2022|ndvi_s2_media_sep_oct_2022|ndvi_s2_max_2023|ndvi_s2_int_2023|ndvi_s2_media_sep_oct_2023|ndvi_s2_max_2024|ndvi_s2_int_2024|ndvi_s2_media_sep_oct_2024|crc_s2_media_2022|crc_s2_media_2023|crc_s2_media_2024|vi6t_landsat_max_2022|vi6t_landsat_max_2023|vi6t_landsat_max_2024|lluvia_ciclo_mm_2022|lluvia_ciclo_mm_2023|lluvia_ciclo_mm_2024|ndvi_s2_max_hist_media|ndvi_s2_int_hist_media|ndvi_s2_media_sep_oct_hist_media|crc_s2_media_hist_media|vi6t_landsat_max_hist_media|lluvia_ciclo_mm_hist_media|municipio|lat|sg_nitrogen_0-5cm_mean|sg_cec_0-5cm_mean|sg_silt_0-5cm_mean,municipio|lat,sg_nitrogen_0-5cm_mean|sg_cec_0-5cm_mean|sg_silt_0-5cm_mean,curados_extendidos,v1
parcelas_multianio_ubic_mun-lat_edaf-cec-silt_v1,curados_extendidos/parcelas_multianio_ubic_mun-lat_edaf-cec-silt_v1.csv,multianio,ubic_mun-lat,edaf-cec-silt,197,41,ID_POLIGONO|conjunto|rendimiento_t_ha|area_ha|ndvi_s2_int|ndvi_s2_media_sep_oct|crc_s2_media|vi6t_landsat_max|lai_planet_max|lluvia_ciclo_mm|pendiente_grados|elevacion_m|ndvi_s2_max_2022|ndvi_s2_int_2022|ndvi_s2_media_sep_oct_2022|ndvi_s2_max_2023|ndvi_s2_int_2023|ndvi_s2_media_sep_oct_2023|ndvi_s2_max_2024|ndvi_s2_int_2024|ndvi_s2_media_sep_oct_2024|crc_s2_media_2022|crc_s2_media_2023|crc_s2_media_2024|vi6t_landsat_max_2022|vi6t_landsat_max_2023|vi6t_landsat_max_2024|lluvia_ciclo_mm_2022|lluvia_ciclo_mm_2023|lluvia_ciclo_mm_2024|ndvi_s2_max_hist_media|ndvi_s2_int_hist_media|ndvi_s2_media_sep_oct_hist_media|crc_s2_media_hist_media|vi6t_landsat_max_hist_media|lluvia_ciclo_mm_hist_media|municipio|lat|edaf_grupo|sg_cec_0-5cm_mean|sg_silt_0-5cm_mean,municipio|lat,edaf_grupo|sg_cec_0-5cm_mean|sg_silt_0-5cm_mean,curados_extendidos,v1
parcelas_multianio_ubic_mun-lat_n-edaf-cec-silt_v1,curados_extendidos/parcelas_multianio_ubic_mun-lat_n-edaf-cec-silt_v1.csv,multianio,ubic_mun-lat,n-edaf-cec-silt,197,42,ID_POLIGONO|conjunto|rendimiento_t_ha|area_ha|ndvi_s2_int|ndvi_s2_media_sep_oct|crc_s2_media|vi6t_landsat_max|lai_planet_max|lluvia_ciclo_mm|pendiente_grados|elevacion_m|ndvi_s2_max_2022|ndvi_s2_int_2022|ndvi_s2_media_sep_oct_2022|ndvi_s2_max_2023|ndvi_s2_int_2023|ndvi_s2_media_sep_oct_2023|ndvi_s2_max_2024|ndvi_s2_int_2024|ndvi_s2_media_sep_oct_2024|crc_s2_media_2022|crc_s2_media_2023|crc_s2_media_2024|vi6t_landsat_max_2022|vi6t_landsat_max_2023|vi6t_landsat_max_2024|lluvia_ciclo_mm_2022|lluvia_ciclo_mm_2023|lluvia_ciclo_mm_2024|ndvi_s2_max_hist_media|ndvi_s2_int_hist_media|ndvi_s2_media_sep_oct_hist_media|crc_s2_media_hist_media|vi6t_landsat_max_hist_media|lluvia_ciclo_mm_hist_media|municipio|lat|sg_nitrogen_0-5cm_mean|edaf_grupo|sg_cec_0-5cm_mean|sg_silt_0-5cm_mean,municipio|lat,sg_nitrogen_0-5cm_mean|edaf_grupo|sg_cec_0-5cm_mean|sg_silt_0-5cm_mean,curados_extendidos,v1
parcelas_multianio_ubic_mun-pix_reto_v1,curados_reto/parcelas_multianio_ubic_mun-pix_reto_v1.csv,multianio,ubic_mun-pix,reto,197,38,ID_POLIGONO|conjunto|rendimiento_t_ha|area_ha|ndvi_s2_int|ndvi_s2_media_sep_oct|crc_s2_media|vi6t_landsat_max|lai_planet_max|lluvia_ciclo_mm|pendiente_grados|elevacion_m|ndvi_s2_max_2022|ndvi_s2_int_2022|ndvi_s2_media_sep_oct_2022|ndvi_s2_max_2023|ndvi_s2_int_2023|ndvi_s2_media_sep_oct_2023|ndvi_s2_max_2024|ndvi_s2_int_2024|ndvi_s2_media_sep_oct_2024|crc_s2_media_2022|crc_s2_media_2023|crc_s2_media_2024|vi6t_landsat_max_2022|vi6t_landsat_max_2023|vi6t_landsat_max_2024|lluvia_ciclo_mm_2022|lluvia_ciclo_mm_2023|lluvia_ciclo_mm_2024|ndvi_s2_max_hist_media|ndvi_s2_int_hist_media|ndvi_s2_media_sep_oct_hist_media|crc_s2_media_hist_media|vi6t_landsat_max_hist_media|lluvia_ciclo_mm_hist_media|municipio|pixel_clima,municipio|pixel_clima,,curados_reto,v1
parcelas_multianio_ubic_mun-pix_n_v1,curados_extendidos/parcelas_multianio_ubic_mun-pix_n_v1.csv,multianio,ubic_mun-pix,n,197,39,ID_POLIGONO|conjunto|rendimiento_t_ha|area_ha|ndvi_s2_int|ndvi_s2_media_sep_oct|crc_s2_media|vi6t_landsat_max|lai_planet_max|lluvia_ciclo_mm|pendiente_grados|elevacion_m|ndvi_s2_max_2022|ndvi_s2_int_2022|ndvi_s2_media_sep_oct_2022|ndvi_s2_max_2023|ndvi_s2_int_2023|ndvi_s2_media_sep_oct_2023|ndvi_s2_max_2024|ndvi_s2_int_2024|ndvi_s2_media_sep_oct_2024|crc_s2_media_2022|crc_s2_media_2023|crc_s2_media_2024|vi6t_landsat_max_2022|vi6t_landsat_max_2023|vi6t_landsat_max_2024|lluvia_ciclo_mm_2022|lluvia_ciclo_mm_2023|lluvia_ciclo_mm_2024|ndvi_s2_max_hist_media|ndvi_s2_int_hist_media|ndvi_s2_media_sep_oct_hist_media|crc_s2_media_hist_media|vi6t_landsat_max_hist_media|lluvia_ciclo_mm_hist_media|municipio|pixel_clima|sg_nitrogen_0-5cm_mean,municipio|pixel_clima,sg_nitrogen_0-5cm_mean,curados_extendidos,v1
parcelas_multianio_ubic_mun-pix_edaf_v1,curados_extendidos/parcelas_multianio_ubic_mun-pix_edaf_v1.csv,multianio,ubic_mun-pix,edaf,197,39,ID_POLIGONO|conjunto|rendimiento_t_ha|area_ha|ndvi_s2_int|ndvi_s2_media_sep_oct|crc_s2_media|vi6t_landsat_max|lai_planet_max|lluvia_ciclo_mm|pendiente_grados|elevacion_m|ndvi_s2_max_2022|ndvi_s2_int_2022|ndvi_s2_media_sep_oct_2022|ndvi_s2_max_2023|ndvi_s2_int_2023|ndvi_s2_media_sep_oct_2023|ndvi_s2_max_2024|ndvi_s2_int_2024|ndvi_s2_media_sep_oct_2024|crc_s2_media_2022|crc_s2_media_2023|crc_s2_media_2024|vi6t_landsat_max_2022|vi6t_landsat_max_2023|vi6t_landsat_max_2024|lluvia_ciclo_mm_2022|lluvia_ciclo_mm_2023|lluvia_ciclo_mm_2024|ndvi_s2_max_hist_media|ndvi_s2_int_hist_media|ndvi_s2_media_sep_oct_hist_media|crc_s2_media_hist_media|vi6t_landsat_max_hist_media|lluvia_ciclo_mm_hist_media|municipio|pixel_clima|edaf_grupo,municipio|pixel_clima,edaf_grupo,curados_extendidos,v1
parcelas_multianio_ubic_mun-pix_cec_v1,curados_extendidos/parcelas_multianio_ubic_mun-pix_cec_v1.csv,multianio,ubic_mun-pix,cec,197,39,ID_POLIGONO|conjunto|rendimiento_t_ha|area_ha|ndvi_s2_int|ndvi_s2_media_sep_oct|crc_s2_media|vi6t_landsat_max|lai_planet_max|lluvia_ciclo_mm|pendiente_grados|elevacion_m|ndvi_s2_max_2022|ndvi_s2_int_2022|ndvi_s2_media_sep_oct_2022|ndvi_s2_max_2023|ndvi_s2_int_2023|ndvi_s2_media_sep_oct_2023|ndvi_s2_max_2024|ndvi_s2_int_2024|ndvi_s2_media_sep_oct_2024|crc_s2_media_2022|crc_s2_media_2023|crc_s2_media_2024|vi6t_landsat_max_2022|vi6t_landsat_max_2023|vi6t_landsat_max_2024|lluvia_ciclo_mm_2022|lluvia_ciclo_mm_2023|lluvia_ciclo_mm_2024|ndvi_s2_max_hist_media|ndvi_s2_int_hist_media|ndvi_s2_media_sep_oct_hist_media|crc_s2_media_hist_media|vi6t_landsat_max_hist_media|lluvia_ciclo_mm_hist_media|municipio|pixel_clima|sg_cec_0-5cm_mean,municipio|pixel_clima,sg_cec_0-5cm_mean,curados_extendidos,v1
parcelas_multianio_ubic_mun-pix_silt_v1,curados_extendidos/parcelas_multianio_ubic_mun-pix_silt_v1.csv,multianio,ubic_mun-pix,silt,197,39,ID_POLIGONO|conjunto|rendimiento_t_ha|area_ha|ndvi_s2_int|ndvi_s2_media_sep_oct|crc_s2_media|vi6t_landsat_max|lai_planet_max|lluvia_ciclo_mm|pendiente_grados|elevacion_m|ndvi_s2_max_2022|ndvi_s2_int_2022|ndvi_s2_media_sep_oct_2022|ndvi_s2_max_2023|ndvi_s2_int_2023|ndvi_s2_media_sep_oct_2023|ndvi_s2_max_2024|ndvi_s2_int_2024|ndvi_s2_media_sep_oct_2024|crc_s2_media_2022|crc_s2_media_2023|crc_s2_media_2024|vi6t_landsat_max_2022|vi6t_landsat_max_2023|vi6t_landsat_max_2024|lluvia_ciclo_mm_2022|lluvia_ciclo_mm_2023|lluvia_ciclo_mm_2024|ndvi_s2_max_hist_media|ndvi_s2_int_hist_media|ndvi_s2_media_sep_oct_hist_media|crc_s2_media_hist_media|vi6t_landsat_max_hist_media|lluvia_ciclo_mm_hist_media|municipio|pixel_clima|sg_silt_0-5cm_mean,municipio|pixel_clima,sg_silt_0-5cm_mean,curados_extendidos,v1
parcelas_multianio_ubic_mun-pix_n-edaf_v1,curados_extendidos/parcelas_multianio_ubic_mun-pix_n-edaf_v1.csv,multianio,ubic_mun-pix,n-edaf,197,40,ID_POLIGONO|conjunto|rendimiento_t_ha|area_ha|ndvi_s2_int|ndvi_s2_media_sep_oct|crc_s2_media|vi6t_landsat_max|lai_planet_max|lluvia_ciclo_mm|pendiente_grados|elevacion_m|ndvi_s2_max_2022|ndvi_s2_int_2022|ndvi_s2_media_sep_oct_2022|ndvi_s2_max_2023|ndvi_s2_int_2023|ndvi_s2_media_sep_oct_2023|ndvi_s2_max_2024|ndvi_s2_int_2024|ndvi_s2_media_sep_oct_2024|crc_s2_media_2022|crc_s2_media_2023|crc_s2_media_2024|vi6t_landsat_max_2022|vi6t_landsat_max_2023|vi6t_landsat_max_2024|lluvia_ciclo_mm_2022|lluvia_ciclo_mm_2023|lluvia_ciclo_mm_2024|ndvi_s2_max_hist_media|ndvi_s2_int_hist_media|ndvi_s2_media_sep_oct_hist_media|crc_s2_media_hist_media|vi6t_landsat_max_hist_media|lluvia_ciclo_mm_hist_media|municipio|pixel_clima|sg_nitrogen_0-5cm_mean|edaf_grupo,municipio|pixel_clima,sg_nitrogen_0-5cm_mean|edaf_grupo,curados_extendidos,v1
parcelas_multianio_ubic_mun-pix_n-cec_v1,curados_extendidos/parcelas_multianio_ubic_mun-pix_n-cec_v1.csv,multianio,ubic_mun-pix,n-cec,197,40,ID_POLIGONO|conjunto|rendimiento_t_ha|area_ha|ndvi_s2_int|ndvi_s2_media_sep_oct|crc_s2_media|vi6t_landsat_max|lai_planet_max|lluvia_ciclo_mm|pendiente_grados|elevacion_m|ndvi_s2_max_2022|ndvi_s2_int_2022|ndvi_s2_media_sep_oct_2022|ndvi_s2_max_2023|ndvi_s2_int_2023|ndvi_s2_media_sep_oct_2023|ndvi_s2_max_2024|ndvi_s2_int_2024|ndvi_s2_media_sep_oct_2024|crc_s2_media_2022|crc_s2_media_2023|crc_s2_media_2024|vi6t_landsat_max_2022|vi6t_landsat_max_2023|vi6t_landsat_max_2024|lluvia_ciclo_mm_2022|lluvia_ciclo_mm_2023|lluvia_ciclo_mm_2024|ndvi_s2_max_hist_media|ndvi_s2_int_hist_media|ndvi_s2_media_sep_oct_hist_media|crc_s2_media_hist_media|vi6t_landsat_max_hist_media|lluvia_ciclo_mm_hist_media|municipio|pixel_clima|sg_nitrogen_0-5cm_mean|sg_cec_0-5cm_mean,municipio|pixel_clima,sg_nitrogen_0-5cm_mean|sg_cec_0-5cm_mean,curados_extendidos,v1
parcelas_multianio_ubic_mun-pix_n-silt_v1,curados_extendidos/parcelas_multianio_ubic_mun-pix_n-silt_v1.csv,multianio,ubic_mun-pix,n-silt,197,40,ID_POLIGONO|conjunto|rendimiento_t_ha|area_ha|ndvi_s2_int|ndvi_s2_media_sep_oct|crc_s2_media|vi6t_landsat_max|lai_planet_max|lluvia_ciclo_mm|pendiente_grados|elevacion_m|ndvi_s2_max_2022|ndvi_s2_int_2022|ndvi_s2_media_sep_oct_2022|ndvi_s2_max_2023|ndvi_s2_int_2023|ndvi_s2_media_sep_oct_2023|ndvi_s2_max_2024|ndvi_s2_int_2024|ndvi_s2_media_sep_oct_2024|crc_s2_media_2022|crc_s2_media_2023|crc_s2_media_2024|vi6t_landsat_max_2022|vi6t_landsat_max_2023|vi6t_landsat_max_2024|lluvia_ciclo_mm_2022|lluvia_ciclo_mm_2023|lluvia_ciclo_mm_2024|ndvi_s2_max_hist_media|ndvi_s2_int_hist_media|ndvi_s2_media_sep_oct_hist_media|crc_s2_media_hist_media|vi6t_landsat_max_hist_media|lluvia_ciclo_mm_hist_media|municipio|pixel_clima|sg_nitrogen_0-5cm_mean|sg_silt_0-5cm_mean,municipio|pixel_clima,sg_nitrogen_0-5cm_mean|sg_silt_0-5cm_mean,curados_extendidos,v1
parcelas_multianio_ubic_mun-pix_edaf-cec_v1,curados_extendidos/parcelas_multianio_ubic_mun-pix_edaf-cec_v1.csv,multianio,ubic_mun-pix,edaf-cec,197,40,ID_POLIGONO|conjunto|rendimiento_t_ha|area_ha|ndvi_s2_int|ndvi_s2_media_sep_oct|crc_s2_media|vi6t_landsat_max|lai_planet_max|lluvia_ciclo_mm|pendiente_grados|elevacion_m|ndvi_s2_max_2022|ndvi_s2_int_2022|ndvi_s2_media_sep_oct_2022|ndvi_s2_max_2023|ndvi_s2_int_2023|ndvi_s2_media_sep_oct_2023|ndvi_s2_max_2024|ndvi_s2_int_2024|ndvi_s2_media_sep_oct_2024|crc_s2_media_2022|crc_s2_media_2023|crc_s2_media_2024|vi6t_landsat_max_2022|vi6t_landsat_max_2023|vi6t_landsat_max_2024|lluvia_ciclo_mm_2022|lluvia_ciclo_mm_2023|lluvia_ciclo_mm_2024|ndvi_s2_max_hist_media|ndvi_s2_int_hist_media|ndvi_s2_media_sep_oct_hist_media|crc_s2_media_hist_media|vi6t_landsat_max_hist_media|lluvia_ciclo_mm_hist_media|municipio|pixel_clima|edaf_grupo|sg_cec_0-5cm_mean,municipio|pixel_clima,edaf_grupo|sg_cec_0-5cm_mean,curados_extendidos,v1
parcelas_multianio_ubic_mun-pix_edaf-silt_v1,curados_extendidos/parcelas_multianio_ubic_mun-pix_edaf-silt_v1.csv,multianio,ubic_mun-pix,edaf-silt,197,40,ID_POLIGONO|conjunto|rendimiento_t_ha|area_ha|ndvi_s2_int|ndvi_s2_media_sep_oct|crc_s2_media|vi6t_landsat_max|lai_planet_max|lluvia_ciclo_mm|pendiente_grados|elevacion_m|ndvi_s2_max_2022|ndvi_s2_int_2022|ndvi_s2_media_sep_oct_2022|ndvi_s2_max_2023|ndvi_s2_int_2023|ndvi_s2_media_sep_oct_2023|ndvi_s2_max_2024|ndvi_s2_int_2024|ndvi_s2_media_sep_oct_2024|crc_s2_media_2022|crc_s2_media_2023|crc_s2_media_2024|vi6t_landsat_max_2022|vi6t_landsat_max_2023|vi6t_landsat_max_2024|lluvia_ciclo_mm_2022|lluvia_ciclo_mm_2023|lluvia_ciclo_mm_2024|ndvi_s2_max_hist_media|ndvi_s2_int_hist_media|ndvi_s2_media_sep_oct_hist_media|crc_s2_media_hist_media|vi6t_landsat_max_hist_media|lluvia_ciclo_mm_hist_media|municipio|pixel_clima|edaf_grupo|sg_silt_0-5cm_mean,municipio|pixel_clima,edaf_grupo|sg_silt_0-5cm_mean,curados_extendidos,v1
parcelas_multianio_ubic_mun-pix_cec-silt_v1,curados_extendidos/parcelas_multianio_ubic_mun-pix_cec-silt_v1.csv,multianio,ubic_mun-pix,cec-silt,197,40,ID_POLIGONO|conjunto|rendimiento_t_ha|area_ha|ndvi_s2_int|ndvi_s2_media_sep_oct|crc_s2_media|vi6t_landsat_max|lai_planet_max|lluvia_ciclo_mm|pendiente_grados|elevacion_m|ndvi_s2_max_2022|ndvi_s2_int_2022|ndvi_s2_media_sep_oct_2022|ndvi_s2_max_2023|ndvi_s2_int_2023|ndvi_s2_media_sep_oct_2023|ndvi_s2_max_2024|ndvi_s2_int_2024|ndvi_s2_media_sep_oct_2024|crc_s2_media_2022|crc_s2_media_2023|crc_s2_media_2024|vi6t_landsat_max_2022|vi6t_landsat_max_2023|vi6t_landsat_max_2024|lluvia_ciclo_mm_2022|lluvia_ciclo_mm_2023|lluvia_ciclo_mm_2024|ndvi_s2_max_hist_media|ndvi_s2_int_hist_media|ndvi_s2_media_sep_oct_hist_media|crc_s2_media_hist_media|vi6t_landsat_max_hist_media|lluvia_ciclo_mm_hist_media|municipio|pixel_clima|sg_cec_0-5cm_mean|sg_silt_0-5cm_mean,municipio|pixel_clima,sg_cec_0-5cm_mean|sg_silt_0-5cm_mean,curados_extendidos,v1
parcelas_multianio_ubic_mun-pix_n-edaf-cec_v1,curados_extendidos/parcelas_multianio_ubic_mun-pix_n-edaf-cec_v1.csv,multianio,ubic_mun-pix,n-edaf-cec,197,41,ID_POLIGONO|conjunto|rendimiento_t_ha|area_ha|ndvi_s2_int|ndvi_s2_media_sep_oct|crc_s2_media|vi6t_landsat_max|lai_planet_max|lluvia_ciclo_mm|pendiente_grados|elevacion_m|ndvi_s2_max_2022|ndvi_s2_int_2022|ndvi_s2_media_sep_oct_2022|ndvi_s2_max_2023|ndvi_s2_int_2023|ndvi_s2_media_sep_oct_2023|ndvi_s2_max_2024|ndvi_s2_int_2024|ndvi_s2_media_sep_oct_2024|crc_s2_media_2022|crc_s2_media_2023|crc_s2_media_2024|vi6t_landsat_max_2022|vi6t_landsat_max_2023|vi6t_landsat_max_2024|lluvia_ciclo_mm_2022|lluvia_ciclo_mm_2023|lluvia_ciclo_mm_2024|ndvi_s2_max_hist_media|ndvi_s2_int_hist_media|ndvi_s2_media_sep_oct_hist_media|crc_s2_media_hist_media|vi6t_landsat_max_hist_media|lluvia_ciclo_mm_hist_media|municipio|pixel_clima|sg_nitrogen_0-5cm_mean|edaf_grupo|sg_cec_0-5cm_mean,municipio|pixel_clima,sg_nitrogen_0-5cm_mean|edaf_grupo|sg_cec_0-5cm_mean,curados_extendidos,v1
parcelas_multianio_ubic_mun-pix_n-edaf-silt_v1,curados_extendidos/parcelas_multianio_ubic_mun-pix_n-edaf-silt_v1.csv,multianio,ubic_mun-pix,n-edaf-silt,197,41,ID_POLIGONO|conjunto|rendimiento_t_ha|area_ha|ndvi_s2_int|ndvi_s2_media_sep_oct|crc_s2_media|vi6t_landsat_max|lai_planet_max|lluvia_ciclo_mm|pendiente_grados|elevacion_m|ndvi_s2_max_2022|ndvi_s2_int_2022|ndvi_s2_media_sep_oct_2022|ndvi_s2_max_2023|ndvi_s2_int_2023|ndvi_s2_media_sep_oct_2023|ndvi_s2_max_2024|ndvi_s2_int_2024|ndvi_s2_media_sep_oct_2024|crc_s2_media_2022|crc_s2_media_2023|crc_s2_media_2024|vi6t_landsat_max_2022|vi6t_landsat_max_2023|vi6t_landsat_max_2024|lluvia_ciclo_mm_2022|lluvia_ciclo_mm_2023|lluvia_ciclo_mm_2024|ndvi_s2_max_hist_media|ndvi_s2_int_hist_media|ndvi_s2_media_sep_oct_hist_media|crc_s2_media_hist_media|vi6t_landsat_max_hist_media|lluvia_ciclo_mm_hist_media|municipio|pixel_clima|sg_nitrogen_0-5cm_mean|edaf_grupo|sg_silt_0-5cm_mean,municipio|pixel_clima,sg_nitrogen_0-5cm_mean|edaf_grupo|sg_silt_0-5cm_mean,curados_extendidos,v1
parcelas_multianio_ubic_mun-pix_n-cec-silt_v1,curados_extendidos/parcelas_multianio_ubic_mun-pix_n-cec-silt_v1.csv,multianio,ubic_mun-pix,n-cec-silt,197,41,ID_POLIGONO|conjunto|rendimiento_t_ha|area_ha|ndvi_s2_int|ndvi_s2_media_sep_oct|crc_s2_media|vi6t_landsat_max|lai_planet_max|lluvia_ciclo_mm|pendiente_grados|elevacion_m|ndvi_s2_max_2022|ndvi_s2_int_2022|ndvi_s2_media_sep_oct_2022|ndvi_s2_max_2023|ndvi_s2_int_2023|ndvi_s2_media_sep_oct_2023|ndvi_s2_max_2024|ndvi_s2_int_2024|ndvi_s2_media_sep_oct_2024|crc_s2_media_2022|crc_s2_media_2023|crc_s2_media_2024|vi6t_landsat_max_2022|vi6t_landsat_max_2023|vi6t_landsat_max_2024|lluvia_ciclo_mm_2022|lluvia_ciclo_mm_2023|lluvia_ciclo_mm_2024|ndvi_s2_max_hist_media|ndvi_s2_int_hist_media|ndvi_s2_media_sep_oct_hist_media|crc_s2_media_hist_media|vi6t_landsat_max_hist_media|lluvia_ciclo_mm_hist_media|municipio|pixel_clima|sg_nitrogen_0-5cm_mean|sg_cec_0-5cm_mean|sg_silt_0-5cm_mean,municipio|pixel_clima,sg_nitrogen_0-5cm_mean|sg_cec_0-5cm_mean|sg_silt_0-5cm_mean,curados_extendidos,v1
parcelas_multianio_ubic_mun-pix_edaf-cec-silt_v1,curados_extendidos/parcelas_multianio_ubic_mun-pix_edaf-cec-silt_v1.csv,multianio,ubic_mun-pix,edaf-cec-silt,197,41,ID_POLIGONO|conjunto|rendimiento_t_ha|area_ha|ndvi_s2_int|ndvi_s2_media_sep_oct|crc_s2_media|vi6t_landsat_max|lai_planet_max|lluvia_ciclo_mm|pendiente_grados|elevacion_m|ndvi_s2_max_2022|ndvi_s2_int_2022|ndvi_s2_media_sep_oct_2022|ndvi_s2_max_2023|ndvi_s2_int_2023|ndvi_s2_media_sep_oct_2023|ndvi_s2_max_2024|ndvi_s2_int_2024|ndvi_s2_media_sep_oct_2024|crc_s2_media_2022|crc_s2_media_2023|crc_s2_media_2024|vi6t_landsat_max_2022|vi6t_landsat_max_2023|vi6t_landsat_max_2024|lluvia_ciclo_mm_2022|lluvia_ciclo_mm_2023|lluvia_ciclo_mm_2024|ndvi_s2_max_hist_media|ndvi_s2_int_hist_media|ndvi_s2_media_sep_oct_hist_media|crc_s2_media_hist_media|vi6t_landsat_max_hist_media|lluvia_ciclo_mm_hist_media|municipio|pixel_clima|edaf_grupo|sg_cec_0-5cm_mean|sg_silt_0-5cm_mean,municipio|pixel_clima,edaf_grupo|sg_cec_0-5cm_mean|sg_silt_0-5cm_mean,curados_extendidos,v1
parcelas_multianio_ubic_mun-pix_n-edaf-cec-silt_v1,curados_extendidos/parcelas_multianio_ubic_mun-pix_n-edaf-cec-silt_v1.csv,multianio,ubic_mun-pix,n-edaf-cec-silt,197,42,ID_POLIGONO|conjunto|rendimiento_t_ha|area_ha|ndvi_s2_int|ndvi_s2_media_sep_oct|crc_s2_media|vi6t_landsat_max|lai_planet_max|lluvia_ciclo_mm|pendiente_grados|elevacion_m|ndvi_s2_max_2022|ndvi_s2_int_2022|ndvi_s2_media_sep_oct_2022|ndvi_s2_max_2023|ndvi_s2_int_2023|ndvi_s2_media_sep_oct_2023|ndvi_s2_max_2024|ndvi_s2_int_2024|ndvi_s2_media_sep_oct_2024|crc_s2_media_2022|crc_s2_media_2023|crc_s2_media_2024|vi6t_landsat_max_2022|vi6t_landsat_max_2023|vi6t_landsat_max_2024|lluvia_ciclo_mm_2022|lluvia_ciclo_mm_2023|lluvia_ciclo_mm_2024|ndvi_s2_max_hist_media|ndvi_s2_int_hist_media|ndvi_s2_media_sep_oct_hist_media|crc_s2_media_hist_media|vi6t_landsat_max_hist_media|lluvia_ciclo_mm_hist_media|municipio|pixel_clima|sg_nitrogen_0-5cm_mean|edaf_grupo|sg_cec_0-5cm_mean|sg_silt_0-5cm_mean,municipio|pixel_clima,sg_nitrogen_0-5cm_mean|edaf_grupo|sg_cec_0-5cm_mean|sg_silt_0-5cm_mean,curados_extendidos,v1
parcelas_multianio_ubic_lon-lat_reto_v1,curados_reto/parcelas_multianio_ubic_lon-lat_reto_v1.csv,multianio,ubic_lon-lat,reto,197,38,ID_POLIGONO|conjunto|rendimiento_t_ha|area_ha|ndvi_s2_int|ndvi_s2_media_sep_oct|crc_s2_media|vi6t_landsat_max|lai_planet_max|lluvia_ciclo_mm|pendiente_grados|elevacion_m|ndvi_s2_max_2022|ndvi_s2_int_2022|ndvi_s2_media_sep_oct_2022|ndvi_s2_max_2023|ndvi_s2_int_2023|ndvi_s2_media_sep_oct_2023|ndvi_s2_max_2024|ndvi_s2_int_2024|ndvi_s2_media_sep_oct_2024|crc_s2_media_2022|crc_s2_media_2023|crc_s2_media_2024|vi6t_landsat_max_2022|vi6t_landsat_max_2023|vi6t_landsat_max_2024|lluvia_ciclo_mm_2022|lluvia_ciclo_mm_2023|lluvia_ciclo_mm_2024|ndvi_s2_max_hist_media|ndvi_s2_int_hist_media|ndvi_s2_media_sep_oct_hist_media|crc_s2_media_hist_media|vi6t_landsat_max_hist_media|lluvia_ciclo_mm_hist_media|lon|lat,lon|lat,,curados_reto,v1
parcelas_multianio_ubic_lon-lat_n_v1,curados_extendidos/parcelas_multianio_ubic_lon-lat_n_v1.csv,multianio,ubic_lon-lat,n,197,39,ID_POLIGONO|conjunto|rendimiento_t_ha|area_ha|ndvi_s2_int|ndvi_s2_media_sep_oct|crc_s2_media|vi6t_landsat_max|lai_planet_max|lluvia_ciclo_mm|pendiente_grados|elevacion_m|ndvi_s2_max_2022|ndvi_s2_int_2022|ndvi_s2_media_sep_oct_2022|ndvi_s2_max_2023|ndvi_s2_int_2023|ndvi_s2_media_sep_oct_2023|ndvi_s2_max_2024|ndvi_s2_int_2024|ndvi_s2_media_sep_oct_2024|crc_s2_media_2022|crc_s2_media_2023|crc_s2_media_2024|vi6t_landsat_max_2022|vi6t_landsat_max_2023|vi6t_landsat_max_2024|lluvia_ciclo_mm_2022|lluvia_ciclo_mm_2023|lluvia_ciclo_mm_2024|ndvi_s2_max_hist_media|ndvi_s2_int_hist_media|ndvi_s2_media_sep_oct_hist_media|crc_s2_media_hist_media|vi6t_landsat_max_hist_media|lluvia_ciclo_mm_hist_media|lon|lat|sg_nitrogen_0-5cm_mean,lon|lat,sg_nitrogen_0-5cm_mean,curados_extendidos,v1
parcelas_multianio_ubic_lon-lat_edaf_v1,curados_extendidos/parcelas_multianio_ubic_lon-lat_edaf_v1.csv,multianio,ubic_lon-lat,edaf,197,39,ID_POLIGONO|conjunto|rendimiento_t_ha|area_ha|ndvi_s2_int|ndvi_s2_media_sep_oct|crc_s2_media|vi6t_landsat_max|lai_planet_max|lluvia_ciclo_mm|pendiente_grados|elevacion_m|ndvi_s2_max_2022|ndvi_s2_int_2022|ndvi_s2_media_sep_oct_2022|ndvi_s2_max_2023|ndvi_s2_int_2023|ndvi_s2_media_sep_oct_2023|ndvi_s2_max_2024|ndvi_s2_int_2024|ndvi_s2_media_sep_oct_2024|crc_s2_media_2022|crc_s2_media_2023|crc_s2_media_2024|vi6t_landsat_max_2022|vi6t_landsat_max_2023|vi6t_landsat_max_2024|lluvia_ciclo_mm_2022|lluvia_ciclo_mm_2023|lluvia_ciclo_mm_2024|ndvi_s2_max_hist_media|ndvi_s2_int_hist_media|ndvi_s2_media_sep_oct_hist_media|crc_s2_media_hist_media|vi6t_landsat_max_hist_media|lluvia_ciclo_mm_hist_media|lon|lat|edaf_grupo,lon|lat,edaf_grupo,curados_extendidos,v1
parcelas_multianio_ubic_lon-lat_cec_v1,curados_extendidos/parcelas_multianio_ubic_lon-lat_cec_v1.csv,multianio,ubic_lon-lat,cec,197,39,ID_POLIGONO|conjunto|rendimiento_t_ha|area_ha|ndvi_s2_int|ndvi_s2_media_sep_oct|crc_s2_media|vi6t_landsat_max|lai_planet_max|lluvia_ciclo_mm|pendiente_grados|elevacion_m|ndvi_s2_max_2022|ndvi_s2_int_2022|ndvi_s2_media_sep_oct_2022|ndvi_s2_max_2023|ndvi_s2_int_2023|ndvi_s2_media_sep_oct_2023|ndvi_s2_max_2024|ndvi_s2_int_2024|ndvi_s2_media_sep_oct_2024|crc_s2_media_2022|crc_s2_media_2023|crc_s2_media_2024|vi6t_landsat_max_2022|vi6t_landsat_max_2023|vi6t_landsat_max_2024|lluvia_ciclo_mm_2022|lluvia_ciclo_mm_2023|lluvia_ciclo_mm_2024|ndvi_s2_max_hist_media|ndvi_s2_int_hist_media|ndvi_s2_media_sep_oct_hist_media|crc_s2_media_hist_media|vi6t_landsat_max_hist_media|lluvia_ciclo_mm_hist_media|lon|lat|sg_cec_0-5cm_mean,lon|lat,sg_cec_0-5cm_mean,curados_extendidos,v1
parcelas_multianio_ubic_lon-lat_silt_v1,curados_extendidos/parcelas_multianio_ubic_lon-lat_silt_v1.csv,multianio,ubic_lon-lat,silt,197,39,ID_POLIGONO|conjunto|rendimiento_t_ha|area_ha|ndvi_s2_int|ndvi_s2_media_sep_oct|crc_s2_media|vi6t_landsat_max|lai_planet_max|lluvia_ciclo_mm|pendiente_grados|elevacion_m|ndvi_s2_max_2022|ndvi_s2_int_2022|ndvi_s2_media_sep_oct_2022|ndvi_s2_max_2023|ndvi_s2_int_2023|ndvi_s2_media_sep_oct_2023|ndvi_s2_max_2024|ndvi_s2_int_2024|ndvi_s2_media_sep_oct_2024|crc_s2_media_2022|crc_s2_media_2023|crc_s2_media_2024|vi6t_landsat_max_2022|vi6t_landsat_max_2023|vi6t_landsat_max_2024|lluvia_ciclo_mm_2022|lluvia_ciclo_mm_2023|lluvia_ciclo_mm_2024|ndvi_s2_max_hist_media|ndvi_s2_int_hist_media|ndvi_s2_media_sep_oct_hist_media|crc_s2_media_hist_media|vi6t_landsat_max_hist_media|lluvia_ciclo_mm_hist_media|lon|lat|sg_silt_0-5cm_mean,lon|lat,sg_silt_0-5cm_mean,curados_extendidos,v1
parcelas_multianio_ubic_lon-lat_n-edaf_v1,curados_extendidos/parcelas_multianio_ubic_lon-lat_n-edaf_v1.csv,multianio,ubic_lon-lat,n-edaf,197,40,ID_POLIGONO|conjunto|rendimiento_t_ha|area_ha|ndvi_s2_int|ndvi_s2_media_sep_oct|crc_s2_media|vi6t_landsat_max|lai_planet_max|lluvia_ciclo_mm|pendiente_grados|elevacion_m|ndvi_s2_max_2022|ndvi_s2_int_2022|ndvi_s2_media_sep_oct_2022|ndvi_s2_max_2023|ndvi_s2_int_2023|ndvi_s2_media_sep_oct_2023|ndvi_s2_max_2024|ndvi_s2_int_2024|ndvi_s2_media_sep_oct_2024|crc_s2_media_2022|crc_s2_media_2023|crc_s2_media_2024|vi6t_landsat_max_2022|vi6t_landsat_max_2023|vi6t_landsat_max_2024|lluvia_ciclo_mm_2022|lluvia_ciclo_mm_2023|lluvia_ciclo_mm_2024|ndvi_s2_max_hist_media|ndvi_s2_int_hist_media|ndvi_s2_media_sep_oct_hist_media|crc_s2_media_hist_media|vi6t_landsat_max_hist_media|lluvia_ciclo_mm_hist_media|lon|lat|sg_nitrogen_0-5cm_mean|edaf_grupo,lon|lat,sg_nitrogen_0-5cm_mean|edaf_grupo,curados_extendidos,v1
parcelas_multianio_ubic_lon-lat_n-cec_v1,curados_extendidos/parcelas_multianio_ubic_lon-lat_n-cec_v1.csv,multianio,ubic_lon-lat,n-cec,197,40,ID_POLIGONO|conjunto|rendimiento_t_ha|area_ha|ndvi_s2_int|ndvi_s2_media_sep_oct|crc_s2_media|vi6t_landsat_max|lai_planet_max|lluvia_ciclo_mm|pendiente_grados|elevacion_m|ndvi_s2_max_2022|ndvi_s2_int_2022|ndvi_s2_media_sep_oct_2022|ndvi_s2_max_2023|ndvi_s2_int_2023|ndvi_s2_media_sep_oct_2023|ndvi_s2_max_2024|ndvi_s2_int_2024|ndvi_s2_media_sep_oct_2024|crc_s2_media_2022|crc_s2_media_2023|crc_s2_media_2024|vi6t_landsat_max_2022|vi6t_landsat_max_2023|vi6t_landsat_max_2024|lluvia_ciclo_mm_2022|lluvia_ciclo_mm_2023|lluvia_ciclo_mm_2024|ndvi_s2_max_hist_media|ndvi_s2_int_hist_media|ndvi_s2_media_sep_oct_hist_media|crc_s2_media_hist_media|vi6t_landsat_max_hist_media|lluvia_ciclo_mm_hist_media|lon|lat|sg_nitrogen_0-5cm_mean|sg_cec_0-5cm_mean,lon|lat,sg_nitrogen_0-5cm_mean|sg_cec_0-5cm_mean,curados_extendidos,v1
parcelas_multianio_ubic_lon-lat_n-silt_v1,curados_extendidos/parcelas_multianio_ubic_lon-lat_n-silt_v1.csv,multianio,ubic_lon-lat,n-silt,197,40,ID_POLIGONO|conjunto|rendimiento_t_ha|area_ha|ndvi_s2_int|ndvi_s2_media_sep_oct|crc_s2_media|vi6t_landsat_max|lai_planet_max|lluvia_ciclo_mm|pendiente_grados|elevacion_m|ndvi_s2_max_2022|ndvi_s2_int_2022|ndvi_s2_media_sep_oct_2022|ndvi_s2_max_2023|ndvi_s2_int_2023|ndvi_s2_media_sep_oct_2023|ndvi_s2_max_2024|ndvi_s2_int_2024|ndvi_s2_media_sep_oct_2024|crc_s2_media_2022|crc_s2_media_2023|crc_s2_media_2024|vi6t_landsat_max_2022|vi6t_landsat_max_2023|vi6t_landsat_max_2024|lluvia_ciclo_mm_2022|lluvia_ciclo_mm_2023|lluvia_ciclo_mm_2024|ndvi_s2_max_hist_media|ndvi_s2_int_hist_media|ndvi_s2_media_sep_oct_hist_media|crc_s2_media_hist_media|vi6t_landsat_max_hist_media|lluvia_ciclo_mm_hist_media|lon|lat|sg_nitrogen_0-5cm_mean|sg_silt_0-5cm_mean,lon|lat,sg_nitrogen_0-5cm_mean|sg_silt_0-5cm_mean,curados_extendidos,v1
parcelas_multianio_ubic_lon-lat_edaf-cec_v1,curados_extendidos/parcelas_multianio_ubic_lon-lat_edaf-cec_v1.csv,multianio,ubic_lon-lat,edaf-cec,197,40,ID_POLIGONO|conjunto|rendimiento_t_ha|area_ha|ndvi_s2_int|ndvi_s2_media_sep_oct|crc_s2_media|vi6t_landsat_max|lai_planet_max|lluvia_ciclo_mm|pendiente_grados|elevacion_m|ndvi_s2_max_2022|ndvi_s2_int_2022|ndvi_s2_media_sep_oct_2022|ndvi_s2_max_2023|ndvi_s2_int_2023|ndvi_s2_media_sep_oct_2023|ndvi_s2_max_2024|ndvi_s2_int_2024|ndvi_s2_media_sep_oct_2024|crc_s2_media_2022|crc_s2_media_2023|crc_s2_media_2024|vi6t_landsat_max_2022|vi6t_landsat_max_2023|vi6t_landsat_max_2024|lluvia_ciclo_mm_2022|lluvia_ciclo_mm_2023|lluvia_ciclo_mm_2024|ndvi_s2_max_hist_media|ndvi_s2_int_hist_media|ndvi_s2_media_sep_oct_hist_media|crc_s2_media_hist_media|vi6t_landsat_max_hist_media|lluvia_ciclo_mm_hist_media|lon|lat|edaf_grupo|sg_cec_0-5cm_mean,lon|lat,edaf_grupo|sg_cec_0-5cm_mean,curados_extendidos,v1
parcelas_multianio_ubic_lon-lat_edaf-silt_v1,curados_extendidos/parcelas_multianio_ubic_lon-lat_edaf-silt_v1.csv,multianio,ubic_lon-lat,edaf-silt,197,40,ID_POLIGONO|conjunto|rendimiento_t_ha|area_ha|ndvi_s2_int|ndvi_s2_media_sep_oct|crc_s2_media|vi6t_landsat_max|lai_planet_max|lluvia_ciclo_mm|pendiente_grados|elevacion_m|ndvi_s2_max_2022|ndvi_s2_int_2022|ndvi_s2_media_sep_oct_2022|ndvi_s2_max_2023|ndvi_s2_int_2023|ndvi_s2_media_sep_oct_2023|ndvi_s2_max_2024|ndvi_s2_int_2024|ndvi_s2_media_sep_oct_2024|crc_s2_media_2022|crc_s2_media_2023|crc_s2_media_2024|vi6t_landsat_max_2022|vi6t_landsat_max_2023|vi6t_landsat_max_2024|lluvia_ciclo_mm_2022|lluvia_ciclo_mm_2023|lluvia_ciclo_mm_2024|ndvi_s2_max_hist_media|ndvi_s2_int_hist_media|ndvi_s2_media_sep_oct_hist_media|crc_s2_media_hist_media|vi6t_landsat_max_hist_media|lluvia_ciclo_mm_hist_media|lon|lat|edaf_grupo|sg_silt_0-5cm_mean,lon|lat,edaf_grupo|sg_silt_0-5cm_mean,curados_extendidos,v1
parcelas_multianio_ubic_lon-lat_cec-silt_v1,curados_extendidos/parcelas_multianio_ubic_lon-lat_cec-silt_v1.csv,multianio,ubic_lon-lat,cec-silt,197,40,ID_POLIGONO|conjunto|rendimiento_t_ha|area_ha|ndvi_s2_int|ndvi_s2_media_sep_oct|crc_s2_media|vi6t_landsat_max|lai_planet_max|lluvia_ciclo_mm|pendiente_grados|elevacion_m|ndvi_s2_max_2022|ndvi_s2_int_2022|ndvi_s2_media_sep_oct_2022|ndvi_s2_max_2023|ndvi_s2_int_2023|ndvi_s2_media_sep_oct_2023|ndvi_s2_max_2024|ndvi_s2_int_2024|ndvi_s2_media_sep_oct_2024|crc_s2_media_2022|crc_s2_media_2023|crc_s2_media_2024|vi6t_landsat_max_2022|vi6t_landsat_max_2023|vi6t_landsat_max_2024|lluvia_ciclo_mm_2022|lluvia_ciclo_mm_2023|lluvia_ciclo_mm_2024|ndvi_s2_max_hist_media|ndvi_s2_int_hist_media|ndvi_s2_media_sep_oct_hist_media|crc_s2_media_hist_media|vi6t_landsat_max_hist_media|lluvia_ciclo_mm_hist_media|lon|lat|sg_cec_0-5cm_mean|sg_silt_0-5cm_mean,lon|lat,sg_cec_0-5cm_mean|sg_silt_0-5cm_mean,curados_extendidos,v1
parcelas_multianio_ubic_lon-lat_n-edaf-cec_v1,curados_extendidos/parcelas_multianio_ubic_lon-lat_n-edaf-cec_v1.csv,multianio,ubic_lon-lat,n-edaf-cec,197,41,ID_POLIGONO|conjunto|rendimiento_t_ha|area_ha|ndvi_s2_int|ndvi_s2_media_sep_oct|crc_s2_media|vi6t_landsat_max|lai_planet_max|lluvia_ciclo_mm|pendiente_grados|elevacion_m|ndvi_s2_max_2022|ndvi_s2_int_2022|ndvi_s2_media_sep_oct_2022|ndvi_s2_max_2023|ndvi_s2_int_2023|ndvi_s2_media_sep_oct_2023|ndvi_s2_max_2024|ndvi_s2_int_2024|ndvi_s2_media_sep_oct_2024|crc_s2_media_2022|crc_s2_media_2023|crc_s2_media_2024|vi6t_landsat_max_2022|vi6t_landsat_max_2023|vi6t_landsat_max_2024|lluvia_ciclo_mm_2022|lluvia_ciclo_mm_2023|lluvia_ciclo_mm_2024|ndvi_s2_max_hist_media|ndvi_s2_int_hist_media|ndvi_s2_media_sep_oct_hist_media|crc_s2_media_hist_media|vi6t_landsat_max_hist_media|lluvia_ciclo_mm_hist_media|lon|lat|sg_nitrogen_0-5cm_mean|edaf_grupo|sg_cec_0-5cm_mean,lon|lat,sg_nitrogen_0-5cm_mean|edaf_grupo|sg_cec_0-5cm_mean,curados_extendidos,v1
parcelas_multianio_ubic_lon-lat_n-edaf-silt_v1,curados_extendidos/parcelas_multianio_ubic_lon-lat_n-edaf-silt_v1.csv,multianio,ubic_lon-lat,n-edaf-silt,197,41,ID_POLIGONO|conjunto|rendimiento_t_ha|area_ha|ndvi_s2_int|ndvi_s2_media_sep_oct|crc_s2_media|vi6t_landsat_max|lai_planet_max|lluvia_ciclo_mm|pendiente_grados|elevacion_m|ndvi_s2_max_2022|ndvi_s2_int_2022|ndvi_s2_media_sep_oct_2022|ndvi_s2_max_2023|ndvi_s2_int_2023|ndvi_s2_media_sep_oct_2023|ndvi_s2_max_2024|ndvi_s2_int_2024|ndvi_s2_media_sep_oct_2024|crc_s2_media_2022|crc_s2_media_2023|crc_s2_media_2024|vi6t_landsat_max_2022|vi6t_landsat_max_2023|vi6t_landsat_max_2024|lluvia_ciclo_mm_2022|lluvia_ciclo_mm_2023|lluvia_ciclo_mm_2024|ndvi_s2_max_hist_media|ndvi_s2_int_hist_media|ndvi_s2_media_sep_oct_hist_media|crc_s2_media_hist_media|vi6t_landsat_max_hist_media|lluvia_ciclo_mm_hist_media|lon|lat|sg_nitrogen_0-5cm_mean|edaf_grupo|sg_silt_0-5cm_mean,lon|lat,sg_nitrogen_0-5cm_mean|edaf_grupo|sg_silt_0-5cm_mean,curados_extendidos,v1
parcelas_multianio_ubic_lon-lat_n-cec-silt_v1,curados_extendidos/parcelas_multianio_ubic_lon-lat_n-cec-silt_v1.csv,multianio,ubic_lon-lat,n-cec-silt,197,41,ID_POLIGONO|conjunto|rendimiento_t_ha|area_ha|ndvi_s2_int|ndvi_s2_media_sep_oct|crc_s2_media|vi6t_landsat_max|lai_planet_max|lluvia_ciclo_mm|pendiente_grados|elevacion_m|ndvi_s2_max_2022|ndvi_s2_int_2022|ndvi_s2_media_sep_oct_2022|ndvi_s2_max_2023|ndvi_s2_int_2023|ndvi_s2_media_sep_oct_2023|ndvi_s2_max_2024|ndvi_s2_int_2024|ndvi_s2_media_sep_oct_2024|crc_s2_media_2022|crc_s2_media_2023|crc_s2_media_2024|vi6t_landsat_max_2022|vi6t_landsat_max_2023|vi6t_landsat_max_2024|lluvia_ciclo_mm_2022|lluvia_ciclo_mm_2023|lluvia_ciclo_mm_2024|ndvi_s2_max_hist_media|ndvi_s2_int_hist_media|ndvi_s2_media_sep_oct_hist_media|crc_s2_media_hist_media|vi6t_landsat_max_hist_media|lluvia_ciclo_mm_hist_media|lon|lat|sg_nitrogen_0-5cm_mean|sg_cec_0-5cm_mean|sg_silt_0-5cm_mean,lon|lat,sg_nitrogen_0-5cm_mean|sg_cec_0-5cm_mean|sg_silt_0-5cm_mean,curados_extendidos,v1
parcelas_multianio_ubic_lon-lat_edaf-cec-silt_v1,curados_extendidos/parcelas_multianio_ubic_lon-lat_edaf-cec-silt_v1.csv,multianio,ubic_lon-lat,edaf-cec-silt,197,41,ID_POLIGONO|conjunto|rendimiento_t_ha|area_ha|ndvi_s2_int|ndvi_s2_media_sep_oct|crc_s2_media|vi6t_landsat_max|lai_planet_max|lluvia_ciclo_mm|pendiente_grados|elevacion_m|ndvi_s2_max_2022|ndvi_s2_int_2022|ndvi_s2_media_sep_oct_2022|ndvi_s2_max_2023|ndvi_s2_int_2023|ndvi_s2_media_sep_oct_2023|ndvi_s2_max_2024|ndvi_s2_int_2024|ndvi_s2_media_sep_oct_2024|crc_s2_media_2022|crc_s2_media_2023|crc_s2_media_2024|vi6t_landsat_max_2022|vi6t_landsat_max_2023|vi6t_landsat_max_2024|lluvia_ciclo_mm_2022|lluvia_ciclo_mm_2023|lluvia_ciclo_mm_2024|ndvi_s2_max_hist_media|ndvi_s2_int_hist_media|ndvi_s2_media_sep_oct_hist_media|crc_s2_media_hist_media|vi6t_landsat_max_hist_media|lluvia_ciclo_mm_hist_media|lon|lat|edaf_grupo|sg_cec_0-5cm_mean|sg_silt_0-5cm_mean,lon|lat,edaf_grupo|sg_cec_0-5cm_mean|sg_silt_0-5cm_mean,curados_extendidos,v1
parcelas_multianio_ubic_lon-lat_n-edaf-cec-silt_v1,curados_extendidos/parcelas_multianio_ubic_lon-lat_n-edaf-cec-silt_v1.csv,multianio,ubic_lon-lat,n-edaf-cec-silt,197,42,ID_POLIGONO|conjunto|rendimiento_t_ha|area_ha|ndvi_s2_int|ndvi_s2_media_sep_oct|crc_s2_media|vi6t_landsat_max|lai_planet_max|lluvia_ciclo_mm|pendiente_grados|elevacion_m|ndvi_s2_max_2022|ndvi_s2_int_2022|ndvi_s2_media_sep_oct_2022|ndvi_s2_max_2023|ndvi_s2_int_2023|ndvi_s2_media_sep_oct_2023|ndvi_s2_max_2024|ndvi_s2_int_2024|ndvi_s2_media_sep_oct_2024|crc_s2_media_2022|crc_s2_media_2023|crc_s2_media_2024|vi6t_landsat_max_2022|vi6t_landsat_max_2023|vi6t_landsat_max_2024|lluvia_ciclo_mm_2022|lluvia_ciclo_mm_2023|lluvia_ciclo_mm_2024|ndvi_s2_max_hist_media|ndvi_s2_int_hist_media|ndvi_s2_media_sep_oct_hist_media|crc_s2_media_hist_media|vi6t_landsat_max_hist_media|lluvia_ciclo_mm_hist_media|lon|lat|sg_nitrogen_0-5cm_mean|edaf_grupo|sg_cec_0-5cm_mean|sg_silt_0-5cm_mean,lon|lat,sg_nitrogen_0-5cm_mean|edaf_grupo|sg_cec_0-5cm_mean|sg_silt_0-5cm_mean,curados_extendidos,v1
parcelas_multianio_ubic_lon-pix_reto_v1,curados_reto/parcelas_multianio_ubic_lon-pix_reto_v1.csv,multianio,ubic_lon-pix,reto,197,38,ID_POLIGONO|conjunto|rendimiento_t_ha|area_ha|ndvi_s2_int|ndvi_s2_media_sep_oct|crc_s2_media|vi6t_landsat_max|lai_planet_max|lluvia_ciclo_mm|pendiente_grados|elevacion_m|ndvi_s2_max_2022|ndvi_s2_int_2022|ndvi_s2_media_sep_oct_2022|ndvi_s2_max_2023|ndvi_s2_int_2023|ndvi_s2_media_sep_oct_2023|ndvi_s2_max_2024|ndvi_s2_int_2024|ndvi_s2_media_sep_oct_2024|crc_s2_media_2022|crc_s2_media_2023|crc_s2_media_2024|vi6t_landsat_max_2022|vi6t_landsat_max_2023|vi6t_landsat_max_2024|lluvia_ciclo_mm_2022|lluvia_ciclo_mm_2023|lluvia_ciclo_mm_2024|ndvi_s2_max_hist_media|ndvi_s2_int_hist_media|ndvi_s2_media_sep_oct_hist_media|crc_s2_media_hist_media|vi6t_landsat_max_hist_media|lluvia_ciclo_mm_hist_media|lon|pixel_clima,lon|pixel_clima,,curados_reto,v1
parcelas_multianio_ubic_lon-pix_n_v1,curados_extendidos/parcelas_multianio_ubic_lon-pix_n_v1.csv,multianio,ubic_lon-pix,n,197,39,ID_POLIGONO|conjunto|rendimiento_t_ha|area_ha|ndvi_s2_int|ndvi_s2_media_sep_oct|crc_s2_media|vi6t_landsat_max|lai_planet_max|lluvia_ciclo_mm|pendiente_grados|elevacion_m|ndvi_s2_max_2022|ndvi_s2_int_2022|ndvi_s2_media_sep_oct_2022|ndvi_s2_max_2023|ndvi_s2_int_2023|ndvi_s2_media_sep_oct_2023|ndvi_s2_max_2024|ndvi_s2_int_2024|ndvi_s2_media_sep_oct_2024|crc_s2_media_2022|crc_s2_media_2023|crc_s2_media_2024|vi6t_landsat_max_2022|vi6t_landsat_max_2023|vi6t_landsat_max_2024|lluvia_ciclo_mm_2022|lluvia_ciclo_mm_2023|lluvia_ciclo_mm_2024|ndvi_s2_max_hist_media|ndvi_s2_int_hist_media|ndvi_s2_media_sep_oct_hist_media|crc_s2_media_hist_media|vi6t_landsat_max_hist_media|lluvia_ciclo_mm_hist_media|lon|pixel_clima|sg_nitrogen_0-5cm_mean,lon|pixel_clima,sg_nitrogen_0-5cm_mean,curados_extendidos,v1
parcelas_multianio_ubic_lon-pix_edaf_v1,curados_extendidos/parcelas_multianio_ubic_lon-pix_edaf_v1.csv,multianio,ubic_lon-pix,edaf,197,39,ID_POLIGONO|conjunto|rendimiento_t_ha|area_ha|ndvi_s2_int|ndvi_s2_media_sep_oct|crc_s2_media|vi6t_landsat_max|lai_planet_max|lluvia_ciclo_mm|pendiente_grados|elevacion_m|ndvi_s2_max_2022|ndvi_s2_int_2022|ndvi_s2_media_sep_oct_2022|ndvi_s2_max_2023|ndvi_s2_int_2023|ndvi_s2_media_sep_oct_2023|ndvi_s2_max_2024|ndvi_s2_int_2024|ndvi_s2_media_sep_oct_2024|crc_s2_media_2022|crc_s2_media_2023|crc_s2_media_2024|vi6t_landsat_max_2022|vi6t_landsat_max_2023|vi6t_landsat_max_2024|lluvia_ciclo_mm_2022|lluvia_ciclo_mm_2023|lluvia_ciclo_mm_2024|ndvi_s2_max_hist_media|ndvi_s2_int_hist_media|ndvi_s2_media_sep_oct_hist_media|crc_s2_media_hist_media|vi6t_landsat_max_hist_media|lluvia_ciclo_mm_hist_media|lon|pixel_clima|edaf_grupo,lon|pixel_clima,edaf_grupo,curados_extendidos,v1
parcelas_multianio_ubic_lon-pix_cec_v1,curados_extendidos/parcelas_multianio_ubic_lon-pix_cec_v1.csv,multianio,ubic_lon-pix,cec,197,39,ID_POLIGONO|conjunto|rendimiento_t_ha|area_ha|ndvi_s2_int|ndvi_s2_media_sep_oct|crc_s2_media|vi6t_landsat_max|lai_planet_max|lluvia_ciclo_mm|pendiente_grados|elevacion_m|ndvi_s2_max_2022|ndvi_s2_int_2022|ndvi_s2_media_sep_oct_2022|ndvi_s2_max_2023|ndvi_s2_int_2023|ndvi_s2_media_sep_oct_2023|ndvi_s2_max_2024|ndvi_s2_int_2024|ndvi_s2_media_sep_oct_2024|crc_s2_media_2022|crc_s2_media_2023|crc_s2_media_2024|vi6t_landsat_max_2022|vi6t_landsat_max_2023|vi6t_landsat_max_2024|lluvia_ciclo_mm_2022|lluvia_ciclo_mm_2023|lluvia_ciclo_mm_2024|ndvi_s2_max_hist_media|ndvi_s2_int_hist_media|ndvi_s2_media_sep_oct_hist_media|crc_s2_media_hist_media|vi6t_landsat_max_hist_media|lluvia_ciclo_mm_hist_media|lon|pixel_clima|sg_cec_0-5cm_mean,lon|pixel_clima,sg_cec_0-5cm_mean,curados_extendidos,v1
parcelas_multianio_ubic_lon-pix_silt_v1,curados_extendidos/parcelas_multianio_ubic_lon-pix_silt_v1.csv,multianio,ubic_lon-pix,silt,197,39,ID_POLIGONO|conjunto|rendimiento_t_ha|area_ha|ndvi_s2_int|ndvi_s2_media_sep_oct|crc_s2_media|vi6t_landsat_max|lai_planet_max|lluvia_ciclo_mm|pendiente_grados|elevacion_m|ndvi_s2_max_2022|ndvi_s2_int_2022|ndvi_s2_media_sep_oct_2022|ndvi_s2_max_2023|ndvi_s2_int_2023|ndvi_s2_media_sep_oct_2023|ndvi_s2_max_2024|ndvi_s2_int_2024|ndvi_s2_media_sep_oct_2024|crc_s2_media_2022|crc_s2_media_2023|crc_s2_media_2024|vi6t_landsat_max_2022|vi6t_landsat_max_2023|vi6t_landsat_max_2024|lluvia_ciclo_mm_2022|lluvia_ciclo_mm_2023|lluvia_ciclo_mm_2024|ndvi_s2_max_hist_media|ndvi_s2_int_hist_media|ndvi_s2_media_sep_oct_hist_media|crc_s2_media_hist_media|vi6t_landsat_max_hist_media|lluvia_ciclo_mm_hist_media|lon|pixel_clima|sg_silt_0-5cm_mean,lon|pixel_clima,sg_silt_0-5cm_mean,curados_extendidos,v1
parcelas_multianio_ubic_lon-pix_n-edaf_v1,curados_extendidos/parcelas_multianio_ubic_lon-pix_n-edaf_v1.csv,multianio,ubic_lon-pix,n-edaf,197,40,ID_POLIGONO|conjunto|rendimiento_t_ha|area_ha|ndvi_s2_int|ndvi_s2_media_sep_oct|crc_s2_media|vi6t_landsat_max|lai_planet_max|lluvia_ciclo_mm|pendiente_grados|elevacion_m|ndvi_s2_max_2022|ndvi_s2_int_2022|ndvi_s2_media_sep_oct_2022|ndvi_s2_max_2023|ndvi_s2_int_2023|ndvi_s2_media_sep_oct_2023|ndvi_s2_max_2024|ndvi_s2_int_2024|ndvi_s2_media_sep_oct_2024|crc_s2_media_2022|crc_s2_media_2023|crc_s2_media_2024|vi6t_landsat_max_2022|vi6t_landsat_max_2023|vi6t_landsat_max_2024|lluvia_ciclo_mm_2022|lluvia_ciclo_mm_2023|lluvia_ciclo_mm_2024|ndvi_s2_max_hist_media|ndvi_s2_int_hist_media|ndvi_s2_media_sep_oct_hist_media|crc_s2_media_hist_media|vi6t_landsat_max_hist_media|lluvia_ciclo_mm_hist_media|lon|pixel_clima|sg_nitrogen_0-5cm_mean|edaf_grupo,lon|pixel_clima,sg_nitrogen_0-5cm_mean|edaf_grupo,curados_extendidos,v1
parcelas_multianio_ubic_lon-pix_n-cec_v1,curados_extendidos/parcelas_multianio_ubic_lon-pix_n-cec_v1.csv,multianio,ubic_lon-pix,n-cec,197,40,ID_POLIGONO|conjunto|rendimiento_t_ha|area_ha|ndvi_s2_int|ndvi_s2_media_sep_oct|crc_s2_media|vi6t_landsat_max|lai_planet_max|lluvia_ciclo_mm|pendiente_grados|elevacion_m|ndvi_s2_max_2022|ndvi_s2_int_2022|ndvi_s2_media_sep_oct_2022|ndvi_s2_max_2023|ndvi_s2_int_2023|ndvi_s2_media_sep_oct_2023|ndvi_s2_max_2024|ndvi_s2_int_2024|ndvi_s2_media_sep_oct_2024|crc_s2_media_2022|crc_s2_media_2023|crc_s2_media_2024|vi6t_landsat_max_2022|vi6t_landsat_max_2023|vi6t_landsat_max_2024|lluvia_ciclo_mm_2022|lluvia_ciclo_mm_2023|lluvia_ciclo_mm_2024|ndvi_s2_max_hist_media|ndvi_s2_int_hist_media|ndvi_s2_media_sep_oct_hist_media|crc_s2_media_hist_media|vi6t_landsat_max_hist_media|lluvia_ciclo_mm_hist_media|lon|pixel_clima|sg_nitrogen_0-5cm_mean|sg_cec_0-5cm_mean,lon|pixel_clima,sg_nitrogen_0-5cm_mean|sg_cec_0-5cm_mean,curados_extendidos,v1
parcelas_multianio_ubic_lon-pix_n-silt_v1,curados_extendidos/parcelas_multianio_ubic_lon-pix_n-silt_v1.csv,multianio,ubic_lon-pix,n-silt,197,40,ID_POLIGONO|conjunto|rendimiento_t_ha|area_ha|ndvi_s2_int|ndvi_s2_media_sep_oct|crc_s2_media|vi6t_landsat_max|lai_planet_max|lluvia_ciclo_mm|pendiente_grados|elevacion_m|ndvi_s2_max_2022|ndvi_s2_int_2022|ndvi_s2_media_sep_oct_2022|ndvi_s2_max_2023|ndvi_s2_int_2023|ndvi_s2_media_sep_oct_2023|ndvi_s2_max_2024|ndvi_s2_int_2024|ndvi_s2_media_sep_oct_2024|crc_s2_media_2022|crc_s2_media_2023|crc_s2_media_2024|vi6t_landsat_max_2022|vi6t_landsat_max_2023|vi6t_landsat_max_2024|lluvia_ciclo_mm_2022|lluvia_ciclo_mm_2023|lluvia_ciclo_mm_2024|ndvi_s2_max_hist_media|ndvi_s2_int_hist_media|ndvi_s2_media_sep_oct_hist_media|crc_s2_media_hist_media|vi6t_landsat_max_hist_media|lluvia_ciclo_mm_hist_media|lon|pixel_clima|sg_nitrogen_0-5cm_mean|sg_silt_0-5cm_mean,lon|pixel_clima,sg_nitrogen_0-5cm_mean|sg_silt_0-5cm_mean,curados_extendidos,v1
parcelas_multianio_ubic_lon-pix_edaf-cec_v1,curados_extendidos/parcelas_multianio_ubic_lon-pix_edaf-cec_v1.csv,multianio,ubic_lon-pix,edaf-cec,197,40,ID_POLIGONO|conjunto|rendimiento_t_ha|area_ha|ndvi_s2_int|ndvi_s2_media_sep_oct|crc_s2_media|vi6t_landsat_max|lai_planet_max|lluvia_ciclo_mm|pendiente_grados|elevacion_m|ndvi_s2_max_2022|ndvi_s2_int_2022|ndvi_s2_media_sep_oct_2022|ndvi_s2_max_2023|ndvi_s2_int_2023|ndvi_s2_media_sep_oct_2023|ndvi_s2_max_2024|ndvi_s2_int_2024|ndvi_s2_media_sep_oct_2024|crc_s2_media_2022|crc_s2_media_2023|crc_s2_media_2024|vi6t_landsat_max_2022|vi6t_landsat_max_2023|vi6t_landsat_max_2024|lluvia_ciclo_mm_2022|lluvia_ciclo_mm_2023|lluvia_ciclo_mm_2024|ndvi_s2_max_hist_media|ndvi_s2_int_hist_media|ndvi_s2_media_sep_oct_hist_media|crc_s2_media_hist_media|vi6t_landsat_max_hist_media|lluvia_ciclo_mm_hist_media|lon|pixel_clima|edaf_grupo|sg_cec_0-5cm_mean,lon|pixel_clima,edaf_grupo|sg_cec_0-5cm_mean,curados_extendidos,v1
parcelas_multianio_ubic_lon-pix_edaf-silt_v1,curados_extendidos/parcelas_multianio_ubic_lon-pix_edaf-silt_v1.csv,multianio,ubic_lon-pix,edaf-silt,197,40,ID_POLIGONO|conjunto|rendimiento_t_ha|area_ha|ndvi_s2_int|ndvi_s2_media_sep_oct|crc_s2_media|vi6t_landsat_max|lai_planet_max|lluvia_ciclo_mm|pendiente_grados|elevacion_m|ndvi_s2_max_2022|ndvi_s2_int_2022|ndvi_s2_media_sep_oct_2022|ndvi_s2_max_2023|ndvi_s2_int_2023|ndvi_s2_media_sep_oct_2023|ndvi_s2_max_2024|ndvi_s2_int_2024|ndvi_s2_media_sep_oct_2024|crc_s2_media_2022|crc_s2_media_2023|crc_s2_media_2024|vi6t_landsat_max_2022|vi6t_landsat_max_2023|vi6t_landsat_max_2024|lluvia_ciclo_mm_2022|lluvia_ciclo_mm_2023|lluvia_ciclo_mm_2024|ndvi_s2_max_hist_media|ndvi_s2_int_hist_media|ndvi_s2_media_sep_oct_hist_media|crc_s2_media_hist_media|vi6t_landsat_max_hist_media|lluvia_ciclo_mm_hist_media|lon|pixel_clima|edaf_grupo|sg_silt_0-5cm_mean,lon|pixel_clima,edaf_grupo|sg_silt_0-5cm_mean,curados_extendidos,v1
parcelas_multianio_ubic_lon-pix_cec-silt_v1,curados_extendidos/parcelas_multianio_ubic_lon-pix_cec-silt_v1.csv,multianio,ubic_lon-pix,cec-silt,197,40,ID_POLIGONO|conjunto|rendimiento_t_ha|area_ha|ndvi_s2_int|ndvi_s2_media_sep_oct|crc_s2_media|vi6t_landsat_max|lai_planet_max|lluvia_ciclo_mm|pendiente_grados|elevacion_m|ndvi_s2_max_2022|ndvi_s2_int_2022|ndvi_s2_media_sep_oct_2022|ndvi_s2_max_2023|ndvi_s2_int_2023|ndvi_s2_media_sep_oct_2023|ndvi_s2_max_2024|ndvi_s2_int_2024|ndvi_s2_media_sep_oct_2024|crc_s2_media_2022|crc_s2_media_2023|crc_s2_media_2024|vi6t_landsat_max_2022|vi6t_landsat_max_2023|vi6t_landsat_max_2024|lluvia_ciclo_mm_2022|lluvia_ciclo_mm_2023|lluvia_ciclo_mm_2024|ndvi_s2_max_hist_media|ndvi_s2_int_hist_media|ndvi_s2_media_sep_oct_hist_media|crc_s2_media_hist_media|vi6t_landsat_max_hist_media|lluvia_ciclo_mm_hist_media|lon|pixel_clima|sg_cec_0-5cm_mean|sg_silt_0-5cm_mean,lon|pixel_clima,sg_cec_0-5cm_mean|sg_silt_0-5cm_mean,curados_extendidos,v1
parcelas_multianio_ubic_lon-pix_n-edaf-cec_v1,curados_extendidos/parcelas_multianio_ubic_lon-pix_n-edaf-cec_v1.csv,multianio,ubic_lon-pix,n-edaf-cec,197,41,ID_POLIGONO|conjunto|rendimiento_t_ha|area_ha|ndvi_s2_int|ndvi_s2_media_sep_oct|crc_s2_media|vi6t_landsat_max|lai_planet_max|lluvia_ciclo_mm|pendiente_grados|elevacion_m|ndvi_s2_max_2022|ndvi_s2_int_2022|ndvi_s2_media_sep_oct_2022|ndvi_s2_max_2023|ndvi_s2_int_2023|ndvi_s2_media_sep_oct_2023|ndvi_s2_max_2024|ndvi_s2_int_2024|ndvi_s2_media_sep_oct_2024|crc_s2_media_2022|crc_s2_media_2023|crc_s2_media_2024|vi6t_landsat_max_2022|vi6t_landsat_max_2023|vi6t_landsat_max_2024|lluvia_ciclo_mm_2022|lluvia_ciclo_mm_2023|lluvia_ciclo_mm_2024|ndvi_s2_max_hist_media|ndvi_s2_int_hist_media|ndvi_s2_media_sep_oct_hist_media|crc_s2_media_hist_media|vi6t_landsat_max_hist_media|lluvia_ciclo_mm_hist_media|lon|pixel_clima|sg_nitrogen_0-5cm_mean|edaf_grupo|sg_cec_0-5cm_mean,lon|pixel_clima,sg_nitrogen_0-5cm_mean|edaf_grupo|sg_cec_0-5cm_mean,curados_extendidos,v1
parcelas_multianio_ubic_lon-pix_n-edaf-silt_v1,curados_extendidos/parcelas_multianio_ubic_lon-pix_n-edaf-silt_v1.csv,multianio,ubic_lon-pix,n-edaf-silt,197,41,ID_POLIGONO|conjunto|rendimiento_t_ha|area_ha|ndvi_s2_int|ndvi_s2_media_sep_oct|crc_s2_media|vi6t_landsat_max|lai_planet_max|lluvia_ciclo_mm|pendiente_grados|elevacion_m|ndvi_s2_max_2022|ndvi_s2_int_2022|ndvi_s2_media_sep_oct_2022|ndvi_s2_max_2023|ndvi_s2_int_2023|ndvi_s2_media_sep_oct_2023|ndvi_s2_max_2024|ndvi_s2_int_2024|ndvi_s2_media_sep_oct_2024|crc_s2_media_2022|crc_s2_media_2023|crc_s2_media_2024|vi6t_landsat_max_2022|vi6t_landsat_max_2023|vi6t_landsat_max_2024|lluvia_ciclo_mm_2022|lluvia_ciclo_mm_2023|lluvia_ciclo_mm_2024|ndvi_s2_max_hist_media|ndvi_s2_int_hist_media|ndvi_s2_media_sep_oct_hist_media|crc_s2_media_hist_media|vi6t_landsat_max_hist_media|lluvia_ciclo_mm_hist_media|lon|pixel_clima|sg_nitrogen_0-5cm_mean|edaf_grupo|sg_silt_0-5cm_mean,lon|pixel_clima,sg_nitrogen_0-5cm_mean|edaf_grupo|sg_silt_0-5cm_mean,curados_extendidos,v1
parcelas_multianio_ubic_lon-pix_n-cec-silt_v1,curados_extendidos/parcelas_multianio_ubic_lon-pix_n-cec-silt_v1.csv,multianio,ubic_lon-pix,n-cec-silt,197,41,ID_POLIGONO|conjunto|rendimiento_t_ha|area_ha|ndvi_s2_int|ndvi_s2_media_sep_oct|crc_s2_media|vi6t_landsat_max|lai_planet_max|lluvia_ciclo_mm|pendiente_grados|elevacion_m|ndvi_s2_max_2022|ndvi_s2_int_2022|ndvi_s2_media_sep_oct_2022|ndvi_s2_max_2023|ndvi_s2_int_2023|ndvi_s2_media_sep_oct_2023|ndvi_s2_max_2024|ndvi_s2_int_2024|ndvi_s2_media_sep_oct_2024|crc_s2_media_2022|crc_s2_media_2023|crc_s2_media_2024|vi6t_landsat_max_2022|vi6t_landsat_max_2023|vi6t_landsat_max_2024|lluvia_ciclo_mm_2022|lluvia_ciclo_mm_2023|lluvia_ciclo_mm_2024|ndvi_s2_max_hist_media|ndvi_s2_int_hist_media|ndvi_s2_media_sep_oct_hist_media|crc_s2_media_hist_media|vi6t_landsat_max_hist_media|lluvia_ciclo_mm_hist_media|lon|pixel_clima|sg_nitrogen_0-5cm_mean|sg_cec_0-5cm_mean|sg_silt_0-5cm_mean,lon|pixel_clima,sg_nitrogen_0-5cm_mean|sg_cec_0-5cm_mean|sg_silt_0-5cm_mean,curados_extendidos,v1
parcelas_multianio_ubic_lon-pix_edaf-cec-silt_v1,curados_extendidos/parcelas_multianio_ubic_lon-pix_edaf-cec-silt_v1.csv,multianio,ubic_lon-pix,edaf-cec-silt,197,41,ID_POLIGONO|conjunto|rendimiento_t_ha|area_ha|ndvi_s2_int|ndvi_s2_media_sep_oct|crc_s2_media|vi6t_landsat_max|lai_planet_max|lluvia_ciclo_mm|pendiente_grados|elevacion_m|ndvi_s2_max_2022|ndvi_s2_int_2022|ndvi_s2_media_sep_oct_2022|ndvi_s2_max_2023|ndvi_s2_int_2023|ndvi_s2_media_sep_oct_2023|ndvi_s2_max_2024|ndvi_s2_int_2024|ndvi_s2_media_sep_oct_2024|crc_s2_media_2022|crc_s2_media_2023|crc_s2_media_2024|vi6t_landsat_max_2022|vi6t_landsat_max_2023|vi6t_landsat_max_2024|lluvia_ciclo_mm_2022|lluvia_ciclo_mm_2023|lluvia_ciclo_mm_2024|ndvi_s2_max_hist_media|ndvi_s2_int_hist_media|ndvi_s2_media_sep_oct_hist_media|crc_s2_media_hist_media|vi6t_landsat_max_hist_media|lluvia_ciclo_mm_hist_media|lon|pixel_clima|edaf_grupo|sg_cec_0-5cm_mean|sg_silt_0-5cm_mean,lon|pixel_clima,edaf_grupo|sg_cec_0-5cm_mean|sg_silt_0-5cm_mean,curados_extendidos,v1
parcelas_multianio_ubic_lon-pix_n-edaf-cec-silt_v1,curados_extendidos/parcelas_multianio_ubic_lon-pix_n-edaf-cec-silt_v1.csv,multianio,ubic_lon-pix,n-edaf-cec-silt,197,42,ID_POLIGONO|conjunto|rendimiento_t_ha|area_ha|ndvi_s2_int|ndvi_s2_media_sep_oct|crc_s2_media|vi6t_landsat_max|lai_planet_max|lluvia_ciclo_mm|pendiente_grados|elevacion_m|ndvi_s2_max_2022|ndvi_s2_int_2022|ndvi_s2_media_sep_oct_2022|ndvi_s2_max_2023|ndvi_s2_int_2023|ndvi_s2_media_sep_oct_2023|ndvi_s2_max_2024|ndvi_s2_int_2024|ndvi_s2_media_sep_oct_2024|crc_s2_media_2022|crc_s2_media_2023|crc_s2_media_2024|vi6t_landsat_max_2022|vi6t_landsat_max_2023|vi6t_landsat_max_2024|lluvia_ciclo_mm_2022|lluvia_ciclo_mm_2023|lluvia_ciclo_mm_2024|ndvi_s2_max_hist_media|ndvi_s2_int_hist_media|ndvi_s2_media_sep_oct_hist_media|crc_s2_media_hist_media|vi6t_landsat_max_hist_media|lluvia_ciclo_mm_hist_media|lon|pixel_clima|sg_nitrogen_0-5cm_mean|edaf_grupo|sg_cec_0-5cm_mean|sg_silt_0-5cm_mean,lon|pixel_clima,sg_nitrogen_0-5cm_mean|edaf_grupo|sg_cec_0-5cm_mean|sg_silt_0-5cm_mean,curados_extendidos,v1
parcelas_multianio_ubic_lat-pix_reto_v1,curados_reto/parcelas_multianio_ubic_lat-pix_reto_v1.csv,multianio,ubic_lat-pix,reto,197,38,ID_POLIGONO|conjunto|rendimiento_t_ha|area_ha|ndvi_s2_int|ndvi_s2_media_sep_oct|crc_s2_media|vi6t_landsat_max|lai_planet_max|lluvia_ciclo_mm|pendiente_grados|elevacion_m|ndvi_s2_max_2022|ndvi_s2_int_2022|ndvi_s2_media_sep_oct_2022|ndvi_s2_max_2023|ndvi_s2_int_2023|ndvi_s2_media_sep_oct_2023|ndvi_s2_max_2024|ndvi_s2_int_2024|ndvi_s2_media_sep_oct_2024|crc_s2_media_2022|crc_s2_media_2023|crc_s2_media_2024|vi6t_landsat_max_2022|vi6t_landsat_max_2023|vi6t_landsat_max_2024|lluvia_ciclo_mm_2022|lluvia_ciclo_mm_2023|lluvia_ciclo_mm_2024|ndvi_s2_max_hist_media|ndvi_s2_int_hist_media|ndvi_s2_media_sep_oct_hist_media|crc_s2_media_hist_media|vi6t_landsat_max_hist_media|lluvia_ciclo_mm_hist_media|lat|pixel_clima,lat|pixel_clima,,curados_reto,v1
parcelas_multianio_ubic_lat-pix_n_v1,curados_extendidos/parcelas_multianio_ubic_lat-pix_n_v1.csv,multianio,ubic_lat-pix,n,197,39,ID_POLIGONO|conjunto|rendimiento_t_ha|area_ha|ndvi_s2_int|ndvi_s2_media_sep_oct|crc_s2_media|vi6t_landsat_max|lai_planet_max|lluvia_ciclo_mm|pendiente_grados|elevacion_m|ndvi_s2_max_2022|ndvi_s2_int_2022|ndvi_s2_media_sep_oct_2022|ndvi_s2_max_2023|ndvi_s2_int_2023|ndvi_s2_media_sep_oct_2023|ndvi_s2_max_2024|ndvi_s2_int_2024|ndvi_s2_media_sep_oct_2024|crc_s2_media_2022|crc_s2_media_2023|crc_s2_media_2024|vi6t_landsat_max_2022|vi6t_landsat_max_2023|vi6t_landsat_max_2024|lluvia_ciclo_mm_2022|lluvia_ciclo_mm_2023|lluvia_ciclo_mm_2024|ndvi_s2_max_hist_media|ndvi_s2_int_hist_media|ndvi_s2_media_sep_oct_hist_media|crc_s2_media_hist_media|vi6t_landsat_max_hist_media|lluvia_ciclo_mm_hist_media|lat|pixel_clima|sg_nitrogen_0-5cm_mean,lat|pixel_clima,sg_nitrogen_0-5cm_mean,curados_extendidos,v1
parcelas_multianio_ubic_lat-pix_edaf_v1,curados_extendidos/parcelas_multianio_ubic_lat-pix_edaf_v1.csv,multianio,ubic_lat-pix,edaf,197,39,ID_POLIGONO|conjunto|rendimiento_t_ha|area_ha|ndvi_s2_int|ndvi_s2_media_sep_oct|crc_s2_media|vi6t_landsat_max|lai_planet_max|lluvia_ciclo_mm|pendiente_grados|elevacion_m|ndvi_s2_max_2022|ndvi_s2_int_2022|ndvi_s2_media_sep_oct_2022|ndvi_s2_max_2023|ndvi_s2_int_2023|ndvi_s2_media_sep_oct_2023|ndvi_s2_max_2024|ndvi_s2_int_2024|ndvi_s2_media_sep_oct_2024|crc_s2_media_2022|crc_s2_media_2023|crc_s2_media_2024|vi6t_landsat_max_2022|vi6t_landsat_max_2023|vi6t_landsat_max_2024|lluvia_ciclo_mm_2022|lluvia_ciclo_mm_2023|lluvia_ciclo_mm_2024|ndvi_s2_max_hist_media|ndvi_s2_int_hist_media|ndvi_s2_media_sep_oct_hist_media|crc_s2_media_hist_media|vi6t_landsat_max_hist_media|lluvia_ciclo_mm_hist_media|lat|pixel_clima|edaf_grupo,lat|pixel_clima,edaf_grupo,curados_extendidos,v1
parcelas_multianio_ubic_lat-pix_cec_v1,curados_extendidos/parcelas_multianio_ubic_lat-pix_cec_v1.csv,multianio,ubic_lat-pix,cec,197,39,ID_POLIGONO|conjunto|rendimiento_t_ha|area_ha|ndvi_s2_int|ndvi_s2_media_sep_oct|crc_s2_media|vi6t_landsat_max|lai_planet_max|lluvia_ciclo_mm|pendiente_grados|elevacion_m|ndvi_s2_max_2022|ndvi_s2_int_2022|ndvi_s2_media_sep_oct_2022|ndvi_s2_max_2023|ndvi_s2_int_2023|ndvi_s2_media_sep_oct_2023|ndvi_s2_max_2024|ndvi_s2_int_2024|ndvi_s2_media_sep_oct_2024|crc_s2_media_2022|crc_s2_media_2023|crc_s2_media_2024|vi6t_landsat_max_2022|vi6t_landsat_max_2023|vi6t_landsat_max_2024|lluvia_ciclo_mm_2022|lluvia_ciclo_mm_2023|lluvia_ciclo_mm_2024|ndvi_s2_max_hist_media|ndvi_s2_int_hist_media|ndvi_s2_media_sep_oct_hist_media|crc_s2_media_hist_media|vi6t_landsat_max_hist_media|lluvia_ciclo_mm_hist_media|lat|pixel_clima|sg_cec_0-5cm_mean,lat|pixel_clima,sg_cec_0-5cm_mean,curados_extendidos,v1
parcelas_multianio_ubic_lat-pix_silt_v1,curados_extendidos/parcelas_multianio_ubic_lat-pix_silt_v1.csv,multianio,ubic_lat-pix,silt,197,39,ID_POLIGONO|conjunto|rendimiento_t_ha|area_ha|ndvi_s2_int|ndvi_s2_media_sep_oct|crc_s2_media|vi6t_landsat_max|lai_planet_max|lluvia_ciclo_mm|pendiente_grados|elevacion_m|ndvi_s2_max_2022|ndvi_s2_int_2022|ndvi_s2_media_sep_oct_2022|ndvi_s2_max_2023|ndvi_s2_int_2023|ndvi_s2_media_sep_oct_2023|ndvi_s2_max_2024|ndvi_s2_int_2024|ndvi_s2_media_sep_oct_2024|crc_s2_media_2022|crc_s2_media_2023|crc_s2_media_2024|vi6t_landsat_max_2022|vi6t_landsat_max_2023|vi6t_landsat_max_2024|lluvia_ciclo_mm_2022|lluvia_ciclo_mm_2023|lluvia_ciclo_mm_2024|ndvi_s2_max_hist_media|ndvi_s2_int_hist_media|ndvi_s2_media_sep_oct_hist_media|crc_s2_media_hist_media|vi6t_landsat_max_hist_media|lluvia_ciclo_mm_hist_media|lat|pixel_clima|sg_silt_0-5cm_mean,lat|pixel_clima,sg_silt_0-5cm_mean,curados_extendidos,v1
parcelas_multianio_ubic_lat-pix_n-edaf_v1,curados_extendidos/parcelas_multianio_ubic_lat-pix_n-edaf_v1.csv,multianio,ubic_lat-pix,n-edaf,197,40,ID_POLIGONO|conjunto|rendimiento_t_ha|area_ha|ndvi_s2_int|ndvi_s2_media_sep_oct|crc_s2_media|vi6t_landsat_max|lai_planet_max|lluvia_ciclo_mm|pendiente_grados|elevacion_m|ndvi_s2_max_2022|ndvi_s2_int_2022|ndvi_s2_media_sep_oct_2022|ndvi_s2_max_2023|ndvi_s2_int_2023|ndvi_s2_media_sep_oct_2023|ndvi_s2_max_2024|ndvi_s2_int_2024|ndvi_s2_media_sep_oct_2024|crc_s2_media_2022|crc_s2_media_2023|crc_s2_media_2024|vi6t_landsat_max_2022|vi6t_landsat_max_2023|vi6t_landsat_max_2024|lluvia_ciclo_mm_2022|lluvia_ciclo_mm_2023|lluvia_ciclo_mm_2024|ndvi_s2_max_hist_media|ndvi_s2_int_hist_media|ndvi_s2_media_sep_oct_hist_media|crc_s2_media_hist_media|vi6t_landsat_max_hist_media|lluvia_ciclo_mm_hist_media|lat|pixel_clima|sg_nitrogen_0-5cm_mean|edaf_grupo,lat|pixel_clima,sg_nitrogen_0-5cm_mean|edaf_grupo,curados_extendidos,v1
parcelas_multianio_ubic_lat-pix_n-cec_v1,curados_extendidos/parcelas_multianio_ubic_lat-pix_n-cec_v1.csv,multianio,ubic_lat-pix,n-cec,197,40,ID_POLIGONO|conjunto|rendimiento_t_ha|area_ha|ndvi_s2_int|ndvi_s2_media_sep_oct|crc_s2_media|vi6t_landsat_max|lai_planet_max|lluvia_ciclo_mm|pendiente_grados|elevacion_m|ndvi_s2_max_2022|ndvi_s2_int_2022|ndvi_s2_media_sep_oct_2022|ndvi_s2_max_2023|ndvi_s2_int_2023|ndvi_s2_media_sep_oct_2023|ndvi_s2_max_2024|ndvi_s2_int_2024|ndvi_s2_media_sep_oct_2024|crc_s2_media_2022|crc_s2_media_2023|crc_s2_media_2024|vi6t_landsat_max_2022|vi6t_landsat_max_2023|vi6t_landsat_max_2024|lluvia_ciclo_mm_2022|lluvia_ciclo_mm_2023|lluvia_ciclo_mm_2024|ndvi_s2_max_hist_media|ndvi_s2_int_hist_media|ndvi_s2_media_sep_oct_hist_media|crc_s2_media_hist_media|vi6t_landsat_max_hist_media|lluvia_ciclo_mm_hist_media|lat|pixel_clima|sg_nitrogen_0-5cm_mean|sg_cec_0-5cm_mean,lat|pixel_clima,sg_nitrogen_0-5cm_mean|sg_cec_0-5cm_mean,curados_extendidos,v1
parcelas_multianio_ubic_lat-pix_n-silt_v1,curados_extendidos/parcelas_multianio_ubic_lat-pix_n-silt_v1.csv,multianio,ubic_lat-pix,n-silt,197,40,ID_POLIGONO|conjunto|rendimiento_t_ha|area_ha|ndvi_s2_int|ndvi_s2_media_sep_oct|crc_s2_media|vi6t_landsat_max|lai_planet_max|lluvia_ciclo_mm|pendiente_grados|elevacion_m|ndvi_s2_max_2022|ndvi_s2_int_2022|ndvi_s2_media_sep_oct_2022|ndvi_s2_max_2023|ndvi_s2_int_2023|ndvi_s2_media_sep_oct_2023|ndvi_s2_max_2024|ndvi_s2_int_2024|ndvi_s2_media_sep_oct_2024|crc_s2_media_2022|crc_s2_media_2023|crc_s2_media_2024|vi6t_landsat_max_2022|vi6t_landsat_max_2023|vi6t_landsat_max_2024|lluvia_ciclo_mm_2022|lluvia_ciclo_mm_2023|lluvia_ciclo_mm_2024|ndvi_s2_max_hist_media|ndvi_s2_int_hist_media|ndvi_s2_media_sep_oct_hist_media|crc_s2_media_hist_media|vi6t_landsat_max_hist_media|lluvia_ciclo_mm_hist_media|lat|pixel_clima|sg_nitrogen_0-5cm_mean|sg_silt_0-5cm_mean,lat|pixel_clima,sg_nitrogen_0-5cm_mean|sg_silt_0-5cm_mean,curados_extendidos,v1
parcelas_multianio_ubic_lat-pix_edaf-cec_v1,curados_extendidos/parcelas_multianio_ubic_lat-pix_edaf-cec_v1.csv,multianio,ubic_lat-pix,edaf-cec,197,40,ID_POLIGONO|conjunto|rendimiento_t_ha|area_ha|ndvi_s2_int|ndvi_s2_media_sep_oct|crc_s2_media|vi6t_landsat_max|lai_planet_max|lluvia_ciclo_mm|pendiente_grados|elevacion_m|ndvi_s2_max_2022|ndvi_s2_int_2022|ndvi_s2_media_sep_oct_2022|ndvi_s2_max_2023|ndvi_s2_int_2023|ndvi_s2_media_sep_oct_2023|ndvi_s2_max_2024|ndvi_s2_int_2024|ndvi_s2_media_sep_oct_2024|crc_s2_media_2022|crc_s2_media_2023|crc_s2_media_2024|vi6t_landsat_max_2022|vi6t_landsat_max_2023|vi6t_landsat_max_2024|lluvia_ciclo_mm_2022|lluvia_ciclo_mm_2023|lluvia_ciclo_mm_2024|ndvi_s2_max_hist_media|ndvi_s2_int_hist_media|ndvi_s2_media_sep_oct_hist_media|crc_s2_media_hist_media|vi6t_landsat_max_hist_media|lluvia_ciclo_mm_hist_media|lat|pixel_clima|edaf_grupo|sg_cec_0-5cm_mean,lat|pixel_clima,edaf_grupo|sg_cec_0-5cm_mean,curados_extendidos,v1
parcelas_multianio_ubic_lat-pix_edaf-silt_v1,curados_extendidos/parcelas_multianio_ubic_lat-pix_edaf-silt_v1.csv,multianio,ubic_lat-pix,edaf-silt,197,40,ID_POLIGONO|conjunto|rendimiento_t_ha|area_ha|ndvi_s2_int|ndvi_s2_media_sep_oct|crc_s2_media|vi6t_landsat_max|lai_planet_max|lluvia_ciclo_mm|pendiente_grados|elevacion_m|ndvi_s2_max_2022|ndvi_s2_int_2022|ndvi_s2_media_sep_oct_2022|ndvi_s2_max_2023|ndvi_s2_int_2023|ndvi_s2_media_sep_oct_2023|ndvi_s2_max_2024|ndvi_s2_int_2024|ndvi_s2_media_sep_oct_2024|crc_s2_media_2022|crc_s2_media_2023|crc_s2_media_2024|vi6t_landsat_max_2022|vi6t_landsat_max_2023|vi6t_landsat_max_2024|lluvia_ciclo_mm_2022|lluvia_ciclo_mm_2023|lluvia_ciclo_mm_2024|ndvi_s2_max_hist_media|ndvi_s2_int_hist_media|ndvi_s2_media_sep_oct_hist_media|crc_s2_media_hist_media|vi6t_landsat_max_hist_media|lluvia_ciclo_mm_hist_media|lat|pixel_clima|edaf_grupo|sg_silt_0-5cm_mean,lat|pixel_clima,edaf_grupo|sg_silt_0-5cm_mean,curados_extendidos,v1
parcelas_multianio_ubic_lat-pix_cec-silt_v1,curados_extendidos/parcelas_multianio_ubic_lat-pix_cec-silt_v1.csv,multianio,ubic_lat-pix,cec-silt,197,40,ID_POLIGONO|conjunto|rendimiento_t_ha|area_ha|ndvi_s2_int|ndvi_s2_media_sep_oct|crc_s2_media|vi6t_landsat_max|lai_planet_max|lluvia_ciclo_mm|pendiente_grados|elevacion_m|ndvi_s2_max_2022|ndvi_s2_int_2022|ndvi_s2_media_sep_oct_2022|ndvi_s2_max_2023|ndvi_s2_int_2023|ndvi_s2_media_sep_oct_2023|ndvi_s2_max_2024|ndvi_s2_int_2024|ndvi_s2_media_sep_oct_2024|crc_s2_media_2022|crc_s2_media_2023|crc_s2_media_2024|vi6t_landsat_max_2022|vi6t_landsat_max_2023|vi6t_landsat_max_2024|lluvia_ciclo_mm_2022|lluvia_ciclo_mm_2023|lluvia_ciclo_mm_2024|ndvi_s2_max_hist_media|ndvi_s2_int_hist_media|ndvi_s2_media_sep_oct_hist_media|crc_s2_media_hist_media|vi6t_landsat_max_hist_media|lluvia_ciclo_mm_hist_media|lat|pixel_clima|sg_cec_0-5cm_mean|sg_silt_0-5cm_mean,lat|pixel_clima,sg_cec_0-5cm_mean|sg_silt_0-5cm_mean,curados_extendidos,v1
parcelas_multianio_ubic_lat-pix_n-edaf-cec_v1,curados_extendidos/parcelas_multianio_ubic_lat-pix_n-edaf-cec_v1.csv,multianio,ubic_lat-pix,n-edaf-cec,197,41,ID_POLIGONO|conjunto|rendimiento_t_ha|area_ha|ndvi_s2_int|ndvi_s2_media_sep_oct|crc_s2_media|vi6t_landsat_max|lai_planet_max|lluvia_ciclo_mm|pendiente_grados|elevacion_m|ndvi_s2_max_2022|ndvi_s2_int_2022|ndvi_s2_media_sep_oct_2022|ndvi_s2_max_2023|ndvi_s2_int_2023|ndvi_s2_media_sep_oct_2023|ndvi_s2_max_2024|ndvi_s2_int_2024|ndvi_s2_media_sep_oct_2024|crc_s2_media_2022|crc_s2_media_2023|crc_s2_media_2024|vi6t_landsat_max_2022|vi6t_landsat_max_2023|vi6t_landsat_max_2024|lluvia_ciclo_mm_2022|lluvia_ciclo_mm_2023|lluvia_ciclo_mm_2024|ndvi_s2_max_hist_media|ndvi_s2_int_hist_media|ndvi_s2_media_sep_oct_hist_media|crc_s2_media_hist_media|vi6t_landsat_max_hist_media|lluvia_ciclo_mm_hist_media|lat|pixel_clima|sg_nitrogen_0-5cm_mean|edaf_grupo|sg_cec_0-5cm_mean,lat|pixel_clima,sg_nitrogen_0-5cm_mean|edaf_grupo|sg_cec_0-5cm_mean,curados_extendidos,v1
parcelas_multianio_ubic_lat-pix_n-edaf-silt_v1,curados_extendidos/parcelas_multianio_ubic_lat-pix_n-edaf-silt_v1.csv,multianio,ubic_lat-pix,n-edaf-silt,197,41,ID_POLIGONO|conjunto|rendimiento_t_ha|area_ha|ndvi_s2_int|ndvi_s2_media_sep_oct|crc_s2_media|vi6t_landsat_max|lai_planet_max|lluvia_ciclo_mm|pendiente_grados|elevacion_m|ndvi_s2_max_2022|ndvi_s2_int_2022|ndvi_s2_media_sep_oct_2022|ndvi_s2_max_2023|ndvi_s2_int_2023|ndvi_s2_media_sep_oct_2023|ndvi_s2_max_2024|ndvi_s2_int_2024|ndvi_s2_media_sep_oct_2024|crc_s2_media_2022|crc_s2_media_2023|crc_s2_media_2024|vi6t_landsat_max_2022|vi6t_landsat_max_2023|vi6t_landsat_max_2024|lluvia_ciclo_mm_2022|lluvia_ciclo_mm_2023|lluvia_ciclo_mm_2024|ndvi_s2_max_hist_media|ndvi_s2_int_hist_media|ndvi_s2_media_sep_oct_hist_media|crc_s2_media_hist_media|vi6t_landsat_max_hist_media|lluvia_ciclo_mm_hist_media|lat|pixel_clima|sg_nitrogen_0-5cm_mean|edaf_grupo|sg_silt_0-5cm_mean,lat|pixel_clima,sg_nitrogen_0-5cm_mean|edaf_grupo|sg_silt_0-5cm_mean,curados_extendidos,v1
parcelas_multianio_ubic_lat-pix_n-cec-silt_v1,curados_extendidos/parcelas_multianio_ubic_lat-pix_n-cec-silt_v1.csv,multianio,ubic_lat-pix,n-cec-silt,197,41,ID_POLIGONO|conjunto|rendimiento_t_ha|area_ha|ndvi_s2_int|ndvi_s2_media_sep_oct|crc_s2_media|vi6t_landsat_max|lai_planet_max|lluvia_ciclo_mm|pendiente_grados|elevacion_m|ndvi_s2_max_2022|ndvi_s2_int_2022|ndvi_s2_media_sep_oct_2022|ndvi_s2_max_2023|ndvi_s2_int_2023|ndvi_s2_media_sep_oct_2023|ndvi_s2_max_2024|ndvi_s2_int_2024|ndvi_s2_media_sep_oct_2024|crc_s2_media_2022|crc_s2_media_2023|crc_s2_media_2024|vi6t_landsat_max_2022|vi6t_landsat_max_2023|vi6t_landsat_max_2024|lluvia_ciclo_mm_2022|lluvia_ciclo_mm_2023|lluvia_ciclo_mm_2024|ndvi_s2_max_hist_media|ndvi_s2_int_hist_media|ndvi_s2_media_sep_oct_hist_media|crc_s2_media_hist_media|vi6t_landsat_max_hist_media|lluvia_ciclo_mm_hist_media|lat|pixel_clima|sg_nitrogen_0-5cm_mean|sg_cec_0-5cm_mean|sg_silt_0-5cm_mean,lat|pixel_clima,sg_nitrogen_0-5cm_mean|sg_cec_0-5cm_mean|sg_silt_0-5cm_mean,curados_extendidos,v1
parcelas_multianio_ubic_lat-pix_edaf-cec-silt_v1,curados_extendidos/parcelas_multianio_ubic_lat-pix_edaf-cec-silt_v1.csv,multianio,ubic_lat-pix,edaf-cec-silt,197,41,ID_POLIGONO|conjunto|rendimiento_t_ha|area_ha|ndvi_s2_int|ndvi_s2_media_sep_oct|crc_s2_media|vi6t_landsat_max|lai_planet_max|lluvia_ciclo_mm|pendiente_grados|elevacion_m|ndvi_s2_max_2022|ndvi_s2_int_2022|ndvi_s2_media_sep_oct_2022|ndvi_s2_max_2023|ndvi_s2_int_2023|ndvi_s2_media_sep_oct_2023|ndvi_s2_max_2024|ndvi_s2_int_2024|ndvi_s2_media_sep_oct_2024|crc_s2_media_2022|crc_s2_media_2023|crc_s2_media_2024|vi6t_landsat_max_2022|vi6t_landsat_max_2023|vi6t_landsat_max_2024|lluvia_ciclo_mm_2022|lluvia_ciclo_mm_2023|lluvia_ciclo_mm_2024|ndvi_s2_max_hist_media|ndvi_s2_int_hist_media|ndvi_s2_media_sep_oct_hist_media|crc_s2_media_hist_media|vi6t_landsat_max_hist_media|lluvia_ciclo_mm_hist_media|lat|pixel_clima|edaf_grupo|sg_cec_0-5cm_mean|sg_silt_0-5cm_mean,lat|pixel_clima,edaf_grupo|sg_cec_0-5cm_mean|sg_silt_0-5cm_mean,curados_extendidos,v1
parcelas_multianio_ubic_lat-pix_n-edaf-cec-silt_v1,curados_extendidos/parcelas_multianio_ubic_lat-pix_n-edaf-cec-silt_v1.csv,multianio,ubic_lat-pix,n-edaf-cec-silt,197,42,ID_POLIGONO|conjunto|rendimiento_t_ha|area_ha|ndvi_s2_int|ndvi_s2_media_sep_oct|crc_s2_media|vi6t_landsat_max|lai_planet_max|lluvia_ciclo_mm|pendiente_grados|elevacion_m|ndvi_s2_max_2022|ndvi_s2_int_2022|ndvi_s2_media_sep_oct_2022|ndvi_s2_max_2023|ndvi_s2_int_2023|ndvi_s2_media_sep_oct_2023|ndvi_s2_max_2024|ndvi_s2_int_2024|ndvi_s2_media_sep_oct_2024|crc_s2_media_2022|crc_s2_media_2023|crc_s2_media_2024|vi6t_landsat_max_2022|vi6t_landsat_max_2023|vi6t_landsat_max_2024|lluvia_ciclo_mm_2022|lluvia_ciclo_mm_2023|lluvia_ciclo_mm_2024|ndvi_s2_max_hist_media|ndvi_s2_int_hist_media|ndvi_s2_media_sep_oct_hist_media|crc_s2_media_hist_media|vi6t_landsat_max_hist_media|lluvia_ciclo_mm_hist_media|lat|pixel_clima|sg_nitrogen_0-5cm_mean|edaf_grupo|sg_cec_0-5cm_mean|sg_silt_0-5cm_mean,lat|pixel_clima,sg_nitrogen_0-5cm_mean|edaf_grupo|sg_cec_0-5cm_mean|sg_silt_0-5cm_mean,curados_extendidos,v1
parcelas_multianio_ubic_est-mun-lon_reto_v1,curados_reto/parcelas_multianio_ubic_est-mun-lon_reto_v1.csv,multianio,ubic_est-mun-lon,reto,197,39,ID_POLIGONO|conjunto|rendimiento_t_ha|area_ha|ndvi_s2_int|ndvi_s2_media_sep_oct|crc_s2_media|vi6t_landsat_max|lai_planet_max|lluvia_ciclo_mm|pendiente_grados|elevacion_m|ndvi_s2_max_2022|ndvi_s2_int_2022|ndvi_s2_media_sep_oct_2022|ndvi_s2_max_2023|ndvi_s2_int_2023|ndvi_s2_media_sep_oct_2023|ndvi_s2_max_2024|ndvi_s2_int_2024|ndvi_s2_media_sep_oct_2024|crc_s2_media_2022|crc_s2_media_2023|crc_s2_media_2024|vi6t_landsat_max_2022|vi6t_landsat_max_2023|vi6t_landsat_max_2024|lluvia_ciclo_mm_2022|lluvia_ciclo_mm_2023|lluvia_ciclo_mm_2024|ndvi_s2_max_hist_media|ndvi_s2_int_hist_media|ndvi_s2_media_sep_oct_hist_media|crc_s2_media_hist_media|vi6t_landsat_max_hist_media|lluvia_ciclo_mm_hist_media|estado|municipio|lon,estado|municipio|lon,,curados_reto,v1
parcelas_multianio_ubic_est-mun-lon_n_v1,curados_extendidos/parcelas_multianio_ubic_est-mun-lon_n_v1.csv,multianio,ubic_est-mun-lon,n,197,40,ID_POLIGONO|conjunto|rendimiento_t_ha|area_ha|ndvi_s2_int|ndvi_s2_media_sep_oct|crc_s2_media|vi6t_landsat_max|lai_planet_max|lluvia_ciclo_mm|pendiente_grados|elevacion_m|ndvi_s2_max_2022|ndvi_s2_int_2022|ndvi_s2_media_sep_oct_2022|ndvi_s2_max_2023|ndvi_s2_int_2023|ndvi_s2_media_sep_oct_2023|ndvi_s2_max_2024|ndvi_s2_int_2024|ndvi_s2_media_sep_oct_2024|crc_s2_media_2022|crc_s2_media_2023|crc_s2_media_2024|vi6t_landsat_max_2022|vi6t_landsat_max_2023|vi6t_landsat_max_2024|lluvia_ciclo_mm_2022|lluvia_ciclo_mm_2023|lluvia_ciclo_mm_2024|ndvi_s2_max_hist_media|ndvi_s2_int_hist_media|ndvi_s2_media_sep_oct_hist_media|crc_s2_media_hist_media|vi6t_landsat_max_hist_media|lluvia_ciclo_mm_hist_media|estado|municipio|lon|sg_nitrogen_0-5cm_mean,estado|municipio|lon,sg_nitrogen_0-5cm_mean,curados_extendidos,v1
parcelas_multianio_ubic_est-mun-lon_edaf_v1,curados_extendidos/parcelas_multianio_ubic_est-mun-lon_edaf_v1.csv,multianio,ubic_est-mun-lon,edaf,197,40,ID_POLIGONO|conjunto|rendimiento_t_ha|area_ha|ndvi_s2_int|ndvi_s2_media_sep_oct|crc_s2_media|vi6t_landsat_max|lai_planet_max|lluvia_ciclo_mm|pendiente_grados|elevacion_m|ndvi_s2_max_2022|ndvi_s2_int_2022|ndvi_s2_media_sep_oct_2022|ndvi_s2_max_2023|ndvi_s2_int_2023|ndvi_s2_media_sep_oct_2023|ndvi_s2_max_2024|ndvi_s2_int_2024|ndvi_s2_media_sep_oct_2024|crc_s2_media_2022|crc_s2_media_2023|crc_s2_media_2024|vi6t_landsat_max_2022|vi6t_landsat_max_2023|vi6t_landsat_max_2024|lluvia_ciclo_mm_2022|lluvia_ciclo_mm_2023|lluvia_ciclo_mm_2024|ndvi_s2_max_hist_media|ndvi_s2_int_hist_media|ndvi_s2_media_sep_oct_hist_media|crc_s2_media_hist_media|vi6t_landsat_max_hist_media|lluvia_ciclo_mm_hist_media|estado|municipio|lon|edaf_grupo,estado|municipio|lon,edaf_grupo,curados_extendidos,v1
parcelas_multianio_ubic_est-mun-lon_cec_v1,curados_extendidos/parcelas_multianio_ubic_est-mun-lon_cec_v1.csv,multianio,ubic_est-mun-lon,cec,197,40,ID_POLIGONO|conjunto|rendimiento_t_ha|area_ha|ndvi_s2_int|ndvi_s2_media_sep_oct|crc_s2_media|vi6t_landsat_max|lai_planet_max|lluvia_ciclo_mm|pendiente_grados|elevacion_m|ndvi_s2_max_2022|ndvi_s2_int_2022|ndvi_s2_media_sep_oct_2022|ndvi_s2_max_2023|ndvi_s2_int_2023|ndvi_s2_media_sep_oct_2023|ndvi_s2_max_2024|ndvi_s2_int_2024|ndvi_s2_media_sep_oct_2024|crc_s2_media_2022|crc_s2_media_2023|crc_s2_media_2024|vi6t_landsat_max_2022|vi6t_landsat_max_2023|vi6t_landsat_max_2024|lluvia_ciclo_mm_2022|lluvia_ciclo_mm_2023|lluvia_ciclo_mm_2024|ndvi_s2_max_hist_media|ndvi_s2_int_hist_media|ndvi_s2_media_sep_oct_hist_media|crc_s2_media_hist_media|vi6t_landsat_max_hist_media|lluvia_ciclo_mm_hist_media|estado|municipio|lon|sg_cec_0-5cm_mean,estado|municipio|lon,sg_cec_0-5cm_mean,curados_extendidos,v1
parcelas_multianio_ubic_est-mun-lon_silt_v1,curados_extendidos/parcelas_multianio_ubic_est-mun-lon_silt_v1.csv,multianio,ubic_est-mun-lon,silt,197,40,ID_POLIGONO|conjunto|rendimiento_t_ha|area_ha|ndvi_s2_int|ndvi_s2_media_sep_oct|crc_s2_media|vi6t_landsat_max|lai_planet_max|lluvia_ciclo_mm|pendiente_grados|elevacion_m|ndvi_s2_max_2022|ndvi_s2_int_2022|ndvi_s2_media_sep_oct_2022|ndvi_s2_max_2023|ndvi_s2_int_2023|ndvi_s2_media_sep_oct_2023|ndvi_s2_max_2024|ndvi_s2_int_2024|ndvi_s2_media_sep_oct_2024|crc_s2_media_2022|crc_s2_media_2023|crc_s2_media_2024|vi6t_landsat_max_2022|vi6t_landsat_max_2023|vi6t_landsat_max_2024|lluvia_ciclo_mm_2022|lluvia_ciclo_mm_2023|lluvia_ciclo_mm_2024|ndvi_s2_max_hist_media|ndvi_s2_int_hist_media|ndvi_s2_media_sep_oct_hist_media|crc_s2_media_hist_media|vi6t_landsat_max_hist_media|lluvia_ciclo_mm_hist_media|estado|municipio|lon|sg_silt_0-5cm_mean,estado|municipio|lon,sg_silt_0-5cm_mean,curados_extendidos,v1
parcelas_multianio_ubic_est-mun-lon_n-edaf_v1,curados_extendidos/parcelas_multianio_ubic_est-mun-lon_n-edaf_v1.csv,multianio,ubic_est-mun-lon,n-edaf,197,41,ID_POLIGONO|conjunto|rendimiento_t_ha|area_ha|ndvi_s2_int|ndvi_s2_media_sep_oct|crc_s2_media|vi6t_landsat_max|lai_planet_max|lluvia_ciclo_mm|pendiente_grados|elevacion_m|ndvi_s2_max_2022|ndvi_s2_int_2022|ndvi_s2_media_sep_oct_2022|ndvi_s2_max_2023|ndvi_s2_int_2023|ndvi_s2_media_sep_oct_2023|ndvi_s2_max_2024|ndvi_s2_int_2024|ndvi_s2_media_sep_oct_2024|crc_s2_media_2022|crc_s2_media_2023|crc_s2_media_2024|vi6t_landsat_max_2022|vi6t_landsat_max_2023|vi6t_landsat_max_2024|lluvia_ciclo_mm_2022|lluvia_ciclo_mm_2023|lluvia_ciclo_mm_2024|ndvi_s2_max_hist_media|ndvi_s2_int_hist_media|ndvi_s2_media_sep_oct_hist_media|crc_s2_media_hist_media|vi6t_landsat_max_hist_media|lluvia_ciclo_mm_hist_media|estado|municipio|lon|sg_nitrogen_0-5cm_mean|edaf_grupo,estado|municipio|lon,sg_nitrogen_0-5cm_mean|edaf_grupo,curados_extendidos,v1
parcelas_multianio_ubic_est-mun-lon_n-cec_v1,curados_extendidos/parcelas_multianio_ubic_est-mun-lon_n-cec_v1.csv,multianio,ubic_est-mun-lon,n-cec,197,41,ID_POLIGONO|conjunto|rendimiento_t_ha|area_ha|ndvi_s2_int|ndvi_s2_media_sep_oct|crc_s2_media|vi6t_landsat_max|lai_planet_max|lluvia_ciclo_mm|pendiente_grados|elevacion_m|ndvi_s2_max_2022|ndvi_s2_int_2022|ndvi_s2_media_sep_oct_2022|ndvi_s2_max_2023|ndvi_s2_int_2023|ndvi_s2_media_sep_oct_2023|ndvi_s2_max_2024|ndvi_s2_int_2024|ndvi_s2_media_sep_oct_2024|crc_s2_media_2022|crc_s2_media_2023|crc_s2_media_2024|vi6t_landsat_max_2022|vi6t_landsat_max_2023|vi6t_landsat_max_2024|lluvia_ciclo_mm_2022|lluvia_ciclo_mm_2023|lluvia_ciclo_mm_2024|ndvi_s2_max_hist_media|ndvi_s2_int_hist_media|ndvi_s2_media_sep_oct_hist_media|crc_s2_media_hist_media|vi6t_landsat_max_hist_media|lluvia_ciclo_mm_hist_media|estado|municipio|lon|sg_nitrogen_0-5cm_mean|sg_cec_0-5cm_mean,estado|municipio|lon,sg_nitrogen_0-5cm_mean|sg_cec_0-5cm_mean,curados_extendidos,v1
parcelas_multianio_ubic_est-mun-lon_n-silt_v1,curados_extendidos/parcelas_multianio_ubic_est-mun-lon_n-silt_v1.csv,multianio,ubic_est-mun-lon,n-silt,197,41,ID_POLIGONO|conjunto|rendimiento_t_ha|area_ha|ndvi_s2_int|ndvi_s2_media_sep_oct|crc_s2_media|vi6t_landsat_max|lai_planet_max|lluvia_ciclo_mm|pendiente_grados|elevacion_m|ndvi_s2_max_2022|ndvi_s2_int_2022|ndvi_s2_media_sep_oct_2022|ndvi_s2_max_2023|ndvi_s2_int_2023|ndvi_s2_media_sep_oct_2023|ndvi_s2_max_2024|ndvi_s2_int_2024|ndvi_s2_media_sep_oct_2024|crc_s2_media_2022|crc_s2_media_2023|crc_s2_media_2024|vi6t_landsat_max_2022|vi6t_landsat_max_2023|vi6t_landsat_max_2024|lluvia_ciclo_mm_2022|lluvia_ciclo_mm_2023|lluvia_ciclo_mm_2024|ndvi_s2_max_hist_media|ndvi_s2_int_hist_media|ndvi_s2_media_sep_oct_hist_media|crc_s2_media_hist_media|vi6t_landsat_max_hist_media|lluvia_ciclo_mm_hist_media|estado|municipio|lon|sg_nitrogen_0-5cm_mean|sg_silt_0-5cm_mean,estado|municipio|lon,sg_nitrogen_0-5cm_mean|sg_silt_0-5cm_mean,curados_extendidos,v1
parcelas_multianio_ubic_est-mun-lon_edaf-cec_v1,curados_extendidos/parcelas_multianio_ubic_est-mun-lon_edaf-cec_v1.csv,multianio,ubic_est-mun-lon,edaf-cec,197,41,ID_POLIGONO|conjunto|rendimiento_t_ha|area_ha|ndvi_s2_int|ndvi_s2_media_sep_oct|crc_s2_media|vi6t_landsat_max|lai_planet_max|lluvia_ciclo_mm|pendiente_grados|elevacion_m|ndvi_s2_max_2022|ndvi_s2_int_2022|ndvi_s2_media_sep_oct_2022|ndvi_s2_max_2023|ndvi_s2_int_2023|ndvi_s2_media_sep_oct_2023|ndvi_s2_max_2024|ndvi_s2_int_2024|ndvi_s2_media_sep_oct_2024|crc_s2_media_2022|crc_s2_media_2023|crc_s2_media_2024|vi6t_landsat_max_2022|vi6t_landsat_max_2023|vi6t_landsat_max_2024|lluvia_ciclo_mm_2022|lluvia_ciclo_mm_2023|lluvia_ciclo_mm_2024|ndvi_s2_max_hist_media|ndvi_s2_int_hist_media|ndvi_s2_media_sep_oct_hist_media|crc_s2_media_hist_media|vi6t_landsat_max_hist_media|lluvia_ciclo_mm_hist_media|estado|municipio|lon|edaf_grupo|sg_cec_0-5cm_mean,estado|municipio|lon,edaf_grupo|sg_cec_0-5cm_mean,curados_extendidos,v1
parcelas_multianio_ubic_est-mun-lon_edaf-silt_v1,curados_extendidos/parcelas_multianio_ubic_est-mun-lon_edaf-silt_v1.csv,multianio,ubic_est-mun-lon,edaf-silt,197,41,ID_POLIGONO|conjunto|rendimiento_t_ha|area_ha|ndvi_s2_int|ndvi_s2_media_sep_oct|crc_s2_media|vi6t_landsat_max|lai_planet_max|lluvia_ciclo_mm|pendiente_grados|elevacion_m|ndvi_s2_max_2022|ndvi_s2_int_2022|ndvi_s2_media_sep_oct_2022|ndvi_s2_max_2023|ndvi_s2_int_2023|ndvi_s2_media_sep_oct_2023|ndvi_s2_max_2024|ndvi_s2_int_2024|ndvi_s2_media_sep_oct_2024|crc_s2_media_2022|crc_s2_media_2023|crc_s2_media_2024|vi6t_landsat_max_2022|vi6t_landsat_max_2023|vi6t_landsat_max_2024|lluvia_ciclo_mm_2022|lluvia_ciclo_mm_2023|lluvia_ciclo_mm_2024|ndvi_s2_max_hist_media|ndvi_s2_int_hist_media|ndvi_s2_media_sep_oct_hist_media|crc_s2_media_hist_media|vi6t_landsat_max_hist_media|lluvia_ciclo_mm_hist_media|estado|municipio|lon|edaf_grupo|sg_silt_0-5cm_mean,estado|municipio|lon,edaf_grupo|sg_silt_0-5cm_mean,curados_extendidos,v1
parcelas_multianio_ubic_est-mun-lon_cec-silt_v1,curados_extendidos/parcelas_multianio_ubic_est-mun-lon_cec-silt_v1.csv,multianio,ubic_est-mun-lon,cec-silt,197,41,ID_POLIGONO|conjunto|rendimiento_t_ha|area_ha|ndvi_s2_int|ndvi_s2_media_sep_oct|crc_s2_media|vi6t_landsat_max|lai_planet_max|lluvia_ciclo_mm|pendiente_grados|elevacion_m|ndvi_s2_max_2022|ndvi_s2_int_2022|ndvi_s2_media_sep_oct_2022|ndvi_s2_max_2023|ndvi_s2_int_2023|ndvi_s2_media_sep_oct_2023|ndvi_s2_max_2024|ndvi_s2_int_2024|ndvi_s2_media_sep_oct_2024|crc_s2_media_2022|crc_s2_media_2023|crc_s2_media_2024|vi6t_landsat_max_2022|vi6t_landsat_max_2023|vi6t_landsat_max_2024|lluvia_ciclo_mm_2022|lluvia_ciclo_mm_2023|lluvia_ciclo_mm_2024|ndvi_s2_max_hist_media|ndvi_s2_int_hist_media|ndvi_s2_media_sep_oct_hist_media|crc_s2_media_hist_media|vi6t_landsat_max_hist_media|lluvia_ciclo_mm_hist_media|estado|municipio|lon|sg_cec_0-5cm_mean|sg_silt_0-5cm_mean,estado|municipio|lon,sg_cec_0-5cm_mean|sg_silt_0-5cm_mean,curados_extendidos,v1
parcelas_multianio_ubic_est-mun-lon_n-edaf-cec_v1,curados_extendidos/parcelas_multianio_ubic_est-mun-lon_n-edaf-cec_v1.csv,multianio,ubic_est-mun-lon,n-edaf-cec,197,42,ID_POLIGONO|conjunto|rendimiento_t_ha|area_ha|ndvi_s2_int|ndvi_s2_media_sep_oct|crc_s2_media|vi6t_landsat_max|lai_planet_max|lluvia_ciclo_mm|pendiente_grados|elevacion_m|ndvi_s2_max_2022|ndvi_s2_int_2022|ndvi_s2_media_sep_oct_2022|ndvi_s2_max_2023|ndvi_s2_int_2023|ndvi_s2_media_sep_oct_2023|ndvi_s2_max_2024|ndvi_s2_int_2024|ndvi_s2_media_sep_oct_2024|crc_s2_media_2022|crc_s2_media_2023|crc_s2_media_2024|vi6t_landsat_max_2022|vi6t_landsat_max_2023|vi6t_landsat_max_2024|lluvia_ciclo_mm_2022|lluvia_ciclo_mm_2023|lluvia_ciclo_mm_2024|ndvi_s2_max_hist_media|ndvi_s2_int_hist_media|ndvi_s2_media_sep_oct_hist_media|crc_s2_media_hist_media|vi6t_landsat_max_hist_media|lluvia_ciclo_mm_hist_media|estado|municipio|lon|sg_nitrogen_0-5cm_mean|edaf_grupo|sg_cec_0-5cm_mean,estado|municipio|lon,sg_nitrogen_0-5cm_mean|edaf_grupo|sg_cec_0-5cm_mean,curados_extendidos,v1
parcelas_multianio_ubic_est-mun-lon_n-edaf-silt_v1,curados_extendidos/parcelas_multianio_ubic_est-mun-lon_n-edaf-silt_v1.csv,multianio,ubic_est-mun-lon,n-edaf-silt,197,42,ID_POLIGONO|conjunto|rendimiento_t_ha|area_ha|ndvi_s2_int|ndvi_s2_media_sep_oct|crc_s2_media|vi6t_landsat_max|lai_planet_max|lluvia_ciclo_mm|pendiente_grados|elevacion_m|ndvi_s2_max_2022|ndvi_s2_int_2022|ndvi_s2_media_sep_oct_2022|ndvi_s2_max_2023|ndvi_s2_int_2023|ndvi_s2_media_sep_oct_2023|ndvi_s2_max_2024|ndvi_s2_int_2024|ndvi_s2_media_sep_oct_2024|crc_s2_media_2022|crc_s2_media_2023|crc_s2_media_2024|vi6t_landsat_max_2022|vi6t_landsat_max_2023|vi6t_landsat_max_2024|lluvia_ciclo_mm_2022|lluvia_ciclo_mm_2023|lluvia_ciclo_mm_2024|ndvi_s2_max_hist_media|ndvi_s2_int_hist_media|ndvi_s2_media_sep_oct_hist_media|crc_s2_media_hist_media|vi6t_landsat_max_hist_media|lluvia_ciclo_mm_hist_media|estado|municipio|lon|sg_nitrogen_0-5cm_mean|edaf_grupo|sg_silt_0-5cm_mean,estado|municipio|lon,sg_nitrogen_0-5cm_mean|edaf_grupo|sg_silt_0-5cm_mean,curados_extendidos,v1
parcelas_multianio_ubic_est-mun-lon_n-cec-silt_v1,curados_extendidos/parcelas_multianio_ubic_est-mun-lon_n-cec-silt_v1.csv,multianio,ubic_est-mun-lon,n-cec-silt,197,42,ID_POLIGONO|conjunto|rendimiento_t_ha|area_ha|ndvi_s2_int|ndvi_s2_media_sep_oct|crc_s2_media|vi6t_landsat_max|lai_planet_max|lluvia_ciclo_mm|pendiente_grados|elevacion_m|ndvi_s2_max_2022|ndvi_s2_int_2022|ndvi_s2_media_sep_oct_2022|ndvi_s2_max_2023|ndvi_s2_int_2023|ndvi_s2_media_sep_oct_2023|ndvi_s2_max_2024|ndvi_s2_int_2024|ndvi_s2_media_sep_oct_2024|crc_s2_media_2022|crc_s2_media_2023|crc_s2_media_2024|vi6t_landsat_max_2022|vi6t_landsat_max_2023|vi6t_landsat_max_2024|lluvia_ciclo_mm_2022|lluvia_ciclo_mm_2023|lluvia_ciclo_mm_2024|ndvi_s2_max_hist_media|ndvi_s2_int_hist_media|ndvi_s2_media_sep_oct_hist_media|crc_s2_media_hist_media|vi6t_landsat_max_hist_media|lluvia_ciclo_mm_hist_media|estado|municipio|lon|sg_nitrogen_0-5cm_mean|sg_cec_0-5cm_mean|sg_silt_0-5cm_mean,estado|municipio|lon,sg_nitrogen_0-5cm_mean|sg_cec_0-5cm_mean|sg_silt_0-5cm_mean,curados_extendidos,v1
parcelas_multianio_ubic_est-mun-lon_edaf-cec-silt_v1,curados_extendidos/parcelas_multianio_ubic_est-mun-lon_edaf-cec-silt_v1.csv,multianio,ubic_est-mun-lon,edaf-cec-silt,197,42,ID_POLIGONO|conjunto|rendimiento_t_ha|area_ha|ndvi_s2_int|ndvi_s2_media_sep_oct|crc_s2_media|vi6t_landsat_max|lai_planet_max|lluvia_ciclo_mm|pendiente_grados|elevacion_m|ndvi_s2_max_2022|ndvi_s2_int_2022|ndvi_s2_media_sep_oct_2022|ndvi_s2_max_2023|ndvi_s2_int_2023|ndvi_s2_media_sep_oct_2023|ndvi_s2_max_2024|ndvi_s2_int_2024|ndvi_s2_media_sep_oct_2024|crc_s2_media_2022|crc_s2_media_2023|crc_s2_media_2024|vi6t_landsat_max_2022|vi6t_landsat_max_2023|vi6t_landsat_max_2024|lluvia_ciclo_mm_2022|lluvia_ciclo_mm_2023|lluvia_ciclo_mm_2024|ndvi_s2_max_hist_media|ndvi_s2_int_hist_media|ndvi_s2_media_sep_oct_hist_media|crc_s2_media_hist_media|vi6t_landsat_max_hist_media|lluvia_ciclo_mm_hist_media|estado|municipio|lon|edaf_grupo|sg_cec_0-5cm_mean|sg_silt_0-5cm_mean,estado|municipio|lon,edaf_grupo|sg_cec_0-5cm_mean|sg_silt_0-5cm_mean,curados_extendidos,v1
parcelas_multianio_ubic_est-mun-lon_n-edaf-cec-silt_v1,curados_extendidos/parcelas_multianio_ubic_est-mun-lon_n-edaf-cec-silt_v1.csv,multianio,ubic_est-mun-lon,n-edaf-cec-silt,197,43,ID_POLIGONO|conjunto|rendimiento_t_ha|area_ha|ndvi_s2_int|ndvi_s2_media_sep_oct|crc_s2_media|vi6t_landsat_max|lai_planet_max|lluvia_ciclo_mm|pendiente_grados|elevacion_m|ndvi_s2_max_2022|ndvi_s2_int_2022|ndvi_s2_media_sep_oct_2022|ndvi_s2_max_2023|ndvi_s2_int_2023|ndvi_s2_media_sep_oct_2023|ndvi_s2_max_2024|ndvi_s2_int_2024|ndvi_s2_media_sep_oct_2024|crc_s2_media_2022|crc_s2_media_2023|crc_s2_media_2024|vi6t_landsat_max_2022|vi6t_landsat_max_2023|vi6t_landsat_max_2024|lluvia_ciclo_mm_2022|lluvia_ciclo_mm_2023|lluvia_ciclo_mm_2024|ndvi_s2_max_hist_media|ndvi_s2_int_hist_media|ndvi_s2_media_sep_oct_hist_media|crc_s2_media_hist_media|vi6t_landsat_max_hist_media|lluvia_ciclo_mm_hist_media|estado|municipio|lon|sg_nitrogen_0-5cm_mean|edaf_grupo|sg_cec_0-5cm_mean|sg_silt_0-5cm_mean,estado|municipio|lon,sg_nitrogen_0-5cm_mean|edaf_grupo|sg_cec_0-5cm_mean|sg_silt_0-5cm_mean,curados_extendidos,v1
parcelas_multianio_ubic_est-mun-lat_reto_v1,curados_reto/parcelas_multianio_ubic_est-mun-lat_reto_v1.csv,multianio,ubic_est-mun-lat,reto,197,39,ID_POLIGONO|conjunto|rendimiento_t_ha|area_ha|ndvi_s2_int|ndvi_s2_media_sep_oct|crc_s2_media|vi6t_landsat_max|lai_planet_max|lluvia_ciclo_mm|pendiente_grados|elevacion_m|ndvi_s2_max_2022|ndvi_s2_int_2022|ndvi_s2_media_sep_oct_2022|ndvi_s2_max_2023|ndvi_s2_int_2023|ndvi_s2_media_sep_oct_2023|ndvi_s2_max_2024|ndvi_s2_int_2024|ndvi_s2_media_sep_oct_2024|crc_s2_media_2022|crc_s2_media_2023|crc_s2_media_2024|vi6t_landsat_max_2022|vi6t_landsat_max_2023|vi6t_landsat_max_2024|lluvia_ciclo_mm_2022|lluvia_ciclo_mm_2023|lluvia_ciclo_mm_2024|ndvi_s2_max_hist_media|ndvi_s2_int_hist_media|ndvi_s2_media_sep_oct_hist_media|crc_s2_media_hist_media|vi6t_landsat_max_hist_media|lluvia_ciclo_mm_hist_media|estado|municipio|lat,estado|municipio|lat,,curados_reto,v1
parcelas_multianio_ubic_est-mun-lat_n_v1,curados_extendidos/parcelas_multianio_ubic_est-mun-lat_n_v1.csv,multianio,ubic_est-mun-lat,n,197,40,ID_POLIGONO|conjunto|rendimiento_t_ha|area_ha|ndvi_s2_int|ndvi_s2_media_sep_oct|crc_s2_media|vi6t_landsat_max|lai_planet_max|lluvia_ciclo_mm|pendiente_grados|elevacion_m|ndvi_s2_max_2022|ndvi_s2_int_2022|ndvi_s2_media_sep_oct_2022|ndvi_s2_max_2023|ndvi_s2_int_2023|ndvi_s2_media_sep_oct_2023|ndvi_s2_max_2024|ndvi_s2_int_2024|ndvi_s2_media_sep_oct_2024|crc_s2_media_2022|crc_s2_media_2023|crc_s2_media_2024|vi6t_landsat_max_2022|vi6t_landsat_max_2023|vi6t_landsat_max_2024|lluvia_ciclo_mm_2022|lluvia_ciclo_mm_2023|lluvia_ciclo_mm_2024|ndvi_s2_max_hist_media|ndvi_s2_int_hist_media|ndvi_s2_media_sep_oct_hist_media|crc_s2_media_hist_media|vi6t_landsat_max_hist_media|lluvia_ciclo_mm_hist_media|estado|municipio|lat|sg_nitrogen_0-5cm_mean,estado|municipio|lat,sg_nitrogen_0-5cm_mean,curados_extendidos,v1
parcelas_multianio_ubic_est-mun-lat_edaf_v1,curados_extendidos/parcelas_multianio_ubic_est-mun-lat_edaf_v1.csv,multianio,ubic_est-mun-lat,edaf,197,40,ID_POLIGONO|conjunto|rendimiento_t_ha|area_ha|ndvi_s2_int|ndvi_s2_media_sep_oct|crc_s2_media|vi6t_landsat_max|lai_planet_max|lluvia_ciclo_mm|pendiente_grados|elevacion_m|ndvi_s2_max_2022|ndvi_s2_int_2022|ndvi_s2_media_sep_oct_2022|ndvi_s2_max_2023|ndvi_s2_int_2023|ndvi_s2_media_sep_oct_2023|ndvi_s2_max_2024|ndvi_s2_int_2024|ndvi_s2_media_sep_oct_2024|crc_s2_media_2022|crc_s2_media_2023|crc_s2_media_2024|vi6t_landsat_max_2022|vi6t_landsat_max_2023|vi6t_landsat_max_2024|lluvia_ciclo_mm_2022|lluvia_ciclo_mm_2023|lluvia_ciclo_mm_2024|ndvi_s2_max_hist_media|ndvi_s2_int_hist_media|ndvi_s2_media_sep_oct_hist_media|crc_s2_media_hist_media|vi6t_landsat_max_hist_media|lluvia_ciclo_mm_hist_media|estado|municipio|lat|edaf_grupo,estado|municipio|lat,edaf_grupo,curados_extendidos,v1
parcelas_multianio_ubic_est-mun-lat_cec_v1,curados_extendidos/parcelas_multianio_ubic_est-mun-lat_cec_v1.csv,multianio,ubic_est-mun-lat,cec,197,40,ID_POLIGONO|conjunto|rendimiento_t_ha|area_ha|ndvi_s2_int|ndvi_s2_media_sep_oct|crc_s2_media|vi6t_landsat_max|lai_planet_max|lluvia_ciclo_mm|pendiente_grados|elevacion_m|ndvi_s2_max_2022|ndvi_s2_int_2022|ndvi_s2_media_sep_oct_2022|ndvi_s2_max_2023|ndvi_s2_int_2023|ndvi_s2_media_sep_oct_2023|ndvi_s2_max_2024|ndvi_s2_int_2024|ndvi_s2_media_sep_oct_2024|crc_s2_media_2022|crc_s2_media_2023|crc_s2_media_2024|vi6t_landsat_max_2022|vi6t_landsat_max_2023|vi6t_landsat_max_2024|lluvia_ciclo_mm_2022|lluvia_ciclo_mm_2023|lluvia_ciclo_mm_2024|ndvi_s2_max_hist_media|ndvi_s2_int_hist_media|ndvi_s2_media_sep_oct_hist_media|crc_s2_media_hist_media|vi6t_landsat_max_hist_media|lluvia_ciclo_mm_hist_media|estado|municipio|lat|sg_cec_0-5cm_mean,estado|municipio|lat,sg_cec_0-5cm_mean,curados_extendidos,v1
parcelas_multianio_ubic_est-mun-lat_silt_v1,curados_extendidos/parcelas_multianio_ubic_est-mun-lat_silt_v1.csv,multianio,ubic_est-mun-lat,silt,197,40,ID_POLIGONO|conjunto|rendimiento_t_ha|area_ha|ndvi_s2_int|ndvi_s2_media_sep_oct|crc_s2_media|vi6t_landsat_max|lai_planet_max|lluvia_ciclo_mm|pendiente_grados|elevacion_m|ndvi_s2_max_2022|ndvi_s2_int_2022|ndvi_s2_media_sep_oct_2022|ndvi_s2_max_2023|ndvi_s2_int_2023|ndvi_s2_media_sep_oct_2023|ndvi_s2_max_2024|ndvi_s2_int_2024|ndvi_s2_media_sep_oct_2024|crc_s2_media_2022|crc_s2_media_2023|crc_s2_media_2024|vi6t_landsat_max_2022|vi6t_landsat_max_2023|vi6t_landsat_max_2024|lluvia_ciclo_mm_2022|lluvia_ciclo_mm_2023|lluvia_ciclo_mm_2024|ndvi_s2_max_hist_media|ndvi_s2_int_hist_media|ndvi_s2_media_sep_oct_hist_media|crc_s2_media_hist_media|vi6t_landsat_max_hist_media|lluvia_ciclo_mm_hist_media|estado|municipio|lat|sg_silt_0-5cm_mean,estado|municipio|lat,sg_silt_0-5cm_mean,curados_extendidos,v1
parcelas_multianio_ubic_est-mun-lat_n-edaf_v1,curados_extendidos/parcelas_multianio_ubic_est-mun-lat_n-edaf_v1.csv,multianio,ubic_est-mun-lat,n-edaf,197,41,ID_POLIGONO|conjunto|rendimiento_t_ha|area_ha|ndvi_s2_int|ndvi_s2_media_sep_oct|crc_s2_media|vi6t_landsat_max|lai_planet_max|lluvia_ciclo_mm|pendiente_grados|elevacion_m|ndvi_s2_max_2022|ndvi_s2_int_2022|ndvi_s2_media_sep_oct_2022|ndvi_s2_max_2023|ndvi_s2_int_2023|ndvi_s2_media_sep_oct_2023|ndvi_s2_max_2024|ndvi_s2_int_2024|ndvi_s2_media_sep_oct_2024|crc_s2_media_2022|crc_s2_media_2023|crc_s2_media_2024|vi6t_landsat_max_2022|vi6t_landsat_max_2023|vi6t_landsat_max_2024|lluvia_ciclo_mm_2022|lluvia_ciclo_mm_2023|lluvia_ciclo_mm_2024|ndvi_s2_max_hist_media|ndvi_s2_int_hist_media|ndvi_s2_media_sep_oct_hist_media|crc_s2_media_hist_media|vi6t_landsat_max_hist_media|lluvia_ciclo_mm_hist_media|estado|municipio|lat|sg_nitrogen_0-5cm_mean|edaf_grupo,estado|municipio|lat,sg_nitrogen_0-5cm_mean|edaf_grupo,curados_extendidos,v1
parcelas_multianio_ubic_est-mun-lat_n-cec_v1,curados_extendidos/parcelas_multianio_ubic_est-mun-lat_n-cec_v1.csv,multianio,ubic_est-mun-lat,n-cec,197,41,ID_POLIGONO|conjunto|rendimiento_t_ha|area_ha|ndvi_s2_int|ndvi_s2_media_sep_oct|crc_s2_media|vi6t_landsat_max|lai_planet_max|lluvia_ciclo_mm|pendiente_grados|elevacion_m|ndvi_s2_max_2022|ndvi_s2_int_2022|ndvi_s2_media_sep_oct_2022|ndvi_s2_max_2023|ndvi_s2_int_2023|ndvi_s2_media_sep_oct_2023|ndvi_s2_max_2024|ndvi_s2_int_2024|ndvi_s2_media_sep_oct_2024|crc_s2_media_2022|crc_s2_media_2023|crc_s2_media_2024|vi6t_landsat_max_2022|vi6t_landsat_max_2023|vi6t_landsat_max_2024|lluvia_ciclo_mm_2022|lluvia_ciclo_mm_2023|lluvia_ciclo_mm_2024|ndvi_s2_max_hist_media|ndvi_s2_int_hist_media|ndvi_s2_media_sep_oct_hist_media|crc_s2_media_hist_media|vi6t_landsat_max_hist_media|lluvia_ciclo_mm_hist_media|estado|municipio|lat|sg_nitrogen_0-5cm_mean|sg_cec_0-5cm_mean,estado|municipio|lat,sg_nitrogen_0-5cm_mean|sg_cec_0-5cm_mean,curados_extendidos,v1
parcelas_multianio_ubic_est-mun-lat_n-silt_v1,curados_extendidos/parcelas_multianio_ubic_est-mun-lat_n-silt_v1.csv,multianio,ubic_est-mun-lat,n-silt,197,41,ID_POLIGONO|conjunto|rendimiento_t_ha|area_ha|ndvi_s2_int|ndvi_s2_media_sep_oct|crc_s2_media|vi6t_landsat_max|lai_planet_max|lluvia_ciclo_mm|pendiente_grados|elevacion_m|ndvi_s2_max_2022|ndvi_s2_int_2022|ndvi_s2_media_sep_oct_2022|ndvi_s2_max_2023|ndvi_s2_int_2023|ndvi_s2_media_sep_oct_2023|ndvi_s2_max_2024|ndvi_s2_int_2024|ndvi_s2_media_sep_oct_2024|crc_s2_media_2022|crc_s2_media_2023|crc_s2_media_2024|vi6t_landsat_max_2022|vi6t_landsat_max_2023|vi6t_landsat_max_2024|lluvia_ciclo_mm_2022|lluvia_ciclo_mm_2023|lluvia_ciclo_mm_2024|ndvi_s2_max_hist_media|ndvi_s2_int_hist_media|ndvi_s2_media_sep_oct_hist_media|crc_s2_media_hist_media|vi6t_landsat_max_hist_media|lluvia_ciclo_mm_hist_media|estado|municipio|lat|sg_nitrogen_0-5cm_mean|sg_silt_0-5cm_mean,estado|municipio|lat,sg_nitrogen_0-5cm_mean|sg_silt_0-5cm_mean,curados_extendidos,v1
parcelas_multianio_ubic_est-mun-lat_edaf-cec_v1,curados_extendidos/parcelas_multianio_ubic_est-mun-lat_edaf-cec_v1.csv,multianio,ubic_est-mun-lat,edaf-cec,197,41,ID_POLIGONO|conjunto|rendimiento_t_ha|area_ha|ndvi_s2_int|ndvi_s2_media_sep_oct|crc_s2_media|vi6t_landsat_max|lai_planet_max|lluvia_ciclo_mm|pendiente_grados|elevacion_m|ndvi_s2_max_2022|ndvi_s2_int_2022|ndvi_s2_media_sep_oct_2022|ndvi_s2_max_2023|ndvi_s2_int_2023|ndvi_s2_media_sep_oct_2023|ndvi_s2_max_2024|ndvi_s2_int_2024|ndvi_s2_media_sep_oct_2024|crc_s2_media_2022|crc_s2_media_2023|crc_s2_media_2024|vi6t_landsat_max_2022|vi6t_landsat_max_2023|vi6t_landsat_max_2024|lluvia_ciclo_mm_2022|lluvia_ciclo_mm_2023|lluvia_ciclo_mm_2024|ndvi_s2_max_hist_media|ndvi_s2_int_hist_media|ndvi_s2_media_sep_oct_hist_media|crc_s2_media_hist_media|vi6t_landsat_max_hist_media|lluvia_ciclo_mm_hist_media|estado|municipio|lat|edaf_grupo|sg_cec_0-5cm_mean,estado|municipio|lat,edaf_grupo|sg_cec_0-5cm_mean,curados_extendidos,v1
parcelas_multianio_ubic_est-mun-lat_edaf-silt_v1,curados_extendidos/parcelas_multianio_ubic_est-mun-lat_edaf-silt_v1.csv,multianio,ubic_est-mun-lat,edaf-silt,197,41,ID_POLIGONO|conjunto|rendimiento_t_ha|area_ha|ndvi_s2_int|ndvi_s2_media_sep_oct|crc_s2_media|vi6t_landsat_max|lai_planet_max|lluvia_ciclo_mm|pendiente_grados|elevacion_m|ndvi_s2_max_2022|ndvi_s2_int_2022|ndvi_s2_media_sep_oct_2022|ndvi_s2_max_2023|ndvi_s2_int_2023|ndvi_s2_media_sep_oct_2023|ndvi_s2_max_2024|ndvi_s2_int_2024|ndvi_s2_media_sep_oct_2024|crc_s2_media_2022|crc_s2_media_2023|crc_s2_media_2024|vi6t_landsat_max_2022|vi6t_landsat_max_2023|vi6t_landsat_max_2024|lluvia_ciclo_mm_2022|lluvia_ciclo_mm_2023|lluvia_ciclo_mm_2024|ndvi_s2_max_hist_media|ndvi_s2_int_hist_media|ndvi_s2_media_sep_oct_hist_media|crc_s2_media_hist_media|vi6t_landsat_max_hist_media|lluvia_ciclo_mm_hist_media|estado|municipio|lat|edaf_grupo|sg_silt_0-5cm_mean,estado|municipio|lat,edaf_grupo|sg_silt_0-5cm_mean,curados_extendidos,v1
parcelas_multianio_ubic_est-mun-lat_cec-silt_v1,curados_extendidos/parcelas_multianio_ubic_est-mun-lat_cec-silt_v1.csv,multianio,ubic_est-mun-lat,cec-silt,197,41,ID_POLIGONO|conjunto|rendimiento_t_ha|area_ha|ndvi_s2_int|ndvi_s2_media_sep_oct|crc_s2_media|vi6t_landsat_max|lai_planet_max|lluvia_ciclo_mm|pendiente_grados|elevacion_m|ndvi_s2_max_2022|ndvi_s2_int_2022|ndvi_s2_media_sep_oct_2022|ndvi_s2_max_2023|ndvi_s2_int_2023|ndvi_s2_media_sep_oct_2023|ndvi_s2_max_2024|ndvi_s2_int_2024|ndvi_s2_media_sep_oct_2024|crc_s2_media_2022|crc_s2_media_2023|crc_s2_media_2024|vi6t_landsat_max_2022|vi6t_landsat_max_2023|vi6t_landsat_max_2024|lluvia_ciclo_mm_2022|lluvia_ciclo_mm_2023|lluvia_ciclo_mm_2024|ndvi_s2_max_hist_media|ndvi_s2_int_hist_media|ndvi_s2_media_sep_oct_hist_media|crc_s2_media_hist_media|vi6t_landsat_max_hist_media|lluvia_ciclo_mm_hist_media|estado|municipio|lat|sg_cec_0-5cm_mean|sg_silt_0-5cm_mean,estado|municipio|lat,sg_cec_0-5cm_mean|sg_silt_0-5cm_mean,curados_extendidos,v1
parcelas_multianio_ubic_est-mun-lat_n-edaf-cec_v1,curados_extendidos/parcelas_multianio_ubic_est-mun-lat_n-edaf-cec_v1.csv,multianio,ubic_est-mun-lat,n-edaf-cec,197,42,ID_POLIGONO|conjunto|rendimiento_t_ha|area_ha|ndvi_s2_int|ndvi_s2_media_sep_oct|crc_s2_media|vi6t_landsat_max|lai_planet_max|lluvia_ciclo_mm|pendiente_grados|elevacion_m|ndvi_s2_max_2022|ndvi_s2_int_2022|ndvi_s2_media_sep_oct_2022|ndvi_s2_max_2023|ndvi_s2_int_2023|ndvi_s2_media_sep_oct_2023|ndvi_s2_max_2024|ndvi_s2_int_2024|ndvi_s2_media_sep_oct_2024|crc_s2_media_2022|crc_s2_media_2023|crc_s2_media_2024|vi6t_landsat_max_2022|vi6t_landsat_max_2023|vi6t_landsat_max_2024|lluvia_ciclo_mm_2022|lluvia_ciclo_mm_2023|lluvia_ciclo_mm_2024|ndvi_s2_max_hist_media|ndvi_s2_int_hist_media|ndvi_s2_media_sep_oct_hist_media|crc_s2_media_hist_media|vi6t_landsat_max_hist_media|lluvia_ciclo_mm_hist_media|estado|municipio|lat|sg_nitrogen_0-5cm_mean|edaf_grupo|sg_cec_0-5cm_mean,estado|municipio|lat,sg_nitrogen_0-5cm_mean|edaf_grupo|sg_cec_0-5cm_mean,curados_extendidos,v1
parcelas_multianio_ubic_est-mun-lat_n-edaf-silt_v1,curados_extendidos/parcelas_multianio_ubic_est-mun-lat_n-edaf-silt_v1.csv,multianio,ubic_est-mun-lat,n-edaf-silt,197,42,ID_POLIGONO|conjunto|rendimiento_t_ha|area_ha|ndvi_s2_int|ndvi_s2_media_sep_oct|crc_s2_media|vi6t_landsat_max|lai_planet_max|lluvia_ciclo_mm|pendiente_grados|elevacion_m|ndvi_s2_max_2022|ndvi_s2_int_2022|ndvi_s2_media_sep_oct_2022|ndvi_s2_max_2023|ndvi_s2_int_2023|ndvi_s2_media_sep_oct_2023|ndvi_s2_max_2024|ndvi_s2_int_2024|ndvi_s2_media_sep_oct_2024|crc_s2_media_2022|crc_s2_media_2023|crc_s2_media_2024|vi6t_landsat_max_2022|vi6t_landsat_max_2023|vi6t_landsat_max_2024|lluvia_ciclo_mm_2022|lluvia_ciclo_mm_2023|lluvia_ciclo_mm_2024|ndvi_s2_max_hist_media|ndvi_s2_int_hist_media|ndvi_s2_media_sep_oct_hist_media|crc_s2_media_hist_media|vi6t_landsat_max_hist_media|lluvia_ciclo_mm_hist_media|estado|municipio|lat|sg_nitrogen_0-5cm_mean|edaf_grupo|sg_silt_0-5cm_mean,estado|municipio|lat,sg_nitrogen_0-5cm_mean|edaf_grupo|sg_silt_0-5cm_mean,curados_extendidos,v1
parcelas_multianio_ubic_est-mun-lat_n-cec-silt_v1,curados_extendidos/parcelas_multianio_ubic_est-mun-lat_n-cec-silt_v1.csv,multianio,ubic_est-mun-lat,n-cec-silt,197,42,ID_POLIGONO|conjunto|rendimiento_t_ha|area_ha|ndvi_s2_int|ndvi_s2_media_sep_oct|crc_s2_media|vi6t_landsat_max|lai_planet_max|lluvia_ciclo_mm|pendiente_grados|elevacion_m|ndvi_s2_max_2022|ndvi_s2_int_2022|ndvi_s2_media_sep_oct_2022|ndvi_s2_max_2023|ndvi_s2_int_2023|ndvi_s2_media_sep_oct_2023|ndvi_s2_max_2024|ndvi_s2_int_2024|ndvi_s2_media_sep_oct_2024|crc_s2_media_2022|crc_s2_media_2023|crc_s2_media_2024|vi6t_landsat_max_2022|vi6t_landsat_max_2023|vi6t_landsat_max_2024|lluvia_ciclo_mm_2022|lluvia_ciclo_mm_2023|lluvia_ciclo_mm_2024|ndvi_s2_max_hist_media|ndvi_s2_int_hist_media|ndvi_s2_media_sep_oct_hist_media|crc_s2_media_hist_media|vi6t_landsat_max_hist_media|lluvia_ciclo_mm_hist_media|estado|municipio|lat|sg_nitrogen_0-5cm_mean|sg_cec_0-5cm_mean|sg_silt_0-5cm_mean,estado|municipio|lat,sg_nitrogen_0-5cm_mean|sg_cec_0-5cm_mean|sg_silt_0-5cm_mean,curados_extendidos,v1
parcelas_multianio_ubic_est-mun-lat_edaf-cec-silt_v1,curados_extendidos/parcelas_multianio_ubic_est-mun-lat_edaf-cec-silt_v1.csv,multianio,ubic_est-mun-lat,edaf-cec-silt,197,42,ID_POLIGONO|conjunto|rendimiento_t_ha|area_ha|ndvi_s2_int|ndvi_s2_media_sep_oct|crc_s2_media|vi6t_landsat_max|lai_planet_max|lluvia_ciclo_mm|pendiente_grados|elevacion_m|ndvi_s2_max_2022|ndvi_s2_int_2022|ndvi_s2_media_sep_oct_2022|ndvi_s2_max_2023|ndvi_s2_int_2023|ndvi_s2_media_sep_oct_2023|ndvi_s2_max_2024|ndvi_s2_int_2024|ndvi_s2_media_sep_oct_2024|crc_s2_media_2022|crc_s2_media_2023|crc_s2_media_2024|vi6t_landsat_max_2022|vi6t_landsat_max_2023|vi6t_landsat_max_2024|lluvia_ciclo_mm_2022|lluvia_ciclo_mm_2023|lluvia_ciclo_mm_2024|ndvi_s2_max_hist_media|ndvi_s2_int_hist_media|ndvi_s2_media_sep_oct_hist_media|crc_s2_media_hist_media|vi6t_landsat_max_hist_media|lluvia_ciclo_mm_hist_media|estado|municipio|lat|edaf_grupo|sg_cec_0-5cm_mean|sg_silt_0-5cm_mean,estado|municipio|lat,edaf_grupo|sg_cec_0-5cm_mean|sg_silt_0-5cm_mean,curados_extendidos,v1
parcelas_multianio_ubic_est-mun-lat_n-edaf-cec-silt_v1,curados_extendidos/parcelas_multianio_ubic_est-mun-lat_n-edaf-cec-silt_v1.csv,multianio,ubic_est-mun-lat,n-edaf-cec-silt,197,43,ID_POLIGONO|conjunto|rendimiento_t_ha|area_ha|ndvi_s2_int|ndvi_s2_media_sep_oct|crc_s2_media|vi6t_landsat_max|lai_planet_max|lluvia_ciclo_mm|pendiente_grados|elevacion_m|ndvi_s2_max_2022|ndvi_s2_int_2022|ndvi_s2_media_sep_oct_2022|ndvi_s2_max_2023|ndvi_s2_int_2023|ndvi_s2_media_sep_oct_2023|ndvi_s2_max_2024|ndvi_s2_int_2024|ndvi_s2_media_sep_oct_2024|crc_s2_media_2022|crc_s2_media_2023|crc_s2_media_2024|vi6t_landsat_max_2022|vi6t_landsat_max_2023|vi6t_landsat_max_2024|lluvia_ciclo_mm_2022|lluvia_ciclo_mm_2023|lluvia_ciclo_mm_2024|ndvi_s2_max_hist_media|ndvi_s2_int_hist_media|ndvi_s2_media_sep_oct_hist_media|crc_s2_media_hist_media|vi6t_landsat_max_hist_media|lluvia_ciclo_mm_hist_media|estado|municipio|lat|sg_nitrogen_0-5cm_mean|edaf_grupo|sg_cec_0-5cm_mean|sg_silt_0-5cm_mean,estado|municipio|lat,sg_nitrogen_0-5cm_mean|edaf_grupo|sg_cec_0-5cm_mean|sg_silt_0-5cm_mean,curados_extendidos,v1
parcelas_multianio_ubic_est-mun-pix_reto_v1,curados_reto/parcelas_multianio_ubic_est-mun-pix_reto_v1.csv,multianio,ubic_est-mun-pix,reto,197,39,ID_POLIGONO|conjunto|rendimiento_t_ha|area_ha|ndvi_s2_int|ndvi_s2_media_sep_oct|crc_s2_media|vi6t_landsat_max|lai_planet_max|lluvia_ciclo_mm|pendiente_grados|elevacion_m|ndvi_s2_max_2022|ndvi_s2_int_2022|ndvi_s2_media_sep_oct_2022|ndvi_s2_max_2023|ndvi_s2_int_2023|ndvi_s2_media_sep_oct_2023|ndvi_s2_max_2024|ndvi_s2_int_2024|ndvi_s2_media_sep_oct_2024|crc_s2_media_2022|crc_s2_media_2023|crc_s2_media_2024|vi6t_landsat_max_2022|vi6t_landsat_max_2023|vi6t_landsat_max_2024|lluvia_ciclo_mm_2022|lluvia_ciclo_mm_2023|lluvia_ciclo_mm_2024|ndvi_s2_max_hist_media|ndvi_s2_int_hist_media|ndvi_s2_media_sep_oct_hist_media|crc_s2_media_hist_media|vi6t_landsat_max_hist_media|lluvia_ciclo_mm_hist_media|estado|municipio|pixel_clima,estado|municipio|pixel_clima,,curados_reto,v1
parcelas_multianio_ubic_est-mun-pix_n_v1,curados_extendidos/parcelas_multianio_ubic_est-mun-pix_n_v1.csv,multianio,ubic_est-mun-pix,n,197,40,ID_POLIGONO|conjunto|rendimiento_t_ha|area_ha|ndvi_s2_int|ndvi_s2_media_sep_oct|crc_s2_media|vi6t_landsat_max|lai_planet_max|lluvia_ciclo_mm|pendiente_grados|elevacion_m|ndvi_s2_max_2022|ndvi_s2_int_2022|ndvi_s2_media_sep_oct_2022|ndvi_s2_max_2023|ndvi_s2_int_2023|ndvi_s2_media_sep_oct_2023|ndvi_s2_max_2024|ndvi_s2_int_2024|ndvi_s2_media_sep_oct_2024|crc_s2_media_2022|crc_s2_media_2023|crc_s2_media_2024|vi6t_landsat_max_2022|vi6t_landsat_max_2023|vi6t_landsat_max_2024|lluvia_ciclo_mm_2022|lluvia_ciclo_mm_2023|lluvia_ciclo_mm_2024|ndvi_s2_max_hist_media|ndvi_s2_int_hist_media|ndvi_s2_media_sep_oct_hist_media|crc_s2_media_hist_media|vi6t_landsat_max_hist_media|lluvia_ciclo_mm_hist_media|estado|municipio|pixel_clima|sg_nitrogen_0-5cm_mean,estado|municipio|pixel_clima,sg_nitrogen_0-5cm_mean,curados_extendidos,v1
parcelas_multianio_ubic_est-mun-pix_edaf_v1,curados_extendidos/parcelas_multianio_ubic_est-mun-pix_edaf_v1.csv,multianio,ubic_est-mun-pix,edaf,197,40,ID_POLIGONO|conjunto|rendimiento_t_ha|area_ha|ndvi_s2_int|ndvi_s2_media_sep_oct|crc_s2_media|vi6t_landsat_max|lai_planet_max|lluvia_ciclo_mm|pendiente_grados|elevacion_m|ndvi_s2_max_2022|ndvi_s2_int_2022|ndvi_s2_media_sep_oct_2022|ndvi_s2_max_2023|ndvi_s2_int_2023|ndvi_s2_media_sep_oct_2023|ndvi_s2_max_2024|ndvi_s2_int_2024|ndvi_s2_media_sep_oct_2024|crc_s2_media_2022|crc_s2_media_2023|crc_s2_media_2024|vi6t_landsat_max_2022|vi6t_landsat_max_2023|vi6t_landsat_max_2024|lluvia_ciclo_mm_2022|lluvia_ciclo_mm_2023|lluvia_ciclo_mm_2024|ndvi_s2_max_hist_media|ndvi_s2_int_hist_media|ndvi_s2_media_sep_oct_hist_media|crc_s2_media_hist_media|vi6t_landsat_max_hist_media|lluvia_ciclo_mm_hist_media|estado|municipio|pixel_clima|edaf_grupo,estado|municipio|pixel_clima,edaf_grupo,curados_extendidos,v1
parcelas_multianio_ubic_est-mun-pix_cec_v1,curados_extendidos/parcelas_multianio_ubic_est-mun-pix_cec_v1.csv,multianio,ubic_est-mun-pix,cec,197,40,ID_POLIGONO|conjunto|rendimiento_t_ha|area_ha|ndvi_s2_int|ndvi_s2_media_sep_oct|crc_s2_media|vi6t_landsat_max|lai_planet_max|lluvia_ciclo_mm|pendiente_grados|elevacion_m|ndvi_s2_max_2022|ndvi_s2_int_2022|ndvi_s2_media_sep_oct_2022|ndvi_s2_max_2023|ndvi_s2_int_2023|ndvi_s2_media_sep_oct_2023|ndvi_s2_max_2024|ndvi_s2_int_2024|ndvi_s2_media_sep_oct_2024|crc_s2_media_2022|crc_s2_media_2023|crc_s2_media_2024|vi6t_landsat_max_2022|vi6t_landsat_max_2023|vi6t_landsat_max_2024|lluvia_ciclo_mm_2022|lluvia_ciclo_mm_2023|lluvia_ciclo_mm_2024|ndvi_s2_max_hist_media|ndvi_s2_int_hist_media|ndvi_s2_media_sep_oct_hist_media|crc_s2_media_hist_media|vi6t_landsat_max_hist_media|lluvia_ciclo_mm_hist_media|estado|municipio|pixel_clima|sg_cec_0-5cm_mean,estado|municipio|pixel_clima,sg_cec_0-5cm_mean,curados_extendidos,v1
parcelas_multianio_ubic_est-mun-pix_silt_v1,curados_extendidos/parcelas_multianio_ubic_est-mun-pix_silt_v1.csv,multianio,ubic_est-mun-pix,silt,197,40,ID_POLIGONO|conjunto|rendimiento_t_ha|area_ha|ndvi_s2_int|ndvi_s2_media_sep_oct|crc_s2_media|vi6t_landsat_max|lai_planet_max|lluvia_ciclo_mm|pendiente_grados|elevacion_m|ndvi_s2_max_2022|ndvi_s2_int_2022|ndvi_s2_media_sep_oct_2022|ndvi_s2_max_2023|ndvi_s2_int_2023|ndvi_s2_media_sep_oct_2023|ndvi_s2_max_2024|ndvi_s2_int_2024|ndvi_s2_media_sep_oct_2024|crc_s2_media_2022|crc_s2_media_2023|crc_s2_media_2024|vi6t_landsat_max_2022|vi6t_landsat_max_2023|vi6t_landsat_max_2024|lluvia_ciclo_mm_2022|lluvia_ciclo_mm_2023|lluvia_ciclo_mm_2024|ndvi_s2_max_hist_media|ndvi_s2_int_hist_media|ndvi_s2_media_sep_oct_hist_media|crc_s2_media_hist_media|vi6t_landsat_max_hist_media|lluvia_ciclo_mm_hist_media|estado|municipio|pixel_clima|sg_silt_0-5cm_mean,estado|municipio|pixel_clima,sg_silt_0-5cm_mean,curados_extendidos,v1
parcelas_multianio_ubic_est-mun-pix_n-edaf_v1,curados_extendidos/parcelas_multianio_ubic_est-mun-pix_n-edaf_v1.csv,multianio,ubic_est-mun-pix,n-edaf,197,41,ID_POLIGONO|conjunto|rendimiento_t_ha|area_ha|ndvi_s2_int|ndvi_s2_media_sep_oct|crc_s2_media|vi6t_landsat_max|lai_planet_max|lluvia_ciclo_mm|pendiente_grados|elevacion_m|ndvi_s2_max_2022|ndvi_s2_int_2022|ndvi_s2_media_sep_oct_2022|ndvi_s2_max_2023|ndvi_s2_int_2023|ndvi_s2_media_sep_oct_2023|ndvi_s2_max_2024|ndvi_s2_int_2024|ndvi_s2_media_sep_oct_2024|crc_s2_media_2022|crc_s2_media_2023|crc_s2_media_2024|vi6t_landsat_max_2022|vi6t_landsat_max_2023|vi6t_landsat_max_2024|lluvia_ciclo_mm_2022|lluvia_ciclo_mm_2023|lluvia_ciclo_mm_2024|ndvi_s2_max_hist_media|ndvi_s2_int_hist_media|ndvi_s2_media_sep_oct_hist_media|crc_s2_media_hist_media|vi6t_landsat_max_hist_media|lluvia_ciclo_mm_hist_media|estado|municipio|pixel_clima|sg_nitrogen_0-5cm_mean|edaf_grupo,estado|municipio|pixel_clima,sg_nitrogen_0-5cm_mean|edaf_grupo,curados_extendidos,v1
parcelas_multianio_ubic_est-mun-pix_n-cec_v1,curados_extendidos/parcelas_multianio_ubic_est-mun-pix_n-cec_v1.csv,multianio,ubic_est-mun-pix,n-cec,197,41,ID_POLIGONO|conjunto|rendimiento_t_ha|area_ha|ndvi_s2_int|ndvi_s2_media_sep_oct|crc_s2_media|vi6t_landsat_max|lai_planet_max|lluvia_ciclo_mm|pendiente_grados|elevacion_m|ndvi_s2_max_2022|ndvi_s2_int_2022|ndvi_s2_media_sep_oct_2022|ndvi_s2_max_2023|ndvi_s2_int_2023|ndvi_s2_media_sep_oct_2023|ndvi_s2_max_2024|ndvi_s2_int_2024|ndvi_s2_media_sep_oct_2024|crc_s2_media_2022|crc_s2_media_2023|crc_s2_media_2024|vi6t_landsat_max_2022|vi6t_landsat_max_2023|vi6t_landsat_max_2024|lluvia_ciclo_mm_2022|lluvia_ciclo_mm_2023|lluvia_ciclo_mm_2024|ndvi_s2_max_hist_media|ndvi_s2_int_hist_media|ndvi_s2_media_sep_oct_hist_media|crc_s2_media_hist_media|vi6t_landsat_max_hist_media|lluvia_ciclo_mm_hist_media|estado|municipio|pixel_clima|sg_nitrogen_0-5cm_mean|sg_cec_0-5cm_mean,estado|municipio|pixel_clima,sg_nitrogen_0-5cm_mean|sg_cec_0-5cm_mean,curados_extendidos,v1
parcelas_multianio_ubic_est-mun-pix_n-silt_v1,curados_extendidos/parcelas_multianio_ubic_est-mun-pix_n-silt_v1.csv,multianio,ubic_est-mun-pix,n-silt,197,41,ID_POLIGONO|conjunto|rendimiento_t_ha|area_ha|ndvi_s2_int|ndvi_s2_media_sep_oct|crc_s2_media|vi6t_landsat_max|lai_planet_max|lluvia_ciclo_mm|pendiente_grados|elevacion_m|ndvi_s2_max_2022|ndvi_s2_int_2022|ndvi_s2_media_sep_oct_2022|ndvi_s2_max_2023|ndvi_s2_int_2023|ndvi_s2_media_sep_oct_2023|ndvi_s2_max_2024|ndvi_s2_int_2024|ndvi_s2_media_sep_oct_2024|crc_s2_media_2022|crc_s2_media_2023|crc_s2_media_2024|vi6t_landsat_max_2022|vi6t_landsat_max_2023|vi6t_landsat_max_2024|lluvia_ciclo_mm_2022|lluvia_ciclo_mm_2023|lluvia_ciclo_mm_2024|ndvi_s2_max_hist_media|ndvi_s2_int_hist_media|ndvi_s2_media_sep_oct_hist_media|crc_s2_media_hist_media|vi6t_landsat_max_hist_media|lluvia_ciclo_mm_hist_media|estado|municipio|pixel_clima|sg_nitrogen_0-5cm_mean|sg_silt_0-5cm_mean,estado|municipio|pixel_clima,sg_nitrogen_0-5cm_mean|sg_silt_0-5cm_mean,curados_extendidos,v1
parcelas_multianio_ubic_est-mun-pix_edaf-cec_v1,curados_extendidos/parcelas_multianio_ubic_est-mun-pix_edaf-cec_v1.csv,multianio,ubic_est-mun-pix,edaf-cec,197,41,ID_POLIGONO|conjunto|rendimiento_t_ha|area_ha|ndvi_s2_int|ndvi_s2_media_sep_oct|crc_s2_media|vi6t_landsat_max|lai_planet_max|lluvia_ciclo_mm|pendiente_grados|elevacion_m|ndvi_s2_max_2022|ndvi_s2_int_2022|ndvi_s2_media_sep_oct_2022|ndvi_s2_max_2023|ndvi_s2_int_2023|ndvi_s2_media_sep_oct_2023|ndvi_s2_max_2024|ndvi_s2_int_2024|ndvi_s2_media_sep_oct_2024|crc_s2_media_2022|crc_s2_media_2023|crc_s2_media_2024|vi6t_landsat_max_2022|vi6t_landsat_max_2023|vi6t_landsat_max_2024|lluvia_ciclo_mm_2022|lluvia_ciclo_mm_2023|lluvia_ciclo_mm_2024|ndvi_s2_max_hist_media|ndvi_s2_int_hist_media|ndvi_s2_media_sep_oct_hist_media|crc_s2_media_hist_media|vi6t_landsat_max_hist_media|lluvia_ciclo_mm_hist_media|estado|municipio|pixel_clima|edaf_grupo|sg_cec_0-5cm_mean,estado|municipio|pixel_clima,edaf_grupo|sg_cec_0-5cm_mean,curados_extendidos,v1
parcelas_multianio_ubic_est-mun-pix_edaf-silt_v1,curados_extendidos/parcelas_multianio_ubic_est-mun-pix_edaf-silt_v1.csv,multianio,ubic_est-mun-pix,edaf-silt,197,41,ID_POLIGONO|conjunto|rendimiento_t_ha|area_ha|ndvi_s2_int|ndvi_s2_media_sep_oct|crc_s2_media|vi6t_landsat_max|lai_planet_max|lluvia_ciclo_mm|pendiente_grados|elevacion_m|ndvi_s2_max_2022|ndvi_s2_int_2022|ndvi_s2_media_sep_oct_2022|ndvi_s2_max_2023|ndvi_s2_int_2023|ndvi_s2_media_sep_oct_2023|ndvi_s2_max_2024|ndvi_s2_int_2024|ndvi_s2_media_sep_oct_2024|crc_s2_media_2022|crc_s2_media_2023|crc_s2_media_2024|vi6t_landsat_max_2022|vi6t_landsat_max_2023|vi6t_landsat_max_2024|lluvia_ciclo_mm_2022|lluvia_ciclo_mm_2023|lluvia_ciclo_mm_2024|ndvi_s2_max_hist_media|ndvi_s2_int_hist_media|ndvi_s2_media_sep_oct_hist_media|crc_s2_media_hist_media|vi6t_landsat_max_hist_media|lluvia_ciclo_mm_hist_media|estado|municipio|pixel_clima|edaf_grupo|sg_silt_0-5cm_mean,estado|municipio|pixel_clima,edaf_grupo|sg_silt_0-5cm_mean,curados_extendidos,v1
parcelas_multianio_ubic_est-mun-pix_cec-silt_v1,curados_extendidos/parcelas_multianio_ubic_est-mun-pix_cec-silt_v1.csv,multianio,ubic_est-mun-pix,cec-silt,197,41,ID_POLIGONO|conjunto|rendimiento_t_ha|area_ha|ndvi_s2_int|ndvi_s2_media_sep_oct|crc_s2_media|vi6t_landsat_max|lai_planet_max|lluvia_ciclo_mm|pendiente_grados|elevacion_m|ndvi_s2_max_2022|ndvi_s2_int_2022|ndvi_s2_media_sep_oct_2022|ndvi_s2_max_2023|ndvi_s2_int_2023|ndvi_s2_media_sep_oct_2023|ndvi_s2_max_2024|ndvi_s2_int_2024|ndvi_s2_media_sep_oct_2024|crc_s2_media_2022|crc_s2_media_2023|crc_s2_media_2024|vi6t_landsat_max_2022|vi6t_landsat_max_2023|vi6t_landsat_max_2024|lluvia_ciclo_mm_2022|lluvia_ciclo_mm_2023|lluvia_ciclo_mm_2024|ndvi_s2_max_hist_media|ndvi_s2_int_hist_media|ndvi_s2_media_sep_oct_hist_media|crc_s2_media_hist_media|vi6t_landsat_max_hist_media|lluvia_ciclo_mm_hist_media|estado|municipio|pixel_clima|sg_cec_0-5cm_mean|sg_silt_0-5cm_mean,estado|municipio|pixel_clima,sg_cec_0-5cm_mean|sg_silt_0-5cm_mean,curados_extendidos,v1
parcelas_multianio_ubic_est-mun-pix_n-edaf-cec_v1,curados_extendidos/parcelas_multianio_ubic_est-mun-pix_n-edaf-cec_v1.csv,multianio,ubic_est-mun-pix,n-edaf-cec,197,42,ID_POLIGONO|conjunto|rendimiento_t_ha|area_ha|ndvi_s2_int|ndvi_s2_media_sep_oct|crc_s2_media|vi6t_landsat_max|lai_planet_max|lluvia_ciclo_mm|pendiente_grados|elevacion_m|ndvi_s2_max_2022|ndvi_s2_int_2022|ndvi_s2_media_sep_oct_2022|ndvi_s2_max_2023|ndvi_s2_int_2023|ndvi_s2_media_sep_oct_2023|ndvi_s2_max_2024|ndvi_s2_int_2024|ndvi_s2_media_sep_oct_2024|crc_s2_media_2022|crc_s2_media_2023|crc_s2_media_2024|vi6t_landsat_max_2022|vi6t_landsat_max_2023|vi6t_landsat_max_2024|lluvia_ciclo_mm_2022|lluvia_ciclo_mm_2023|lluvia_ciclo_mm_2024|ndvi_s2_max_hist_media|ndvi_s2_int_hist_media|ndvi_s2_media_sep_oct_hist_media|crc_s2_media_hist_media|vi6t_landsat_max_hist_media|lluvia_ciclo_mm_hist_media|estado|municipio|pixel_clima|sg_nitrogen_0-5cm_mean|edaf_grupo|sg_cec_0-5cm_mean,estado|municipio|pixel_clima,sg_nitrogen_0-5cm_mean|edaf_grupo|sg_cec_0-5cm_mean,curados_extendidos,v1
parcelas_multianio_ubic_est-mun-pix_n-edaf-silt_v1,curados_extendidos/parcelas_multianio_ubic_est-mun-pix_n-edaf-silt_v1.csv,multianio,ubic_est-mun-pix,n-edaf-silt,197,42,ID_POLIGONO|conjunto|rendimiento_t_ha|area_ha|ndvi_s2_int|ndvi_s2_media_sep_oct|crc_s2_media|vi6t_landsat_max|lai_planet_max|lluvia_ciclo_mm|pendiente_grados|elevacion_m|ndvi_s2_max_2022|ndvi_s2_int_2022|ndvi_s2_media_sep_oct_2022|ndvi_s2_max_2023|ndvi_s2_int_2023|ndvi_s2_media_sep_oct_2023|ndvi_s2_max_2024|ndvi_s2_int_2024|ndvi_s2_media_sep_oct_2024|crc_s2_media_2022|crc_s2_media_2023|crc_s2_media_2024|vi6t_landsat_max_2022|vi6t_landsat_max_2023|vi6t_landsat_max_2024|lluvia_ciclo_mm_2022|lluvia_ciclo_mm_2023|lluvia_ciclo_mm_2024|ndvi_s2_max_hist_media|ndvi_s2_int_hist_media|ndvi_s2_media_sep_oct_hist_media|crc_s2_media_hist_media|vi6t_landsat_max_hist_media|lluvia_ciclo_mm_hist_media|estado|municipio|pixel_clima|sg_nitrogen_0-5cm_mean|edaf_grupo|sg_silt_0-5cm_mean,estado|municipio|pixel_clima,sg_nitrogen_0-5cm_mean|edaf_grupo|sg_silt_0-5cm_mean,curados_extendidos,v1
parcelas_multianio_ubic_est-mun-pix_n-cec-silt_v1,curados_extendidos/parcelas_multianio_ubic_est-mun-pix_n-cec-silt_v1.csv,multianio,ubic_est-mun-pix,n-cec-silt,197,42,ID_POLIGONO|conjunto|rendimiento_t_ha|area_ha|ndvi_s2_int|ndvi_s2_media_sep_oct|crc_s2_media|vi6t_landsat_max|lai_planet_max|lluvia_ciclo_mm|pendiente_grados|elevacion_m|ndvi_s2_max_2022|ndvi_s2_int_2022|ndvi_s2_media_sep_oct_2022|ndvi_s2_max_2023|ndvi_s2_int_2023|ndvi_s2_media_sep_oct_2023|ndvi_s2_max_2024|ndvi_s2_int_2024|ndvi_s2_media_sep_oct_2024|crc_s2_media_2022|crc_s2_media_2023|crc_s2_media_2024|vi6t_landsat_max_2022|vi6t_landsat_max_2023|vi6t_landsat_max_2024|lluvia_ciclo_mm_2022|lluvia_ciclo_mm_2023|lluvia_ciclo_mm_2024|ndvi_s2_max_hist_media|ndvi_s2_int_hist_media|ndvi_s2_media_sep_oct_hist_media|crc_s2_media_hist_media|vi6t_landsat_max_hist_media|lluvia_ciclo_mm_hist_media|estado|municipio|pixel_clima|sg_nitrogen_0-5cm_mean|sg_cec_0-5cm_mean|sg_silt_0-5cm_mean,estado|municipio|pixel_clima,sg_nitrogen_0-5cm_mean|sg_cec_0-5cm_mean|sg_silt_0-5cm_mean,curados_extendidos,v1
parcelas_multianio_ubic_est-mun-pix_edaf-cec-silt_v1,curados_extendidos/parcelas_multianio_ubic_est-mun-pix_edaf-cec-silt_v1.csv,multianio,ubic_est-mun-pix,edaf-cec-silt,197,42,ID_POLIGONO|conjunto|rendimiento_t_ha|area_ha|ndvi_s2_int|ndvi_s2_media_sep_oct|crc_s2_media|vi6t_landsat_max|lai_planet_max|lluvia_ciclo_mm|pendiente_grados|elevacion_m|ndvi_s2_max_2022|ndvi_s2_int_2022|ndvi_s2_media_sep_oct_2022|ndvi_s2_max_2023|ndvi_s2_int_2023|ndvi_s2_media_sep_oct_2023|ndvi_s2_max_2024|ndvi_s2_int_2024|ndvi_s2_media_sep_oct_2024|crc_s2_media_2022|crc_s2_media_2023|crc_s2_media_2024|vi6t_landsat_max_2022|vi6t_landsat_max_2023|vi6t_landsat_max_2024|lluvia_ciclo_mm_2022|lluvia_ciclo_mm_2023|lluvia_ciclo_mm_2024|ndvi_s2_max_hist_media|ndvi_s2_int_hist_media|ndvi_s2_media_sep_oct_hist_media|crc_s2_media_hist_media|vi6t_landsat_max_hist_media|lluvia_ciclo_mm_hist_media|estado|municipio|pixel_clima|edaf_grupo|sg_cec_0-5cm_mean|sg_silt_0-5cm_mean,estado|municipio|pixel_clima,edaf_grupo|sg_cec_0-5cm_mean|sg_silt_0-5cm_mean,curados_extendidos,v1
parcelas_multianio_ubic_est-mun-pix_n-edaf-cec-silt_v1,curados_extendidos/parcelas_multianio_ubic_est-mun-pix_n-edaf-cec-silt_v1.csv,multianio,ubic_est-mun-pix,n-edaf-cec-silt,197,43,ID_POLIGONO|conjunto|rendimiento_t_ha|area_ha|ndvi_s2_int|ndvi_s2_media_sep_oct|crc_s2_media|vi6t_landsat_max|lai_planet_max|lluvia_ciclo_mm|pendiente_grados|elevacion_m|ndvi_s2_max_2022|ndvi_s2_int_2022|ndvi_s2_media_sep_oct_2022|ndvi_s2_max_2023|ndvi_s2_int_2023|ndvi_s2_media_sep_oct_2023|ndvi_s2_max_2024|ndvi_s2_int_2024|ndvi_s2_media_sep_oct_2024|crc_s2_media_2022|crc_s2_media_2023|crc_s2_media_2024|vi6t_landsat_max_2022|vi6t_landsat_max_2023|vi6t_landsat_max_2024|lluvia_ciclo_mm_2022|lluvia_ciclo_mm_2023|lluvia_ciclo_mm_2024|ndvi_s2_max_hist_media|ndvi_s2_int_hist_media|ndvi_s2_media_sep_oct_hist_media|crc_s2_media_hist_media|vi6t_landsat_max_hist_media|lluvia_ciclo_mm_hist_media|estado|municipio|pixel_clima|sg_nitrogen_0-5cm_mean|edaf_grupo|sg_cec_0-5cm_mean|sg_silt_0-5cm_mean,estado|municipio|pixel_clima,sg_nitrogen_0-5cm_mean|edaf_grupo|sg_cec_0-5cm_mean|sg_silt_0-5cm_mean,curados_extendidos,v1
parcelas_multianio_ubic_est-lon-lat_reto_v1,curados_reto/parcelas_multianio_ubic_est-lon-lat_reto_v1.csv,multianio,ubic_est-lon-lat,reto,197,39,ID_POLIGONO|conjunto|rendimiento_t_ha|area_ha|ndvi_s2_int|ndvi_s2_media_sep_oct|crc_s2_media|vi6t_landsat_max|lai_planet_max|lluvia_ciclo_mm|pendiente_grados|elevacion_m|ndvi_s2_max_2022|ndvi_s2_int_2022|ndvi_s2_media_sep_oct_2022|ndvi_s2_max_2023|ndvi_s2_int_2023|ndvi_s2_media_sep_oct_2023|ndvi_s2_max_2024|ndvi_s2_int_2024|ndvi_s2_media_sep_oct_2024|crc_s2_media_2022|crc_s2_media_2023|crc_s2_media_2024|vi6t_landsat_max_2022|vi6t_landsat_max_2023|vi6t_landsat_max_2024|lluvia_ciclo_mm_2022|lluvia_ciclo_mm_2023|lluvia_ciclo_mm_2024|ndvi_s2_max_hist_media|ndvi_s2_int_hist_media|ndvi_s2_media_sep_oct_hist_media|crc_s2_media_hist_media|vi6t_landsat_max_hist_media|lluvia_ciclo_mm_hist_media|estado|lon|lat,estado|lon|lat,,curados_reto,v1
parcelas_multianio_ubic_est-lon-lat_n_v1,curados_extendidos/parcelas_multianio_ubic_est-lon-lat_n_v1.csv,multianio,ubic_est-lon-lat,n,197,40,ID_POLIGONO|conjunto|rendimiento_t_ha|area_ha|ndvi_s2_int|ndvi_s2_media_sep_oct|crc_s2_media|vi6t_landsat_max|lai_planet_max|lluvia_ciclo_mm|pendiente_grados|elevacion_m|ndvi_s2_max_2022|ndvi_s2_int_2022|ndvi_s2_media_sep_oct_2022|ndvi_s2_max_2023|ndvi_s2_int_2023|ndvi_s2_media_sep_oct_2023|ndvi_s2_max_2024|ndvi_s2_int_2024|ndvi_s2_media_sep_oct_2024|crc_s2_media_2022|crc_s2_media_2023|crc_s2_media_2024|vi6t_landsat_max_2022|vi6t_landsat_max_2023|vi6t_landsat_max_2024|lluvia_ciclo_mm_2022|lluvia_ciclo_mm_2023|lluvia_ciclo_mm_2024|ndvi_s2_max_hist_media|ndvi_s2_int_hist_media|ndvi_s2_media_sep_oct_hist_media|crc_s2_media_hist_media|vi6t_landsat_max_hist_media|lluvia_ciclo_mm_hist_media|estado|lon|lat|sg_nitrogen_0-5cm_mean,estado|lon|lat,sg_nitrogen_0-5cm_mean,curados_extendidos,v1
parcelas_multianio_ubic_est-lon-lat_edaf_v1,curados_extendidos/parcelas_multianio_ubic_est-lon-lat_edaf_v1.csv,multianio,ubic_est-lon-lat,edaf,197,40,ID_POLIGONO|conjunto|rendimiento_t_ha|area_ha|ndvi_s2_int|ndvi_s2_media_sep_oct|crc_s2_media|vi6t_landsat_max|lai_planet_max|lluvia_ciclo_mm|pendiente_grados|elevacion_m|ndvi_s2_max_2022|ndvi_s2_int_2022|ndvi_s2_media_sep_oct_2022|ndvi_s2_max_2023|ndvi_s2_int_2023|ndvi_s2_media_sep_oct_2023|ndvi_s2_max_2024|ndvi_s2_int_2024|ndvi_s2_media_sep_oct_2024|crc_s2_media_2022|crc_s2_media_2023|crc_s2_media_2024|vi6t_landsat_max_2022|vi6t_landsat_max_2023|vi6t_landsat_max_2024|lluvia_ciclo_mm_2022|lluvia_ciclo_mm_2023|lluvia_ciclo_mm_2024|ndvi_s2_max_hist_media|ndvi_s2_int_hist_media|ndvi_s2_media_sep_oct_hist_media|crc_s2_media_hist_media|vi6t_landsat_max_hist_media|lluvia_ciclo_mm_hist_media|estado|lon|lat|edaf_grupo,estado|lon|lat,edaf_grupo,curados_extendidos,v1
parcelas_multianio_ubic_est-lon-lat_cec_v1,curados_extendidos/parcelas_multianio_ubic_est-lon-lat_cec_v1.csv,multianio,ubic_est-lon-lat,cec,197,40,ID_POLIGONO|conjunto|rendimiento_t_ha|area_ha|ndvi_s2_int|ndvi_s2_media_sep_oct|crc_s2_media|vi6t_landsat_max|lai_planet_max|lluvia_ciclo_mm|pendiente_grados|elevacion_m|ndvi_s2_max_2022|ndvi_s2_int_2022|ndvi_s2_media_sep_oct_2022|ndvi_s2_max_2023|ndvi_s2_int_2023|ndvi_s2_media_sep_oct_2023|ndvi_s2_max_2024|ndvi_s2_int_2024|ndvi_s2_media_sep_oct_2024|crc_s2_media_2022|crc_s2_media_2023|crc_s2_media_2024|vi6t_landsat_max_2022|vi6t_landsat_max_2023|vi6t_landsat_max_2024|lluvia_ciclo_mm_2022|lluvia_ciclo_mm_2023|lluvia_ciclo_mm_2024|ndvi_s2_max_hist_media|ndvi_s2_int_hist_media|ndvi_s2_media_sep_oct_hist_media|crc_s2_media_hist_media|vi6t_landsat_max_hist_media|lluvia_ciclo_mm_hist_media|estado|lon|lat|sg_cec_0-5cm_mean,estado|lon|lat,sg_cec_0-5cm_mean,curados_extendidos,v1
parcelas_multianio_ubic_est-lon-lat_silt_v1,curados_extendidos/parcelas_multianio_ubic_est-lon-lat_silt_v1.csv,multianio,ubic_est-lon-lat,silt,197,40,ID_POLIGONO|conjunto|rendimiento_t_ha|area_ha|ndvi_s2_int|ndvi_s2_media_sep_oct|crc_s2_media|vi6t_landsat_max|lai_planet_max|lluvia_ciclo_mm|pendiente_grados|elevacion_m|ndvi_s2_max_2022|ndvi_s2_int_2022|ndvi_s2_media_sep_oct_2022|ndvi_s2_max_2023|ndvi_s2_int_2023|ndvi_s2_media_sep_oct_2023|ndvi_s2_max_2024|ndvi_s2_int_2024|ndvi_s2_media_sep_oct_2024|crc_s2_media_2022|crc_s2_media_2023|crc_s2_media_2024|vi6t_landsat_max_2022|vi6t_landsat_max_2023|vi6t_landsat_max_2024|lluvia_ciclo_mm_2022|lluvia_ciclo_mm_2023|lluvia_ciclo_mm_2024|ndvi_s2_max_hist_media|ndvi_s2_int_hist_media|ndvi_s2_media_sep_oct_hist_media|crc_s2_media_hist_media|vi6t_landsat_max_hist_media|lluvia_ciclo_mm_hist_media|estado|lon|lat|sg_silt_0-5cm_mean,estado|lon|lat,sg_silt_0-5cm_mean,curados_extendidos,v1
parcelas_multianio_ubic_est-lon-lat_n-edaf_v1,curados_extendidos/parcelas_multianio_ubic_est-lon-lat_n-edaf_v1.csv,multianio,ubic_est-lon-lat,n-edaf,197,41,ID_POLIGONO|conjunto|rendimiento_t_ha|area_ha|ndvi_s2_int|ndvi_s2_media_sep_oct|crc_s2_media|vi6t_landsat_max|lai_planet_max|lluvia_ciclo_mm|pendiente_grados|elevacion_m|ndvi_s2_max_2022|ndvi_s2_int_2022|ndvi_s2_media_sep_oct_2022|ndvi_s2_max_2023|ndvi_s2_int_2023|ndvi_s2_media_sep_oct_2023|ndvi_s2_max_2024|ndvi_s2_int_2024|ndvi_s2_media_sep_oct_2024|crc_s2_media_2022|crc_s2_media_2023|crc_s2_media_2024|vi6t_landsat_max_2022|vi6t_landsat_max_2023|vi6t_landsat_max_2024|lluvia_ciclo_mm_2022|lluvia_ciclo_mm_2023|lluvia_ciclo_mm_2024|ndvi_s2_max_hist_media|ndvi_s2_int_hist_media|ndvi_s2_media_sep_oct_hist_media|crc_s2_media_hist_media|vi6t_landsat_max_hist_media|lluvia_ciclo_mm_hist_media|estado|lon|lat|sg_nitrogen_0-5cm_mean|edaf_grupo,estado|lon|lat,sg_nitrogen_0-5cm_mean|edaf_grupo,curados_extendidos,v1
parcelas_multianio_ubic_est-lon-lat_n-cec_v1,curados_extendidos/parcelas_multianio_ubic_est-lon-lat_n-cec_v1.csv,multianio,ubic_est-lon-lat,n-cec,197,41,ID_POLIGONO|conjunto|rendimiento_t_ha|area_ha|ndvi_s2_int|ndvi_s2_media_sep_oct|crc_s2_media|vi6t_landsat_max|lai_planet_max|lluvia_ciclo_mm|pendiente_grados|elevacion_m|ndvi_s2_max_2022|ndvi_s2_int_2022|ndvi_s2_media_sep_oct_2022|ndvi_s2_max_2023|ndvi_s2_int_2023|ndvi_s2_media_sep_oct_2023|ndvi_s2_max_2024|ndvi_s2_int_2024|ndvi_s2_media_sep_oct_2024|crc_s2_media_2022|crc_s2_media_2023|crc_s2_media_2024|vi6t_landsat_max_2022|vi6t_landsat_max_2023|vi6t_landsat_max_2024|lluvia_ciclo_mm_2022|lluvia_ciclo_mm_2023|lluvia_ciclo_mm_2024|ndvi_s2_max_hist_media|ndvi_s2_int_hist_media|ndvi_s2_media_sep_oct_hist_media|crc_s2_media_hist_media|vi6t_landsat_max_hist_media|lluvia_ciclo_mm_hist_media|estado|lon|lat|sg_nitrogen_0-5cm_mean|sg_cec_0-5cm_mean,estado|lon|lat,sg_nitrogen_0-5cm_mean|sg_cec_0-5cm_mean,curados_extendidos,v1
parcelas_multianio_ubic_est-lon-lat_n-silt_v1,curados_extendidos/parcelas_multianio_ubic_est-lon-lat_n-silt_v1.csv,multianio,ubic_est-lon-lat,n-silt,197,41,ID_POLIGONO|conjunto|rendimiento_t_ha|area_ha|ndvi_s2_int|ndvi_s2_media_sep_oct|crc_s2_media|vi6t_landsat_max|lai_planet_max|lluvia_ciclo_mm|pendiente_grados|elevacion_m|ndvi_s2_max_2022|ndvi_s2_int_2022|ndvi_s2_media_sep_oct_2022|ndvi_s2_max_2023|ndvi_s2_int_2023|ndvi_s2_media_sep_oct_2023|ndvi_s2_max_2024|ndvi_s2_int_2024|ndvi_s2_media_sep_oct_2024|crc_s2_media_2022|crc_s2_media_2023|crc_s2_media_2024|vi6t_landsat_max_2022|vi6t_landsat_max_2023|vi6t_landsat_max_2024|lluvia_ciclo_mm_2022|lluvia_ciclo_mm_2023|lluvia_ciclo_mm_2024|ndvi_s2_max_hist_media|ndvi_s2_int_hist_media|ndvi_s2_media_sep_oct_hist_media|crc_s2_media_hist_media|vi6t_landsat_max_hist_media|lluvia_ciclo_mm_hist_media|estado|lon|lat|sg_nitrogen_0-5cm_mean|sg_silt_0-5cm_mean,estado|lon|lat,sg_nitrogen_0-5cm_mean|sg_silt_0-5cm_mean,curados_extendidos,v1
parcelas_multianio_ubic_est-lon-lat_edaf-cec_v1,curados_extendidos/parcelas_multianio_ubic_est-lon-lat_edaf-cec_v1.csv,multianio,ubic_est-lon-lat,edaf-cec,197,41,ID_POLIGONO|conjunto|rendimiento_t_ha|area_ha|ndvi_s2_int|ndvi_s2_media_sep_oct|crc_s2_media|vi6t_landsat_max|lai_planet_max|lluvia_ciclo_mm|pendiente_grados|elevacion_m|ndvi_s2_max_2022|ndvi_s2_int_2022|ndvi_s2_media_sep_oct_2022|ndvi_s2_max_2023|ndvi_s2_int_2023|ndvi_s2_media_sep_oct_2023|ndvi_s2_max_2024|ndvi_s2_int_2024|ndvi_s2_media_sep_oct_2024|crc_s2_media_2022|crc_s2_media_2023|crc_s2_media_2024|vi6t_landsat_max_2022|vi6t_landsat_max_2023|vi6t_landsat_max_2024|lluvia_ciclo_mm_2022|lluvia_ciclo_mm_2023|lluvia_ciclo_mm_2024|ndvi_s2_max_hist_media|ndvi_s2_int_hist_media|ndvi_s2_media_sep_oct_hist_media|crc_s2_media_hist_media|vi6t_landsat_max_hist_media|lluvia_ciclo_mm_hist_media|estado|lon|lat|edaf_grupo|sg_cec_0-5cm_mean,estado|lon|lat,edaf_grupo|sg_cec_0-5cm_mean,curados_extendidos,v1
parcelas_multianio_ubic_est-lon-lat_edaf-silt_v1,curados_extendidos/parcelas_multianio_ubic_est-lon-lat_edaf-silt_v1.csv,multianio,ubic_est-lon-lat,edaf-silt,197,41,ID_POLIGONO|conjunto|rendimiento_t_ha|area_ha|ndvi_s2_int|ndvi_s2_media_sep_oct|crc_s2_media|vi6t_landsat_max|lai_planet_max|lluvia_ciclo_mm|pendiente_grados|elevacion_m|ndvi_s2_max_2022|ndvi_s2_int_2022|ndvi_s2_media_sep_oct_2022|ndvi_s2_max_2023|ndvi_s2_int_2023|ndvi_s2_media_sep_oct_2023|ndvi_s2_max_2024|ndvi_s2_int_2024|ndvi_s2_media_sep_oct_2024|crc_s2_media_2022|crc_s2_media_2023|crc_s2_media_2024|vi6t_landsat_max_2022|vi6t_landsat_max_2023|vi6t_landsat_max_2024|lluvia_ciclo_mm_2022|lluvia_ciclo_mm_2023|lluvia_ciclo_mm_2024|ndvi_s2_max_hist_media|ndvi_s2_int_hist_media|ndvi_s2_media_sep_oct_hist_media|crc_s2_media_hist_media|vi6t_landsat_max_hist_media|lluvia_ciclo_mm_hist_media|estado|lon|lat|edaf_grupo|sg_silt_0-5cm_mean,estado|lon|lat,edaf_grupo|sg_silt_0-5cm_mean,curados_extendidos,v1
parcelas_multianio_ubic_est-lon-lat_cec-silt_v1,curados_extendidos/parcelas_multianio_ubic_est-lon-lat_cec-silt_v1.csv,multianio,ubic_est-lon-lat,cec-silt,197,41,ID_POLIGONO|conjunto|rendimiento_t_ha|area_ha|ndvi_s2_int|ndvi_s2_media_sep_oct|crc_s2_media|vi6t_landsat_max|lai_planet_max|lluvia_ciclo_mm|pendiente_grados|elevacion_m|ndvi_s2_max_2022|ndvi_s2_int_2022|ndvi_s2_media_sep_oct_2022|ndvi_s2_max_2023|ndvi_s2_int_2023|ndvi_s2_media_sep_oct_2023|ndvi_s2_max_2024|ndvi_s2_int_2024|ndvi_s2_media_sep_oct_2024|crc_s2_media_2022|crc_s2_media_2023|crc_s2_media_2024|vi6t_landsat_max_2022|vi6t_landsat_max_2023|vi6t_landsat_max_2024|lluvia_ciclo_mm_2022|lluvia_ciclo_mm_2023|lluvia_ciclo_mm_2024|ndvi_s2_max_hist_media|ndvi_s2_int_hist_media|ndvi_s2_media_sep_oct_hist_media|crc_s2_media_hist_media|vi6t_landsat_max_hist_media|lluvia_ciclo_mm_hist_media|estado|lon|lat|sg_cec_0-5cm_mean|sg_silt_0-5cm_mean,estado|lon|lat,sg_cec_0-5cm_mean|sg_silt_0-5cm_mean,curados_extendidos,v1
parcelas_multianio_ubic_est-lon-lat_n-edaf-cec_v1,curados_extendidos/parcelas_multianio_ubic_est-lon-lat_n-edaf-cec_v1.csv,multianio,ubic_est-lon-lat,n-edaf-cec,197,42,ID_POLIGONO|conjunto|rendimiento_t_ha|area_ha|ndvi_s2_int|ndvi_s2_media_sep_oct|crc_s2_media|vi6t_landsat_max|lai_planet_max|lluvia_ciclo_mm|pendiente_grados|elevacion_m|ndvi_s2_max_2022|ndvi_s2_int_2022|ndvi_s2_media_sep_oct_2022|ndvi_s2_max_2023|ndvi_s2_int_2023|ndvi_s2_media_sep_oct_2023|ndvi_s2_max_2024|ndvi_s2_int_2024|ndvi_s2_media_sep_oct_2024|crc_s2_media_2022|crc_s2_media_2023|crc_s2_media_2024|vi6t_landsat_max_2022|vi6t_landsat_max_2023|vi6t_landsat_max_2024|lluvia_ciclo_mm_2022|lluvia_ciclo_mm_2023|lluvia_ciclo_mm_2024|ndvi_s2_max_hist_media|ndvi_s2_int_hist_media|ndvi_s2_media_sep_oct_hist_media|crc_s2_media_hist_media|vi6t_landsat_max_hist_media|lluvia_ciclo_mm_hist_media|estado|lon|lat|sg_nitrogen_0-5cm_mean|edaf_grupo|sg_cec_0-5cm_mean,estado|lon|lat,sg_nitrogen_0-5cm_mean|edaf_grupo|sg_cec_0-5cm_mean,curados_extendidos,v1
parcelas_multianio_ubic_est-lon-lat_n-edaf-silt_v1,curados_extendidos/parcelas_multianio_ubic_est-lon-lat_n-edaf-silt_v1.csv,multianio,ubic_est-lon-lat,n-edaf-silt,197,42,ID_POLIGONO|conjunto|rendimiento_t_ha|area_ha|ndvi_s2_int|ndvi_s2_media_sep_oct|crc_s2_media|vi6t_landsat_max|lai_planet_max|lluvia_ciclo_mm|pendiente_grados|elevacion_m|ndvi_s2_max_2022|ndvi_s2_int_2022|ndvi_s2_media_sep_oct_2022|ndvi_s2_max_2023|ndvi_s2_int_2023|ndvi_s2_media_sep_oct_2023|ndvi_s2_max_2024|ndvi_s2_int_2024|ndvi_s2_media_sep_oct_2024|crc_s2_media_2022|crc_s2_media_2023|crc_s2_media_2024|vi6t_landsat_max_2022|vi6t_landsat_max_2023|vi6t_landsat_max_2024|lluvia_ciclo_mm_2022|lluvia_ciclo_mm_2023|lluvia_ciclo_mm_2024|ndvi_s2_max_hist_media|ndvi_s2_int_hist_media|ndvi_s2_media_sep_oct_hist_media|crc_s2_media_hist_media|vi6t_landsat_max_hist_media|lluvia_ciclo_mm_hist_media|estado|lon|lat|sg_nitrogen_0-5cm_mean|edaf_grupo|sg_silt_0-5cm_mean,estado|lon|lat,sg_nitrogen_0-5cm_mean|edaf_grupo|sg_silt_0-5cm_mean,curados_extendidos,v1
parcelas_multianio_ubic_est-lon-lat_n-cec-silt_v1,curados_extendidos/parcelas_multianio_ubic_est-lon-lat_n-cec-silt_v1.csv,multianio,ubic_est-lon-lat,n-cec-silt,197,42,ID_POLIGONO|conjunto|rendimiento_t_ha|area_ha|ndvi_s2_int|ndvi_s2_media_sep_oct|crc_s2_media|vi6t_landsat_max|lai_planet_max|lluvia_ciclo_mm|pendiente_grados|elevacion_m|ndvi_s2_max_2022|ndvi_s2_int_2022|ndvi_s2_media_sep_oct_2022|ndvi_s2_max_2023|ndvi_s2_int_2023|ndvi_s2_media_sep_oct_2023|ndvi_s2_max_2024|ndvi_s2_int_2024|ndvi_s2_media_sep_oct_2024|crc_s2_media_2022|crc_s2_media_2023|crc_s2_media_2024|vi6t_landsat_max_2022|vi6t_landsat_max_2023|vi6t_landsat_max_2024|lluvia_ciclo_mm_2022|lluvia_ciclo_mm_2023|lluvia_ciclo_mm_2024|ndvi_s2_max_hist_media|ndvi_s2_int_hist_media|ndvi_s2_media_sep_oct_hist_media|crc_s2_media_hist_media|vi6t_landsat_max_hist_media|lluvia_ciclo_mm_hist_media|estado|lon|lat|sg_nitrogen_0-5cm_mean|sg_cec_0-5cm_mean|sg_silt_0-5cm_mean,estado|lon|lat,sg_nitrogen_0-5cm_mean|sg_cec_0-5cm_mean|sg_silt_0-5cm_mean,curados_extendidos,v1
parcelas_multianio_ubic_est-lon-lat_edaf-cec-silt_v1,curados_extendidos/parcelas_multianio_ubic_est-lon-lat_edaf-cec-silt_v1.csv,multianio,ubic_est-lon-lat,edaf-cec-silt,197,42,ID_POLIGONO|conjunto|rendimiento_t_ha|area_ha|ndvi_s2_int|ndvi_s2_media_sep_oct|crc_s2_media|vi6t_landsat_max|lai_planet_max|lluvia_ciclo_mm|pendiente_grados|elevacion_m|ndvi_s2_max_2022|ndvi_s2_int_2022|ndvi_s2_media_sep_oct_2022|ndvi_s2_max_2023|ndvi_s2_int_2023|ndvi_s2_media_sep_oct_2023|ndvi_s2_max_2024|ndvi_s2_int_2024|ndvi_s2_media_sep_oct_2024|crc_s2_media_2022|crc_s2_media_2023|crc_s2_media_2024|vi6t_landsat_max_2022|vi6t_landsat_max_2023|vi6t_landsat_max_2024|lluvia_ciclo_mm_2022|lluvia_ciclo_mm_2023|lluvia_ciclo_mm_2024|ndvi_s2_max_hist_media|ndvi_s2_int_hist_media|ndvi_s2_media_sep_oct_hist_media|crc_s2_media_hist_media|vi6t_landsat_max_hist_media|lluvia_ciclo_mm_hist_media|estado|lon|lat|edaf_grupo|sg_cec_0-5cm_mean|sg_silt_0-5cm_mean,estado|lon|lat,edaf_grupo|sg_cec_0-5cm_mean|sg_silt_0-5cm_mean,curados_extendidos,v1
parcelas_multianio_ubic_est-lon-lat_n-edaf-cec-silt_v1,curados_extendidos/parcelas_multianio_ubic_est-lon-lat_n-edaf-cec-silt_v1.csv,multianio,ubic_est-lon-lat,n-edaf-cec-silt,197,43,ID_POLIGONO|conjunto|rendimiento_t_ha|area_ha|ndvi_s2_int|ndvi_s2_media_sep_oct|crc_s2_media|vi6t_landsat_max|lai_planet_max|lluvia_ciclo_mm|pendiente_grados|elevacion_m|ndvi_s2_max_2022|ndvi_s2_int_2022|ndvi_s2_media_sep_oct_2022|ndvi_s2_max_2023|ndvi_s2_int_2023|ndvi_s2_media_sep_oct_2023|ndvi_s2_max_2024|ndvi_s2_int_2024|ndvi_s2_media_sep_oct_2024|crc_s2_media_2022|crc_s2_media_2023|crc_s2_media_2024|vi6t_landsat_max_2022|vi6t_landsat_max_2023|vi6t_landsat_max_2024|lluvia_ciclo_mm_2022|lluvia_ciclo_mm_2023|lluvia_ciclo_mm_2024|ndvi_s2_max_hist_media|ndvi_s2_int_hist_media|ndvi_s2_media_sep_oct_hist_media|crc_s2_media_hist_media|vi6t_landsat_max_hist_media|lluvia_ciclo_mm_hist_media|estado|lon|lat|sg_nitrogen_0-5cm_mean|edaf_grupo|sg_cec_0-5cm_mean|sg_silt_0-5cm_mean,estado|lon|lat,sg_nitrogen_0-5cm_mean|edaf_grupo|sg_cec_0-5cm_mean|sg_silt_0-5cm_mean,curados_extendidos,v1
parcelas_multianio_ubic_est-lon-pix_reto_v1,curados_reto/parcelas_multianio_ubic_est-lon-pix_reto_v1.csv,multianio,ubic_est-lon-pix,reto,197,39,ID_POLIGONO|conjunto|rendimiento_t_ha|area_ha|ndvi_s2_int|ndvi_s2_media_sep_oct|crc_s2_media|vi6t_landsat_max|lai_planet_max|lluvia_ciclo_mm|pendiente_grados|elevacion_m|ndvi_s2_max_2022|ndvi_s2_int_2022|ndvi_s2_media_sep_oct_2022|ndvi_s2_max_2023|ndvi_s2_int_2023|ndvi_s2_media_sep_oct_2023|ndvi_s2_max_2024|ndvi_s2_int_2024|ndvi_s2_media_sep_oct_2024|crc_s2_media_2022|crc_s2_media_2023|crc_s2_media_2024|vi6t_landsat_max_2022|vi6t_landsat_max_2023|vi6t_landsat_max_2024|lluvia_ciclo_mm_2022|lluvia_ciclo_mm_2023|lluvia_ciclo_mm_2024|ndvi_s2_max_hist_media|ndvi_s2_int_hist_media|ndvi_s2_media_sep_oct_hist_media|crc_s2_media_hist_media|vi6t_landsat_max_hist_media|lluvia_ciclo_mm_hist_media|estado|lon|pixel_clima,estado|lon|pixel_clima,,curados_reto,v1
parcelas_multianio_ubic_est-lon-pix_n_v1,curados_extendidos/parcelas_multianio_ubic_est-lon-pix_n_v1.csv,multianio,ubic_est-lon-pix,n,197,40,ID_POLIGONO|conjunto|rendimiento_t_ha|area_ha|ndvi_s2_int|ndvi_s2_media_sep_oct|crc_s2_media|vi6t_landsat_max|lai_planet_max|lluvia_ciclo_mm|pendiente_grados|elevacion_m|ndvi_s2_max_2022|ndvi_s2_int_2022|ndvi_s2_media_sep_oct_2022|ndvi_s2_max_2023|ndvi_s2_int_2023|ndvi_s2_media_sep_oct_2023|ndvi_s2_max_2024|ndvi_s2_int_2024|ndvi_s2_media_sep_oct_2024|crc_s2_media_2022|crc_s2_media_2023|crc_s2_media_2024|vi6t_landsat_max_2022|vi6t_landsat_max_2023|vi6t_landsat_max_2024|lluvia_ciclo_mm_2022|lluvia_ciclo_mm_2023|lluvia_ciclo_mm_2024|ndvi_s2_max_hist_media|ndvi_s2_int_hist_media|ndvi_s2_media_sep_oct_hist_media|crc_s2_media_hist_media|vi6t_landsat_max_hist_media|lluvia_ciclo_mm_hist_media|estado|lon|pixel_clima|sg_nitrogen_0-5cm_mean,estado|lon|pixel_clima,sg_nitrogen_0-5cm_mean,curados_extendidos,v1
parcelas_multianio_ubic_est-lon-pix_edaf_v1,curados_extendidos/parcelas_multianio_ubic_est-lon-pix_edaf_v1.csv,multianio,ubic_est-lon-pix,edaf,197,40,ID_POLIGONO|conjunto|rendimiento_t_ha|area_ha|ndvi_s2_int|ndvi_s2_media_sep_oct|crc_s2_media|vi6t_landsat_max|lai_planet_max|lluvia_ciclo_mm|pendiente_grados|elevacion_m|ndvi_s2_max_2022|ndvi_s2_int_2022|ndvi_s2_media_sep_oct_2022|ndvi_s2_max_2023|ndvi_s2_int_2023|ndvi_s2_media_sep_oct_2023|ndvi_s2_max_2024|ndvi_s2_int_2024|ndvi_s2_media_sep_oct_2024|crc_s2_media_2022|crc_s2_media_2023|crc_s2_media_2024|vi6t_landsat_max_2022|vi6t_landsat_max_2023|vi6t_landsat_max_2024|lluvia_ciclo_mm_2022|lluvia_ciclo_mm_2023|lluvia_ciclo_mm_2024|ndvi_s2_max_hist_media|ndvi_s2_int_hist_media|ndvi_s2_media_sep_oct_hist_media|crc_s2_media_hist_media|vi6t_landsat_max_hist_media|lluvia_ciclo_mm_hist_media|estado|lon|pixel_clima|edaf_grupo,estado|lon|pixel_clima,edaf_grupo,curados_extendidos,v1
parcelas_multianio_ubic_est-lon-pix_cec_v1,curados_extendidos/parcelas_multianio_ubic_est-lon-pix_cec_v1.csv,multianio,ubic_est-lon-pix,cec,197,40,ID_POLIGONO|conjunto|rendimiento_t_ha|area_ha|ndvi_s2_int|ndvi_s2_media_sep_oct|crc_s2_media|vi6t_landsat_max|lai_planet_max|lluvia_ciclo_mm|pendiente_grados|elevacion_m|ndvi_s2_max_2022|ndvi_s2_int_2022|ndvi_s2_media_sep_oct_2022|ndvi_s2_max_2023|ndvi_s2_int_2023|ndvi_s2_media_sep_oct_2023|ndvi_s2_max_2024|ndvi_s2_int_2024|ndvi_s2_media_sep_oct_2024|crc_s2_media_2022|crc_s2_media_2023|crc_s2_media_2024|vi6t_landsat_max_2022|vi6t_landsat_max_2023|vi6t_landsat_max_2024|lluvia_ciclo_mm_2022|lluvia_ciclo_mm_2023|lluvia_ciclo_mm_2024|ndvi_s2_max_hist_media|ndvi_s2_int_hist_media|ndvi_s2_media_sep_oct_hist_media|crc_s2_media_hist_media|vi6t_landsat_max_hist_media|lluvia_ciclo_mm_hist_media|estado|lon|pixel_clima|sg_cec_0-5cm_mean,estado|lon|pixel_clima,sg_cec_0-5cm_mean,curados_extendidos,v1
parcelas_multianio_ubic_est-lon-pix_silt_v1,curados_extendidos/parcelas_multianio_ubic_est-lon-pix_silt_v1.csv,multianio,ubic_est-lon-pix,silt,197,40,ID_POLIGONO|conjunto|rendimiento_t_ha|area_ha|ndvi_s2_int|ndvi_s2_media_sep_oct|crc_s2_media|vi6t_landsat_max|lai_planet_max|lluvia_ciclo_mm|pendiente_grados|elevacion_m|ndvi_s2_max_2022|ndvi_s2_int_2022|ndvi_s2_media_sep_oct_2022|ndvi_s2_max_2023|ndvi_s2_int_2023|ndvi_s2_media_sep_oct_2023|ndvi_s2_max_2024|ndvi_s2_int_2024|ndvi_s2_media_sep_oct_2024|crc_s2_media_2022|crc_s2_media_2023|crc_s2_media_2024|vi6t_landsat_max_2022|vi6t_landsat_max_2023|vi6t_landsat_max_2024|lluvia_ciclo_mm_2022|lluvia_ciclo_mm_2023|lluvia_ciclo_mm_2024|ndvi_s2_max_hist_media|ndvi_s2_int_hist_media|ndvi_s2_media_sep_oct_hist_media|crc_s2_media_hist_media|vi6t_landsat_max_hist_media|lluvia_ciclo_mm_hist_media|estado|lon|pixel_clima|sg_silt_0-5cm_mean,estado|lon|pixel_clima,sg_silt_0-5cm_mean,curados_extendidos,v1
parcelas_multianio_ubic_est-lon-pix_n-edaf_v1,curados_extendidos/parcelas_multianio_ubic_est-lon-pix_n-edaf_v1.csv,multianio,ubic_est-lon-pix,n-edaf,197,41,ID_POLIGONO|conjunto|rendimiento_t_ha|area_ha|ndvi_s2_int|ndvi_s2_media_sep_oct|crc_s2_media|vi6t_landsat_max|lai_planet_max|lluvia_ciclo_mm|pendiente_grados|elevacion_m|ndvi_s2_max_2022|ndvi_s2_int_2022|ndvi_s2_media_sep_oct_2022|ndvi_s2_max_2023|ndvi_s2_int_2023|ndvi_s2_media_sep_oct_2023|ndvi_s2_max_2024|ndvi_s2_int_2024|ndvi_s2_media_sep_oct_2024|crc_s2_media_2022|crc_s2_media_2023|crc_s2_media_2024|vi6t_landsat_max_2022|vi6t_landsat_max_2023|vi6t_landsat_max_2024|lluvia_ciclo_mm_2022|lluvia_ciclo_mm_2023|lluvia_ciclo_mm_2024|ndvi_s2_max_hist_media|ndvi_s2_int_hist_media|ndvi_s2_media_sep_oct_hist_media|crc_s2_media_hist_media|vi6t_landsat_max_hist_media|lluvia_ciclo_mm_hist_media|estado|lon|pixel_clima|sg_nitrogen_0-5cm_mean|edaf_grupo,estado|lon|pixel_clima,sg_nitrogen_0-5cm_mean|edaf_grupo,curados_extendidos,v1
parcelas_multianio_ubic_est-lon-pix_n-cec_v1,curados_extendidos/parcelas_multianio_ubic_est-lon-pix_n-cec_v1.csv,multianio,ubic_est-lon-pix,n-cec,197,41,ID_POLIGONO|conjunto|rendimiento_t_ha|area_ha|ndvi_s2_int|ndvi_s2_media_sep_oct|crc_s2_media|vi6t_landsat_max|lai_planet_max|lluvia_ciclo_mm|pendiente_grados|elevacion_m|ndvi_s2_max_2022|ndvi_s2_int_2022|ndvi_s2_media_sep_oct_2022|ndvi_s2_max_2023|ndvi_s2_int_2023|ndvi_s2_media_sep_oct_2023|ndvi_s2_max_2024|ndvi_s2_int_2024|ndvi_s2_media_sep_oct_2024|crc_s2_media_2022|crc_s2_media_2023|crc_s2_media_2024|vi6t_landsat_max_2022|vi6t_landsat_max_2023|vi6t_landsat_max_2024|lluvia_ciclo_mm_2022|lluvia_ciclo_mm_2023|lluvia_ciclo_mm_2024|ndvi_s2_max_hist_media|ndvi_s2_int_hist_media|ndvi_s2_media_sep_oct_hist_media|crc_s2_media_hist_media|vi6t_landsat_max_hist_media|lluvia_ciclo_mm_hist_media|estado|lon|pixel_clima|sg_nitrogen_0-5cm_mean|sg_cec_0-5cm_mean,estado|lon|pixel_clima,sg_nitrogen_0-5cm_mean|sg_cec_0-5cm_mean,curados_extendidos,v1
parcelas_multianio_ubic_est-lon-pix_n-silt_v1,curados_extendidos/parcelas_multianio_ubic_est-lon-pix_n-silt_v1.csv,multianio,ubic_est-lon-pix,n-silt,197,41,ID_POLIGONO|conjunto|rendimiento_t_ha|area_ha|ndvi_s2_int|ndvi_s2_media_sep_oct|crc_s2_media|vi6t_landsat_max|lai_planet_max|lluvia_ciclo_mm|pendiente_grados|elevacion_m|ndvi_s2_max_2022|ndvi_s2_int_2022|ndvi_s2_media_sep_oct_2022|ndvi_s2_max_2023|ndvi_s2_int_2023|ndvi_s2_media_sep_oct_2023|ndvi_s2_max_2024|ndvi_s2_int_2024|ndvi_s2_media_sep_oct_2024|crc_s2_media_2022|crc_s2_media_2023|crc_s2_media_2024|vi6t_landsat_max_2022|vi6t_landsat_max_2023|vi6t_landsat_max_2024|lluvia_ciclo_mm_2022|lluvia_ciclo_mm_2023|lluvia_ciclo_mm_2024|ndvi_s2_max_hist_media|ndvi_s2_int_hist_media|ndvi_s2_media_sep_oct_hist_media|crc_s2_media_hist_media|vi6t_landsat_max_hist_media|lluvia_ciclo_mm_hist_media|estado|lon|pixel_clima|sg_nitrogen_0-5cm_mean|sg_silt_0-5cm_mean,estado|lon|pixel_clima,sg_nitrogen_0-5cm_mean|sg_silt_0-5cm_mean,curados_extendidos,v1
parcelas_multianio_ubic_est-lon-pix_edaf-cec_v1,curados_extendidos/parcelas_multianio_ubic_est-lon-pix_edaf-cec_v1.csv,multianio,ubic_est-lon-pix,edaf-cec,197,41,ID_POLIGONO|conjunto|rendimiento_t_ha|area_ha|ndvi_s2_int|ndvi_s2_media_sep_oct|crc_s2_media|vi6t_landsat_max|lai_planet_max|lluvia_ciclo_mm|pendiente_grados|elevacion_m|ndvi_s2_max_2022|ndvi_s2_int_2022|ndvi_s2_media_sep_oct_2022|ndvi_s2_max_2023|ndvi_s2_int_2023|ndvi_s2_media_sep_oct_2023|ndvi_s2_max_2024|ndvi_s2_int_2024|ndvi_s2_media_sep_oct_2024|crc_s2_media_2022|crc_s2_media_2023|crc_s2_media_2024|vi6t_landsat_max_2022|vi6t_landsat_max_2023|vi6t_landsat_max_2024|lluvia_ciclo_mm_2022|lluvia_ciclo_mm_2023|lluvia_ciclo_mm_2024|ndvi_s2_max_hist_media|ndvi_s2_int_hist_media|ndvi_s2_media_sep_oct_hist_media|crc_s2_media_hist_media|vi6t_landsat_max_hist_media|lluvia_ciclo_mm_hist_media|estado|lon|pixel_clima|edaf_grupo|sg_cec_0-5cm_mean,estado|lon|pixel_clima,edaf_grupo|sg_cec_0-5cm_mean,curados_extendidos,v1
parcelas_multianio_ubic_est-lon-pix_edaf-silt_v1,curados_extendidos/parcelas_multianio_ubic_est-lon-pix_edaf-silt_v1.csv,multianio,ubic_est-lon-pix,edaf-silt,197,41,ID_POLIGONO|conjunto|rendimiento_t_ha|area_ha|ndvi_s2_int|ndvi_s2_media_sep_oct|crc_s2_media|vi6t_landsat_max|lai_planet_max|lluvia_ciclo_mm|pendiente_grados|elevacion_m|ndvi_s2_max_2022|ndvi_s2_int_2022|ndvi_s2_media_sep_oct_2022|ndvi_s2_max_2023|ndvi_s2_int_2023|ndvi_s2_media_sep_oct_2023|ndvi_s2_max_2024|ndvi_s2_int_2024|ndvi_s2_media_sep_oct_2024|crc_s2_media_2022|crc_s2_media_2023|crc_s2_media_2024|vi6t_landsat_max_2022|vi6t_landsat_max_2023|vi6t_landsat_max_2024|lluvia_ciclo_mm_2022|lluvia_ciclo_mm_2023|lluvia_ciclo_mm_2024|ndvi_s2_max_hist_media|ndvi_s2_int_hist_media|ndvi_s2_media_sep_oct_hist_media|crc_s2_media_hist_media|vi6t_landsat_max_hist_media|lluvia_ciclo_mm_hist_media|estado|lon|pixel_clima|edaf_grupo|sg_silt_0-5cm_mean,estado|lon|pixel_clima,edaf_grupo|sg_silt_0-5cm_mean,curados_extendidos,v1
parcelas_multianio_ubic_est-lon-pix_cec-silt_v1,curados_extendidos/parcelas_multianio_ubic_est-lon-pix_cec-silt_v1.csv,multianio,ubic_est-lon-pix,cec-silt,197,41,ID_POLIGONO|conjunto|rendimiento_t_ha|area_ha|ndvi_s2_int|ndvi_s2_media_sep_oct|crc_s2_media|vi6t_landsat_max|lai_planet_max|lluvia_ciclo_mm|pendiente_grados|elevacion_m|ndvi_s2_max_2022|ndvi_s2_int_2022|ndvi_s2_media_sep_oct_2022|ndvi_s2_max_2023|ndvi_s2_int_2023|ndvi_s2_media_sep_oct_2023|ndvi_s2_max_2024|ndvi_s2_int_2024|ndvi_s2_media_sep_oct_2024|crc_s2_media_2022|crc_s2_media_2023|crc_s2_media_2024|vi6t_landsat_max_2022|vi6t_landsat_max_2023|vi6t_landsat_max_2024|lluvia_ciclo_mm_2022|lluvia_ciclo_mm_2023|lluvia_ciclo_mm_2024|ndvi_s2_max_hist_media|ndvi_s2_int_hist_media|ndvi_s2_media_sep_oct_hist_media|crc_s2_media_hist_media|vi6t_landsat_max_hist_media|lluvia_ciclo_mm_hist_media|estado|lon|pixel_clima|sg_cec_0-5cm_mean|sg_silt_0-5cm_mean,estado|lon|pixel_clima,sg_cec_0-5cm_mean|sg_silt_0-5cm_mean,curados_extendidos,v1
parcelas_multianio_ubic_est-lon-pix_n-edaf-cec_v1,curados_extendidos/parcelas_multianio_ubic_est-lon-pix_n-edaf-cec_v1.csv,multianio,ubic_est-lon-pix,n-edaf-cec,197,42,ID_POLIGONO|conjunto|rendimiento_t_ha|area_ha|ndvi_s2_int|ndvi_s2_media_sep_oct|crc_s2_media|vi6t_landsat_max|lai_planet_max|lluvia_ciclo_mm|pendiente_grados|elevacion_m|ndvi_s2_max_2022|ndvi_s2_int_2022|ndvi_s2_media_sep_oct_2022|ndvi_s2_max_2023|ndvi_s2_int_2023|ndvi_s2_media_sep_oct_2023|ndvi_s2_max_2024|ndvi_s2_int_2024|ndvi_s2_media_sep_oct_2024|crc_s2_media_2022|crc_s2_media_2023|crc_s2_media_2024|vi6t_landsat_max_2022|vi6t_landsat_max_2023|vi6t_landsat_max_2024|lluvia_ciclo_mm_2022|lluvia_ciclo_mm_2023|lluvia_ciclo_mm_2024|ndvi_s2_max_hist_media|ndvi_s2_int_hist_media|ndvi_s2_media_sep_oct_hist_media|crc_s2_media_hist_media|vi6t_landsat_max_hist_media|lluvia_ciclo_mm_hist_media|estado|lon|pixel_clima|sg_nitrogen_0-5cm_mean|edaf_grupo|sg_cec_0-5cm_mean,estado|lon|pixel_clima,sg_nitrogen_0-5cm_mean|edaf_grupo|sg_cec_0-5cm_mean,curados_extendidos,v1
parcelas_multianio_ubic_est-lon-pix_n-edaf-silt_v1,curados_extendidos/parcelas_multianio_ubic_est-lon-pix_n-edaf-silt_v1.csv,multianio,ubic_est-lon-pix,n-edaf-silt,197,42,ID_POLIGONO|conjunto|rendimiento_t_ha|area_ha|ndvi_s2_int|ndvi_s2_media_sep_oct|crc_s2_media|vi6t_landsat_max|lai_planet_max|lluvia_ciclo_mm|pendiente_grados|elevacion_m|ndvi_s2_max_2022|ndvi_s2_int_2022|ndvi_s2_media_sep_oct_2022|ndvi_s2_max_2023|ndvi_s2_int_2023|ndvi_s2_media_sep_oct_2023|ndvi_s2_max_2024|ndvi_s2_int_2024|ndvi_s2_media_sep_oct_2024|crc_s2_media_2022|crc_s2_media_2023|crc_s2_media_2024|vi6t_landsat_max_2022|vi6t_landsat_max_2023|vi6t_landsat_max_2024|lluvia_ciclo_mm_2022|lluvia_ciclo_mm_2023|lluvia_ciclo_mm_2024|ndvi_s2_max_hist_media|ndvi_s2_int_hist_media|ndvi_s2_media_sep_oct_hist_media|crc_s2_media_hist_media|vi6t_landsat_max_hist_media|lluvia_ciclo_mm_hist_media|estado|lon|pixel_clima|sg_nitrogen_0-5cm_mean|edaf_grupo|sg_silt_0-5cm_mean,estado|lon|pixel_clima,sg_nitrogen_0-5cm_mean|edaf_grupo|sg_silt_0-5cm_mean,curados_extendidos,v1
parcelas_multianio_ubic_est-lon-pix_n-cec-silt_v1,curados_extendidos/parcelas_multianio_ubic_est-lon-pix_n-cec-silt_v1.csv,multianio,ubic_est-lon-pix,n-cec-silt,197,42,ID_POLIGONO|conjunto|rendimiento_t_ha|area_ha|ndvi_s2_int|ndvi_s2_media_sep_oct|crc_s2_media|vi6t_landsat_max|lai_planet_max|lluvia_ciclo_mm|pendiente_grados|elevacion_m|ndvi_s2_max_2022|ndvi_s2_int_2022|ndvi_s2_media_sep_oct_2022|ndvi_s2_max_2023|ndvi_s2_int_2023|ndvi_s2_media_sep_oct_2023|ndvi_s2_max_2024|ndvi_s2_int_2024|ndvi_s2_media_sep_oct_2024|crc_s2_media_2022|crc_s2_media_2023|crc_s2_media_2024|vi6t_landsat_max_2022|vi6t_landsat_max_2023|vi6t_landsat_max_2024|lluvia_ciclo_mm_2022|lluvia_ciclo_mm_2023|lluvia_ciclo_mm_2024|ndvi_s2_max_hist_media|ndvi_s2_int_hist_media|ndvi_s2_media_sep_oct_hist_media|crc_s2_media_hist_media|vi6t_landsat_max_hist_media|lluvia_ciclo_mm_hist_media|estado|lon|pixel_clima|sg_nitrogen_0-5cm_mean|sg_cec_0-5cm_mean|sg_silt_0-5cm_mean,estado|lon|pixel_clima,sg_nitrogen_0-5cm_mean|sg_cec_0-5cm_mean|sg_silt_0-5cm_mean,curados_extendidos,v1
parcelas_multianio_ubic_est-lon-pix_edaf-cec-silt_v1,curados_extendidos/parcelas_multianio_ubic_est-lon-pix_edaf-cec-silt_v1.csv,multianio,ubic_est-lon-pix,edaf-cec-silt,197,42,ID_POLIGONO|conjunto|rendimiento_t_ha|area_ha|ndvi_s2_int|ndvi_s2_media_sep_oct|crc_s2_media|vi6t_landsat_max|lai_planet_max|lluvia_ciclo_mm|pendiente_grados|elevacion_m|ndvi_s2_max_2022|ndvi_s2_int_2022|ndvi_s2_media_sep_oct_2022|ndvi_s2_max_2023|ndvi_s2_int_2023|ndvi_s2_media_sep_oct_2023|ndvi_s2_max_2024|ndvi_s2_int_2024|ndvi_s2_media_sep_oct_2024|crc_s2_media_2022|crc_s2_media_2023|crc_s2_media_2024|vi6t_landsat_max_2022|vi6t_landsat_max_2023|vi6t_landsat_max_2024|lluvia_ciclo_mm_2022|lluvia_ciclo_mm_2023|lluvia_ciclo_mm_2024|ndvi_s2_max_hist_media|ndvi_s2_int_hist_media|ndvi_s2_media_sep_oct_hist_media|crc_s2_media_hist_media|vi6t_landsat_max_hist_media|lluvia_ciclo_mm_hist_media|estado|lon|pixel_clima|edaf_grupo|sg_cec_0-5cm_mean|sg_silt_0-5cm_mean,estado|lon|pixel_clima,edaf_grupo|sg_cec_0-5cm_mean|sg_silt_0-5cm_mean,curados_extendidos,v1
parcelas_multianio_ubic_est-lon-pix_n-edaf-cec-silt_v1,curados_extendidos/parcelas_multianio_ubic_est-lon-pix_n-edaf-cec-silt_v1.csv,multianio,ubic_est-lon-pix,n-edaf-cec-silt,197,43,ID_POLIGONO|conjunto|rendimiento_t_ha|area_ha|ndvi_s2_int|ndvi_s2_media_sep_oct|crc_s2_media|vi6t_landsat_max|lai_planet_max|lluvia_ciclo_mm|pendiente_grados|elevacion_m|ndvi_s2_max_2022|ndvi_s2_int_2022|ndvi_s2_media_sep_oct_2022|ndvi_s2_max_2023|ndvi_s2_int_2023|ndvi_s2_media_sep_oct_2023|ndvi_s2_max_2024|ndvi_s2_int_2024|ndvi_s2_media_sep_oct_2024|crc_s2_media_2022|crc_s2_media_2023|crc_s2_media_2024|vi6t_landsat_max_2022|vi6t_landsat_max_2023|vi6t_landsat_max_2024|lluvia_ciclo_mm_2022|lluvia_ciclo_mm_2023|lluvia_ciclo_mm_2024|ndvi_s2_max_hist_media|ndvi_s2_int_hist_media|ndvi_s2_media_sep_oct_hist_media|crc_s2_media_hist_media|vi6t_landsat_max_hist_media|lluvia_ciclo_mm_hist_media|estado|lon|pixel_clima|sg_nitrogen_0-5cm_mean|edaf_grupo|sg_cec_0-5cm_mean|sg_silt_0-5cm_mean,estado|lon|pixel_clima,sg_nitrogen_0-5cm_mean|edaf_grupo|sg_cec_0-5cm_mean|sg_silt_0-5cm_mean,curados_extendidos,v1
parcelas_multianio_ubic_est-lat-pix_reto_v1,curados_reto/parcelas_multianio_ubic_est-lat-pix_reto_v1.csv,multianio,ubic_est-lat-pix,reto,197,39,ID_POLIGONO|conjunto|rendimiento_t_ha|area_ha|ndvi_s2_int|ndvi_s2_media_sep_oct|crc_s2_media|vi6t_landsat_max|lai_planet_max|lluvia_ciclo_mm|pendiente_grados|elevacion_m|ndvi_s2_max_2022|ndvi_s2_int_2022|ndvi_s2_media_sep_oct_2022|ndvi_s2_max_2023|ndvi_s2_int_2023|ndvi_s2_media_sep_oct_2023|ndvi_s2_max_2024|ndvi_s2_int_2024|ndvi_s2_media_sep_oct_2024|crc_s2_media_2022|crc_s2_media_2023|crc_s2_media_2024|vi6t_landsat_max_2022|vi6t_landsat_max_2023|vi6t_landsat_max_2024|lluvia_ciclo_mm_2022|lluvia_ciclo_mm_2023|lluvia_ciclo_mm_2024|ndvi_s2_max_hist_media|ndvi_s2_int_hist_media|ndvi_s2_media_sep_oct_hist_media|crc_s2_media_hist_media|vi6t_landsat_max_hist_media|lluvia_ciclo_mm_hist_media|estado|lat|pixel_clima,estado|lat|pixel_clima,,curados_reto,v1
parcelas_multianio_ubic_est-lat-pix_n_v1,curados_extendidos/parcelas_multianio_ubic_est-lat-pix_n_v1.csv,multianio,ubic_est-lat-pix,n,197,40,ID_POLIGONO|conjunto|rendimiento_t_ha|area_ha|ndvi_s2_int|ndvi_s2_media_sep_oct|crc_s2_media|vi6t_landsat_max|lai_planet_max|lluvia_ciclo_mm|pendiente_grados|elevacion_m|ndvi_s2_max_2022|ndvi_s2_int_2022|ndvi_s2_media_sep_oct_2022|ndvi_s2_max_2023|ndvi_s2_int_2023|ndvi_s2_media_sep_oct_2023|ndvi_s2_max_2024|ndvi_s2_int_2024|ndvi_s2_media_sep_oct_2024|crc_s2_media_2022|crc_s2_media_2023|crc_s2_media_2024|vi6t_landsat_max_2022|vi6t_landsat_max_2023|vi6t_landsat_max_2024|lluvia_ciclo_mm_2022|lluvia_ciclo_mm_2023|lluvia_ciclo_mm_2024|ndvi_s2_max_hist_media|ndvi_s2_int_hist_media|ndvi_s2_media_sep_oct_hist_media|crc_s2_media_hist_media|vi6t_landsat_max_hist_media|lluvia_ciclo_mm_hist_media|estado|lat|pixel_clima|sg_nitrogen_0-5cm_mean,estado|lat|pixel_clima,sg_nitrogen_0-5cm_mean,curados_extendidos,v1
parcelas_multianio_ubic_est-lat-pix_edaf_v1,curados_extendidos/parcelas_multianio_ubic_est-lat-pix_edaf_v1.csv,multianio,ubic_est-lat-pix,edaf,197,40,ID_POLIGONO|conjunto|rendimiento_t_ha|area_ha|ndvi_s2_int|ndvi_s2_media_sep_oct|crc_s2_media|vi6t_landsat_max|lai_planet_max|lluvia_ciclo_mm|pendiente_grados|elevacion_m|ndvi_s2_max_2022|ndvi_s2_int_2022|ndvi_s2_media_sep_oct_2022|ndvi_s2_max_2023|ndvi_s2_int_2023|ndvi_s2_media_sep_oct_2023|ndvi_s2_max_2024|ndvi_s2_int_2024|ndvi_s2_media_sep_oct_2024|crc_s2_media_2022|crc_s2_media_2023|crc_s2_media_2024|vi6t_landsat_max_2022|vi6t_landsat_max_2023|vi6t_landsat_max_2024|lluvia_ciclo_mm_2022|lluvia_ciclo_mm_2023|lluvia_ciclo_mm_2024|ndvi_s2_max_hist_media|ndvi_s2_int_hist_media|ndvi_s2_media_sep_oct_hist_media|crc_s2_media_hist_media|vi6t_landsat_max_hist_media|lluvia_ciclo_mm_hist_media|estado|lat|pixel_clima|edaf_grupo,estado|lat|pixel_clima,edaf_grupo,curados_extendidos,v1
parcelas_multianio_ubic_est-lat-pix_cec_v1,curados_extendidos/parcelas_multianio_ubic_est-lat-pix_cec_v1.csv,multianio,ubic_est-lat-pix,cec,197,40,ID_POLIGONO|conjunto|rendimiento_t_ha|area_ha|ndvi_s2_int|ndvi_s2_media_sep_oct|crc_s2_media|vi6t_landsat_max|lai_planet_max|lluvia_ciclo_mm|pendiente_grados|elevacion_m|ndvi_s2_max_2022|ndvi_s2_int_2022|ndvi_s2_media_sep_oct_2022|ndvi_s2_max_2023|ndvi_s2_int_2023|ndvi_s2_media_sep_oct_2023|ndvi_s2_max_2024|ndvi_s2_int_2024|ndvi_s2_media_sep_oct_2024|crc_s2_media_2022|crc_s2_media_2023|crc_s2_media_2024|vi6t_landsat_max_2022|vi6t_landsat_max_2023|vi6t_landsat_max_2024|lluvia_ciclo_mm_2022|lluvia_ciclo_mm_2023|lluvia_ciclo_mm_2024|ndvi_s2_max_hist_media|ndvi_s2_int_hist_media|ndvi_s2_media_sep_oct_hist_media|crc_s2_media_hist_media|vi6t_landsat_max_hist_media|lluvia_ciclo_mm_hist_media|estado|lat|pixel_clima|sg_cec_0-5cm_mean,estado|lat|pixel_clima,sg_cec_0-5cm_mean,curados_extendidos,v1
parcelas_multianio_ubic_est-lat-pix_silt_v1,curados_extendidos/parcelas_multianio_ubic_est-lat-pix_silt_v1.csv,multianio,ubic_est-lat-pix,silt,197,40,ID_POLIGONO|conjunto|rendimiento_t_ha|area_ha|ndvi_s2_int|ndvi_s2_media_sep_oct|crc_s2_media|vi6t_landsat_max|lai_planet_max|lluvia_ciclo_mm|pendiente_grados|elevacion_m|ndvi_s2_max_2022|ndvi_s2_int_2022|ndvi_s2_media_sep_oct_2022|ndvi_s2_max_2023|ndvi_s2_int_2023|ndvi_s2_media_sep_oct_2023|ndvi_s2_max_2024|ndvi_s2_int_2024|ndvi_s2_media_sep_oct_2024|crc_s2_media_2022|crc_s2_media_2023|crc_s2_media_2024|vi6t_landsat_max_2022|vi6t_landsat_max_2023|vi6t_landsat_max_2024|lluvia_ciclo_mm_2022|lluvia_ciclo_mm_2023|lluvia_ciclo_mm_2024|ndvi_s2_max_hist_media|ndvi_s2_int_hist_media|ndvi_s2_media_sep_oct_hist_media|crc_s2_media_hist_media|vi6t_landsat_max_hist_media|lluvia_ciclo_mm_hist_media|estado|lat|pixel_clima|sg_silt_0-5cm_mean,estado|lat|pixel_clima,sg_silt_0-5cm_mean,curados_extendidos,v1
parcelas_multianio_ubic_est-lat-pix_n-edaf_v1,curados_extendidos/parcelas_multianio_ubic_est-lat-pix_n-edaf_v1.csv,multianio,ubic_est-lat-pix,n-edaf,197,41,ID_POLIGONO|conjunto|rendimiento_t_ha|area_ha|ndvi_s2_int|ndvi_s2_media_sep_oct|crc_s2_media|vi6t_landsat_max|lai_planet_max|lluvia_ciclo_mm|pendiente_grados|elevacion_m|ndvi_s2_max_2022|ndvi_s2_int_2022|ndvi_s2_media_sep_oct_2022|ndvi_s2_max_2023|ndvi_s2_int_2023|ndvi_s2_media_sep_oct_2023|ndvi_s2_max_2024|ndvi_s2_int_2024|ndvi_s2_media_sep_oct_2024|crc_s2_media_2022|crc_s2_media_2023|crc_s2_media_2024|vi6t_landsat_max_2022|vi6t_landsat_max_2023|vi6t_landsat_max_2024|lluvia_ciclo_mm_2022|lluvia_ciclo_mm_2023|lluvia_ciclo_mm_2024|ndvi_s2_max_hist_media|ndvi_s2_int_hist_media|ndvi_s2_media_sep_oct_hist_media|crc_s2_media_hist_media|vi6t_landsat_max_hist_media|lluvia_ciclo_mm_hist_media|estado|lat|pixel_clima|sg_nitrogen_0-5cm_mean|edaf_grupo,estado|lat|pixel_clima,sg_nitrogen_0-5cm_mean|edaf_grupo,curados_extendidos,v1
parcelas_multianio_ubic_est-lat-pix_n-cec_v1,curados_extendidos/parcelas_multianio_ubic_est-lat-pix_n-cec_v1.csv,multianio,ubic_est-lat-pix,n-cec,197,41,ID_POLIGONO|conjunto|rendimiento_t_ha|area_ha|ndvi_s2_int|ndvi_s2_media_sep_oct|crc_s2_media|vi6t_landsat_max|lai_planet_max|lluvia_ciclo_mm|pendiente_grados|elevacion_m|ndvi_s2_max_2022|ndvi_s2_int_2022|ndvi_s2_media_sep_oct_2022|ndvi_s2_max_2023|ndvi_s2_int_2023|ndvi_s2_media_sep_oct_2023|ndvi_s2_max_2024|ndvi_s2_int_2024|ndvi_s2_media_sep_oct_2024|crc_s2_media_2022|crc_s2_media_2023|crc_s2_media_2024|vi6t_landsat_max_2022|vi6t_landsat_max_2023|vi6t_landsat_max_2024|lluvia_ciclo_mm_2022|lluvia_ciclo_mm_2023|lluvia_ciclo_mm_2024|ndvi_s2_max_hist_media|ndvi_s2_int_hist_media|ndvi_s2_media_sep_oct_hist_media|crc_s2_media_hist_media|vi6t_landsat_max_hist_media|lluvia_ciclo_mm_hist_media|estado|lat|pixel_clima|sg_nitrogen_0-5cm_mean|sg_cec_0-5cm_mean,estado|lat|pixel_clima,sg_nitrogen_0-5cm_mean|sg_cec_0-5cm_mean,curados_extendidos,v1
parcelas_multianio_ubic_est-lat-pix_n-silt_v1,curados_extendidos/parcelas_multianio_ubic_est-lat-pix_n-silt_v1.csv,multianio,ubic_est-lat-pix,n-silt,197,41,ID_POLIGONO|conjunto|rendimiento_t_ha|area_ha|ndvi_s2_int|ndvi_s2_media_sep_oct|crc_s2_media|vi6t_landsat_max|lai_planet_max|lluvia_ciclo_mm|pendiente_grados|elevacion_m|ndvi_s2_max_2022|ndvi_s2_int_2022|ndvi_s2_media_sep_oct_2022|ndvi_s2_max_2023|ndvi_s2_int_2023|ndvi_s2_media_sep_oct_2023|ndvi_s2_max_2024|ndvi_s2_int_2024|ndvi_s2_media_sep_oct_2024|crc_s2_media_2022|crc_s2_media_2023|crc_s2_media_2024|vi6t_landsat_max_2022|vi6t_landsat_max_2023|vi6t_landsat_max_2024|lluvia_ciclo_mm_2022|lluvia_ciclo_mm_2023|lluvia_ciclo_mm_2024|ndvi_s2_max_hist_media|ndvi_s2_int_hist_media|ndvi_s2_media_sep_oct_hist_media|crc_s2_media_hist_media|vi6t_landsat_max_hist_media|lluvia_ciclo_mm_hist_media|estado|lat|pixel_clima|sg_nitrogen_0-5cm_mean|sg_silt_0-5cm_mean,estado|lat|pixel_clima,sg_nitrogen_0-5cm_mean|sg_silt_0-5cm_mean,curados_extendidos,v1
parcelas_multianio_ubic_est-lat-pix_edaf-cec_v1,curados_extendidos/parcelas_multianio_ubic_est-lat-pix_edaf-cec_v1.csv,multianio,ubic_est-lat-pix,edaf-cec,197,41,ID_POLIGONO|conjunto|rendimiento_t_ha|area_ha|ndvi_s2_int|ndvi_s2_media_sep_oct|crc_s2_media|vi6t_landsat_max|lai_planet_max|lluvia_ciclo_mm|pendiente_grados|elevacion_m|ndvi_s2_max_2022|ndvi_s2_int_2022|ndvi_s2_media_sep_oct_2022|ndvi_s2_max_2023|ndvi_s2_int_2023|ndvi_s2_media_sep_oct_2023|ndvi_s2_max_2024|ndvi_s2_int_2024|ndvi_s2_media_sep_oct_2024|crc_s2_media_2022|crc_s2_media_2023|crc_s2_media_2024|vi6t_landsat_max_2022|vi6t_landsat_max_2023|vi6t_landsat_max_2024|lluvia_ciclo_mm_2022|lluvia_ciclo_mm_2023|lluvia_ciclo_mm_2024|ndvi_s2_max_hist_media|ndvi_s2_int_hist_media|ndvi_s2_media_sep_oct_hist_media|crc_s2_media_hist_media|vi6t_landsat_max_hist_media|lluvia_ciclo_mm_hist_media|estado|lat|pixel_clima|edaf_grupo|sg_cec_0-5cm_mean,estado|lat|pixel_clima,edaf_grupo|sg_cec_0-5cm_mean,curados_extendidos,v1
parcelas_multianio_ubic_est-lat-pix_edaf-silt_v1,curados_extendidos/parcelas_multianio_ubic_est-lat-pix_edaf-silt_v1.csv,multianio,ubic_est-lat-pix,edaf-silt,197,41,ID_POLIGONO|conjunto|rendimiento_t_ha|area_ha|ndvi_s2_int|ndvi_s2_media_sep_oct|crc_s2_media|vi6t_landsat_max|lai_planet_max|lluvia_ciclo_mm|pendiente_grados|elevacion_m|ndvi_s2_max_2022|ndvi_s2_int_2022|ndvi_s2_media_sep_oct_2022|ndvi_s2_max_2023|ndvi_s2_int_2023|ndvi_s2_media_sep_oct_2023|ndvi_s2_max_2024|ndvi_s2_int_2024|ndvi_s2_media_sep_oct_2024|crc_s2_media_2022|crc_s2_media_2023|crc_s2_media_2024|vi6t_landsat_max_2022|vi6t_landsat_max_2023|vi6t_landsat_max_2024|lluvia_ciclo_mm_2022|lluvia_ciclo_mm_2023|lluvia_ciclo_mm_2024|ndvi_s2_max_hist_media|ndvi_s2_int_hist_media|ndvi_s2_media_sep_oct_hist_media|crc_s2_media_hist_media|vi6t_landsat_max_hist_media|lluvia_ciclo_mm_hist_media|estado|lat|pixel_clima|edaf_grupo|sg_silt_0-5cm_mean,estado|lat|pixel_clima,edaf_grupo|sg_silt_0-5cm_mean,curados_extendidos,v1
parcelas_multianio_ubic_est-lat-pix_cec-silt_v1,curados_extendidos/parcelas_multianio_ubic_est-lat-pix_cec-silt_v1.csv,multianio,ubic_est-lat-pix,cec-silt,197,41,ID_POLIGONO|conjunto|rendimiento_t_ha|area_ha|ndvi_s2_int|ndvi_s2_media_sep_oct|crc_s2_media|vi6t_landsat_max|lai_planet_max|lluvia_ciclo_mm|pendiente_grados|elevacion_m|ndvi_s2_max_2022|ndvi_s2_int_2022|ndvi_s2_media_sep_oct_2022|ndvi_s2_max_2023|ndvi_s2_int_2023|ndvi_s2_media_sep_oct_2023|ndvi_s2_max_2024|ndvi_s2_int_2024|ndvi_s2_media_sep_oct_2024|crc_s2_media_2022|crc_s2_media_2023|crc_s2_media_2024|vi6t_landsat_max_2022|vi6t_landsat_max_2023|vi6t_landsat_max_2024|lluvia_ciclo_mm_2022|lluvia_ciclo_mm_2023|lluvia_ciclo_mm_2024|ndvi_s2_max_hist_media|ndvi_s2_int_hist_media|ndvi_s2_media_sep_oct_hist_media|crc_s2_media_hist_media|vi6t_landsat_max_hist_media|lluvia_ciclo_mm_hist_media|estado|lat|pixel_clima|sg_cec_0-5cm_mean|sg_silt_0-5cm_mean,estado|lat|pixel_clima,sg_cec_0-5cm_mean|sg_silt_0-5cm_mean,curados_extendidos,v1
parcelas_multianio_ubic_est-lat-pix_n-edaf-cec_v1,curados_extendidos/parcelas_multianio_ubic_est-lat-pix_n-edaf-cec_v1.csv,multianio,ubic_est-lat-pix,n-edaf-cec,197,42,ID_POLIGONO|conjunto|rendimiento_t_ha|area_ha|ndvi_s2_int|ndvi_s2_media_sep_oct|crc_s2_media|vi6t_landsat_max|lai_planet_max|lluvia_ciclo_mm|pendiente_grados|elevacion_m|ndvi_s2_max_2022|ndvi_s2_int_2022|ndvi_s2_media_sep_oct_2022|ndvi_s2_max_2023|ndvi_s2_int_2023|ndvi_s2_media_sep_oct_2023|ndvi_s2_max_2024|ndvi_s2_int_2024|ndvi_s2_media_sep_oct_2024|crc_s2_media_2022|crc_s2_media_2023|crc_s2_media_2024|vi6t_landsat_max_2022|vi6t_landsat_max_2023|vi6t_landsat_max_2024|lluvia_ciclo_mm_2022|lluvia_ciclo_mm_2023|lluvia_ciclo_mm_2024|ndvi_s2_max_hist_media|ndvi_s2_int_hist_media|ndvi_s2_media_sep_oct_hist_media|crc_s2_media_hist_media|vi6t_landsat_max_hist_media|lluvia_ciclo_mm_hist_media|estado|lat|pixel_clima|sg_nitrogen_0-5cm_mean|edaf_grupo|sg_cec_0-5cm_mean,estado|lat|pixel_clima,sg_nitrogen_0-5cm_mean|edaf_grupo|sg_cec_0-5cm_mean,curados_extendidos,v1
parcelas_multianio_ubic_est-lat-pix_n-edaf-silt_v1,curados_extendidos/parcelas_multianio_ubic_est-lat-pix_n-edaf-silt_v1.csv,multianio,ubic_est-lat-pix,n-edaf-silt,197,42,ID_POLIGONO|conjunto|rendimiento_t_ha|area_ha|ndvi_s2_int|ndvi_s2_media_sep_oct|crc_s2_media|vi6t_landsat_max|lai_planet_max|lluvia_ciclo_mm|pendiente_grados|elevacion_m|ndvi_s2_max_2022|ndvi_s2_int_2022|ndvi_s2_media_sep_oct_2022|ndvi_s2_max_2023|ndvi_s2_int_2023|ndvi_s2_media_sep_oct_2023|ndvi_s2_max_2024|ndvi_s2_int_2024|ndvi_s2_media_sep_oct_2024|crc_s2_media_2022|crc_s2_media_2023|crc_s2_media_2024|vi6t_landsat_max_2022|vi6t_landsat_max_2023|vi6t_landsat_max_2024|lluvia_ciclo_mm_2022|lluvia_ciclo_mm_2023|lluvia_ciclo_mm_2024|ndvi_s2_max_hist_media|ndvi_s2_int_hist_media|ndvi_s2_media_sep_oct_hist_media|crc_s2_media_hist_media|vi6t_landsat_max_hist_media|lluvia_ciclo_mm_hist_media|estado|lat|pixel_clima|sg_nitrogen_0-5cm_mean|edaf_grupo|sg_silt_0-5cm_mean,estado|lat|pixel_clima,sg_nitrogen_0-5cm_mean|edaf_grupo|sg_silt_0-5cm_mean,curados_extendidos,v1
parcelas_multianio_ubic_est-lat-pix_n-cec-silt_v1,curados_extendidos/parcelas_multianio_ubic_est-lat-pix_n-cec-silt_v1.csv,multianio,ubic_est-lat-pix,n-cec-silt,197,42,ID_POLIGONO|conjunto|rendimiento_t_ha|area_ha|ndvi_s2_int|ndvi_s2_media_sep_oct|crc_s2_media|vi6t_landsat_max|lai_planet_max|lluvia_ciclo_mm|pendiente_grados|elevacion_m|ndvi_s2_max_2022|ndvi_s2_int_2022|ndvi_s2_media_sep_oct_2022|ndvi_s2_max_2023|ndvi_s2_int_2023|ndvi_s2_media_sep_oct_2023|ndvi_s2_max_2024|ndvi_s2_int_2024|ndvi_s2_media_sep_oct_2024|crc_s2_media_2022|crc_s2_media_2023|crc_s2_media_2024|vi6t_landsat_max_2022|vi6t_landsat_max_2023|vi6t_landsat_max_2024|lluvia_ciclo_mm_2022|lluvia_ciclo_mm_2023|lluvia_ciclo_mm_2024|ndvi_s2_max_hist_media|ndvi_s2_int_hist_media|ndvi_s2_media_sep_oct_hist_media|crc_s2_media_hist_media|vi6t_landsat_max_hist_media|lluvia_ciclo_mm_hist_media|estado|lat|pixel_clima|sg_nitrogen_0-5cm_mean|sg_cec_0-5cm_mean|sg_silt_0-5cm_mean,estado|lat|pixel_clima,sg_nitrogen_0-5cm_mean|sg_cec_0-5cm_mean|sg_silt_0-5cm_mean,curados_extendidos,v1
parcelas_multianio_ubic_est-lat-pix_edaf-cec-silt_v1,curados_extendidos/parcelas_multianio_ubic_est-lat-pix_edaf-cec-silt_v1.csv,multianio,ubic_est-lat-pix,edaf-cec-silt,197,42,ID_POLIGONO|conjunto|rendimiento_t_ha|area_ha|ndvi_s2_int|ndvi_s2_media_sep_oct|crc_s2_media|vi6t_landsat_max|lai_planet_max|lluvia_ciclo_mm|pendiente_grados|elevacion_m|ndvi_s2_max_2022|ndvi_s2_int_2022|ndvi_s2_media_sep_oct_2022|ndvi_s2_max_2023|ndvi_s2_int_2023|ndvi_s2_media_sep_oct_2023|ndvi_s2_max_2024|ndvi_s2_int_2024|ndvi_s2_media_sep_oct_2024|crc_s2_media_2022|crc_s2_media_2023|crc_s2_media_2024|vi6t_landsat_max_2022|vi6t_landsat_max_2023|vi6t_landsat_max_2024|lluvia_ciclo_mm_2022|lluvia_ciclo_mm_2023|lluvia_ciclo_mm_2024|ndvi_s2_max_hist_media|ndvi_s2_int_hist_media|ndvi_s2_media_sep_oct_hist_media|crc_s2_media_hist_media|vi6t_landsat_max_hist_media|lluvia_ciclo_mm_hist_media|estado|lat|pixel_clima|edaf_grupo|sg_cec_0-5cm_mean|sg_silt_0-5cm_mean,estado|lat|pixel_clima,edaf_grupo|sg_cec_0-5cm_mean|sg_silt_0-5cm_mean,curados_extendidos,v1
parcelas_multianio_ubic_est-lat-pix_n-edaf-cec-silt_v1,curados_extendidos/parcelas_multianio_ubic_est-lat-pix_n-edaf-cec-silt_v1.csv,multianio,ubic_est-lat-pix,n-edaf-cec-silt,197,43,ID_POLIGONO|conjunto|rendimiento_t_ha|area_ha|ndvi_s2_int|ndvi_s2_media_sep_oct|crc_s2_media|vi6t_landsat_max|lai_planet_max|lluvia_ciclo_mm|pendiente_grados|elevacion_m|ndvi_s2_max_2022|ndvi_s2_int_2022|ndvi_s2_media_sep_oct_2022|ndvi_s2_max_2023|ndvi_s2_int_2023|ndvi_s2_media_sep_oct_2023|ndvi_s2_max_2024|ndvi_s2_int_2024|ndvi_s2_media_sep_oct_2024|crc_s2_media_2022|crc_s2_media_2023|crc_s2_media_2024|vi6t_landsat_max_2022|vi6t_landsat_max_2023|vi6t_landsat_max_2024|lluvia_ciclo_mm_2022|lluvia_ciclo_mm_2023|lluvia_ciclo_mm_2024|ndvi_s2_max_hist_media|ndvi_s2_int_hist_media|ndvi_s2_media_sep_oct_hist_media|crc_s2_media_hist_media|vi6t_landsat_max_hist_media|lluvia_ciclo_mm_hist_media|estado|lat|pixel_clima|sg_nitrogen_0-5cm_mean|edaf_grupo|sg_cec_0-5cm_mean|sg_silt_0-5cm_mean,estado|lat|pixel_clima,sg_nitrogen_0-5cm_mean|edaf_grupo|sg_cec_0-5cm_mean|sg_silt_0-5cm_mean,curados_extendidos,v1
parcelas_multianio_ubic_mun-lon-lat_reto_v1,curados_reto/parcelas_multianio_ubic_mun-lon-lat_reto_v1.csv,multianio,ubic_mun-lon-lat,reto,197,39,ID_POLIGONO|conjunto|rendimiento_t_ha|area_ha|ndvi_s2_int|ndvi_s2_media_sep_oct|crc_s2_media|vi6t_landsat_max|lai_planet_max|lluvia_ciclo_mm|pendiente_grados|elevacion_m|ndvi_s2_max_2022|ndvi_s2_int_2022|ndvi_s2_media_sep_oct_2022|ndvi_s2_max_2023|ndvi_s2_int_2023|ndvi_s2_media_sep_oct_2023|ndvi_s2_max_2024|ndvi_s2_int_2024|ndvi_s2_media_sep_oct_2024|crc_s2_media_2022|crc_s2_media_2023|crc_s2_media_2024|vi6t_landsat_max_2022|vi6t_landsat_max_2023|vi6t_landsat_max_2024|lluvia_ciclo_mm_2022|lluvia_ciclo_mm_2023|lluvia_ciclo_mm_2024|ndvi_s2_max_hist_media|ndvi_s2_int_hist_media|ndvi_s2_media_sep_oct_hist_media|crc_s2_media_hist_media|vi6t_landsat_max_hist_media|lluvia_ciclo_mm_hist_media|municipio|lon|lat,municipio|lon|lat,,curados_reto,v1
parcelas_multianio_ubic_mun-lon-lat_n_v1,curados_extendidos/parcelas_multianio_ubic_mun-lon-lat_n_v1.csv,multianio,ubic_mun-lon-lat,n,197,40,ID_POLIGONO|conjunto|rendimiento_t_ha|area_ha|ndvi_s2_int|ndvi_s2_media_sep_oct|crc_s2_media|vi6t_landsat_max|lai_planet_max|lluvia_ciclo_mm|pendiente_grados|elevacion_m|ndvi_s2_max_2022|ndvi_s2_int_2022|ndvi_s2_media_sep_oct_2022|ndvi_s2_max_2023|ndvi_s2_int_2023|ndvi_s2_media_sep_oct_2023|ndvi_s2_max_2024|ndvi_s2_int_2024|ndvi_s2_media_sep_oct_2024|crc_s2_media_2022|crc_s2_media_2023|crc_s2_media_2024|vi6t_landsat_max_2022|vi6t_landsat_max_2023|vi6t_landsat_max_2024|lluvia_ciclo_mm_2022|lluvia_ciclo_mm_2023|lluvia_ciclo_mm_2024|ndvi_s2_max_hist_media|ndvi_s2_int_hist_media|ndvi_s2_media_sep_oct_hist_media|crc_s2_media_hist_media|vi6t_landsat_max_hist_media|lluvia_ciclo_mm_hist_media|municipio|lon|lat|sg_nitrogen_0-5cm_mean,municipio|lon|lat,sg_nitrogen_0-5cm_mean,curados_extendidos,v1
parcelas_multianio_ubic_mun-lon-lat_edaf_v1,curados_extendidos/parcelas_multianio_ubic_mun-lon-lat_edaf_v1.csv,multianio,ubic_mun-lon-lat,edaf,197,40,ID_POLIGONO|conjunto|rendimiento_t_ha|area_ha|ndvi_s2_int|ndvi_s2_media_sep_oct|crc_s2_media|vi6t_landsat_max|lai_planet_max|lluvia_ciclo_mm|pendiente_grados|elevacion_m|ndvi_s2_max_2022|ndvi_s2_int_2022|ndvi_s2_media_sep_oct_2022|ndvi_s2_max_2023|ndvi_s2_int_2023|ndvi_s2_media_sep_oct_2023|ndvi_s2_max_2024|ndvi_s2_int_2024|ndvi_s2_media_sep_oct_2024|crc_s2_media_2022|crc_s2_media_2023|crc_s2_media_2024|vi6t_landsat_max_2022|vi6t_landsat_max_2023|vi6t_landsat_max_2024|lluvia_ciclo_mm_2022|lluvia_ciclo_mm_2023|lluvia_ciclo_mm_2024|ndvi_s2_max_hist_media|ndvi_s2_int_hist_media|ndvi_s2_media_sep_oct_hist_media|crc_s2_media_hist_media|vi6t_landsat_max_hist_media|lluvia_ciclo_mm_hist_media|municipio|lon|lat|edaf_grupo,municipio|lon|lat,edaf_grupo,curados_extendidos,v1
parcelas_multianio_ubic_mun-lon-lat_cec_v1,curados_extendidos/parcelas_multianio_ubic_mun-lon-lat_cec_v1.csv,multianio,ubic_mun-lon-lat,cec,197,40,ID_POLIGONO|conjunto|rendimiento_t_ha|area_ha|ndvi_s2_int|ndvi_s2_media_sep_oct|crc_s2_media|vi6t_landsat_max|lai_planet_max|lluvia_ciclo_mm|pendiente_grados|elevacion_m|ndvi_s2_max_2022|ndvi_s2_int_2022|ndvi_s2_media_sep_oct_2022|ndvi_s2_max_2023|ndvi_s2_int_2023|ndvi_s2_media_sep_oct_2023|ndvi_s2_max_2024|ndvi_s2_int_2024|ndvi_s2_media_sep_oct_2024|crc_s2_media_2022|crc_s2_media_2023|crc_s2_media_2024|vi6t_landsat_max_2022|vi6t_landsat_max_2023|vi6t_landsat_max_2024|lluvia_ciclo_mm_2022|lluvia_ciclo_mm_2023|lluvia_ciclo_mm_2024|ndvi_s2_max_hist_media|ndvi_s2_int_hist_media|ndvi_s2_media_sep_oct_hist_media|crc_s2_media_hist_media|vi6t_landsat_max_hist_media|lluvia_ciclo_mm_hist_media|municipio|lon|lat|sg_cec_0-5cm_mean,municipio|lon|lat,sg_cec_0-5cm_mean,curados_extendidos,v1
parcelas_multianio_ubic_mun-lon-lat_silt_v1,curados_extendidos/parcelas_multianio_ubic_mun-lon-lat_silt_v1.csv,multianio,ubic_mun-lon-lat,silt,197,40,ID_POLIGONO|conjunto|rendimiento_t_ha|area_ha|ndvi_s2_int|ndvi_s2_media_sep_oct|crc_s2_media|vi6t_landsat_max|lai_planet_max|lluvia_ciclo_mm|pendiente_grados|elevacion_m|ndvi_s2_max_2022|ndvi_s2_int_2022|ndvi_s2_media_sep_oct_2022|ndvi_s2_max_2023|ndvi_s2_int_2023|ndvi_s2_media_sep_oct_2023|ndvi_s2_max_2024|ndvi_s2_int_2024|ndvi_s2_media_sep_oct_2024|crc_s2_media_2022|crc_s2_media_2023|crc_s2_media_2024|vi6t_landsat_max_2022|vi6t_landsat_max_2023|vi6t_landsat_max_2024|lluvia_ciclo_mm_2022|lluvia_ciclo_mm_2023|lluvia_ciclo_mm_2024|ndvi_s2_max_hist_media|ndvi_s2_int_hist_media|ndvi_s2_media_sep_oct_hist_media|crc_s2_media_hist_media|vi6t_landsat_max_hist_media|lluvia_ciclo_mm_hist_media|municipio|lon|lat|sg_silt_0-5cm_mean,municipio|lon|lat,sg_silt_0-5cm_mean,curados_extendidos,v1
parcelas_multianio_ubic_mun-lon-lat_n-edaf_v1,curados_extendidos/parcelas_multianio_ubic_mun-lon-lat_n-edaf_v1.csv,multianio,ubic_mun-lon-lat,n-edaf,197,41,ID_POLIGONO|conjunto|rendimiento_t_ha|area_ha|ndvi_s2_int|ndvi_s2_media_sep_oct|crc_s2_media|vi6t_landsat_max|lai_planet_max|lluvia_ciclo_mm|pendiente_grados|elevacion_m|ndvi_s2_max_2022|ndvi_s2_int_2022|ndvi_s2_media_sep_oct_2022|ndvi_s2_max_2023|ndvi_s2_int_2023|ndvi_s2_media_sep_oct_2023|ndvi_s2_max_2024|ndvi_s2_int_2024|ndvi_s2_media_sep_oct_2024|crc_s2_media_2022|crc_s2_media_2023|crc_s2_media_2024|vi6t_landsat_max_2022|vi6t_landsat_max_2023|vi6t_landsat_max_2024|lluvia_ciclo_mm_2022|lluvia_ciclo_mm_2023|lluvia_ciclo_mm_2024|ndvi_s2_max_hist_media|ndvi_s2_int_hist_media|ndvi_s2_media_sep_oct_hist_media|crc_s2_media_hist_media|vi6t_landsat_max_hist_media|lluvia_ciclo_mm_hist_media|municipio|lon|lat|sg_nitrogen_0-5cm_mean|edaf_grupo,municipio|lon|lat,sg_nitrogen_0-5cm_mean|edaf_grupo,curados_extendidos,v1
parcelas_multianio_ubic_mun-lon-lat_n-cec_v1,curados_extendidos/parcelas_multianio_ubic_mun-lon-lat_n-cec_v1.csv,multianio,ubic_mun-lon-lat,n-cec,197,41,ID_POLIGONO|conjunto|rendimiento_t_ha|area_ha|ndvi_s2_int|ndvi_s2_media_sep_oct|crc_s2_media|vi6t_landsat_max|lai_planet_max|lluvia_ciclo_mm|pendiente_grados|elevacion_m|ndvi_s2_max_2022|ndvi_s2_int_2022|ndvi_s2_media_sep_oct_2022|ndvi_s2_max_2023|ndvi_s2_int_2023|ndvi_s2_media_sep_oct_2023|ndvi_s2_max_2024|ndvi_s2_int_2024|ndvi_s2_media_sep_oct_2024|crc_s2_media_2022|crc_s2_media_2023|crc_s2_media_2024|vi6t_landsat_max_2022|vi6t_landsat_max_2023|vi6t_landsat_max_2024|lluvia_ciclo_mm_2022|lluvia_ciclo_mm_2023|lluvia_ciclo_mm_2024|ndvi_s2_max_hist_media|ndvi_s2_int_hist_media|ndvi_s2_media_sep_oct_hist_media|crc_s2_media_hist_media|vi6t_landsat_max_hist_media|lluvia_ciclo_mm_hist_media|municipio|lon|lat|sg_nitrogen_0-5cm_mean|sg_cec_0-5cm_mean,municipio|lon|lat,sg_nitrogen_0-5cm_mean|sg_cec_0-5cm_mean,curados_extendidos,v1
parcelas_multianio_ubic_mun-lon-lat_n-silt_v1,curados_extendidos/parcelas_multianio_ubic_mun-lon-lat_n-silt_v1.csv,multianio,ubic_mun-lon-lat,n-silt,197,41,ID_POLIGONO|conjunto|rendimiento_t_ha|area_ha|ndvi_s2_int|ndvi_s2_media_sep_oct|crc_s2_media|vi6t_landsat_max|lai_planet_max|lluvia_ciclo_mm|pendiente_grados|elevacion_m|ndvi_s2_max_2022|ndvi_s2_int_2022|ndvi_s2_media_sep_oct_2022|ndvi_s2_max_2023|ndvi_s2_int_2023|ndvi_s2_media_sep_oct_2023|ndvi_s2_max_2024|ndvi_s2_int_2024|ndvi_s2_media_sep_oct_2024|crc_s2_media_2022|crc_s2_media_2023|crc_s2_media_2024|vi6t_landsat_max_2022|vi6t_landsat_max_2023|vi6t_landsat_max_2024|lluvia_ciclo_mm_2022|lluvia_ciclo_mm_2023|lluvia_ciclo_mm_2024|ndvi_s2_max_hist_media|ndvi_s2_int_hist_media|ndvi_s2_media_sep_oct_hist_media|crc_s2_media_hist_media|vi6t_landsat_max_hist_media|lluvia_ciclo_mm_hist_media|municipio|lon|lat|sg_nitrogen_0-5cm_mean|sg_silt_0-5cm_mean,municipio|lon|lat,sg_nitrogen_0-5cm_mean|sg_silt_0-5cm_mean,curados_extendidos,v1
parcelas_multianio_ubic_mun-lon-lat_edaf-cec_v1,curados_extendidos/parcelas_multianio_ubic_mun-lon-lat_edaf-cec_v1.csv,multianio,ubic_mun-lon-lat,edaf-cec,197,41,ID_POLIGONO|conjunto|rendimiento_t_ha|area_ha|ndvi_s2_int|ndvi_s2_media_sep_oct|crc_s2_media|vi6t_landsat_max|lai_planet_max|lluvia_ciclo_mm|pendiente_grados|elevacion_m|ndvi_s2_max_2022|ndvi_s2_int_2022|ndvi_s2_media_sep_oct_2022|ndvi_s2_max_2023|ndvi_s2_int_2023|ndvi_s2_media_sep_oct_2023|ndvi_s2_max_2024|ndvi_s2_int_2024|ndvi_s2_media_sep_oct_2024|crc_s2_media_2022|crc_s2_media_2023|crc_s2_media_2024|vi6t_landsat_max_2022|vi6t_landsat_max_2023|vi6t_landsat_max_2024|lluvia_ciclo_mm_2022|lluvia_ciclo_mm_2023|lluvia_ciclo_mm_2024|ndvi_s2_max_hist_media|ndvi_s2_int_hist_media|ndvi_s2_media_sep_oct_hist_media|crc_s2_media_hist_media|vi6t_landsat_max_hist_media|lluvia_ciclo_mm_hist_media|municipio|lon|lat|edaf_grupo|sg_cec_0-5cm_mean,municipio|lon|lat,edaf_grupo|sg_cec_0-5cm_mean,curados_extendidos,v1
parcelas_multianio_ubic_mun-lon-lat_edaf-silt_v1,curados_extendidos/parcelas_multianio_ubic_mun-lon-lat_edaf-silt_v1.csv,multianio,ubic_mun-lon-lat,edaf-silt,197,41,ID_POLIGONO|conjunto|rendimiento_t_ha|area_ha|ndvi_s2_int|ndvi_s2_media_sep_oct|crc_s2_media|vi6t_landsat_max|lai_planet_max|lluvia_ciclo_mm|pendiente_grados|elevacion_m|ndvi_s2_max_2022|ndvi_s2_int_2022|ndvi_s2_media_sep_oct_2022|ndvi_s2_max_2023|ndvi_s2_int_2023|ndvi_s2_media_sep_oct_2023|ndvi_s2_max_2024|ndvi_s2_int_2024|ndvi_s2_media_sep_oct_2024|crc_s2_media_2022|crc_s2_media_2023|crc_s2_media_2024|vi6t_landsat_max_2022|vi6t_landsat_max_2023|vi6t_landsat_max_2024|lluvia_ciclo_mm_2022|lluvia_ciclo_mm_2023|lluvia_ciclo_mm_2024|ndvi_s2_max_hist_media|ndvi_s2_int_hist_media|ndvi_s2_media_sep_oct_hist_media|crc_s2_media_hist_media|vi6t_landsat_max_hist_media|lluvia_ciclo_mm_hist_media|municipio|lon|lat|edaf_grupo|sg_silt_0-5cm_mean,municipio|lon|lat,edaf_grupo|sg_silt_0-5cm_mean,curados_extendidos,v1
parcelas_multianio_ubic_mun-lon-lat_cec-silt_v1,curados_extendidos/parcelas_multianio_ubic_mun-lon-lat_cec-silt_v1.csv,multianio,ubic_mun-lon-lat,cec-silt,197,41,ID_POLIGONO|conjunto|rendimiento_t_ha|area_ha|ndvi_s2_int|ndvi_s2_media_sep_oct|crc_s2_media|vi6t_landsat_max|lai_planet_max|lluvia_ciclo_mm|pendiente_grados|elevacion_m|ndvi_s2_max_2022|ndvi_s2_int_2022|ndvi_s2_media_sep_oct_2022|ndvi_s2_max_2023|ndvi_s2_int_2023|ndvi_s2_media_sep_oct_2023|ndvi_s2_max_2024|ndvi_s2_int_2024|ndvi_s2_media_sep_oct_2024|crc_s2_media_2022|crc_s2_media_2023|crc_s2_media_2024|vi6t_landsat_max_2022|vi6t_landsat_max_2023|vi6t_landsat_max_2024|lluvia_ciclo_mm_2022|lluvia_ciclo_mm_2023|lluvia_ciclo_mm_2024|ndvi_s2_max_hist_media|ndvi_s2_int_hist_media|ndvi_s2_media_sep_oct_hist_media|crc_s2_media_hist_media|vi6t_landsat_max_hist_media|lluvia_ciclo_mm_hist_media|municipio|lon|lat|sg_cec_0-5cm_mean|sg_silt_0-5cm_mean,municipio|lon|lat,sg_cec_0-5cm_mean|sg_silt_0-5cm_mean,curados_extendidos,v1
parcelas_multianio_ubic_mun-lon-lat_n-edaf-cec_v1,curados_extendidos/parcelas_multianio_ubic_mun-lon-lat_n-edaf-cec_v1.csv,multianio,ubic_mun-lon-lat,n-edaf-cec,197,42,ID_POLIGONO|conjunto|rendimiento_t_ha|area_ha|ndvi_s2_int|ndvi_s2_media_sep_oct|crc_s2_media|vi6t_landsat_max|lai_planet_max|lluvia_ciclo_mm|pendiente_grados|elevacion_m|ndvi_s2_max_2022|ndvi_s2_int_2022|ndvi_s2_media_sep_oct_2022|ndvi_s2_max_2023|ndvi_s2_int_2023|ndvi_s2_media_sep_oct_2023|ndvi_s2_max_2024|ndvi_s2_int_2024|ndvi_s2_media_sep_oct_2024|crc_s2_media_2022|crc_s2_media_2023|crc_s2_media_2024|vi6t_landsat_max_2022|vi6t_landsat_max_2023|vi6t_landsat_max_2024|lluvia_ciclo_mm_2022|lluvia_ciclo_mm_2023|lluvia_ciclo_mm_2024|ndvi_s2_max_hist_media|ndvi_s2_int_hist_media|ndvi_s2_media_sep_oct_hist_media|crc_s2_media_hist_media|vi6t_landsat_max_hist_media|lluvia_ciclo_mm_hist_media|municipio|lon|lat|sg_nitrogen_0-5cm_mean|edaf_grupo|sg_cec_0-5cm_mean,municipio|lon|lat,sg_nitrogen_0-5cm_mean|edaf_grupo|sg_cec_0-5cm_mean,curados_extendidos,v1
parcelas_multianio_ubic_mun-lon-lat_n-edaf-silt_v1,curados_extendidos/parcelas_multianio_ubic_mun-lon-lat_n-edaf-silt_v1.csv,multianio,ubic_mun-lon-lat,n-edaf-silt,197,42,ID_POLIGONO|conjunto|rendimiento_t_ha|area_ha|ndvi_s2_int|ndvi_s2_media_sep_oct|crc_s2_media|vi6t_landsat_max|lai_planet_max|lluvia_ciclo_mm|pendiente_grados|elevacion_m|ndvi_s2_max_2022|ndvi_s2_int_2022|ndvi_s2_media_sep_oct_2022|ndvi_s2_max_2023|ndvi_s2_int_2023|ndvi_s2_media_sep_oct_2023|ndvi_s2_max_2024|ndvi_s2_int_2024|ndvi_s2_media_sep_oct_2024|crc_s2_media_2022|crc_s2_media_2023|crc_s2_media_2024|vi6t_landsat_max_2022|vi6t_landsat_max_2023|vi6t_landsat_max_2024|lluvia_ciclo_mm_2022|lluvia_ciclo_mm_2023|lluvia_ciclo_mm_2024|ndvi_s2_max_hist_media|ndvi_s2_int_hist_media|ndvi_s2_media_sep_oct_hist_media|crc_s2_media_hist_media|vi6t_landsat_max_hist_media|lluvia_ciclo_mm_hist_media|municipio|lon|lat|sg_nitrogen_0-5cm_mean|edaf_grupo|sg_silt_0-5cm_mean,municipio|lon|lat,sg_nitrogen_0-5cm_mean|edaf_grupo|sg_silt_0-5cm_mean,curados_extendidos,v1
parcelas_multianio_ubic_mun-lon-lat_n-cec-silt_v1,curados_extendidos/parcelas_multianio_ubic_mun-lon-lat_n-cec-silt_v1.csv,multianio,ubic_mun-lon-lat,n-cec-silt,197,42,ID_POLIGONO|conjunto|rendimiento_t_ha|area_ha|ndvi_s2_int|ndvi_s2_media_sep_oct|crc_s2_media|vi6t_landsat_max|lai_planet_max|lluvia_ciclo_mm|pendiente_grados|elevacion_m|ndvi_s2_max_2022|ndvi_s2_int_2022|ndvi_s2_media_sep_oct_2022|ndvi_s2_max_2023|ndvi_s2_int_2023|ndvi_s2_media_sep_oct_2023|ndvi_s2_max_2024|ndvi_s2_int_2024|ndvi_s2_media_sep_oct_2024|crc_s2_media_2022|crc_s2_media_2023|crc_s2_media_2024|vi6t_landsat_max_2022|vi6t_landsat_max_2023|vi6t_landsat_max_2024|lluvia_ciclo_mm_2022|lluvia_ciclo_mm_2023|lluvia_ciclo_mm_2024|ndvi_s2_max_hist_media|ndvi_s2_int_hist_media|ndvi_s2_media_sep_oct_hist_media|crc_s2_media_hist_media|vi6t_landsat_max_hist_media|lluvia_ciclo_mm_hist_media|municipio|lon|lat|sg_nitrogen_0-5cm_mean|sg_cec_0-5cm_mean|sg_silt_0-5cm_mean,municipio|lon|lat,sg_nitrogen_0-5cm_mean|sg_cec_0-5cm_mean|sg_silt_0-5cm_mean,curados_extendidos,v1
parcelas_multianio_ubic_mun-lon-lat_edaf-cec-silt_v1,curados_extendidos/parcelas_multianio_ubic_mun-lon-lat_edaf-cec-silt_v1.csv,multianio,ubic_mun-lon-lat,edaf-cec-silt,197,42,ID_POLIGONO|conjunto|rendimiento_t_ha|area_ha|ndvi_s2_int|ndvi_s2_media_sep_oct|crc_s2_media|vi6t_landsat_max|lai_planet_max|lluvia_ciclo_mm|pendiente_grados|elevacion_m|ndvi_s2_max_2022|ndvi_s2_int_2022|ndvi_s2_media_sep_oct_2022|ndvi_s2_max_2023|ndvi_s2_int_2023|ndvi_s2_media_sep_oct_2023|ndvi_s2_max_2024|ndvi_s2_int_2024|ndvi_s2_media_sep_oct_2024|crc_s2_media_2022|crc_s2_media_2023|crc_s2_media_2024|vi6t_landsat_max_2022|vi6t_landsat_max_2023|vi6t_landsat_max_2024|lluvia_ciclo_mm_2022|lluvia_ciclo_mm_2023|lluvia_ciclo_mm_2024|ndvi_s2_max_hist_media|ndvi_s2_int_hist_media|ndvi_s2_media_sep_oct_hist_media|crc_s2_media_hist_media|vi6t_landsat_max_hist_media|lluvia_ciclo_mm_hist_media|municipio|lon|lat|edaf_grupo|sg_cec_0-5cm_mean|sg_silt_0-5cm_mean,municipio|lon|lat,edaf_grupo|sg_cec_0-5cm_mean|sg_silt_0-5cm_mean,curados_extendidos,v1
parcelas_multianio_ubic_mun-lon-lat_n-edaf-cec-silt_v1,curados_extendidos/parcelas_multianio_ubic_mun-lon-lat_n-edaf-cec-silt_v1.csv,multianio,ubic_mun-lon-lat,n-edaf-cec-silt,197,43,ID_POLIGONO|conjunto|rendimiento_t_ha|area_ha|ndvi_s2_int|ndvi_s2_media_sep_oct|crc_s2_media|vi6t_landsat_max|lai_planet_max|lluvia_ciclo_mm|pendiente_grados|elevacion_m|ndvi_s2_max_2022|ndvi_s2_int_2022|ndvi_s2_media_sep_oct_2022|ndvi_s2_max_2023|ndvi_s2_int_2023|ndvi_s2_media_sep_oct_2023|ndvi_s2_max_2024|ndvi_s2_int_2024|ndvi_s2_media_sep_oct_2024|crc_s2_media_2022|crc_s2_media_2023|crc_s2_media_2024|vi6t_landsat_max_2022|vi6t_landsat_max_2023|vi6t_landsat_max_2024|lluvia_ciclo_mm_2022|lluvia_ciclo_mm_2023|lluvia_ciclo_mm_2024|ndvi_s2_max_hist_media|ndvi_s2_int_hist_media|ndvi_s2_media_sep_oct_hist_media|crc_s2_media_hist_media|vi6t_landsat_max_hist_media|lluvia_ciclo_mm_hist_media|municipio|lon|lat|sg_nitrogen_0-5cm_mean|edaf_grupo|sg_cec_0-5cm_mean|sg_silt_0-5cm_mean,municipio|lon|lat,sg_nitrogen_0-5cm_mean|edaf_grupo|sg_cec_0-5cm_mean|sg_silt_0-5cm_mean,curados_extendidos,v1
parcelas_multianio_ubic_mun-lon-pix_reto_v1,curados_reto/parcelas_multianio_ubic_mun-lon-pix_reto_v1.csv,multianio,ubic_mun-lon-pix,reto,197,39,ID_POLIGONO|conjunto|rendimiento_t_ha|area_ha|ndvi_s2_int|ndvi_s2_media_sep_oct|crc_s2_media|vi6t_landsat_max|lai_planet_max|lluvia_ciclo_mm|pendiente_grados|elevacion_m|ndvi_s2_max_2022|ndvi_s2_int_2022|ndvi_s2_media_sep_oct_2022|ndvi_s2_max_2023|ndvi_s2_int_2023|ndvi_s2_media_sep_oct_2023|ndvi_s2_max_2024|ndvi_s2_int_2024|ndvi_s2_media_sep_oct_2024|crc_s2_media_2022|crc_s2_media_2023|crc_s2_media_2024|vi6t_landsat_max_2022|vi6t_landsat_max_2023|vi6t_landsat_max_2024|lluvia_ciclo_mm_2022|lluvia_ciclo_mm_2023|lluvia_ciclo_mm_2024|ndvi_s2_max_hist_media|ndvi_s2_int_hist_media|ndvi_s2_media_sep_oct_hist_media|crc_s2_media_hist_media|vi6t_landsat_max_hist_media|lluvia_ciclo_mm_hist_media|municipio|lon|pixel_clima,municipio|lon|pixel_clima,,curados_reto,v1
parcelas_multianio_ubic_mun-lon-pix_n_v1,curados_extendidos/parcelas_multianio_ubic_mun-lon-pix_n_v1.csv,multianio,ubic_mun-lon-pix,n,197,40,ID_POLIGONO|conjunto|rendimiento_t_ha|area_ha|ndvi_s2_int|ndvi_s2_media_sep_oct|crc_s2_media|vi6t_landsat_max|lai_planet_max|lluvia_ciclo_mm|pendiente_grados|elevacion_m|ndvi_s2_max_2022|ndvi_s2_int_2022|ndvi_s2_media_sep_oct_2022|ndvi_s2_max_2023|ndvi_s2_int_2023|ndvi_s2_media_sep_oct_2023|ndvi_s2_max_2024|ndvi_s2_int_2024|ndvi_s2_media_sep_oct_2024|crc_s2_media_2022|crc_s2_media_2023|crc_s2_media_2024|vi6t_landsat_max_2022|vi6t_landsat_max_2023|vi6t_landsat_max_2024|lluvia_ciclo_mm_2022|lluvia_ciclo_mm_2023|lluvia_ciclo_mm_2024|ndvi_s2_max_hist_media|ndvi_s2_int_hist_media|ndvi_s2_media_sep_oct_hist_media|crc_s2_media_hist_media|vi6t_landsat_max_hist_media|lluvia_ciclo_mm_hist_media|municipio|lon|pixel_clima|sg_nitrogen_0-5cm_mean,municipio|lon|pixel_clima,sg_nitrogen_0-5cm_mean,curados_extendidos,v1
parcelas_multianio_ubic_mun-lon-pix_edaf_v1,curados_extendidos/parcelas_multianio_ubic_mun-lon-pix_edaf_v1.csv,multianio,ubic_mun-lon-pix,edaf,197,40,ID_POLIGONO|conjunto|rendimiento_t_ha|area_ha|ndvi_s2_int|ndvi_s2_media_sep_oct|crc_s2_media|vi6t_landsat_max|lai_planet_max|lluvia_ciclo_mm|pendiente_grados|elevacion_m|ndvi_s2_max_2022|ndvi_s2_int_2022|ndvi_s2_media_sep_oct_2022|ndvi_s2_max_2023|ndvi_s2_int_2023|ndvi_s2_media_sep_oct_2023|ndvi_s2_max_2024|ndvi_s2_int_2024|ndvi_s2_media_sep_oct_2024|crc_s2_media_2022|crc_s2_media_2023|crc_s2_media_2024|vi6t_landsat_max_2022|vi6t_landsat_max_2023|vi6t_landsat_max_2024|lluvia_ciclo_mm_2022|lluvia_ciclo_mm_2023|lluvia_ciclo_mm_2024|ndvi_s2_max_hist_media|ndvi_s2_int_hist_media|ndvi_s2_media_sep_oct_hist_media|crc_s2_media_hist_media|vi6t_landsat_max_hist_media|lluvia_ciclo_mm_hist_media|municipio|lon|pixel_clima|edaf_grupo,municipio|lon|pixel_clima,edaf_grupo,curados_extendidos,v1
parcelas_multianio_ubic_mun-lon-pix_cec_v1,curados_extendidos/parcelas_multianio_ubic_mun-lon-pix_cec_v1.csv,multianio,ubic_mun-lon-pix,cec,197,40,ID_POLIGONO|conjunto|rendimiento_t_ha|area_ha|ndvi_s2_int|ndvi_s2_media_sep_oct|crc_s2_media|vi6t_landsat_max|lai_planet_max|lluvia_ciclo_mm|pendiente_grados|elevacion_m|ndvi_s2_max_2022|ndvi_s2_int_2022|ndvi_s2_media_sep_oct_2022|ndvi_s2_max_2023|ndvi_s2_int_2023|ndvi_s2_media_sep_oct_2023|ndvi_s2_max_2024|ndvi_s2_int_2024|ndvi_s2_media_sep_oct_2024|crc_s2_media_2022|crc_s2_media_2023|crc_s2_media_2024|vi6t_landsat_max_2022|vi6t_landsat_max_2023|vi6t_landsat_max_2024|lluvia_ciclo_mm_2022|lluvia_ciclo_mm_2023|lluvia_ciclo_mm_2024|ndvi_s2_max_hist_media|ndvi_s2_int_hist_media|ndvi_s2_media_sep_oct_hist_media|crc_s2_media_hist_media|vi6t_landsat_max_hist_media|lluvia_ciclo_mm_hist_media|municipio|lon|pixel_clima|sg_cec_0-5cm_mean,municipio|lon|pixel_clima,sg_cec_0-5cm_mean,curados_extendidos,v1
parcelas_multianio_ubic_mun-lon-pix_silt_v1,curados_extendidos/parcelas_multianio_ubic_mun-lon-pix_silt_v1.csv,multianio,ubic_mun-lon-pix,silt,197,40,ID_POLIGONO|conjunto|rendimiento_t_ha|area_ha|ndvi_s2_int|ndvi_s2_media_sep_oct|crc_s2_media|vi6t_landsat_max|lai_planet_max|lluvia_ciclo_mm|pendiente_grados|elevacion_m|ndvi_s2_max_2022|ndvi_s2_int_2022|ndvi_s2_media_sep_oct_2022|ndvi_s2_max_2023|ndvi_s2_int_2023|ndvi_s2_media_sep_oct_2023|ndvi_s2_max_2024|ndvi_s2_int_2024|ndvi_s2_media_sep_oct_2024|crc_s2_media_2022|crc_s2_media_2023|crc_s2_media_2024|vi6t_landsat_max_2022|vi6t_landsat_max_2023|vi6t_landsat_max_2024|lluvia_ciclo_mm_2022|lluvia_ciclo_mm_2023|lluvia_ciclo_mm_2024|ndvi_s2_max_hist_media|ndvi_s2_int_hist_media|ndvi_s2_media_sep_oct_hist_media|crc_s2_media_hist_media|vi6t_landsat_max_hist_media|lluvia_ciclo_mm_hist_media|municipio|lon|pixel_clima|sg_silt_0-5cm_mean,municipio|lon|pixel_clima,sg_silt_0-5cm_mean,curados_extendidos,v1
parcelas_multianio_ubic_mun-lon-pix_n-edaf_v1,curados_extendidos/parcelas_multianio_ubic_mun-lon-pix_n-edaf_v1.csv,multianio,ubic_mun-lon-pix,n-edaf,197,41,ID_POLIGONO|conjunto|rendimiento_t_ha|area_ha|ndvi_s2_int|ndvi_s2_media_sep_oct|crc_s2_media|vi6t_landsat_max|lai_planet_max|lluvia_ciclo_mm|pendiente_grados|elevacion_m|ndvi_s2_max_2022|ndvi_s2_int_2022|ndvi_s2_media_sep_oct_2022|ndvi_s2_max_2023|ndvi_s2_int_2023|ndvi_s2_media_sep_oct_2023|ndvi_s2_max_2024|ndvi_s2_int_2024|ndvi_s2_media_sep_oct_2024|crc_s2_media_2022|crc_s2_media_2023|crc_s2_media_2024|vi6t_landsat_max_2022|vi6t_landsat_max_2023|vi6t_landsat_max_2024|lluvia_ciclo_mm_2022|lluvia_ciclo_mm_2023|lluvia_ciclo_mm_2024|ndvi_s2_max_hist_media|ndvi_s2_int_hist_media|ndvi_s2_media_sep_oct_hist_media|crc_s2_media_hist_media|vi6t_landsat_max_hist_media|lluvia_ciclo_mm_hist_media|municipio|lon|pixel_clima|sg_nitrogen_0-5cm_mean|edaf_grupo,municipio|lon|pixel_clima,sg_nitrogen_0-5cm_mean|edaf_grupo,curados_extendidos,v1
parcelas_multianio_ubic_mun-lon-pix_n-cec_v1,curados_extendidos/parcelas_multianio_ubic_mun-lon-pix_n-cec_v1.csv,multianio,ubic_mun-lon-pix,n-cec,197,41,ID_POLIGONO|conjunto|rendimiento_t_ha|area_ha|ndvi_s2_int|ndvi_s2_media_sep_oct|crc_s2_media|vi6t_landsat_max|lai_planet_max|lluvia_ciclo_mm|pendiente_grados|elevacion_m|ndvi_s2_max_2022|ndvi_s2_int_2022|ndvi_s2_media_sep_oct_2022|ndvi_s2_max_2023|ndvi_s2_int_2023|ndvi_s2_media_sep_oct_2023|ndvi_s2_max_2024|ndvi_s2_int_2024|ndvi_s2_media_sep_oct_2024|crc_s2_media_2022|crc_s2_media_2023|crc_s2_media_2024|vi6t_landsat_max_2022|vi6t_landsat_max_2023|vi6t_landsat_max_2024|lluvia_ciclo_mm_2022|lluvia_ciclo_mm_2023|lluvia_ciclo_mm_2024|ndvi_s2_max_hist_media|ndvi_s2_int_hist_media|ndvi_s2_media_sep_oct_hist_media|crc_s2_media_hist_media|vi6t_landsat_max_hist_media|lluvia_ciclo_mm_hist_media|municipio|lon|pixel_clima|sg_nitrogen_0-5cm_mean|sg_cec_0-5cm_mean,municipio|lon|pixel_clima,sg_nitrogen_0-5cm_mean|sg_cec_0-5cm_mean,curados_extendidos,v1
parcelas_multianio_ubic_mun-lon-pix_n-silt_v1,curados_extendidos/parcelas_multianio_ubic_mun-lon-pix_n-silt_v1.csv,multianio,ubic_mun-lon-pix,n-silt,197,41,ID_POLIGONO|conjunto|rendimiento_t_ha|area_ha|ndvi_s2_int|ndvi_s2_media_sep_oct|crc_s2_media|vi6t_landsat_max|lai_planet_max|lluvia_ciclo_mm|pendiente_grados|elevacion_m|ndvi_s2_max_2022|ndvi_s2_int_2022|ndvi_s2_media_sep_oct_2022|ndvi_s2_max_2023|ndvi_s2_int_2023|ndvi_s2_media_sep_oct_2023|ndvi_s2_max_2024|ndvi_s2_int_2024|ndvi_s2_media_sep_oct_2024|crc_s2_media_2022|crc_s2_media_2023|crc_s2_media_2024|vi6t_landsat_max_2022|vi6t_landsat_max_2023|vi6t_landsat_max_2024|lluvia_ciclo_mm_2022|lluvia_ciclo_mm_2023|lluvia_ciclo_mm_2024|ndvi_s2_max_hist_media|ndvi_s2_int_hist_media|ndvi_s2_media_sep_oct_hist_media|crc_s2_media_hist_media|vi6t_landsat_max_hist_media|lluvia_ciclo_mm_hist_media|municipio|lon|pixel_clima|sg_nitrogen_0-5cm_mean|sg_silt_0-5cm_mean,municipio|lon|pixel_clima,sg_nitrogen_0-5cm_mean|sg_silt_0-5cm_mean,curados_extendidos,v1
parcelas_multianio_ubic_mun-lon-pix_edaf-cec_v1,curados_extendidos/parcelas_multianio_ubic_mun-lon-pix_edaf-cec_v1.csv,multianio,ubic_mun-lon-pix,edaf-cec,197,41,ID_POLIGONO|conjunto|rendimiento_t_ha|area_ha|ndvi_s2_int|ndvi_s2_media_sep_oct|crc_s2_media|vi6t_landsat_max|lai_planet_max|lluvia_ciclo_mm|pendiente_grados|elevacion_m|ndvi_s2_max_2022|ndvi_s2_int_2022|ndvi_s2_media_sep_oct_2022|ndvi_s2_max_2023|ndvi_s2_int_2023|ndvi_s2_media_sep_oct_2023|ndvi_s2_max_2024|ndvi_s2_int_2024|ndvi_s2_media_sep_oct_2024|crc_s2_media_2022|crc_s2_media_2023|crc_s2_media_2024|vi6t_landsat_max_2022|vi6t_landsat_max_2023|vi6t_landsat_max_2024|lluvia_ciclo_mm_2022|lluvia_ciclo_mm_2023|lluvia_ciclo_mm_2024|ndvi_s2_max_hist_media|ndvi_s2_int_hist_media|ndvi_s2_media_sep_oct_hist_media|crc_s2_media_hist_media|vi6t_landsat_max_hist_media|lluvia_ciclo_mm_hist_media|municipio|lon|pixel_clima|edaf_grupo|sg_cec_0-5cm_mean,municipio|lon|pixel_clima,edaf_grupo|sg_cec_0-5cm_mean,curados_extendidos,v1
parcelas_multianio_ubic_mun-lon-pix_edaf-silt_v1,curados_extendidos/parcelas_multianio_ubic_mun-lon-pix_edaf-silt_v1.csv,multianio,ubic_mun-lon-pix,edaf-silt,197,41,ID_POLIGONO|conjunto|rendimiento_t_ha|area_ha|ndvi_s2_int|ndvi_s2_media_sep_oct|crc_s2_media|vi6t_landsat_max|lai_planet_max|lluvia_ciclo_mm|pendiente_grados|elevacion_m|ndvi_s2_max_2022|ndvi_s2_int_2022|ndvi_s2_media_sep_oct_2022|ndvi_s2_max_2023|ndvi_s2_int_2023|ndvi_s2_media_sep_oct_2023|ndvi_s2_max_2024|ndvi_s2_int_2024|ndvi_s2_media_sep_oct_2024|crc_s2_media_2022|crc_s2_media_2023|crc_s2_media_2024|vi6t_landsat_max_2022|vi6t_landsat_max_2023|vi6t_landsat_max_2024|lluvia_ciclo_mm_2022|lluvia_ciclo_mm_2023|lluvia_ciclo_mm_2024|ndvi_s2_max_hist_media|ndvi_s2_int_hist_media|ndvi_s2_media_sep_oct_hist_media|crc_s2_media_hist_media|vi6t_landsat_max_hist_media|lluvia_ciclo_mm_hist_media|municipio|lon|pixel_clima|edaf_grupo|sg_silt_0-5cm_mean,municipio|lon|pixel_clima,edaf_grupo|sg_silt_0-5cm_mean,curados_extendidos,v1
parcelas_multianio_ubic_mun-lon-pix_cec-silt_v1,curados_extendidos/parcelas_multianio_ubic_mun-lon-pix_cec-silt_v1.csv,multianio,ubic_mun-lon-pix,cec-silt,197,41,ID_POLIGONO|conjunto|rendimiento_t_ha|area_ha|ndvi_s2_int|ndvi_s2_media_sep_oct|crc_s2_media|vi6t_landsat_max|lai_planet_max|lluvia_ciclo_mm|pendiente_grados|elevacion_m|ndvi_s2_max_2022|ndvi_s2_int_2022|ndvi_s2_media_sep_oct_2022|ndvi_s2_max_2023|ndvi_s2_int_2023|ndvi_s2_media_sep_oct_2023|ndvi_s2_max_2024|ndvi_s2_int_2024|ndvi_s2_media_sep_oct_2024|crc_s2_media_2022|crc_s2_media_2023|crc_s2_media_2024|vi6t_landsat_max_2022|vi6t_landsat_max_2023|vi6t_landsat_max_2024|lluvia_ciclo_mm_2022|lluvia_ciclo_mm_2023|lluvia_ciclo_mm_2024|ndvi_s2_max_hist_media|ndvi_s2_int_hist_media|ndvi_s2_media_sep_oct_hist_media|crc_s2_media_hist_media|vi6t_landsat_max_hist_media|lluvia_ciclo_mm_hist_media|municipio|lon|pixel_clima|sg_cec_0-5cm_mean|sg_silt_0-5cm_mean,municipio|lon|pixel_clima,sg_cec_0-5cm_mean|sg_silt_0-5cm_mean,curados_extendidos,v1
parcelas_multianio_ubic_mun-lon-pix_n-edaf-cec_v1,curados_extendidos/parcelas_multianio_ubic_mun-lon-pix_n-edaf-cec_v1.csv,multianio,ubic_mun-lon-pix,n-edaf-cec,197,42,ID_POLIGONO|conjunto|rendimiento_t_ha|area_ha|ndvi_s2_int|ndvi_s2_media_sep_oct|crc_s2_media|vi6t_landsat_max|lai_planet_max|lluvia_ciclo_mm|pendiente_grados|elevacion_m|ndvi_s2_max_2022|ndvi_s2_int_2022|ndvi_s2_media_sep_oct_2022|ndvi_s2_max_2023|ndvi_s2_int_2023|ndvi_s2_media_sep_oct_2023|ndvi_s2_max_2024|ndvi_s2_int_2024|ndvi_s2_media_sep_oct_2024|crc_s2_media_2022|crc_s2_media_2023|crc_s2_media_2024|vi6t_landsat_max_2022|vi6t_landsat_max_2023|vi6t_landsat_max_2024|lluvia_ciclo_mm_2022|lluvia_ciclo_mm_2023|lluvia_ciclo_mm_2024|ndvi_s2_max_hist_media|ndvi_s2_int_hist_media|ndvi_s2_media_sep_oct_hist_media|crc_s2_media_hist_media|vi6t_landsat_max_hist_media|lluvia_ciclo_mm_hist_media|municipio|lon|pixel_clima|sg_nitrogen_0-5cm_mean|edaf_grupo|sg_cec_0-5cm_mean,municipio|lon|pixel_clima,sg_nitrogen_0-5cm_mean|edaf_grupo|sg_cec_0-5cm_mean,curados_extendidos,v1
parcelas_multianio_ubic_mun-lon-pix_n-edaf-silt_v1,curados_extendidos/parcelas_multianio_ubic_mun-lon-pix_n-edaf-silt_v1.csv,multianio,ubic_mun-lon-pix,n-edaf-silt,197,42,ID_POLIGONO|conjunto|rendimiento_t_ha|area_ha|ndvi_s2_int|ndvi_s2_media_sep_oct|crc_s2_media|vi6t_landsat_max|lai_planet_max|lluvia_ciclo_mm|pendiente_grados|elevacion_m|ndvi_s2_max_2022|ndvi_s2_int_2022|ndvi_s2_media_sep_oct_2022|ndvi_s2_max_2023|ndvi_s2_int_2023|ndvi_s2_media_sep_oct_2023|ndvi_s2_max_2024|ndvi_s2_int_2024|ndvi_s2_media_sep_oct_2024|crc_s2_media_2022|crc_s2_media_2023|crc_s2_media_2024|vi6t_landsat_max_2022|vi6t_landsat_max_2023|vi6t_landsat_max_2024|lluvia_ciclo_mm_2022|lluvia_ciclo_mm_2023|lluvia_ciclo_mm_2024|ndvi_s2_max_hist_media|ndvi_s2_int_hist_media|ndvi_s2_media_sep_oct_hist_media|crc_s2_media_hist_media|vi6t_landsat_max_hist_media|lluvia_ciclo_mm_hist_media|municipio|lon|pixel_clima|sg_nitrogen_0-5cm_mean|edaf_grupo|sg_silt_0-5cm_mean,municipio|lon|pixel_clima,sg_nitrogen_0-5cm_mean|edaf_grupo|sg_silt_0-5cm_mean,curados_extendidos,v1
parcelas_multianio_ubic_mun-lon-pix_n-cec-silt_v1,curados_extendidos/parcelas_multianio_ubic_mun-lon-pix_n-cec-silt_v1.csv,multianio,ubic_mun-lon-pix,n-cec-silt,197,42,ID_POLIGONO|conjunto|rendimiento_t_ha|area_ha|ndvi_s2_int|ndvi_s2_media_sep_oct|crc_s2_media|vi6t_landsat_max|lai_planet_max|lluvia_ciclo_mm|pendiente_grados|elevacion_m|ndvi_s2_max_2022|ndvi_s2_int_2022|ndvi_s2_media_sep_oct_2022|ndvi_s2_max_2023|ndvi_s2_int_2023|ndvi_s2_media_sep_oct_2023|ndvi_s2_max_2024|ndvi_s2_int_2024|ndvi_s2_media_sep_oct_2024|crc_s2_media_2022|crc_s2_media_2023|crc_s2_media_2024|vi6t_landsat_max_2022|vi6t_landsat_max_2023|vi6t_landsat_max_2024|lluvia_ciclo_mm_2022|lluvia_ciclo_mm_2023|lluvia_ciclo_mm_2024|ndvi_s2_max_hist_media|ndvi_s2_int_hist_media|ndvi_s2_media_sep_oct_hist_media|crc_s2_media_hist_media|vi6t_landsat_max_hist_media|lluvia_ciclo_mm_hist_media|municipio|lon|pixel_clima|sg_nitrogen_0-5cm_mean|sg_cec_0-5cm_mean|sg_silt_0-5cm_mean,municipio|lon|pixel_clima,sg_nitrogen_0-5cm_mean|sg_cec_0-5cm_mean|sg_silt_0-5cm_mean,curados_extendidos,v1
parcelas_multianio_ubic_mun-lon-pix_edaf-cec-silt_v1,curados_extendidos/parcelas_multianio_ubic_mun-lon-pix_edaf-cec-silt_v1.csv,multianio,ubic_mun-lon-pix,edaf-cec-silt,197,42,ID_POLIGONO|conjunto|rendimiento_t_ha|area_ha|ndvi_s2_int|ndvi_s2_media_sep_oct|crc_s2_media|vi6t_landsat_max|lai_planet_max|lluvia_ciclo_mm|pendiente_grados|elevacion_m|ndvi_s2_max_2022|ndvi_s2_int_2022|ndvi_s2_media_sep_oct_2022|ndvi_s2_max_2023|ndvi_s2_int_2023|ndvi_s2_media_sep_oct_2023|ndvi_s2_max_2024|ndvi_s2_int_2024|ndvi_s2_media_sep_oct_2024|crc_s2_media_2022|crc_s2_media_2023|crc_s2_media_2024|vi6t_landsat_max_2022|vi6t_landsat_max_2023|vi6t_landsat_max_2024|lluvia_ciclo_mm_2022|lluvia_ciclo_mm_2023|lluvia_ciclo_mm_2024|ndvi_s2_max_hist_media|ndvi_s2_int_hist_media|ndvi_s2_media_sep_oct_hist_media|crc_s2_media_hist_media|vi6t_landsat_max_hist_media|lluvia_ciclo_mm_hist_media|municipio|lon|pixel_clima|edaf_grupo|sg_cec_0-5cm_mean|sg_silt_0-5cm_mean,municipio|lon|pixel_clima,edaf_grupo|sg_cec_0-5cm_mean|sg_silt_0-5cm_mean,curados_extendidos,v1
parcelas_multianio_ubic_mun-lon-pix_n-edaf-cec-silt_v1,curados_extendidos/parcelas_multianio_ubic_mun-lon-pix_n-edaf-cec-silt_v1.csv,multianio,ubic_mun-lon-pix,n-edaf-cec-silt,197,43,ID_POLIGONO|conjunto|rendimiento_t_ha|area_ha|ndvi_s2_int|ndvi_s2_media_sep_oct|crc_s2_media|vi6t_landsat_max|lai_planet_max|lluvia_ciclo_mm|pendiente_grados|elevacion_m|ndvi_s2_max_2022|ndvi_s2_int_2022|ndvi_s2_media_sep_oct_2022|ndvi_s2_max_2023|ndvi_s2_int_2023|ndvi_s2_media_sep_oct_2023|ndvi_s2_max_2024|ndvi_s2_int_2024|ndvi_s2_media_sep_oct_2024|crc_s2_media_2022|crc_s2_media_2023|crc_s2_media_2024|vi6t_landsat_max_2022|vi6t_landsat_max_2023|vi6t_landsat_max_2024|lluvia_ciclo_mm_2022|lluvia_ciclo_mm_2023|lluvia_ciclo_mm_2024|ndvi_s2_max_hist_media|ndvi_s2_int_hist_media|ndvi_s2_media_sep_oct_hist_media|crc_s2_media_hist_media|vi6t_landsat_max_hist_media|lluvia_ciclo_mm_hist_media|municipio|lon|pixel_clima|sg_nitrogen_0-5cm_mean|edaf_grupo|sg_cec_0-5cm_mean|sg_silt_0-5cm_mean,municipio|lon|pixel_clima,sg_nitrogen_0-5cm_mean|edaf_grupo|sg_cec_0-5cm_mean|sg_silt_0-5cm_mean,curados_extendidos,v1
parcelas_multianio_ubic_mun-lat-pix_reto_v1,curados_reto/parcelas_multianio_ubic_mun-lat-pix_reto_v1.csv,multianio,ubic_mun-lat-pix,reto,197,39,ID_POLIGONO|conjunto|rendimiento_t_ha|area_ha|ndvi_s2_int|ndvi_s2_media_sep_oct|crc_s2_media|vi6t_landsat_max|lai_planet_max|lluvia_ciclo_mm|pendiente_grados|elevacion_m|ndvi_s2_max_2022|ndvi_s2_int_2022|ndvi_s2_media_sep_oct_2022|ndvi_s2_max_2023|ndvi_s2_int_2023|ndvi_s2_media_sep_oct_2023|ndvi_s2_max_2024|ndvi_s2_int_2024|ndvi_s2_media_sep_oct_2024|crc_s2_media_2022|crc_s2_media_2023|crc_s2_media_2024|vi6t_landsat_max_2022|vi6t_landsat_max_2023|vi6t_landsat_max_2024|lluvia_ciclo_mm_2022|lluvia_ciclo_mm_2023|lluvia_ciclo_mm_2024|ndvi_s2_max_hist_media|ndvi_s2_int_hist_media|ndvi_s2_media_sep_oct_hist_media|crc_s2_media_hist_media|vi6t_landsat_max_hist_media|lluvia_ciclo_mm_hist_media|municipio|lat|pixel_clima,municipio|lat|pixel_clima,,curados_reto,v1
parcelas_multianio_ubic_mun-lat-pix_n_v1,curados_extendidos/parcelas_multianio_ubic_mun-lat-pix_n_v1.csv,multianio,ubic_mun-lat-pix,n,197,40,ID_POLIGONO|conjunto|rendimiento_t_ha|area_ha|ndvi_s2_int|ndvi_s2_media_sep_oct|crc_s2_media|vi6t_landsat_max|lai_planet_max|lluvia_ciclo_mm|pendiente_grados|elevacion_m|ndvi_s2_max_2022|ndvi_s2_int_2022|ndvi_s2_media_sep_oct_2022|ndvi_s2_max_2023|ndvi_s2_int_2023|ndvi_s2_media_sep_oct_2023|ndvi_s2_max_2024|ndvi_s2_int_2024|ndvi_s2_media_sep_oct_2024|crc_s2_media_2022|crc_s2_media_2023|crc_s2_media_2024|vi6t_landsat_max_2022|vi6t_landsat_max_2023|vi6t_landsat_max_2024|lluvia_ciclo_mm_2022|lluvia_ciclo_mm_2023|lluvia_ciclo_mm_2024|ndvi_s2_max_hist_media|ndvi_s2_int_hist_media|ndvi_s2_media_sep_oct_hist_media|crc_s2_media_hist_media|vi6t_landsat_max_hist_media|lluvia_ciclo_mm_hist_media|municipio|lat|pixel_clima|sg_nitrogen_0-5cm_mean,municipio|lat|pixel_clima,sg_nitrogen_0-5cm_mean,curados_extendidos,v1
parcelas_multianio_ubic_mun-lat-pix_edaf_v1,curados_extendidos/parcelas_multianio_ubic_mun-lat-pix_edaf_v1.csv,multianio,ubic_mun-lat-pix,edaf,197,40,ID_POLIGONO|conjunto|rendimiento_t_ha|area_ha|ndvi_s2_int|ndvi_s2_media_sep_oct|crc_s2_media|vi6t_landsat_max|lai_planet_max|lluvia_ciclo_mm|pendiente_grados|elevacion_m|ndvi_s2_max_2022|ndvi_s2_int_2022|ndvi_s2_media_sep_oct_2022|ndvi_s2_max_2023|ndvi_s2_int_2023|ndvi_s2_media_sep_oct_2023|ndvi_s2_max_2024|ndvi_s2_int_2024|ndvi_s2_media_sep_oct_2024|crc_s2_media_2022|crc_s2_media_2023|crc_s2_media_2024|vi6t_landsat_max_2022|vi6t_landsat_max_2023|vi6t_landsat_max_2024|lluvia_ciclo_mm_2022|lluvia_ciclo_mm_2023|lluvia_ciclo_mm_2024|ndvi_s2_max_hist_media|ndvi_s2_int_hist_media|ndvi_s2_media_sep_oct_hist_media|crc_s2_media_hist_media|vi6t_landsat_max_hist_media|lluvia_ciclo_mm_hist_media|municipio|lat|pixel_clima|edaf_grupo,municipio|lat|pixel_clima,edaf_grupo,curados_extendidos,v1
parcelas_multianio_ubic_mun-lat-pix_cec_v1,curados_extendidos/parcelas_multianio_ubic_mun-lat-pix_cec_v1.csv,multianio,ubic_mun-lat-pix,cec,197,40,ID_POLIGONO|conjunto|rendimiento_t_ha|area_ha|ndvi_s2_int|ndvi_s2_media_sep_oct|crc_s2_media|vi6t_landsat_max|lai_planet_max|lluvia_ciclo_mm|pendiente_grados|elevacion_m|ndvi_s2_max_2022|ndvi_s2_int_2022|ndvi_s2_media_sep_oct_2022|ndvi_s2_max_2023|ndvi_s2_int_2023|ndvi_s2_media_sep_oct_2023|ndvi_s2_max_2024|ndvi_s2_int_2024|ndvi_s2_media_sep_oct_2024|crc_s2_media_2022|crc_s2_media_2023|crc_s2_media_2024|vi6t_landsat_max_2022|vi6t_landsat_max_2023|vi6t_landsat_max_2024|lluvia_ciclo_mm_2022|lluvia_ciclo_mm_2023|lluvia_ciclo_mm_2024|ndvi_s2_max_hist_media|ndvi_s2_int_hist_media|ndvi_s2_media_sep_oct_hist_media|crc_s2_media_hist_media|vi6t_landsat_max_hist_media|lluvia_ciclo_mm_hist_media|municipio|lat|pixel_clima|sg_cec_0-5cm_mean,municipio|lat|pixel_clima,sg_cec_0-5cm_mean,curados_extendidos,v1
parcelas_multianio_ubic_mun-lat-pix_silt_v1,curados_extendidos/parcelas_multianio_ubic_mun-lat-pix_silt_v1.csv,multianio,ubic_mun-lat-pix,silt,197,40,ID_POLIGONO|conjunto|rendimiento_t_ha|area_ha|ndvi_s2_int|ndvi_s2_media_sep_oct|crc_s2_media|vi6t_landsat_max|lai_planet_max|lluvia_ciclo_mm|pendiente_grados|elevacion_m|ndvi_s2_max_2022|ndvi_s2_int_2022|ndvi_s2_media_sep_oct_2022|ndvi_s2_max_2023|ndvi_s2_int_2023|ndvi_s2_media_sep_oct_2023|ndvi_s2_max_2024|ndvi_s2_int_2024|ndvi_s2_media_sep_oct_2024|crc_s2_media_2022|crc_s2_media_2023|crc_s2_media_2024|vi6t_landsat_max_2022|vi6t_landsat_max_2023|vi6t_landsat_max_2024|lluvia_ciclo_mm_2022|lluvia_ciclo_mm_2023|lluvia_ciclo_mm_2024|ndvi_s2_max_hist_media|ndvi_s2_int_hist_media|ndvi_s2_media_sep_oct_hist_media|crc_s2_media_hist_media|vi6t_landsat_max_hist_media|lluvia_ciclo_mm_hist_media|municipio|lat|pixel_clima|sg_silt_0-5cm_mean,municipio|lat|pixel_clima,sg_silt_0-5cm_mean,curados_extendidos,v1
parcelas_multianio_ubic_mun-lat-pix_n-edaf_v1,curados_extendidos/parcelas_multianio_ubic_mun-lat-pix_n-edaf_v1.csv,multianio,ubic_mun-lat-pix,n-edaf,197,41,ID_POLIGONO|conjunto|rendimiento_t_ha|area_ha|ndvi_s2_int|ndvi_s2_media_sep_oct|crc_s2_media|vi6t_landsat_max|lai_planet_max|lluvia_ciclo_mm|pendiente_grados|elevacion_m|ndvi_s2_max_2022|ndvi_s2_int_2022|ndvi_s2_media_sep_oct_2022|ndvi_s2_max_2023|ndvi_s2_int_2023|ndvi_s2_media_sep_oct_2023|ndvi_s2_max_2024|ndvi_s2_int_2024|ndvi_s2_media_sep_oct_2024|crc_s2_media_2022|crc_s2_media_2023|crc_s2_media_2024|vi6t_landsat_max_2022|vi6t_landsat_max_2023|vi6t_landsat_max_2024|lluvia_ciclo_mm_2022|lluvia_ciclo_mm_2023|lluvia_ciclo_mm_2024|ndvi_s2_max_hist_media|ndvi_s2_int_hist_media|ndvi_s2_media_sep_oct_hist_media|crc_s2_media_hist_media|vi6t_landsat_max_hist_media|lluvia_ciclo_mm_hist_media|municipio|lat|pixel_clima|sg_nitrogen_0-5cm_mean|edaf_grupo,municipio|lat|pixel_clima,sg_nitrogen_0-5cm_mean|edaf_grupo,curados_extendidos,v1
parcelas_multianio_ubic_mun-lat-pix_n-cec_v1,curados_extendidos/parcelas_multianio_ubic_mun-lat-pix_n-cec_v1.csv,multianio,ubic_mun-lat-pix,n-cec,197,41,ID_POLIGONO|conjunto|rendimiento_t_ha|area_ha|ndvi_s2_int|ndvi_s2_media_sep_oct|crc_s2_media|vi6t_landsat_max|lai_planet_max|lluvia_ciclo_mm|pendiente_grados|elevacion_m|ndvi_s2_max_2022|ndvi_s2_int_2022|ndvi_s2_media_sep_oct_2022|ndvi_s2_max_2023|ndvi_s2_int_2023|ndvi_s2_media_sep_oct_2023|ndvi_s2_max_2024|ndvi_s2_int_2024|ndvi_s2_media_sep_oct_2024|crc_s2_media_2022|crc_s2_media_2023|crc_s2_media_2024|vi6t_landsat_max_2022|vi6t_landsat_max_2023|vi6t_landsat_max_2024|lluvia_ciclo_mm_2022|lluvia_ciclo_mm_2023|lluvia_ciclo_mm_2024|ndvi_s2_max_hist_media|ndvi_s2_int_hist_media|ndvi_s2_media_sep_oct_hist_media|crc_s2_media_hist_media|vi6t_landsat_max_hist_media|lluvia_ciclo_mm_hist_media|municipio|lat|pixel_clima|sg_nitrogen_0-5cm_mean|sg_cec_0-5cm_mean,municipio|lat|pixel_clima,sg_nitrogen_0-5cm_mean|sg_cec_0-5cm_mean,curados_extendidos,v1
parcelas_multianio_ubic_mun-lat-pix_n-silt_v1,curados_extendidos/parcelas_multianio_ubic_mun-lat-pix_n-silt_v1.csv,multianio,ubic_mun-lat-pix,n-silt,197,41,ID_POLIGONO|conjunto|rendimiento_t_ha|area_ha|ndvi_s2_int|ndvi_s2_media_sep_oct|crc_s2_media|vi6t_landsat_max|lai_planet_max|lluvia_ciclo_mm|pendiente_grados|elevacion_m|ndvi_s2_max_2022|ndvi_s2_int_2022|ndvi_s2_media_sep_oct_2022|ndvi_s2_max_2023|ndvi_s2_int_2023|ndvi_s2_media_sep_oct_2023|ndvi_s2_max_2024|ndvi_s2_int_2024|ndvi_s2_media_sep_oct_2024|crc_s2_media_2022|crc_s2_media_2023|crc_s2_media_2024|vi6t_landsat_max_2022|vi6t_landsat_max_2023|vi6t_landsat_max_2024|lluvia_ciclo_mm_2022|lluvia_ciclo_mm_2023|lluvia_ciclo_mm_2024|ndvi_s2_max_hist_media|ndvi_s2_int_hist_media|ndvi_s2_media_sep_oct_hist_media|crc_s2_media_hist_media|vi6t_landsat_max_hist_media|lluvia_ciclo_mm_hist_media|municipio|lat|pixel_clima|sg_nitrogen_0-5cm_mean|sg_silt_0-5cm_mean,municipio|lat|pixel_clima,sg_nitrogen_0-5cm_mean|sg_silt_0-5cm_mean,curados_extendidos,v1
parcelas_multianio_ubic_mun-lat-pix_edaf-cec_v1,curados_extendidos/parcelas_multianio_ubic_mun-lat-pix_edaf-cec_v1.csv,multianio,ubic_mun-lat-pix,edaf-cec,197,41,ID_POLIGONO|conjunto|rendimiento_t_ha|area_ha|ndvi_s2_int|ndvi_s2_media_sep_oct|crc_s2_media|vi6t_landsat_max|lai_planet_max|lluvia_ciclo_mm|pendiente_grados|elevacion_m|ndvi_s2_max_2022|ndvi_s2_int_2022|ndvi_s2_media_sep_oct_2022|ndvi_s2_max_2023|ndvi_s2_int_2023|ndvi_s2_media_sep_oct_2023|ndvi_s2_max_2024|ndvi_s2_int_2024|ndvi_s2_media_sep_oct_2024|crc_s2_media_2022|crc_s2_media_2023|crc_s2_media_2024|vi6t_landsat_max_2022|vi6t_landsat_max_2023|vi6t_landsat_max_2024|lluvia_ciclo_mm_2022|lluvia_ciclo_mm_2023|lluvia_ciclo_mm_2024|ndvi_s2_max_hist_media|ndvi_s2_int_hist_media|ndvi_s2_media_sep_oct_hist_media|crc_s2_media_hist_media|vi6t_landsat_max_hist_media|lluvia_ciclo_mm_hist_media|municipio|lat|pixel_clima|edaf_grupo|sg_cec_0-5cm_mean,municipio|lat|pixel_clima,edaf_grupo|sg_cec_0-5cm_mean,curados_extendidos,v1
parcelas_multianio_ubic_mun-lat-pix_edaf-silt_v1,curados_extendidos/parcelas_multianio_ubic_mun-lat-pix_edaf-silt_v1.csv,multianio,ubic_mun-lat-pix,edaf-silt,197,41,ID_POLIGONO|conjunto|rendimiento_t_ha|area_ha|ndvi_s2_int|ndvi_s2_media_sep_oct|crc_s2_media|vi6t_landsat_max|lai_planet_max|lluvia_ciclo_mm|pendiente_grados|elevacion_m|ndvi_s2_max_2022|ndvi_s2_int_2022|ndvi_s2_media_sep_oct_2022|ndvi_s2_max_2023|ndvi_s2_int_2023|ndvi_s2_media_sep_oct_2023|ndvi_s2_max_2024|ndvi_s2_int_2024|ndvi_s2_media_sep_oct_2024|crc_s2_media_2022|crc_s2_media_2023|crc_s2_media_2024|vi6t_landsat_max_2022|vi6t_landsat_max_2023|vi6t_landsat_max_2024|lluvia_ciclo_mm_2022|lluvia_ciclo_mm_2023|lluvia_ciclo_mm_2024|ndvi_s2_max_hist_media|ndvi_s2_int_hist_media|ndvi_s2_media_sep_oct_hist_media|crc_s2_media_hist_media|vi6t_landsat_max_hist_media|lluvia_ciclo_mm_hist_media|municipio|lat|pixel_clima|edaf_grupo|sg_silt_0-5cm_mean,municipio|lat|pixel_clima,edaf_grupo|sg_silt_0-5cm_mean,curados_extendidos,v1
parcelas_multianio_ubic_mun-lat-pix_cec-silt_v1,curados_extendidos/parcelas_multianio_ubic_mun-lat-pix_cec-silt_v1.csv,multianio,ubic_mun-lat-pix,cec-silt,197,41,ID_POLIGONO|conjunto|rendimiento_t_ha|area_ha|ndvi_s2_int|ndvi_s2_media_sep_oct|crc_s2_media|vi6t_landsat_max|lai_planet_max|lluvia_ciclo_mm|pendiente_grados|elevacion_m|ndvi_s2_max_2022|ndvi_s2_int_2022|ndvi_s2_media_sep_oct_2022|ndvi_s2_max_2023|ndvi_s2_int_2023|ndvi_s2_media_sep_oct_2023|ndvi_s2_max_2024|ndvi_s2_int_2024|ndvi_s2_media_sep_oct_2024|crc_s2_media_2022|crc_s2_media_2023|crc_s2_media_2024|vi6t_landsat_max_2022|vi6t_landsat_max_2023|vi6t_landsat_max_2024|lluvia_ciclo_mm_2022|lluvia_ciclo_mm_2023|lluvia_ciclo_mm_2024|ndvi_s2_max_hist_media|ndvi_s2_int_hist_media|ndvi_s2_media_sep_oct_hist_media|crc_s2_media_hist_media|vi6t_landsat_max_hist_media|lluvia_ciclo_mm_hist_media|municipio|lat|pixel_clima|sg_cec_0-5cm_mean|sg_silt_0-5cm_mean,municipio|lat|pixel_clima,sg_cec_0-5cm_mean|sg_silt_0-5cm_mean,curados_extendidos,v1
parcelas_multianio_ubic_mun-lat-pix_n-edaf-cec_v1,curados_extendidos/parcelas_multianio_ubic_mun-lat-pix_n-edaf-cec_v1.csv,multianio,ubic_mun-lat-pix,n-edaf-cec,197,42,ID_POLIGONO|conjunto|rendimiento_t_ha|area_ha|ndvi_s2_int|ndvi_s2_media_sep_oct|crc_s2_media|vi6t_landsat_max|lai_planet_max|lluvia_ciclo_mm|pendiente_grados|elevacion_m|ndvi_s2_max_2022|ndvi_s2_int_2022|ndvi_s2_media_sep_oct_2022|ndvi_s2_max_2023|ndvi_s2_int_2023|ndvi_s2_media_sep_oct_2023|ndvi_s2_max_2024|ndvi_s2_int_2024|ndvi_s2_media_sep_oct_2024|crc_s2_media_2022|crc_s2_media_2023|crc_s2_media_2024|vi6t_landsat_max_2022|vi6t_landsat_max_2023|vi6t_landsat_max_2024|lluvia_ciclo_mm_2022|lluvia_ciclo_mm_2023|lluvia_ciclo_mm_2024|ndvi_s2_max_hist_media|ndvi_s2_int_hist_media|ndvi_s2_media_sep_oct_hist_media|crc_s2_media_hist_media|vi6t_landsat_max_hist_media|lluvia_ciclo_mm_hist_media|municipio|lat|pixel_clima|sg_nitrogen_0-5cm_mean|edaf_grupo|sg_cec_0-5cm_mean,municipio|lat|pixel_clima,sg_nitrogen_0-5cm_mean|edaf_grupo|sg_cec_0-5cm_mean,curados_extendidos,v1
parcelas_multianio_ubic_mun-lat-pix_n-edaf-silt_v1,curados_extendidos/parcelas_multianio_ubic_mun-lat-pix_n-edaf-silt_v1.csv,multianio,ubic_mun-lat-pix,n-edaf-silt,197,42,ID_POLIGONO|conjunto|rendimiento_t_ha|area_ha|ndvi_s2_int|ndvi_s2_media_sep_oct|crc_s2_media|vi6t_landsat_max|lai_planet_max|lluvia_ciclo_mm|pendiente_grados|elevacion_m|ndvi_s2_max_2022|ndvi_s2_int_2022|ndvi_s2_media_sep_oct_2022|ndvi_s2_max_2023|ndvi_s2_int_2023|ndvi_s2_media_sep_oct_2023|ndvi_s2_max_2024|ndvi_s2_int_2024|ndvi_s2_media_sep_oct_2024|crc_s2_media_2022|crc_s2_media_2023|crc_s2_media_2024|vi6t_landsat_max_2022|vi6t_landsat_max_2023|vi6t_landsat_max_2024|lluvia_ciclo_mm_2022|lluvia_ciclo_mm_2023|lluvia_ciclo_mm_2024|ndvi_s2_max_hist_media|ndvi_s2_int_hist_media|ndvi_s2_media_sep_oct_hist_media|crc_s2_media_hist_media|vi6t_landsat_max_hist_media|lluvia_ciclo_mm_hist_media|municipio|lat|pixel_clima|sg_nitrogen_0-5cm_mean|edaf_grupo|sg_silt_0-5cm_mean,municipio|lat|pixel_clima,sg_nitrogen_0-5cm_mean|edaf_grupo|sg_silt_0-5cm_mean,curados_extendidos,v1
parcelas_multianio_ubic_mun-lat-pix_n-cec-silt_v1,curados_extendidos/parcelas_multianio_ubic_mun-lat-pix_n-cec-silt_v1.csv,multianio,ubic_mun-lat-pix,n-cec-silt,197,42,ID_POLIGONO|conjunto|rendimiento_t_ha|area_ha|ndvi_s2_int|ndvi_s2_media_sep_oct|crc_s2_media|vi6t_landsat_max|lai_planet_max|lluvia_ciclo_mm|pendiente_grados|elevacion_m|ndvi_s2_max_2022|ndvi_s2_int_2022|ndvi_s2_media_sep_oct_2022|ndvi_s2_max_2023|ndvi_s2_int_2023|ndvi_s2_media_sep_oct_2023|ndvi_s2_max_2024|ndvi_s2_int_2024|ndvi_s2_media_sep_oct_2024|crc_s2_media_2022|crc_s2_media_2023|crc_s2_media_2024|vi6t_landsat_max_2022|vi6t_landsat_max_2023|vi6t_landsat_max_2024|lluvia_ciclo_mm_2022|lluvia_ciclo_mm_2023|lluvia_ciclo_mm_2024|ndvi_s2_max_hist_media|ndvi_s2_int_hist_media|ndvi_s2_media_sep_oct_hist_media|crc_s2_media_hist_media|vi6t_landsat_max_hist_media|lluvia_ciclo_mm_hist_media|municipio|lat|pixel_clima|sg_nitrogen_0-5cm_mean|sg_cec_0-5cm_mean|sg_silt_0-5cm_mean,municipio|lat|pixel_clima,sg_nitrogen_0-5cm_mean|sg_cec_0-5cm_mean|sg_silt_0-5cm_mean,curados_extendidos,v1
parcelas_multianio_ubic_mun-lat-pix_edaf-cec-silt_v1,curados_extendidos/parcelas_multianio_ubic_mun-lat-pix_edaf-cec-silt_v1.csv,multianio,ubic_mun-lat-pix,edaf-cec-silt,197,42,ID_POLIGONO|conjunto|rendimiento_t_ha|area_ha|ndvi_s2_int|ndvi_s2_media_sep_oct|crc_s2_media|vi6t_landsat_max|lai_planet_max|lluvia_ciclo_mm|pendiente_grados|elevacion_m|ndvi_s2_max_2022|ndvi_s2_int_2022|ndvi_s2_media_sep_oct_2022|ndvi_s2_max_2023|ndvi_s2_int_2023|ndvi_s2_media_sep_oct_2023|ndvi_s2_max_2024|ndvi_s2_int_2024|ndvi_s2_media_sep_oct_2024|crc_s2_media_2022|crc_s2_media_2023|crc_s2_media_2024|vi6t_landsat_max_2022|vi6t_landsat_max_2023|vi6t_landsat_max_2024|lluvia_ciclo_mm_2022|lluvia_ciclo_mm_2023|lluvia_ciclo_mm_2024|ndvi_s2_max_hist_media|ndvi_s2_int_hist_media|ndvi_s2_media_sep_oct_hist_media|crc_s2_media_hist_media|vi6t_landsat_max_hist_media|lluvia_ciclo_mm_hist_media|municipio|lat|pixel_clima|edaf_grupo|sg_cec_0-5cm_mean|sg_silt_0-5cm_mean,municipio|lat|pixel_clima,edaf_grupo|sg_cec_0-5cm_mean|sg_silt_0-5cm_mean,curados_extendidos,v1
parcelas_multianio_ubic_mun-lat-pix_n-edaf-cec-silt_v1,curados_extendidos/parcelas_multianio_ubic_mun-lat-pix_n-edaf-cec-silt_v1.csv,multianio,ubic_mun-lat-pix,n-edaf-cec-silt,197,43,ID_POLIGONO|conjunto|rendimiento_t_ha|area_ha|ndvi_s2_int|ndvi_s2_media_sep_oct|crc_s2_media|vi6t_landsat_max|lai_planet_max|lluvia_ciclo_mm|pendiente_grados|elevacion_m|ndvi_s2_max_2022|ndvi_s2_int_2022|ndvi_s2_media_sep_oct_2022|ndvi_s2_max_2023|ndvi_s2_int_2023|ndvi_s2_media_sep_oct_2023|ndvi_s2_max_2024|ndvi_s2_int_2024|ndvi_s2_media_sep_oct_2024|crc_s2_media_2022|crc_s2_media_2023|crc_s2_media_2024|vi6t_landsat_max_2022|vi6t_landsat_max_2023|vi6t_landsat_max_2024|lluvia_ciclo_mm_2022|lluvia_ciclo_mm_2023|lluvia_ciclo_mm_2024|ndvi_s2_max_hist_media|ndvi_s2_int_hist_media|ndvi_s2_media_sep_oct_hist_media|crc_s2_media_hist_media|vi6t_landsat_max_hist_media|lluvia_ciclo_mm_hist_media|municipio|lat|pixel_clima|sg_nitrogen_0-5cm_mean|edaf_grupo|sg_cec_0-5cm_mean|sg_silt_0-5cm_mean,municipio|lat|pixel_clima,sg_nitrogen_0-5cm_mean|edaf_grupo|sg_cec_0-5cm_mean|sg_silt_0-5cm_mean,curados_extendidos,v1
parcelas_multianio_ubic_lon-lat-pix_reto_v1,curados_reto/parcelas_multianio_ubic_lon-lat-pix_reto_v1.csv,multianio,ubic_lon-lat-pix,reto,197,39,ID_POLIGONO|conjunto|rendimiento_t_ha|area_ha|ndvi_s2_int|ndvi_s2_media_sep_oct|crc_s2_media|vi6t_landsat_max|lai_planet_max|lluvia_ciclo_mm|pendiente_grados|elevacion_m|ndvi_s2_max_2022|ndvi_s2_int_2022|ndvi_s2_media_sep_oct_2022|ndvi_s2_max_2023|ndvi_s2_int_2023|ndvi_s2_media_sep_oct_2023|ndvi_s2_max_2024|ndvi_s2_int_2024|ndvi_s2_media_sep_oct_2024|crc_s2_media_2022|crc_s2_media_2023|crc_s2_media_2024|vi6t_landsat_max_2022|vi6t_landsat_max_2023|vi6t_landsat_max_2024|lluvia_ciclo_mm_2022|lluvia_ciclo_mm_2023|lluvia_ciclo_mm_2024|ndvi_s2_max_hist_media|ndvi_s2_int_hist_media|ndvi_s2_media_sep_oct_hist_media|crc_s2_media_hist_media|vi6t_landsat_max_hist_media|lluvia_ciclo_mm_hist_media|lon|lat|pixel_clima,lon|lat|pixel_clima,,curados_reto,v1
parcelas_multianio_ubic_lon-lat-pix_n_v1,curados_extendidos/parcelas_multianio_ubic_lon-lat-pix_n_v1.csv,multianio,ubic_lon-lat-pix,n,197,40,ID_POLIGONO|conjunto|rendimiento_t_ha|area_ha|ndvi_s2_int|ndvi_s2_media_sep_oct|crc_s2_media|vi6t_landsat_max|lai_planet_max|lluvia_ciclo_mm|pendiente_grados|elevacion_m|ndvi_s2_max_2022|ndvi_s2_int_2022|ndvi_s2_media_sep_oct_2022|ndvi_s2_max_2023|ndvi_s2_int_2023|ndvi_s2_media_sep_oct_2023|ndvi_s2_max_2024|ndvi_s2_int_2024|ndvi_s2_media_sep_oct_2024|crc_s2_media_2022|crc_s2_media_2023|crc_s2_media_2024|vi6t_landsat_max_2022|vi6t_landsat_max_2023|vi6t_landsat_max_2024|lluvia_ciclo_mm_2022|lluvia_ciclo_mm_2023|lluvia_ciclo_mm_2024|ndvi_s2_max_hist_media|ndvi_s2_int_hist_media|ndvi_s2_media_sep_oct_hist_media|crc_s2_media_hist_media|vi6t_landsat_max_hist_media|lluvia_ciclo_mm_hist_media|lon|lat|pixel_clima|sg_nitrogen_0-5cm_mean,lon|lat|pixel_clima,sg_nitrogen_0-5cm_mean,curados_extendidos,v1
parcelas_multianio_ubic_lon-lat-pix_edaf_v1,curados_extendidos/parcelas_multianio_ubic_lon-lat-pix_edaf_v1.csv,multianio,ubic_lon-lat-pix,edaf,197,40,ID_POLIGONO|conjunto|rendimiento_t_ha|area_ha|ndvi_s2_int|ndvi_s2_media_sep_oct|crc_s2_media|vi6t_landsat_max|lai_planet_max|lluvia_ciclo_mm|pendiente_grados|elevacion_m|ndvi_s2_max_2022|ndvi_s2_int_2022|ndvi_s2_media_sep_oct_2022|ndvi_s2_max_2023|ndvi_s2_int_2023|ndvi_s2_media_sep_oct_2023|ndvi_s2_max_2024|ndvi_s2_int_2024|ndvi_s2_media_sep_oct_2024|crc_s2_media_2022|crc_s2_media_2023|crc_s2_media_2024|vi6t_landsat_max_2022|vi6t_landsat_max_2023|vi6t_landsat_max_2024|lluvia_ciclo_mm_2022|lluvia_ciclo_mm_2023|lluvia_ciclo_mm_2024|ndvi_s2_max_hist_media|ndvi_s2_int_hist_media|ndvi_s2_media_sep_oct_hist_media|crc_s2_media_hist_media|vi6t_landsat_max_hist_media|lluvia_ciclo_mm_hist_media|lon|lat|pixel_clima|edaf_grupo,lon|lat|pixel_clima,edaf_grupo,curados_extendidos,v1
parcelas_multianio_ubic_lon-lat-pix_cec_v1,curados_extendidos/parcelas_multianio_ubic_lon-lat-pix_cec_v1.csv,multianio,ubic_lon-lat-pix,cec,197,40,ID_POLIGONO|conjunto|rendimiento_t_ha|area_ha|ndvi_s2_int|ndvi_s2_media_sep_oct|crc_s2_media|vi6t_landsat_max|lai_planet_max|lluvia_ciclo_mm|pendiente_grados|elevacion_m|ndvi_s2_max_2022|ndvi_s2_int_2022|ndvi_s2_media_sep_oct_2022|ndvi_s2_max_2023|ndvi_s2_int_2023|ndvi_s2_media_sep_oct_2023|ndvi_s2_max_2024|ndvi_s2_int_2024|ndvi_s2_media_sep_oct_2024|crc_s2_media_2022|crc_s2_media_2023|crc_s2_media_2024|vi6t_landsat_max_2022|vi6t_landsat_max_2023|vi6t_landsat_max_2024|lluvia_ciclo_mm_2022|lluvia_ciclo_mm_2023|lluvia_ciclo_mm_2024|ndvi_s2_max_hist_media|ndvi_s2_int_hist_media|ndvi_s2_media_sep_oct_hist_media|crc_s2_media_hist_media|vi6t_landsat_max_hist_media|lluvia_ciclo_mm_hist_media|lon|lat|pixel_clima|sg_cec_0-5cm_mean,lon|lat|pixel_clima,sg_cec_0-5cm_mean,curados_extendidos,v1
parcelas_multianio_ubic_lon-lat-pix_silt_v1,curados_extendidos/parcelas_multianio_ubic_lon-lat-pix_silt_v1.csv,multianio,ubic_lon-lat-pix,silt,197,40,ID_POLIGONO|conjunto|rendimiento_t_ha|area_ha|ndvi_s2_int|ndvi_s2_media_sep_oct|crc_s2_media|vi6t_landsat_max|lai_planet_max|lluvia_ciclo_mm|pendiente_grados|elevacion_m|ndvi_s2_max_2022|ndvi_s2_int_2022|ndvi_s2_media_sep_oct_2022|ndvi_s2_max_2023|ndvi_s2_int_2023|ndvi_s2_media_sep_oct_2023|ndvi_s2_max_2024|ndvi_s2_int_2024|ndvi_s2_media_sep_oct_2024|crc_s2_media_2022|crc_s2_media_2023|crc_s2_media_2024|vi6t_landsat_max_2022|vi6t_landsat_max_2023|vi6t_landsat_max_2024|lluvia_ciclo_mm_2022|lluvia_ciclo_mm_2023|lluvia_ciclo_mm_2024|ndvi_s2_max_hist_media|ndvi_s2_int_hist_media|ndvi_s2_media_sep_oct_hist_media|crc_s2_media_hist_media|vi6t_landsat_max_hist_media|lluvia_ciclo_mm_hist_media|lon|lat|pixel_clima|sg_silt_0-5cm_mean,lon|lat|pixel_clima,sg_silt_0-5cm_mean,curados_extendidos,v1
parcelas_multianio_ubic_lon-lat-pix_n-edaf_v1,curados_extendidos/parcelas_multianio_ubic_lon-lat-pix_n-edaf_v1.csv,multianio,ubic_lon-lat-pix,n-edaf,197,41,ID_POLIGONO|conjunto|rendimiento_t_ha|area_ha|ndvi_s2_int|ndvi_s2_media_sep_oct|crc_s2_media|vi6t_landsat_max|lai_planet_max|lluvia_ciclo_mm|pendiente_grados|elevacion_m|ndvi_s2_max_2022|ndvi_s2_int_2022|ndvi_s2_media_sep_oct_2022|ndvi_s2_max_2023|ndvi_s2_int_2023|ndvi_s2_media_sep_oct_2023|ndvi_s2_max_2024|ndvi_s2_int_2024|ndvi_s2_media_sep_oct_2024|crc_s2_media_2022|crc_s2_media_2023|crc_s2_media_2024|vi6t_landsat_max_2022|vi6t_landsat_max_2023|vi6t_landsat_max_2024|lluvia_ciclo_mm_2022|lluvia_ciclo_mm_2023|lluvia_ciclo_mm_2024|ndvi_s2_max_hist_media|ndvi_s2_int_hist_media|ndvi_s2_media_sep_oct_hist_media|crc_s2_media_hist_media|vi6t_landsat_max_hist_media|lluvia_ciclo_mm_hist_media|lon|lat|pixel_clima|sg_nitrogen_0-5cm_mean|edaf_grupo,lon|lat|pixel_clima,sg_nitrogen_0-5cm_mean|edaf_grupo,curados_extendidos,v1
parcelas_multianio_ubic_lon-lat-pix_n-cec_v1,curados_extendidos/parcelas_multianio_ubic_lon-lat-pix_n-cec_v1.csv,multianio,ubic_lon-lat-pix,n-cec,197,41,ID_POLIGONO|conjunto|rendimiento_t_ha|area_ha|ndvi_s2_int|ndvi_s2_media_sep_oct|crc_s2_media|vi6t_landsat_max|lai_planet_max|lluvia_ciclo_mm|pendiente_grados|elevacion_m|ndvi_s2_max_2022|ndvi_s2_int_2022|ndvi_s2_media_sep_oct_2022|ndvi_s2_max_2023|ndvi_s2_int_2023|ndvi_s2_media_sep_oct_2023|ndvi_s2_max_2024|ndvi_s2_int_2024|ndvi_s2_media_sep_oct_2024|crc_s2_media_2022|crc_s2_media_2023|crc_s2_media_2024|vi6t_landsat_max_2022|vi6t_landsat_max_2023|vi6t_landsat_max_2024|lluvia_ciclo_mm_2022|lluvia_ciclo_mm_2023|lluvia_ciclo_mm_2024|ndvi_s2_max_hist_media|ndvi_s2_int_hist_media|ndvi_s2_media_sep_oct_hist_media|crc_s2_media_hist_media|vi6t_landsat_max_hist_media|lluvia_ciclo_mm_hist_media|lon|lat|pixel_clima|sg_nitrogen_0-5cm_mean|sg_cec_0-5cm_mean,lon|lat|pixel_clima,sg_nitrogen_0-5cm_mean|sg_cec_0-5cm_mean,curados_extendidos,v1
parcelas_multianio_ubic_lon-lat-pix_n-silt_v1,curados_extendidos/parcelas_multianio_ubic_lon-lat-pix_n-silt_v1.csv,multianio,ubic_lon-lat-pix,n-silt,197,41,ID_POLIGONO|conjunto|rendimiento_t_ha|area_ha|ndvi_s2_int|ndvi_s2_media_sep_oct|crc_s2_media|vi6t_landsat_max|lai_planet_max|lluvia_ciclo_mm|pendiente_grados|elevacion_m|ndvi_s2_max_2022|ndvi_s2_int_2022|ndvi_s2_media_sep_oct_2022|ndvi_s2_max_2023|ndvi_s2_int_2023|ndvi_s2_media_sep_oct_2023|ndvi_s2_max_2024|ndvi_s2_int_2024|ndvi_s2_media_sep_oct_2024|crc_s2_media_2022|crc_s2_media_2023|crc_s2_media_2024|vi6t_landsat_max_2022|vi6t_landsat_max_2023|vi6t_landsat_max_2024|lluvia_ciclo_mm_2022|lluvia_ciclo_mm_2023|lluvia_ciclo_mm_2024|ndvi_s2_max_hist_media|ndvi_s2_int_hist_media|ndvi_s2_media_sep_oct_hist_media|crc_s2_media_hist_media|vi6t_landsat_max_hist_media|lluvia_ciclo_mm_hist_media|lon|lat|pixel_clima|sg_nitrogen_0-5cm_mean|sg_silt_0-5cm_mean,lon|lat|pixel_clima,sg_nitrogen_0-5cm_mean|sg_silt_0-5cm_mean,curados_extendidos,v1
parcelas_multianio_ubic_lon-lat-pix_edaf-cec_v1,curados_extendidos/parcelas_multianio_ubic_lon-lat-pix_edaf-cec_v1.csv,multianio,ubic_lon-lat-pix,edaf-cec,197,41,ID_POLIGONO|conjunto|rendimiento_t_ha|area_ha|ndvi_s2_int|ndvi_s2_media_sep_oct|crc_s2_media|vi6t_landsat_max|lai_planet_max|lluvia_ciclo_mm|pendiente_grados|elevacion_m|ndvi_s2_max_2022|ndvi_s2_int_2022|ndvi_s2_media_sep_oct_2022|ndvi_s2_max_2023|ndvi_s2_int_2023|ndvi_s2_media_sep_oct_2023|ndvi_s2_max_2024|ndvi_s2_int_2024|ndvi_s2_media_sep_oct_2024|crc_s2_media_2022|crc_s2_media_2023|crc_s2_media_2024|vi6t_landsat_max_2022|vi6t_landsat_max_2023|vi6t_landsat_max_2024|lluvia_ciclo_mm_2022|lluvia_ciclo_mm_2023|lluvia_ciclo_mm_2024|ndvi_s2_max_hist_media|ndvi_s2_int_hist_media|ndvi_s2_media_sep_oct_hist_media|crc_s2_media_hist_media|vi6t_landsat_max_hist_media|lluvia_ciclo_mm_hist_media|lon|lat|pixel_clima|edaf_grupo|sg_cec_0-5cm_mean,lon|lat|pixel_clima,edaf_grupo|sg_cec_0-5cm_mean,curados_extendidos,v1
parcelas_multianio_ubic_lon-lat-pix_edaf-silt_v1,curados_extendidos/parcelas_multianio_ubic_lon-lat-pix_edaf-silt_v1.csv,multianio,ubic_lon-lat-pix,edaf-silt,197,41,ID_POLIGONO|conjunto|rendimiento_t_ha|area_ha|ndvi_s2_int|ndvi_s2_media_sep_oct|crc_s2_media|vi6t_landsat_max|lai_planet_max|lluvia_ciclo_mm|pendiente_grados|elevacion_m|ndvi_s2_max_2022|ndvi_s2_int_2022|ndvi_s2_media_sep_oct_2022|ndvi_s2_max_2023|ndvi_s2_int_2023|ndvi_s2_media_sep_oct_2023|ndvi_s2_max_2024|ndvi_s2_int_2024|ndvi_s2_media_sep_oct_2024|crc_s2_media_2022|crc_s2_media_2023|crc_s2_media_2024|vi6t_landsat_max_2022|vi6t_landsat_max_2023|vi6t_landsat_max_2024|lluvia_ciclo_mm_2022|lluvia_ciclo_mm_2023|lluvia_ciclo_mm_2024|ndvi_s2_max_hist_media|ndvi_s2_int_hist_media|ndvi_s2_media_sep_oct_hist_media|crc_s2_media_hist_media|vi6t_landsat_max_hist_media|lluvia_ciclo_mm_hist_media|lon|lat|pixel_clima|edaf_grupo|sg_silt_0-5cm_mean,lon|lat|pixel_clima,edaf_grupo|sg_silt_0-5cm_mean,curados_extendidos,v1
parcelas_multianio_ubic_lon-lat-pix_cec-silt_v1,curados_extendidos/parcelas_multianio_ubic_lon-lat-pix_cec-silt_v1.csv,multianio,ubic_lon-lat-pix,cec-silt,197,41,ID_POLIGONO|conjunto|rendimiento_t_ha|area_ha|ndvi_s2_int|ndvi_s2_media_sep_oct|crc_s2_media|vi6t_landsat_max|lai_planet_max|lluvia_ciclo_mm|pendiente_grados|elevacion_m|ndvi_s2_max_2022|ndvi_s2_int_2022|ndvi_s2_media_sep_oct_2022|ndvi_s2_max_2023|ndvi_s2_int_2023|ndvi_s2_media_sep_oct_2023|ndvi_s2_max_2024|ndvi_s2_int_2024|ndvi_s2_media_sep_oct_2024|crc_s2_media_2022|crc_s2_media_2023|crc_s2_media_2024|vi6t_landsat_max_2022|vi6t_landsat_max_2023|vi6t_landsat_max_2024|lluvia_ciclo_mm_2022|lluvia_ciclo_mm_2023|lluvia_ciclo_mm_2024|ndvi_s2_max_hist_media|ndvi_s2_int_hist_media|ndvi_s2_media_sep_oct_hist_media|crc_s2_media_hist_media|vi6t_landsat_max_hist_media|lluvia_ciclo_mm_hist_media|lon|lat|pixel_clima|sg_cec_0-5cm_mean|sg_silt_0-5cm_mean,lon|lat|pixel_clima,sg_cec_0-5cm_mean|sg_silt_0-5cm_mean,curados_extendidos,v1
parcelas_multianio_ubic_lon-lat-pix_n-edaf-cec_v1,curados_extendidos/parcelas_multianio_ubic_lon-lat-pix_n-edaf-cec_v1.csv,multianio,ubic_lon-lat-pix,n-edaf-cec,197,42,ID_POLIGONO|conjunto|rendimiento_t_ha|area_ha|ndvi_s2_int|ndvi_s2_media_sep_oct|crc_s2_media|vi6t_landsat_max|lai_planet_max|lluvia_ciclo_mm|pendiente_grados|elevacion_m|ndvi_s2_max_2022|ndvi_s2_int_2022|ndvi_s2_media_sep_oct_2022|ndvi_s2_max_2023|ndvi_s2_int_2023|ndvi_s2_media_sep_oct_2023|ndvi_s2_max_2024|ndvi_s2_int_2024|ndvi_s2_media_sep_oct_2024|crc_s2_media_2022|crc_s2_media_2023|crc_s2_media_2024|vi6t_landsat_max_2022|vi6t_landsat_max_2023|vi6t_landsat_max_2024|lluvia_ciclo_mm_2022|lluvia_ciclo_mm_2023|lluvia_ciclo_mm_2024|ndvi_s2_max_hist_media|ndvi_s2_int_hist_media|ndvi_s2_media_sep_oct_hist_media|crc_s2_media_hist_media|vi6t_landsat_max_hist_media|lluvia_ciclo_mm_hist_media|lon|lat|pixel_clima|sg_nitrogen_0-5cm_mean|edaf_grupo|sg_cec_0-5cm_mean,lon|lat|pixel_clima,sg_nitrogen_0-5cm_mean|edaf_grupo|sg_cec_0-5cm_mean,curados_extendidos,v1
parcelas_multianio_ubic_lon-lat-pix_n-edaf-silt_v1,curados_extendidos/parcelas_multianio_ubic_lon-lat-pix_n-edaf-silt_v1.csv,multianio,ubic_lon-lat-pix,n-edaf-silt,197,42,ID_POLIGONO|conjunto|rendimiento_t_ha|area_ha|ndvi_s2_int|ndvi_s2_media_sep_oct|crc_s2_media|vi6t_landsat_max|lai_planet_max|lluvia_ciclo_mm|pendiente_grados|elevacion_m|ndvi_s2_max_2022|ndvi_s2_int_2022|ndvi_s2_media_sep_oct_2022|ndvi_s2_max_2023|ndvi_s2_int_2023|ndvi_s2_media_sep_oct_2023|ndvi_s2_max_2024|ndvi_s2_int_2024|ndvi_s2_media_sep_oct_2024|crc_s2_media_2022|crc_s2_media_2023|crc_s2_media_2024|vi6t_landsat_max_2022|vi6t_landsat_max_2023|vi6t_landsat_max_2024|lluvia_ciclo_mm_2022|lluvia_ciclo_mm_2023|lluvia_ciclo_mm_2024|ndvi_s2_max_hist_media|ndvi_s2_int_hist_media|ndvi_s2_media_sep_oct_hist_media|crc_s2_media_hist_media|vi6t_landsat_max_hist_media|lluvia_ciclo_mm_hist_media|lon|lat|pixel_clima|sg_nitrogen_0-5cm_mean|edaf_grupo|sg_silt_0-5cm_mean,lon|lat|pixel_clima,sg_nitrogen_0-5cm_mean|edaf_grupo|sg_silt_0-5cm_mean,curados_extendidos,v1
parcelas_multianio_ubic_lon-lat-pix_n-cec-silt_v1,curados_extendidos/parcelas_multianio_ubic_lon-lat-pix_n-cec-silt_v1.csv,multianio,ubic_lon-lat-pix,n-cec-silt,197,42,ID_POLIGONO|conjunto|rendimiento_t_ha|area_ha|ndvi_s2_int|ndvi_s2_media_sep_oct|crc_s2_media|vi6t_landsat_max|lai_planet_max|lluvia_ciclo_mm|pendiente_grados|elevacion_m|ndvi_s2_max_2022|ndvi_s2_int_2022|ndvi_s2_media_sep_oct_2022|ndvi_s2_max_2023|ndvi_s2_int_2023|ndvi_s2_media_sep_oct_2023|ndvi_s2_max_2024|ndvi_s2_int_2024|ndvi_s2_media_sep_oct_2024|crc_s2_media_2022|crc_s2_media_2023|crc_s2_media_2024|vi6t_landsat_max_2022|vi6t_landsat_max_2023|vi6t_landsat_max_2024|lluvia_ciclo_mm_2022|lluvia_ciclo_mm_2023|lluvia_ciclo_mm_2024|ndvi_s2_max_hist_media|ndvi_s2_int_hist_media|ndvi_s2_media_sep_oct_hist_media|crc_s2_media_hist_media|vi6t_landsat_max_hist_media|lluvia_ciclo_mm_hist_media|lon|lat|pixel_clima|sg_nitrogen_0-5cm_mean|sg_cec_0-5cm_mean|sg_silt_0-5cm_mean,lon|lat|pixel_clima,sg_nitrogen_0-5cm_mean|sg_cec_0-5cm_mean|sg_silt_0-5cm_mean,curados_extendidos,v1
parcelas_multianio_ubic_lon-lat-pix_edaf-cec-silt_v1,curados_extendidos/parcelas_multianio_ubic_lon-lat-pix_edaf-cec-silt_v1.csv,multianio,ubic_lon-lat-pix,edaf-cec-silt,197,42,ID_POLIGONO|conjunto|rendimiento_t_ha|area_ha|ndvi_s2_int|ndvi_s2_media_sep_oct|crc_s2_media|vi6t_landsat_max|lai_planet_max|lluvia_ciclo_mm|pendiente_grados|elevacion_m|ndvi_s2_max_2022|ndvi_s2_int_2022|ndvi_s2_media_sep_oct_2022|ndvi_s2_max_2023|ndvi_s2_int_2023|ndvi_s2_media_sep_oct_2023|ndvi_s2_max_2024|ndvi_s2_int_2024|ndvi_s2_media_sep_oct_2024|crc_s2_media_2022|crc_s2_media_2023|crc_s2_media_2024|vi6t_landsat_max_2022|vi6t_landsat_max_2023|vi6t_landsat_max_2024|lluvia_ciclo_mm_2022|lluvia_ciclo_mm_2023|lluvia_ciclo_mm_2024|ndvi_s2_max_hist_media|ndvi_s2_int_hist_media|ndvi_s2_media_sep_oct_hist_media|crc_s2_media_hist_media|vi6t_landsat_max_hist_media|lluvia_ciclo_mm_hist_media|lon|lat|pixel_clima|edaf_grupo|sg_cec_0-5cm_mean|sg_silt_0-5cm_mean,lon|lat|pixel_clima,edaf_grupo|sg_cec_0-5cm_mean|sg_silt_0-5cm_mean,curados_extendidos,v1
parcelas_multianio_ubic_lon-lat-pix_n-edaf-cec-silt_v1,curados_extendidos/parcelas_multianio_ubic_lon-lat-pix_n-edaf-cec-silt_v1.csv,multianio,ubic_lon-lat-pix,n-edaf-cec-silt,197,43,ID_POLIGONO|conjunto|rendimiento_t_ha|area_ha|ndvi_s2_int|ndvi_s2_media_sep_oct|crc_s2_media|vi6t_landsat_max|lai_planet_max|lluvia_ciclo_mm|pendiente_grados|elevacion_m|ndvi_s2_max_2022|ndvi_s2_int_2022|ndvi_s2_media_sep_oct_2022|ndvi_s2_max_2023|ndvi_s2_int_2023|ndvi_s2_media_sep_oct_2023|ndvi_s2_max_2024|ndvi_s2_int_2024|ndvi_s2_media_sep_oct_2024|crc_s2_media_2022|crc_s2_media_2023|crc_s2_media_2024|vi6t_landsat_max_2022|vi6t_landsat_max_2023|vi6t_landsat_max_2024|lluvia_ciclo_mm_2022|lluvia_ciclo_mm_2023|lluvia_ciclo_mm_2024|ndvi_s2_max_hist_media|ndvi_s2_int_hist_media|ndvi_s2_media_sep_oct_hist_media|crc_s2_media_hist_media|vi6t_landsat_max_hist_media|lluvia_ciclo_mm_hist_media|lon|lat|pixel_clima|sg_nitrogen_0-5cm_mean|edaf_grupo|sg_cec_0-5cm_mean|sg_silt_0-5cm_mean,lon|lat|pixel_clima,sg_nitrogen_0-5cm_mean|edaf_grupo|sg_cec_0-5cm_mean|sg_silt_0-5cm_mean,curados_extendidos,v1
parcelas_multianio_ubic_est-mun-lon-lat_reto_v1,curados_reto/parcelas_multianio_ubic_est-mun-lon-lat_reto_v1.csv,multianio,ubic_est-mun-lon-lat,reto,197,40,ID_POLIGONO|conjunto|rendimiento_t_ha|area_ha|ndvi_s2_int|ndvi_s2_media_sep_oct|crc_s2_media|vi6t_landsat_max|lai_planet_max|lluvia_ciclo_mm|pendiente_grados|elevacion_m|ndvi_s2_max_2022|ndvi_s2_int_2022|ndvi_s2_media_sep_oct_2022|ndvi_s2_max_2023|ndvi_s2_int_2023|ndvi_s2_media_sep_oct_2023|ndvi_s2_max_2024|ndvi_s2_int_2024|ndvi_s2_media_sep_oct_2024|crc_s2_media_2022|crc_s2_media_2023|crc_s2_media_2024|vi6t_landsat_max_2022|vi6t_landsat_max_2023|vi6t_landsat_max_2024|lluvia_ciclo_mm_2022|lluvia_ciclo_mm_2023|lluvia_ciclo_mm_2024|ndvi_s2_max_hist_media|ndvi_s2_int_hist_media|ndvi_s2_media_sep_oct_hist_media|crc_s2_media_hist_media|vi6t_landsat_max_hist_media|lluvia_ciclo_mm_hist_media|estado|municipio|lon|lat,estado|municipio|lon|lat,,curados_reto,v1
parcelas_multianio_ubic_est-mun-lon-lat_n_v1,curados_extendidos/parcelas_multianio_ubic_est-mun-lon-lat_n_v1.csv,multianio,ubic_est-mun-lon-lat,n,197,41,ID_POLIGONO|conjunto|rendimiento_t_ha|area_ha|ndvi_s2_int|ndvi_s2_media_sep_oct|crc_s2_media|vi6t_landsat_max|lai_planet_max|lluvia_ciclo_mm|pendiente_grados|elevacion_m|ndvi_s2_max_2022|ndvi_s2_int_2022|ndvi_s2_media_sep_oct_2022|ndvi_s2_max_2023|ndvi_s2_int_2023|ndvi_s2_media_sep_oct_2023|ndvi_s2_max_2024|ndvi_s2_int_2024|ndvi_s2_media_sep_oct_2024|crc_s2_media_2022|crc_s2_media_2023|crc_s2_media_2024|vi6t_landsat_max_2022|vi6t_landsat_max_2023|vi6t_landsat_max_2024|lluvia_ciclo_mm_2022|lluvia_ciclo_mm_2023|lluvia_ciclo_mm_2024|ndvi_s2_max_hist_media|ndvi_s2_int_hist_media|ndvi_s2_media_sep_oct_hist_media|crc_s2_media_hist_media|vi6t_landsat_max_hist_media|lluvia_ciclo_mm_hist_media|estado|municipio|lon|lat|sg_nitrogen_0-5cm_mean,estado|municipio|lon|lat,sg_nitrogen_0-5cm_mean,curados_extendidos,v1
parcelas_multianio_ubic_est-mun-lon-lat_edaf_v1,curados_extendidos/parcelas_multianio_ubic_est-mun-lon-lat_edaf_v1.csv,multianio,ubic_est-mun-lon-lat,edaf,197,41,ID_POLIGONO|conjunto|rendimiento_t_ha|area_ha|ndvi_s2_int|ndvi_s2_media_sep_oct|crc_s2_media|vi6t_landsat_max|lai_planet_max|lluvia_ciclo_mm|pendiente_grados|elevacion_m|ndvi_s2_max_2022|ndvi_s2_int_2022|ndvi_s2_media_sep_oct_2022|ndvi_s2_max_2023|ndvi_s2_int_2023|ndvi_s2_media_sep_oct_2023|ndvi_s2_max_2024|ndvi_s2_int_2024|ndvi_s2_media_sep_oct_2024|crc_s2_media_2022|crc_s2_media_2023|crc_s2_media_2024|vi6t_landsat_max_2022|vi6t_landsat_max_2023|vi6t_landsat_max_2024|lluvia_ciclo_mm_2022|lluvia_ciclo_mm_2023|lluvia_ciclo_mm_2024|ndvi_s2_max_hist_media|ndvi_s2_int_hist_media|ndvi_s2_media_sep_oct_hist_media|crc_s2_media_hist_media|vi6t_landsat_max_hist_media|lluvia_ciclo_mm_hist_media|estado|municipio|lon|lat|edaf_grupo,estado|municipio|lon|lat,edaf_grupo,curados_extendidos,v1
parcelas_multianio_ubic_est-mun-lon-lat_cec_v1,curados_extendidos/parcelas_multianio_ubic_est-mun-lon-lat_cec_v1.csv,multianio,ubic_est-mun-lon-lat,cec,197,41,ID_POLIGONO|conjunto|rendimiento_t_ha|area_ha|ndvi_s2_int|ndvi_s2_media_sep_oct|crc_s2_media|vi6t_landsat_max|lai_planet_max|lluvia_ciclo_mm|pendiente_grados|elevacion_m|ndvi_s2_max_2022|ndvi_s2_int_2022|ndvi_s2_media_sep_oct_2022|ndvi_s2_max_2023|ndvi_s2_int_2023|ndvi_s2_media_sep_oct_2023|ndvi_s2_max_2024|ndvi_s2_int_2024|ndvi_s2_media_sep_oct_2024|crc_s2_media_2022|crc_s2_media_2023|crc_s2_media_2024|vi6t_landsat_max_2022|vi6t_landsat_max_2023|vi6t_landsat_max_2024|lluvia_ciclo_mm_2022|lluvia_ciclo_mm_2023|lluvia_ciclo_mm_2024|ndvi_s2_max_hist_media|ndvi_s2_int_hist_media|ndvi_s2_media_sep_oct_hist_media|crc_s2_media_hist_media|vi6t_landsat_max_hist_media|lluvia_ciclo_mm_hist_media|estado|municipio|lon|lat|sg_cec_0-5cm_mean,estado|municipio|lon|lat,sg_cec_0-5cm_mean,curados_extendidos,v1
parcelas_multianio_ubic_est-mun-lon-lat_silt_v1,curados_extendidos/parcelas_multianio_ubic_est-mun-lon-lat_silt_v1.csv,multianio,ubic_est-mun-lon-lat,silt,197,41,ID_POLIGONO|conjunto|rendimiento_t_ha|area_ha|ndvi_s2_int|ndvi_s2_media_sep_oct|crc_s2_media|vi6t_landsat_max|lai_planet_max|lluvia_ciclo_mm|pendiente_grados|elevacion_m|ndvi_s2_max_2022|ndvi_s2_int_2022|ndvi_s2_media_sep_oct_2022|ndvi_s2_max_2023|ndvi_s2_int_2023|ndvi_s2_media_sep_oct_2023|ndvi_s2_max_2024|ndvi_s2_int_2024|ndvi_s2_media_sep_oct_2024|crc_s2_media_2022|crc_s2_media_2023|crc_s2_media_2024|vi6t_landsat_max_2022|vi6t_landsat_max_2023|vi6t_landsat_max_2024|lluvia_ciclo_mm_2022|lluvia_ciclo_mm_2023|lluvia_ciclo_mm_2024|ndvi_s2_max_hist_media|ndvi_s2_int_hist_media|ndvi_s2_media_sep_oct_hist_media|crc_s2_media_hist_media|vi6t_landsat_max_hist_media|lluvia_ciclo_mm_hist_media|estado|municipio|lon|lat|sg_silt_0-5cm_mean,estado|municipio|lon|lat,sg_silt_0-5cm_mean,curados_extendidos,v1
parcelas_multianio_ubic_est-mun-lon-lat_n-edaf_v1,curados_extendidos/parcelas_multianio_ubic_est-mun-lon-lat_n-edaf_v1.csv,multianio,ubic_est-mun-lon-lat,n-edaf,197,42,ID_POLIGONO|conjunto|rendimiento_t_ha|area_ha|ndvi_s2_int|ndvi_s2_media_sep_oct|crc_s2_media|vi6t_landsat_max|lai_planet_max|lluvia_ciclo_mm|pendiente_grados|elevacion_m|ndvi_s2_max_2022|ndvi_s2_int_2022|ndvi_s2_media_sep_oct_2022|ndvi_s2_max_2023|ndvi_s2_int_2023|ndvi_s2_media_sep_oct_2023|ndvi_s2_max_2024|ndvi_s2_int_2024|ndvi_s2_media_sep_oct_2024|crc_s2_media_2022|crc_s2_media_2023|crc_s2_media_2024|vi6t_landsat_max_2022|vi6t_landsat_max_2023|vi6t_landsat_max_2024|lluvia_ciclo_mm_2022|lluvia_ciclo_mm_2023|lluvia_ciclo_mm_2024|ndvi_s2_max_hist_media|ndvi_s2_int_hist_media|ndvi_s2_media_sep_oct_hist_media|crc_s2_media_hist_media|vi6t_landsat_max_hist_media|lluvia_ciclo_mm_hist_media|estado|municipio|lon|lat|sg_nitrogen_0-5cm_mean|edaf_grupo,estado|municipio|lon|lat,sg_nitrogen_0-5cm_mean|edaf_grupo,curados_extendidos,v1
parcelas_multianio_ubic_est-mun-lon-lat_n-cec_v1,curados_extendidos/parcelas_multianio_ubic_est-mun-lon-lat_n-cec_v1.csv,multianio,ubic_est-mun-lon-lat,n-cec,197,42,ID_POLIGONO|conjunto|rendimiento_t_ha|area_ha|ndvi_s2_int|ndvi_s2_media_sep_oct|crc_s2_media|vi6t_landsat_max|lai_planet_max|lluvia_ciclo_mm|pendiente_grados|elevacion_m|ndvi_s2_max_2022|ndvi_s2_int_2022|ndvi_s2_media_sep_oct_2022|ndvi_s2_max_2023|ndvi_s2_int_2023|ndvi_s2_media_sep_oct_2023|ndvi_s2_max_2024|ndvi_s2_int_2024|ndvi_s2_media_sep_oct_2024|crc_s2_media_2022|crc_s2_media_2023|crc_s2_media_2024|vi6t_landsat_max_2022|vi6t_landsat_max_2023|vi6t_landsat_max_2024|lluvia_ciclo_mm_2022|lluvia_ciclo_mm_2023|lluvia_ciclo_mm_2024|ndvi_s2_max_hist_media|ndvi_s2_int_hist_media|ndvi_s2_media_sep_oct_hist_media|crc_s2_media_hist_media|vi6t_landsat_max_hist_media|lluvia_ciclo_mm_hist_media|estado|municipio|lon|lat|sg_nitrogen_0-5cm_mean|sg_cec_0-5cm_mean,estado|municipio|lon|lat,sg_nitrogen_0-5cm_mean|sg_cec_0-5cm_mean,curados_extendidos,v1
parcelas_multianio_ubic_est-mun-lon-lat_n-silt_v1,curados_extendidos/parcelas_multianio_ubic_est-mun-lon-lat_n-silt_v1.csv,multianio,ubic_est-mun-lon-lat,n-silt,197,42,ID_POLIGONO|conjunto|rendimiento_t_ha|area_ha|ndvi_s2_int|ndvi_s2_media_sep_oct|crc_s2_media|vi6t_landsat_max|lai_planet_max|lluvia_ciclo_mm|pendiente_grados|elevacion_m|ndvi_s2_max_2022|ndvi_s2_int_2022|ndvi_s2_media_sep_oct_2022|ndvi_s2_max_2023|ndvi_s2_int_2023|ndvi_s2_media_sep_oct_2023|ndvi_s2_max_2024|ndvi_s2_int_2024|ndvi_s2_media_sep_oct_2024|crc_s2_media_2022|crc_s2_media_2023|crc_s2_media_2024|vi6t_landsat_max_2022|vi6t_landsat_max_2023|vi6t_landsat_max_2024|lluvia_ciclo_mm_2022|lluvia_ciclo_mm_2023|lluvia_ciclo_mm_2024|ndvi_s2_max_hist_media|ndvi_s2_int_hist_media|ndvi_s2_media_sep_oct_hist_media|crc_s2_media_hist_media|vi6t_landsat_max_hist_media|lluvia_ciclo_mm_hist_media|estado|municipio|lon|lat|sg_nitrogen_0-5cm_mean|sg_silt_0-5cm_mean,estado|municipio|lon|lat,sg_nitrogen_0-5cm_mean|sg_silt_0-5cm_mean,curados_extendidos,v1
parcelas_multianio_ubic_est-mun-lon-lat_edaf-cec_v1,curados_extendidos/parcelas_multianio_ubic_est-mun-lon-lat_edaf-cec_v1.csv,multianio,ubic_est-mun-lon-lat,edaf-cec,197,42,ID_POLIGONO|conjunto|rendimiento_t_ha|area_ha|ndvi_s2_int|ndvi_s2_media_sep_oct|crc_s2_media|vi6t_landsat_max|lai_planet_max|lluvia_ciclo_mm|pendiente_grados|elevacion_m|ndvi_s2_max_2022|ndvi_s2_int_2022|ndvi_s2_media_sep_oct_2022|ndvi_s2_max_2023|ndvi_s2_int_2023|ndvi_s2_media_sep_oct_2023|ndvi_s2_max_2024|ndvi_s2_int_2024|ndvi_s2_media_sep_oct_2024|crc_s2_media_2022|crc_s2_media_2023|crc_s2_media_2024|vi6t_landsat_max_2022|vi6t_landsat_max_2023|vi6t_landsat_max_2024|lluvia_ciclo_mm_2022|lluvia_ciclo_mm_2023|lluvia_ciclo_mm_2024|ndvi_s2_max_hist_media|ndvi_s2_int_hist_media|ndvi_s2_media_sep_oct_hist_media|crc_s2_media_hist_media|vi6t_landsat_max_hist_media|lluvia_ciclo_mm_hist_media|estado|municipio|lon|lat|edaf_grupo|sg_cec_0-5cm_mean,estado|municipio|lon|lat,edaf_grupo|sg_cec_0-5cm_mean,curados_extendidos,v1
parcelas_multianio_ubic_est-mun-lon-lat_edaf-silt_v1,curados_extendidos/parcelas_multianio_ubic_est-mun-lon-lat_edaf-silt_v1.csv,multianio,ubic_est-mun-lon-lat,edaf-silt,197,42,ID_POLIGONO|conjunto|rendimiento_t_ha|area_ha|ndvi_s2_int|ndvi_s2_media_sep_oct|crc_s2_media|vi6t_landsat_max|lai_planet_max|lluvia_ciclo_mm|pendiente_grados|elevacion_m|ndvi_s2_max_2022|ndvi_s2_int_2022|ndvi_s2_media_sep_oct_2022|ndvi_s2_max_2023|ndvi_s2_int_2023|ndvi_s2_media_sep_oct_2023|ndvi_s2_max_2024|ndvi_s2_int_2024|ndvi_s2_media_sep_oct_2024|crc_s2_media_2022|crc_s2_media_2023|crc_s2_media_2024|vi6t_landsat_max_2022|vi6t_landsat_max_2023|vi6t_landsat_max_2024|lluvia_ciclo_mm_2022|lluvia_ciclo_mm_2023|lluvia_ciclo_mm_2024|ndvi_s2_max_hist_media|ndvi_s2_int_hist_media|ndvi_s2_media_sep_oct_hist_media|crc_s2_media_hist_media|vi6t_landsat_max_hist_media|lluvia_ciclo_mm_hist_media|estado|municipio|lon|lat|edaf_grupo|sg_silt_0-5cm_mean,estado|municipio|lon|lat,edaf_grupo|sg_silt_0-5cm_mean,curados_extendidos,v1
parcelas_multianio_ubic_est-mun-lon-lat_cec-silt_v1,curados_extendidos/parcelas_multianio_ubic_est-mun-lon-lat_cec-silt_v1.csv,multianio,ubic_est-mun-lon-lat,cec-silt,197,42,ID_POLIGONO|conjunto|rendimiento_t_ha|area_ha|ndvi_s2_int|ndvi_s2_media_sep_oct|crc_s2_media|vi6t_landsat_max|lai_planet_max|lluvia_ciclo_mm|pendiente_grados|elevacion_m|ndvi_s2_max_2022|ndvi_s2_int_2022|ndvi_s2_media_sep_oct_2022|ndvi_s2_max_2023|ndvi_s2_int_2023|ndvi_s2_media_sep_oct_2023|ndvi_s2_max_2024|ndvi_s2_int_2024|ndvi_s2_media_sep_oct_2024|crc_s2_media_2022|crc_s2_media_2023|crc_s2_media_2024|vi6t_landsat_max_2022|vi6t_landsat_max_2023|vi6t_landsat_max_2024|lluvia_ciclo_mm_2022|lluvia_ciclo_mm_2023|lluvia_ciclo_mm_2024|ndvi_s2_max_hist_media|ndvi_s2_int_hist_media|ndvi_s2_media_sep_oct_hist_media|crc_s2_media_hist_media|vi6t_landsat_max_hist_media|lluvia_ciclo_mm_hist_media|estado|municipio|lon|lat|sg_cec_0-5cm_mean|sg_silt_0-5cm_mean,estado|municipio|lon|lat,sg_cec_0-5cm_mean|sg_silt_0-5cm_mean,curados_extendidos,v1
parcelas_multianio_ubic_est-mun-lon-lat_n-edaf-cec_v1,curados_extendidos/parcelas_multianio_ubic_est-mun-lon-lat_n-edaf-cec_v1.csv,multianio,ubic_est-mun-lon-lat,n-edaf-cec,197,43,ID_POLIGONO|conjunto|rendimiento_t_ha|area_ha|ndvi_s2_int|ndvi_s2_media_sep_oct|crc_s2_media|vi6t_landsat_max|lai_planet_max|lluvia_ciclo_mm|pendiente_grados|elevacion_m|ndvi_s2_max_2022|ndvi_s2_int_2022|ndvi_s2_media_sep_oct_2022|ndvi_s2_max_2023|ndvi_s2_int_2023|ndvi_s2_media_sep_oct_2023|ndvi_s2_max_2024|ndvi_s2_int_2024|ndvi_s2_media_sep_oct_2024|crc_s2_media_2022|crc_s2_media_2023|crc_s2_media_2024|vi6t_landsat_max_2022|vi6t_landsat_max_2023|vi6t_landsat_max_2024|lluvia_ciclo_mm_2022|lluvia_ciclo_mm_2023|lluvia_ciclo_mm_2024|ndvi_s2_max_hist_media|ndvi_s2_int_hist_media|ndvi_s2_media_sep_oct_hist_media|crc_s2_media_hist_media|vi6t_landsat_max_hist_media|lluvia_ciclo_mm_hist_media|estado|municipio|lon|lat|sg_nitrogen_0-5cm_mean|edaf_grupo|sg_cec_0-5cm_mean,estado|municipio|lon|lat,sg_nitrogen_0-5cm_mean|edaf_grupo|sg_cec_0-5cm_mean,curados_extendidos,v1
parcelas_multianio_ubic_est-mun-lon-lat_n-edaf-silt_v1,curados_extendidos/parcelas_multianio_ubic_est-mun-lon-lat_n-edaf-silt_v1.csv,multianio,ubic_est-mun-lon-lat,n-edaf-silt,197,43,ID_POLIGONO|conjunto|rendimiento_t_ha|area_ha|ndvi_s2_int|ndvi_s2_media_sep_oct|crc_s2_media|vi6t_landsat_max|lai_planet_max|lluvia_ciclo_mm|pendiente_grados|elevacion_m|ndvi_s2_max_2022|ndvi_s2_int_2022|ndvi_s2_media_sep_oct_2022|ndvi_s2_max_2023|ndvi_s2_int_2023|ndvi_s2_media_sep_oct_2023|ndvi_s2_max_2024|ndvi_s2_int_2024|ndvi_s2_media_sep_oct_2024|crc_s2_media_2022|crc_s2_media_2023|crc_s2_media_2024|vi6t_landsat_max_2022|vi6t_landsat_max_2023|vi6t_landsat_max_2024|lluvia_ciclo_mm_2022|lluvia_ciclo_mm_2023|lluvia_ciclo_mm_2024|ndvi_s2_max_hist_media|ndvi_s2_int_hist_media|ndvi_s2_media_sep_oct_hist_media|crc_s2_media_hist_media|vi6t_landsat_max_hist_media|lluvia_ciclo_mm_hist_media|estado|municipio|lon|lat|sg_nitrogen_0-5cm_mean|edaf_grupo|sg_silt_0-5cm_mean,estado|municipio|lon|lat,sg_nitrogen_0-5cm_mean|edaf_grupo|sg_silt_0-5cm_mean,curados_extendidos,v1
parcelas_multianio_ubic_est-mun-lon-lat_n-cec-silt_v1,curados_extendidos/parcelas_multianio_ubic_est-mun-lon-lat_n-cec-silt_v1.csv,multianio,ubic_est-mun-lon-lat,n-cec-silt,197,43,ID_POLIGONO|conjunto|rendimiento_t_ha|area_ha|ndvi_s2_int|ndvi_s2_media_sep_oct|crc_s2_media|vi6t_landsat_max|lai_planet_max|lluvia_ciclo_mm|pendiente_grados|elevacion_m|ndvi_s2_max_2022|ndvi_s2_int_2022|ndvi_s2_media_sep_oct_2022|ndvi_s2_max_2023|ndvi_s2_int_2023|ndvi_s2_media_sep_oct_2023|ndvi_s2_max_2024|ndvi_s2_int_2024|ndvi_s2_media_sep_oct_2024|crc_s2_media_2022|crc_s2_media_2023|crc_s2_media_2024|vi6t_landsat_max_2022|vi6t_landsat_max_2023|vi6t_landsat_max_2024|lluvia_ciclo_mm_2022|lluvia_ciclo_mm_2023|lluvia_ciclo_mm_2024|ndvi_s2_max_hist_media|ndvi_s2_int_hist_media|ndvi_s2_media_sep_oct_hist_media|crc_s2_media_hist_media|vi6t_landsat_max_hist_media|lluvia_ciclo_mm_hist_media|estado|municipio|lon|lat|sg_nitrogen_0-5cm_mean|sg_cec_0-5cm_mean|sg_silt_0-5cm_mean,estado|municipio|lon|lat,sg_nitrogen_0-5cm_mean|sg_cec_0-5cm_mean|sg_silt_0-5cm_mean,curados_extendidos,v1
parcelas_multianio_ubic_est-mun-lon-lat_edaf-cec-silt_v1,curados_extendidos/parcelas_multianio_ubic_est-mun-lon-lat_edaf-cec-silt_v1.csv,multianio,ubic_est-mun-lon-lat,edaf-cec-silt,197,43,ID_POLIGONO|conjunto|rendimiento_t_ha|area_ha|ndvi_s2_int|ndvi_s2_media_sep_oct|crc_s2_media|vi6t_landsat_max|lai_planet_max|lluvia_ciclo_mm|pendiente_grados|elevacion_m|ndvi_s2_max_2022|ndvi_s2_int_2022|ndvi_s2_media_sep_oct_2022|ndvi_s2_max_2023|ndvi_s2_int_2023|ndvi_s2_media_sep_oct_2023|ndvi_s2_max_2024|ndvi_s2_int_2024|ndvi_s2_media_sep_oct_2024|crc_s2_media_2022|crc_s2_media_2023|crc_s2_media_2024|vi6t_landsat_max_2022|vi6t_landsat_max_2023|vi6t_landsat_max_2024|lluvia_ciclo_mm_2022|lluvia_ciclo_mm_2023|lluvia_ciclo_mm_2024|ndvi_s2_max_hist_media|ndvi_s2_int_hist_media|ndvi_s2_media_sep_oct_hist_media|crc_s2_media_hist_media|vi6t_landsat_max_hist_media|lluvia_ciclo_mm_hist_media|estado|municipio|lon|lat|edaf_grupo|sg_cec_0-5cm_mean|sg_silt_0-5cm_mean,estado|municipio|lon|lat,edaf_grupo|sg_cec_0-5cm_mean|sg_silt_0-5cm_mean,curados_extendidos,v1
parcelas_multianio_ubic_est-mun-lon-lat_n-edaf-cec-silt_v1,curados_extendidos/parcelas_multianio_ubic_est-mun-lon-lat_n-edaf-cec-silt_v1.csv,multianio,ubic_est-mun-lon-lat,n-edaf-cec-silt,197,44,ID_POLIGONO|conjunto|rendimiento_t_ha|area_ha|ndvi_s2_int|ndvi_s2_media_sep_oct|crc_s2_media|vi6t_landsat_max|lai_planet_max|lluvia_ciclo_mm|pendiente_grados|elevacion_m|ndvi_s2_max_2022|ndvi_s2_int_2022|ndvi_s2_media_sep_oct_2022|ndvi_s2_max_2023|ndvi_s2_int_2023|ndvi_s2_media_sep_oct_2023|ndvi_s2_max_2024|ndvi_s2_int_2024|ndvi_s2_media_sep_oct_2024|crc_s2_media_2022|crc_s2_media_2023|crc_s2_media_2024|vi6t_landsat_max_2022|vi6t_landsat_max_2023|vi6t_landsat_max_2024|lluvia_ciclo_mm_2022|lluvia_ciclo_mm_2023|lluvia_ciclo_mm_2024|ndvi_s2_max_hist_media|ndvi_s2_int_hist_media|ndvi_s2_media_sep_oct_hist_media|crc_s2_media_hist_media|vi6t_landsat_max_hist_media|lluvia_ciclo_mm_hist_media|estado|municipio|lon|lat|sg_nitrogen_0-5cm_mean|edaf_grupo|sg_cec_0-5cm_mean|sg_silt_0-5cm_mean,estado|municipio|lon|lat,sg_nitrogen_0-5cm_mean|edaf_grupo|sg_cec_0-5cm_mean|sg_silt_0-5cm_mean,curados_extendidos,v1
parcelas_multianio_ubic_est-mun-lon-pix_reto_v1,curados_reto/parcelas_multianio_ubic_est-mun-lon-pix_reto_v1.csv,multianio,ubic_est-mun-lon-pix,reto,197,40,ID_POLIGONO|conjunto|rendimiento_t_ha|area_ha|ndvi_s2_int|ndvi_s2_media_sep_oct|crc_s2_media|vi6t_landsat_max|lai_planet_max|lluvia_ciclo_mm|pendiente_grados|elevacion_m|ndvi_s2_max_2022|ndvi_s2_int_2022|ndvi_s2_media_sep_oct_2022|ndvi_s2_max_2023|ndvi_s2_int_2023|ndvi_s2_media_sep_oct_2023|ndvi_s2_max_2024|ndvi_s2_int_2024|ndvi_s2_media_sep_oct_2024|crc_s2_media_2022|crc_s2_media_2023|crc_s2_media_2024|vi6t_landsat_max_2022|vi6t_landsat_max_2023|vi6t_landsat_max_2024|lluvia_ciclo_mm_2022|lluvia_ciclo_mm_2023|lluvia_ciclo_mm_2024|ndvi_s2_max_hist_media|ndvi_s2_int_hist_media|ndvi_s2_media_sep_oct_hist_media|crc_s2_media_hist_media|vi6t_landsat_max_hist_media|lluvia_ciclo_mm_hist_media|estado|municipio|lon|pixel_clima,estado|municipio|lon|pixel_clima,,curados_reto,v1
parcelas_multianio_ubic_est-mun-lon-pix_n_v1,curados_extendidos/parcelas_multianio_ubic_est-mun-lon-pix_n_v1.csv,multianio,ubic_est-mun-lon-pix,n,197,41,ID_POLIGONO|conjunto|rendimiento_t_ha|area_ha|ndvi_s2_int|ndvi_s2_media_sep_oct|crc_s2_media|vi6t_landsat_max|lai_planet_max|lluvia_ciclo_mm|pendiente_grados|elevacion_m|ndvi_s2_max_2022|ndvi_s2_int_2022|ndvi_s2_media_sep_oct_2022|ndvi_s2_max_2023|ndvi_s2_int_2023|ndvi_s2_media_sep_oct_2023|ndvi_s2_max_2024|ndvi_s2_int_2024|ndvi_s2_media_sep_oct_2024|crc_s2_media_2022|crc_s2_media_2023|crc_s2_media_2024|vi6t_landsat_max_2022|vi6t_landsat_max_2023|vi6t_landsat_max_2024|lluvia_ciclo_mm_2022|lluvia_ciclo_mm_2023|lluvia_ciclo_mm_2024|ndvi_s2_max_hist_media|ndvi_s2_int_hist_media|ndvi_s2_media_sep_oct_hist_media|crc_s2_media_hist_media|vi6t_landsat_max_hist_media|lluvia_ciclo_mm_hist_media|estado|municipio|lon|pixel_clima|sg_nitrogen_0-5cm_mean,estado|municipio|lon|pixel_clima,sg_nitrogen_0-5cm_mean,curados_extendidos,v1
parcelas_multianio_ubic_est-mun-lon-pix_edaf_v1,curados_extendidos/parcelas_multianio_ubic_est-mun-lon-pix_edaf_v1.csv,multianio,ubic_est-mun-lon-pix,edaf,197,41,ID_POLIGONO|conjunto|rendimiento_t_ha|area_ha|ndvi_s2_int|ndvi_s2_media_sep_oct|crc_s2_media|vi6t_landsat_max|lai_planet_max|lluvia_ciclo_mm|pendiente_grados|elevacion_m|ndvi_s2_max_2022|ndvi_s2_int_2022|ndvi_s2_media_sep_oct_2022|ndvi_s2_max_2023|ndvi_s2_int_2023|ndvi_s2_media_sep_oct_2023|ndvi_s2_max_2024|ndvi_s2_int_2024|ndvi_s2_media_sep_oct_2024|crc_s2_media_2022|crc_s2_media_2023|crc_s2_media_2024|vi6t_landsat_max_2022|vi6t_landsat_max_2023|vi6t_landsat_max_2024|lluvia_ciclo_mm_2022|lluvia_ciclo_mm_2023|lluvia_ciclo_mm_2024|ndvi_s2_max_hist_media|ndvi_s2_int_hist_media|ndvi_s2_media_sep_oct_hist_media|crc_s2_media_hist_media|vi6t_landsat_max_hist_media|lluvia_ciclo_mm_hist_media|estado|municipio|lon|pixel_clima|edaf_grupo,estado|municipio|lon|pixel_clima,edaf_grupo,curados_extendidos,v1
parcelas_multianio_ubic_est-mun-lon-pix_cec_v1,curados_extendidos/parcelas_multianio_ubic_est-mun-lon-pix_cec_v1.csv,multianio,ubic_est-mun-lon-pix,cec,197,41,ID_POLIGONO|conjunto|rendimiento_t_ha|area_ha|ndvi_s2_int|ndvi_s2_media_sep_oct|crc_s2_media|vi6t_landsat_max|lai_planet_max|lluvia_ciclo_mm|pendiente_grados|elevacion_m|ndvi_s2_max_2022|ndvi_s2_int_2022|ndvi_s2_media_sep_oct_2022|ndvi_s2_max_2023|ndvi_s2_int_2023|ndvi_s2_media_sep_oct_2023|ndvi_s2_max_2024|ndvi_s2_int_2024|ndvi_s2_media_sep_oct_2024|crc_s2_media_2022|crc_s2_media_2023|crc_s2_media_2024|vi6t_landsat_max_2022|vi6t_landsat_max_2023|vi6t_landsat_max_2024|lluvia_ciclo_mm_2022|lluvia_ciclo_mm_2023|lluvia_ciclo_mm_2024|ndvi_s2_max_hist_media|ndvi_s2_int_hist_media|ndvi_s2_media_sep_oct_hist_media|crc_s2_media_hist_media|vi6t_landsat_max_hist_media|lluvia_ciclo_mm_hist_media|estado|municipio|lon|pixel_clima|sg_cec_0-5cm_mean,estado|municipio|lon|pixel_clima,sg_cec_0-5cm_mean,curados_extendidos,v1
parcelas_multianio_ubic_est-mun-lon-pix_silt_v1,curados_extendidos/parcelas_multianio_ubic_est-mun-lon-pix_silt_v1.csv,multianio,ubic_est-mun-lon-pix,silt,197,41,ID_POLIGONO|conjunto|rendimiento_t_ha|area_ha|ndvi_s2_int|ndvi_s2_media_sep_oct|crc_s2_media|vi6t_landsat_max|lai_planet_max|lluvia_ciclo_mm|pendiente_grados|elevacion_m|ndvi_s2_max_2022|ndvi_s2_int_2022|ndvi_s2_media_sep_oct_2022|ndvi_s2_max_2023|ndvi_s2_int_2023|ndvi_s2_media_sep_oct_2023|ndvi_s2_max_2024|ndvi_s2_int_2024|ndvi_s2_media_sep_oct_2024|crc_s2_media_2022|crc_s2_media_2023|crc_s2_media_2024|vi6t_landsat_max_2022|vi6t_landsat_max_2023|vi6t_landsat_max_2024|lluvia_ciclo_mm_2022|lluvia_ciclo_mm_2023|lluvia_ciclo_mm_2024|ndvi_s2_max_hist_media|ndvi_s2_int_hist_media|ndvi_s2_media_sep_oct_hist_media|crc_s2_media_hist_media|vi6t_landsat_max_hist_media|lluvia_ciclo_mm_hist_media|estado|municipio|lon|pixel_clima|sg_silt_0-5cm_mean,estado|municipio|lon|pixel_clima,sg_silt_0-5cm_mean,curados_extendidos,v1
parcelas_multianio_ubic_est-mun-lon-pix_n-edaf_v1,curados_extendidos/parcelas_multianio_ubic_est-mun-lon-pix_n-edaf_v1.csv,multianio,ubic_est-mun-lon-pix,n-edaf,197,42,ID_POLIGONO|conjunto|rendimiento_t_ha|area_ha|ndvi_s2_int|ndvi_s2_media_sep_oct|crc_s2_media|vi6t_landsat_max|lai_planet_max|lluvia_ciclo_mm|pendiente_grados|elevacion_m|ndvi_s2_max_2022|ndvi_s2_int_2022|ndvi_s2_media_sep_oct_2022|ndvi_s2_max_2023|ndvi_s2_int_2023|ndvi_s2_media_sep_oct_2023|ndvi_s2_max_2024|ndvi_s2_int_2024|ndvi_s2_media_sep_oct_2024|crc_s2_media_2022|crc_s2_media_2023|crc_s2_media_2024|vi6t_landsat_max_2022|vi6t_landsat_max_2023|vi6t_landsat_max_2024|lluvia_ciclo_mm_2022|lluvia_ciclo_mm_2023|lluvia_ciclo_mm_2024|ndvi_s2_max_hist_media|ndvi_s2_int_hist_media|ndvi_s2_media_sep_oct_hist_media|crc_s2_media_hist_media|vi6t_landsat_max_hist_media|lluvia_ciclo_mm_hist_media|estado|municipio|lon|pixel_clima|sg_nitrogen_0-5cm_mean|edaf_grupo,estado|municipio|lon|pixel_clima,sg_nitrogen_0-5cm_mean|edaf_grupo,curados_extendidos,v1
parcelas_multianio_ubic_est-mun-lon-pix_n-cec_v1,curados_extendidos/parcelas_multianio_ubic_est-mun-lon-pix_n-cec_v1.csv,multianio,ubic_est-mun-lon-pix,n-cec,197,42,ID_POLIGONO|conjunto|rendimiento_t_ha|area_ha|ndvi_s2_int|ndvi_s2_media_sep_oct|crc_s2_media|vi6t_landsat_max|lai_planet_max|lluvia_ciclo_mm|pendiente_grados|elevacion_m|ndvi_s2_max_2022|ndvi_s2_int_2022|ndvi_s2_media_sep_oct_2022|ndvi_s2_max_2023|ndvi_s2_int_2023|ndvi_s2_media_sep_oct_2023|ndvi_s2_max_2024|ndvi_s2_int_2024|ndvi_s2_media_sep_oct_2024|crc_s2_media_2022|crc_s2_media_2023|crc_s2_media_2024|vi6t_landsat_max_2022|vi6t_landsat_max_2023|vi6t_landsat_max_2024|lluvia_ciclo_mm_2022|lluvia_ciclo_mm_2023|lluvia_ciclo_mm_2024|ndvi_s2_max_hist_media|ndvi_s2_int_hist_media|ndvi_s2_media_sep_oct_hist_media|crc_s2_media_hist_media|vi6t_landsat_max_hist_media|lluvia_ciclo_mm_hist_media|estado|municipio|lon|pixel_clima|sg_nitrogen_0-5cm_mean|sg_cec_0-5cm_mean,estado|municipio|lon|pixel_clima,sg_nitrogen_0-5cm_mean|sg_cec_0-5cm_mean,curados_extendidos,v1
parcelas_multianio_ubic_est-mun-lon-pix_n-silt_v1,curados_extendidos/parcelas_multianio_ubic_est-mun-lon-pix_n-silt_v1.csv,multianio,ubic_est-mun-lon-pix,n-silt,197,42,ID_POLIGONO|conjunto|rendimiento_t_ha|area_ha|ndvi_s2_int|ndvi_s2_media_sep_oct|crc_s2_media|vi6t_landsat_max|lai_planet_max|lluvia_ciclo_mm|pendiente_grados|elevacion_m|ndvi_s2_max_2022|ndvi_s2_int_2022|ndvi_s2_media_sep_oct_2022|ndvi_s2_max_2023|ndvi_s2_int_2023|ndvi_s2_media_sep_oct_2023|ndvi_s2_max_2024|ndvi_s2_int_2024|ndvi_s2_media_sep_oct_2024|crc_s2_media_2022|crc_s2_media_2023|crc_s2_media_2024|vi6t_landsat_max_2022|vi6t_landsat_max_2023|vi6t_landsat_max_2024|lluvia_ciclo_mm_2022|lluvia_ciclo_mm_2023|lluvia_ciclo_mm_2024|ndvi_s2_max_hist_media|ndvi_s2_int_hist_media|ndvi_s2_media_sep_oct_hist_media|crc_s2_media_hist_media|vi6t_landsat_max_hist_media|lluvia_ciclo_mm_hist_media|estado|municipio|lon|pixel_clima|sg_nitrogen_0-5cm_mean|sg_silt_0-5cm_mean,estado|municipio|lon|pixel_clima,sg_nitrogen_0-5cm_mean|sg_silt_0-5cm_mean,curados_extendidos,v1
parcelas_multianio_ubic_est-mun-lon-pix_edaf-cec_v1,curados_extendidos/parcelas_multianio_ubic_est-mun-lon-pix_edaf-cec_v1.csv,multianio,ubic_est-mun-lon-pix,edaf-cec,197,42,ID_POLIGONO|conjunto|rendimiento_t_ha|area_ha|ndvi_s2_int|ndvi_s2_media_sep_oct|crc_s2_media|vi6t_landsat_max|lai_planet_max|lluvia_ciclo_mm|pendiente_grados|elevacion_m|ndvi_s2_max_2022|ndvi_s2_int_2022|ndvi_s2_media_sep_oct_2022|ndvi_s2_max_2023|ndvi_s2_int_2023|ndvi_s2_media_sep_oct_2023|ndvi_s2_max_2024|ndvi_s2_int_2024|ndvi_s2_media_sep_oct_2024|crc_s2_media_2022|crc_s2_media_2023|crc_s2_media_2024|vi6t_landsat_max_2022|vi6t_landsat_max_2023|vi6t_landsat_max_2024|lluvia_ciclo_mm_2022|lluvia_ciclo_mm_2023|lluvia_ciclo_mm_2024|ndvi_s2_max_hist_media|ndvi_s2_int_hist_media|ndvi_s2_media_sep_oct_hist_media|crc_s2_media_hist_media|vi6t_landsat_max_hist_media|lluvia_ciclo_mm_hist_media|estado|municipio|lon|pixel_clima|edaf_grupo|sg_cec_0-5cm_mean,estado|municipio|lon|pixel_clima,edaf_grupo|sg_cec_0-5cm_mean,curados_extendidos,v1
parcelas_multianio_ubic_est-mun-lon-pix_edaf-silt_v1,curados_extendidos/parcelas_multianio_ubic_est-mun-lon-pix_edaf-silt_v1.csv,multianio,ubic_est-mun-lon-pix,edaf-silt,197,42,ID_POLIGONO|conjunto|rendimiento_t_ha|area_ha|ndvi_s2_int|ndvi_s2_media_sep_oct|crc_s2_media|vi6t_landsat_max|lai_planet_max|lluvia_ciclo_mm|pendiente_grados|elevacion_m|ndvi_s2_max_2022|ndvi_s2_int_2022|ndvi_s2_media_sep_oct_2022|ndvi_s2_max_2023|ndvi_s2_int_2023|ndvi_s2_media_sep_oct_2023|ndvi_s2_max_2024|ndvi_s2_int_2024|ndvi_s2_media_sep_oct_2024|crc_s2_media_2022|crc_s2_media_2023|crc_s2_media_2024|vi6t_landsat_max_2022|vi6t_landsat_max_2023|vi6t_landsat_max_2024|lluvia_ciclo_mm_2022|lluvia_ciclo_mm_2023|lluvia_ciclo_mm_2024|ndvi_s2_max_hist_media|ndvi_s2_int_hist_media|ndvi_s2_media_sep_oct_hist_media|crc_s2_media_hist_media|vi6t_landsat_max_hist_media|lluvia_ciclo_mm_hist_media|estado|municipio|lon|pixel_clima|edaf_grupo|sg_silt_0-5cm_mean,estado|municipio|lon|pixel_clima,edaf_grupo|sg_silt_0-5cm_mean,curados_extendidos,v1
parcelas_multianio_ubic_est-mun-lon-pix_cec-silt_v1,curados_extendidos/parcelas_multianio_ubic_est-mun-lon-pix_cec-silt_v1.csv,multianio,ubic_est-mun-lon-pix,cec-silt,197,42,ID_POLIGONO|conjunto|rendimiento_t_ha|area_ha|ndvi_s2_int|ndvi_s2_media_sep_oct|crc_s2_media|vi6t_landsat_max|lai_planet_max|lluvia_ciclo_mm|pendiente_grados|elevacion_m|ndvi_s2_max_2022|ndvi_s2_int_2022|ndvi_s2_media_sep_oct_2022|ndvi_s2_max_2023|ndvi_s2_int_2023|ndvi_s2_media_sep_oct_2023|ndvi_s2_max_2024|ndvi_s2_int_2024|ndvi_s2_media_sep_oct_2024|crc_s2_media_2022|crc_s2_media_2023|crc_s2_media_2024|vi6t_landsat_max_2022|vi6t_landsat_max_2023|vi6t_landsat_max_2024|lluvia_ciclo_mm_2022|lluvia_ciclo_mm_2023|lluvia_ciclo_mm_2024|ndvi_s2_max_hist_media|ndvi_s2_int_hist_media|ndvi_s2_media_sep_oct_hist_media|crc_s2_media_hist_media|vi6t_landsat_max_hist_media|lluvia_ciclo_mm_hist_media|estado|municipio|lon|pixel_clima|sg_cec_0-5cm_mean|sg_silt_0-5cm_mean,estado|municipio|lon|pixel_clima,sg_cec_0-5cm_mean|sg_silt_0-5cm_mean,curados_extendidos,v1
parcelas_multianio_ubic_est-mun-lon-pix_n-edaf-cec_v1,curados_extendidos/parcelas_multianio_ubic_est-mun-lon-pix_n-edaf-cec_v1.csv,multianio,ubic_est-mun-lon-pix,n-edaf-cec,197,43,ID_POLIGONO|conjunto|rendimiento_t_ha|area_ha|ndvi_s2_int|ndvi_s2_media_sep_oct|crc_s2_media|vi6t_landsat_max|lai_planet_max|lluvia_ciclo_mm|pendiente_grados|elevacion_m|ndvi_s2_max_2022|ndvi_s2_int_2022|ndvi_s2_media_sep_oct_2022|ndvi_s2_max_2023|ndvi_s2_int_2023|ndvi_s2_media_sep_oct_2023|ndvi_s2_max_2024|ndvi_s2_int_2024|ndvi_s2_media_sep_oct_2024|crc_s2_media_2022|crc_s2_media_2023|crc_s2_media_2024|vi6t_landsat_max_2022|vi6t_landsat_max_2023|vi6t_landsat_max_2024|lluvia_ciclo_mm_2022|lluvia_ciclo_mm_2023|lluvia_ciclo_mm_2024|ndvi_s2_max_hist_media|ndvi_s2_int_hist_media|ndvi_s2_media_sep_oct_hist_media|crc_s2_media_hist_media|vi6t_landsat_max_hist_media|lluvia_ciclo_mm_hist_media|estado|municipio|lon|pixel_clima|sg_nitrogen_0-5cm_mean|edaf_grupo|sg_cec_0-5cm_mean,estado|municipio|lon|pixel_clima,sg_nitrogen_0-5cm_mean|edaf_grupo|sg_cec_0-5cm_mean,curados_extendidos,v1
parcelas_multianio_ubic_est-mun-lon-pix_n-edaf-silt_v1,curados_extendidos/parcelas_multianio_ubic_est-mun-lon-pix_n-edaf-silt_v1.csv,multianio,ubic_est-mun-lon-pix,n-edaf-silt,197,43,ID_POLIGONO|conjunto|rendimiento_t_ha|area_ha|ndvi_s2_int|ndvi_s2_media_sep_oct|crc_s2_media|vi6t_landsat_max|lai_planet_max|lluvia_ciclo_mm|pendiente_grados|elevacion_m|ndvi_s2_max_2022|ndvi_s2_int_2022|ndvi_s2_media_sep_oct_2022|ndvi_s2_max_2023|ndvi_s2_int_2023|ndvi_s2_media_sep_oct_2023|ndvi_s2_max_2024|ndvi_s2_int_2024|ndvi_s2_media_sep_oct_2024|crc_s2_media_2022|crc_s2_media_2023|crc_s2_media_2024|vi6t_landsat_max_2022|vi6t_landsat_max_2023|vi6t_landsat_max_2024|lluvia_ciclo_mm_2022|lluvia_ciclo_mm_2023|lluvia_ciclo_mm_2024|ndvi_s2_max_hist_media|ndvi_s2_int_hist_media|ndvi_s2_media_sep_oct_hist_media|crc_s2_media_hist_media|vi6t_landsat_max_hist_media|lluvia_ciclo_mm_hist_media|estado|municipio|lon|pixel_clima|sg_nitrogen_0-5cm_mean|edaf_grupo|sg_silt_0-5cm_mean,estado|municipio|lon|pixel_clima,sg_nitrogen_0-5cm_mean|edaf_grupo|sg_silt_0-5cm_mean,curados_extendidos,v1
parcelas_multianio_ubic_est-mun-lon-pix_n-cec-silt_v1,curados_extendidos/parcelas_multianio_ubic_est-mun-lon-pix_n-cec-silt_v1.csv,multianio,ubic_est-mun-lon-pix,n-cec-silt,197,43,ID_POLIGONO|conjunto|rendimiento_t_ha|area_ha|ndvi_s2_int|ndvi_s2_media_sep_oct|crc_s2_media|vi6t_landsat_max|lai_planet_max|lluvia_ciclo_mm|pendiente_grados|elevacion_m|ndvi_s2_max_2022|ndvi_s2_int_2022|ndvi_s2_media_sep_oct_2022|ndvi_s2_max_2023|ndvi_s2_int_2023|ndvi_s2_media_sep_oct_2023|ndvi_s2_max_2024|ndvi_s2_int_2024|ndvi_s2_media_sep_oct_2024|crc_s2_media_2022|crc_s2_media_2023|crc_s2_media_2024|vi6t_landsat_max_2022|vi6t_landsat_max_2023|vi6t_landsat_max_2024|lluvia_ciclo_mm_2022|lluvia_ciclo_mm_2023|lluvia_ciclo_mm_2024|ndvi_s2_max_hist_media|ndvi_s2_int_hist_media|ndvi_s2_media_sep_oct_hist_media|crc_s2_media_hist_media|vi6t_landsat_max_hist_media|lluvia_ciclo_mm_hist_media|estado|municipio|lon|pixel_clima|sg_nitrogen_0-5cm_mean|sg_cec_0-5cm_mean|sg_silt_0-5cm_mean,estado|municipio|lon|pixel_clima,sg_nitrogen_0-5cm_mean|sg_cec_0-5cm_mean|sg_silt_0-5cm_mean,curados_extendidos,v1
parcelas_multianio_ubic_est-mun-lon-pix_edaf-cec-silt_v1,curados_extendidos/parcelas_multianio_ubic_est-mun-lon-pix_edaf-cec-silt_v1.csv,multianio,ubic_est-mun-lon-pix,edaf-cec-silt,197,43,ID_POLIGONO|conjunto|rendimiento_t_ha|area_ha|ndvi_s2_int|ndvi_s2_media_sep_oct|crc_s2_media|vi6t_landsat_max|lai_planet_max|lluvia_ciclo_mm|pendiente_grados|elevacion_m|ndvi_s2_max_2022|ndvi_s2_int_2022|ndvi_s2_media_sep_oct_2022|ndvi_s2_max_2023|ndvi_s2_int_2023|ndvi_s2_media_sep_oct_2023|ndvi_s2_max_2024|ndvi_s2_int_2024|ndvi_s2_media_sep_oct_2024|crc_s2_media_2022|crc_s2_media_2023|crc_s2_media_2024|vi6t_landsat_max_2022|vi6t_landsat_max_2023|vi6t_landsat_max_2024|lluvia_ciclo_mm_2022|lluvia_ciclo_mm_2023|lluvia_ciclo_mm_2024|ndvi_s2_max_hist_media|ndvi_s2_int_hist_media|ndvi_s2_media_sep_oct_hist_media|crc_s2_media_hist_media|vi6t_landsat_max_hist_media|lluvia_ciclo_mm_hist_media|estado|municipio|lon|pixel_clima|edaf_grupo|sg_cec_0-5cm_mean|sg_silt_0-5cm_mean,estado|municipio|lon|pixel_clima,edaf_grupo|sg_cec_0-5cm_mean|sg_silt_0-5cm_mean,curados_extendidos,v1
parcelas_multianio_ubic_est-mun-lon-pix_n-edaf-cec-silt_v1,curados_extendidos/parcelas_multianio_ubic_est-mun-lon-pix_n-edaf-cec-silt_v1.csv,multianio,ubic_est-mun-lon-pix,n-edaf-cec-silt,197,44,ID_POLIGONO|conjunto|rendimiento_t_ha|area_ha|ndvi_s2_int|ndvi_s2_media_sep_oct|crc_s2_media|vi6t_landsat_max|lai_planet_max|lluvia_ciclo_mm|pendiente_grados|elevacion_m|ndvi_s2_max_2022|ndvi_s2_int_2022|ndvi_s2_media_sep_oct_2022|ndvi_s2_max_2023|ndvi_s2_int_2023|ndvi_s2_media_sep_oct_2023|ndvi_s2_max_2024|ndvi_s2_int_2024|ndvi_s2_media_sep_oct_2024|crc_s2_media_2022|crc_s2_media_2023|crc_s2_media_2024|vi6t_landsat_max_2022|vi6t_landsat_max_2023|vi6t_landsat_max_2024|lluvia_ciclo_mm_2022|lluvia_ciclo_mm_2023|lluvia_ciclo_mm_2024|ndvi_s2_max_hist_media|ndvi_s2_int_hist_media|ndvi_s2_media_sep_oct_hist_media|crc_s2_media_hist_media|vi6t_landsat_max_hist_media|lluvia_ciclo_mm_hist_media|estado|municipio|lon|pixel_clima|sg_nitrogen_0-5cm_mean|edaf_grupo|sg_cec_0-5cm_mean|sg_silt_0-5cm_mean,estado|municipio|lon|pixel_clima,sg_nitrogen_0-5cm_mean|edaf_grupo|sg_cec_0-5cm_mean|sg_silt_0-5cm_mean,curados_extendidos,v1
parcelas_multianio_ubic_est-mun-lat-pix_reto_v1,curados_reto/parcelas_multianio_ubic_est-mun-lat-pix_reto_v1.csv,multianio,ubic_est-mun-lat-pix,reto,197,40,ID_POLIGONO|conjunto|rendimiento_t_ha|area_ha|ndvi_s2_int|ndvi_s2_media_sep_oct|crc_s2_media|vi6t_landsat_max|lai_planet_max|lluvia_ciclo_mm|pendiente_grados|elevacion_m|ndvi_s2_max_2022|ndvi_s2_int_2022|ndvi_s2_media_sep_oct_2022|ndvi_s2_max_2023|ndvi_s2_int_2023|ndvi_s2_media_sep_oct_2023|ndvi_s2_max_2024|ndvi_s2_int_2024|ndvi_s2_media_sep_oct_2024|crc_s2_media_2022|crc_s2_media_2023|crc_s2_media_2024|vi6t_landsat_max_2022|vi6t_landsat_max_2023|vi6t_landsat_max_2024|lluvia_ciclo_mm_2022|lluvia_ciclo_mm_2023|lluvia_ciclo_mm_2024|ndvi_s2_max_hist_media|ndvi_s2_int_hist_media|ndvi_s2_media_sep_oct_hist_media|crc_s2_media_hist_media|vi6t_landsat_max_hist_media|lluvia_ciclo_mm_hist_media|estado|municipio|lat|pixel_clima,estado|municipio|lat|pixel_clima,,curados_reto,v1
parcelas_multianio_ubic_est-mun-lat-pix_n_v1,curados_extendidos/parcelas_multianio_ubic_est-mun-lat-pix_n_v1.csv,multianio,ubic_est-mun-lat-pix,n,197,41,ID_POLIGONO|conjunto|rendimiento_t_ha|area_ha|ndvi_s2_int|ndvi_s2_media_sep_oct|crc_s2_media|vi6t_landsat_max|lai_planet_max|lluvia_ciclo_mm|pendiente_grados|elevacion_m|ndvi_s2_max_2022|ndvi_s2_int_2022|ndvi_s2_media_sep_oct_2022|ndvi_s2_max_2023|ndvi_s2_int_2023|ndvi_s2_media_sep_oct_2023|ndvi_s2_max_2024|ndvi_s2_int_2024|ndvi_s2_media_sep_oct_2024|crc_s2_media_2022|crc_s2_media_2023|crc_s2_media_2024|vi6t_landsat_max_2022|vi6t_landsat_max_2023|vi6t_landsat_max_2024|lluvia_ciclo_mm_2022|lluvia_ciclo_mm_2023|lluvia_ciclo_mm_2024|ndvi_s2_max_hist_media|ndvi_s2_int_hist_media|ndvi_s2_media_sep_oct_hist_media|crc_s2_media_hist_media|vi6t_landsat_max_hist_media|lluvia_ciclo_mm_hist_media|estado|municipio|lat|pixel_clima|sg_nitrogen_0-5cm_mean,estado|municipio|lat|pixel_clima,sg_nitrogen_0-5cm_mean,curados_extendidos,v1
parcelas_multianio_ubic_est-mun-lat-pix_edaf_v1,curados_extendidos/parcelas_multianio_ubic_est-mun-lat-pix_edaf_v1.csv,multianio,ubic_est-mun-lat-pix,edaf,197,41,ID_POLIGONO|conjunto|rendimiento_t_ha|area_ha|ndvi_s2_int|ndvi_s2_media_sep_oct|crc_s2_media|vi6t_landsat_max|lai_planet_max|lluvia_ciclo_mm|pendiente_grados|elevacion_m|ndvi_s2_max_2022|ndvi_s2_int_2022|ndvi_s2_media_sep_oct_2022|ndvi_s2_max_2023|ndvi_s2_int_2023|ndvi_s2_media_sep_oct_2023|ndvi_s2_max_2024|ndvi_s2_int_2024|ndvi_s2_media_sep_oct_2024|crc_s2_media_2022|crc_s2_media_2023|crc_s2_media_2024|vi6t_landsat_max_2022|vi6t_landsat_max_2023|vi6t_landsat_max_2024|lluvia_ciclo_mm_2022|lluvia_ciclo_mm_2023|lluvia_ciclo_mm_2024|ndvi_s2_max_hist_media|ndvi_s2_int_hist_media|ndvi_s2_media_sep_oct_hist_media|crc_s2_media_hist_media|vi6t_landsat_max_hist_media|lluvia_ciclo_mm_hist_media|estado|municipio|lat|pixel_clima|edaf_grupo,estado|municipio|lat|pixel_clima,edaf_grupo,curados_extendidos,v1
parcelas_multianio_ubic_est-mun-lat-pix_cec_v1,curados_extendidos/parcelas_multianio_ubic_est-mun-lat-pix_cec_v1.csv,multianio,ubic_est-mun-lat-pix,cec,197,41,ID_POLIGONO|conjunto|rendimiento_t_ha|area_ha|ndvi_s2_int|ndvi_s2_media_sep_oct|crc_s2_media|vi6t_landsat_max|lai_planet_max|lluvia_ciclo_mm|pendiente_grados|elevacion_m|ndvi_s2_max_2022|ndvi_s2_int_2022|ndvi_s2_media_sep_oct_2022|ndvi_s2_max_2023|ndvi_s2_int_2023|ndvi_s2_media_sep_oct_2023|ndvi_s2_max_2024|ndvi_s2_int_2024|ndvi_s2_media_sep_oct_2024|crc_s2_media_2022|crc_s2_media_2023|crc_s2_media_2024|vi6t_landsat_max_2022|vi6t_landsat_max_2023|vi6t_landsat_max_2024|lluvia_ciclo_mm_2022|lluvia_ciclo_mm_2023|lluvia_ciclo_mm_2024|ndvi_s2_max_hist_media|ndvi_s2_int_hist_media|ndvi_s2_media_sep_oct_hist_media|crc_s2_media_hist_media|vi6t_landsat_max_hist_media|lluvia_ciclo_mm_hist_media|estado|municipio|lat|pixel_clima|sg_cec_0-5cm_mean,estado|municipio|lat|pixel_clima,sg_cec_0-5cm_mean,curados_extendidos,v1
parcelas_multianio_ubic_est-mun-lat-pix_silt_v1,curados_extendidos/parcelas_multianio_ubic_est-mun-lat-pix_silt_v1.csv,multianio,ubic_est-mun-lat-pix,silt,197,41,ID_POLIGONO|conjunto|rendimiento_t_ha|area_ha|ndvi_s2_int|ndvi_s2_media_sep_oct|crc_s2_media|vi6t_landsat_max|lai_planet_max|lluvia_ciclo_mm|pendiente_grados|elevacion_m|ndvi_s2_max_2022|ndvi_s2_int_2022|ndvi_s2_media_sep_oct_2022|ndvi_s2_max_2023|ndvi_s2_int_2023|ndvi_s2_media_sep_oct_2023|ndvi_s2_max_2024|ndvi_s2_int_2024|ndvi_s2_media_sep_oct_2024|crc_s2_media_2022|crc_s2_media_2023|crc_s2_media_2024|vi6t_landsat_max_2022|vi6t_landsat_max_2023|vi6t_landsat_max_2024|lluvia_ciclo_mm_2022|lluvia_ciclo_mm_2023|lluvia_ciclo_mm_2024|ndvi_s2_max_hist_media|ndvi_s2_int_hist_media|ndvi_s2_media_sep_oct_hist_media|crc_s2_media_hist_media|vi6t_landsat_max_hist_media|lluvia_ciclo_mm_hist_media|estado|municipio|lat|pixel_clima|sg_silt_0-5cm_mean,estado|municipio|lat|pixel_clima,sg_silt_0-5cm_mean,curados_extendidos,v1
parcelas_multianio_ubic_est-mun-lat-pix_n-edaf_v1,curados_extendidos/parcelas_multianio_ubic_est-mun-lat-pix_n-edaf_v1.csv,multianio,ubic_est-mun-lat-pix,n-edaf,197,42,ID_POLIGONO|conjunto|rendimiento_t_ha|area_ha|ndvi_s2_int|ndvi_s2_media_sep_oct|crc_s2_media|vi6t_landsat_max|lai_planet_max|lluvia_ciclo_mm|pendiente_grados|elevacion_m|ndvi_s2_max_2022|ndvi_s2_int_2022|ndvi_s2_media_sep_oct_2022|ndvi_s2_max_2023|ndvi_s2_int_2023|ndvi_s2_media_sep_oct_2023|ndvi_s2_max_2024|ndvi_s2_int_2024|ndvi_s2_media_sep_oct_2024|crc_s2_media_2022|crc_s2_media_2023|crc_s2_media_2024|vi6t_landsat_max_2022|vi6t_landsat_max_2023|vi6t_landsat_max_2024|lluvia_ciclo_mm_2022|lluvia_ciclo_mm_2023|lluvia_ciclo_mm_2024|ndvi_s2_max_hist_media|ndvi_s2_int_hist_media|ndvi_s2_media_sep_oct_hist_media|crc_s2_media_hist_media|vi6t_landsat_max_hist_media|lluvia_ciclo_mm_hist_media|estado|municipio|lat|pixel_clima|sg_nitrogen_0-5cm_mean|edaf_grupo,estado|municipio|lat|pixel_clima,sg_nitrogen_0-5cm_mean|edaf_grupo,curados_extendidos,v1
parcelas_multianio_ubic_est-mun-lat-pix_n-cec_v1,curados_extendidos/parcelas_multianio_ubic_est-mun-lat-pix_n-cec_v1.csv,multianio,ubic_est-mun-lat-pix,n-cec,197,42,ID_POLIGONO|conjunto|rendimiento_t_ha|area_ha|ndvi_s2_int|ndvi_s2_media_sep_oct|crc_s2_media|vi6t_landsat_max|lai_planet_max|lluvia_ciclo_mm|pendiente_grados|elevacion_m|ndvi_s2_max_2022|ndvi_s2_int_2022|ndvi_s2_media_sep_oct_2022|ndvi_s2_max_2023|ndvi_s2_int_2023|ndvi_s2_media_sep_oct_2023|ndvi_s2_max_2024|ndvi_s2_int_2024|ndvi_s2_media_sep_oct_2024|crc_s2_media_2022|crc_s2_media_2023|crc_s2_media_2024|vi6t_landsat_max_2022|vi6t_landsat_max_2023|vi6t_landsat_max_2024|lluvia_ciclo_mm_2022|lluvia_ciclo_mm_2023|lluvia_ciclo_mm_2024|ndvi_s2_max_hist_media|ndvi_s2_int_hist_media|ndvi_s2_media_sep_oct_hist_media|crc_s2_media_hist_media|vi6t_landsat_max_hist_media|lluvia_ciclo_mm_hist_media|estado|municipio|lat|pixel_clima|sg_nitrogen_0-5cm_mean|sg_cec_0-5cm_mean,estado|municipio|lat|pixel_clima,sg_nitrogen_0-5cm_mean|sg_cec_0-5cm_mean,curados_extendidos,v1
parcelas_multianio_ubic_est-mun-lat-pix_n-silt_v1,curados_extendidos/parcelas_multianio_ubic_est-mun-lat-pix_n-silt_v1.csv,multianio,ubic_est-mun-lat-pix,n-silt,197,42,ID_POLIGONO|conjunto|rendimiento_t_ha|area_ha|ndvi_s2_int|ndvi_s2_media_sep_oct|crc_s2_media|vi6t_landsat_max|lai_planet_max|lluvia_ciclo_mm|pendiente_grados|elevacion_m|ndvi_s2_max_2022|ndvi_s2_int_2022|ndvi_s2_media_sep_oct_2022|ndvi_s2_max_2023|ndvi_s2_int_2023|ndvi_s2_media_sep_oct_2023|ndvi_s2_max_2024|ndvi_s2_int_2024|ndvi_s2_media_sep_oct_2024|crc_s2_media_2022|crc_s2_media_2023|crc_s2_media_2024|vi6t_landsat_max_2022|vi6t_landsat_max_2023|vi6t_landsat_max_2024|lluvia_ciclo_mm_2022|lluvia_ciclo_mm_2023|lluvia_ciclo_mm_2024|ndvi_s2_max_hist_media|ndvi_s2_int_hist_media|ndvi_s2_media_sep_oct_hist_media|crc_s2_media_hist_media|vi6t_landsat_max_hist_media|lluvia_ciclo_mm_hist_media|estado|municipio|lat|pixel_clima|sg_nitrogen_0-5cm_mean|sg_silt_0-5cm_mean,estado|municipio|lat|pixel_clima,sg_nitrogen_0-5cm_mean|sg_silt_0-5cm_mean,curados_extendidos,v1
parcelas_multianio_ubic_est-mun-lat-pix_edaf-cec_v1,curados_extendidos/parcelas_multianio_ubic_est-mun-lat-pix_edaf-cec_v1.csv,multianio,ubic_est-mun-lat-pix,edaf-cec,197,42,ID_POLIGONO|conjunto|rendimiento_t_ha|area_ha|ndvi_s2_int|ndvi_s2_media_sep_oct|crc_s2_media|vi6t_landsat_max|lai_planet_max|lluvia_ciclo_mm|pendiente_grados|elevacion_m|ndvi_s2_max_2022|ndvi_s2_int_2022|ndvi_s2_media_sep_oct_2022|ndvi_s2_max_2023|ndvi_s2_int_2023|ndvi_s2_media_sep_oct_2023|ndvi_s2_max_2024|ndvi_s2_int_2024|ndvi_s2_media_sep_oct_2024|crc_s2_media_2022|crc_s2_media_2023|crc_s2_media_2024|vi6t_landsat_max_2022|vi6t_landsat_max_2023|vi6t_landsat_max_2024|lluvia_ciclo_mm_2022|lluvia_ciclo_mm_2023|lluvia_ciclo_mm_2024|ndvi_s2_max_hist_media|ndvi_s2_int_hist_media|ndvi_s2_media_sep_oct_hist_media|crc_s2_media_hist_media|vi6t_landsat_max_hist_media|lluvia_ciclo_mm_hist_media|estado|municipio|lat|pixel_clima|edaf_grupo|sg_cec_0-5cm_mean,estado|municipio|lat|pixel_clima,edaf_grupo|sg_cec_0-5cm_mean,curados_extendidos,v1
parcelas_multianio_ubic_est-mun-lat-pix_edaf-silt_v1,curados_extendidos/parcelas_multianio_ubic_est-mun-lat-pix_edaf-silt_v1.csv,multianio,ubic_est-mun-lat-pix,edaf-silt,197,42,ID_POLIGONO|conjunto|rendimiento_t_ha|area_ha|ndvi_s2_int|ndvi_s2_media_sep_oct|crc_s2_media|vi6t_landsat_max|lai_planet_max|lluvia_ciclo_mm|pendiente_grados|elevacion_m|ndvi_s2_max_2022|ndvi_s2_int_2022|ndvi_s2_media_sep_oct_2022|ndvi_s2_max_2023|ndvi_s2_int_2023|ndvi_s2_media_sep_oct_2023|ndvi_s2_max_2024|ndvi_s2_int_2024|ndvi_s2_media_sep_oct_2024|crc_s2_media_2022|crc_s2_media_2023|crc_s2_media_2024|vi6t_landsat_max_2022|vi6t_landsat_max_2023|vi6t_landsat_max_2024|lluvia_ciclo_mm_2022|lluvia_ciclo_mm_2023|lluvia_ciclo_mm_2024|ndvi_s2_max_hist_media|ndvi_s2_int_hist_media|ndvi_s2_media_sep_oct_hist_media|crc_s2_media_hist_media|vi6t_landsat_max_hist_media|lluvia_ciclo_mm_hist_media|estado|municipio|lat|pixel_clima|edaf_grupo|sg_silt_0-5cm_mean,estado|municipio|lat|pixel_clima,edaf_grupo|sg_silt_0-5cm_mean,curados_extendidos,v1
parcelas_multianio_ubic_est-mun-lat-pix_cec-silt_v1,curados_extendidos/parcelas_multianio_ubic_est-mun-lat-pix_cec-silt_v1.csv,multianio,ubic_est-mun-lat-pix,cec-silt,197,42,ID_POLIGONO|conjunto|rendimiento_t_ha|area_ha|ndvi_s2_int|ndvi_s2_media_sep_oct|crc_s2_media|vi6t_landsat_max|lai_planet_max|lluvia_ciclo_mm|pendiente_grados|elevacion_m|ndvi_s2_max_2022|ndvi_s2_int_2022|ndvi_s2_media_sep_oct_2022|ndvi_s2_max_2023|ndvi_s2_int_2023|ndvi_s2_media_sep_oct_2023|ndvi_s2_max_2024|ndvi_s2_int_2024|ndvi_s2_media_sep_oct_2024|crc_s2_media_2022|crc_s2_media_2023|crc_s2_media_2024|vi6t_landsat_max_2022|vi6t_landsat_max_2023|vi6t_landsat_max_2024|lluvia_ciclo_mm_2022|lluvia_ciclo_mm_2023|lluvia_ciclo_mm_2024|ndvi_s2_max_hist_media|ndvi_s2_int_hist_media|ndvi_s2_media_sep_oct_hist_media|crc_s2_media_hist_media|vi6t_landsat_max_hist_media|lluvia_ciclo_mm_hist_media|estado|municipio|lat|pixel_clima|sg_cec_0-5cm_mean|sg_silt_0-5cm_mean,estado|municipio|lat|pixel_clima,sg_cec_0-5cm_mean|sg_silt_0-5cm_mean,curados_extendidos,v1
parcelas_multianio_ubic_est-mun-lat-pix_n-edaf-cec_v1,curados_extendidos/parcelas_multianio_ubic_est-mun-lat-pix_n-edaf-cec_v1.csv,multianio,ubic_est-mun-lat-pix,n-edaf-cec,197,43,ID_POLIGONO|conjunto|rendimiento_t_ha|area_ha|ndvi_s2_int|ndvi_s2_media_sep_oct|crc_s2_media|vi6t_landsat_max|lai_planet_max|lluvia_ciclo_mm|pendiente_grados|elevacion_m|ndvi_s2_max_2022|ndvi_s2_int_2022|ndvi_s2_media_sep_oct_2022|ndvi_s2_max_2023|ndvi_s2_int_2023|ndvi_s2_media_sep_oct_2023|ndvi_s2_max_2024|ndvi_s2_int_2024|ndvi_s2_media_sep_oct_2024|crc_s2_media_2022|crc_s2_media_2023|crc_s2_media_2024|vi6t_landsat_max_2022|vi6t_landsat_max_2023|vi6t_landsat_max_2024|lluvia_ciclo_mm_2022|lluvia_ciclo_mm_2023|lluvia_ciclo_mm_2024|ndvi_s2_max_hist_media|ndvi_s2_int_hist_media|ndvi_s2_media_sep_oct_hist_media|crc_s2_media_hist_media|vi6t_landsat_max_hist_media|lluvia_ciclo_mm_hist_media|estado|municipio|lat|pixel_clima|sg_nitrogen_0-5cm_mean|edaf_grupo|sg_cec_0-5cm_mean,estado|municipio|lat|pixel_clima,sg_nitrogen_0-5cm_mean|edaf_grupo|sg_cec_0-5cm_mean,curados_extendidos,v1
parcelas_multianio_ubic_est-mun-lat-pix_n-edaf-silt_v1,curados_extendidos/parcelas_multianio_ubic_est-mun-lat-pix_n-edaf-silt_v1.csv,multianio,ubic_est-mun-lat-pix,n-edaf-silt,197,43,ID_POLIGONO|conjunto|rendimiento_t_ha|area_ha|ndvi_s2_int|ndvi_s2_media_sep_oct|crc_s2_media|vi6t_landsat_max|lai_planet_max|lluvia_ciclo_mm|pendiente_grados|elevacion_m|ndvi_s2_max_2022|ndvi_s2_int_2022|ndvi_s2_media_sep_oct_2022|ndvi_s2_max_2023|ndvi_s2_int_2023|ndvi_s2_media_sep_oct_2023|ndvi_s2_max_2024|ndvi_s2_int_2024|ndvi_s2_media_sep_oct_2024|crc_s2_media_2022|crc_s2_media_2023|crc_s2_media_2024|vi6t_landsat_max_2022|vi6t_landsat_max_2023|vi6t_landsat_max_2024|lluvia_ciclo_mm_2022|lluvia_ciclo_mm_2023|lluvia_ciclo_mm_2024|ndvi_s2_max_hist_media|ndvi_s2_int_hist_media|ndvi_s2_media_sep_oct_hist_media|crc_s2_media_hist_media|vi6t_landsat_max_hist_media|lluvia_ciclo_mm_hist_media|estado|municipio|lat|pixel_clima|sg_nitrogen_0-5cm_mean|edaf_grupo|sg_silt_0-5cm_mean,estado|municipio|lat|pixel_clima,sg_nitrogen_0-5cm_mean|edaf_grupo|sg_silt_0-5cm_mean,curados_extendidos,v1
parcelas_multianio_ubic_est-mun-lat-pix_n-cec-silt_v1,curados_extendidos/parcelas_multianio_ubic_est-mun-lat-pix_n-cec-silt_v1.csv,multianio,ubic_est-mun-lat-pix,n-cec-silt,197,43,ID_POLIGONO|conjunto|rendimiento_t_ha|area_ha|ndvi_s2_int|ndvi_s2_media_sep_oct|crc_s2_media|vi6t_landsat_max|lai_planet_max|lluvia_ciclo_mm|pendiente_grados|elevacion_m|ndvi_s2_max_2022|ndvi_s2_int_2022|ndvi_s2_media_sep_oct_2022|ndvi_s2_max_2023|ndvi_s2_int_2023|ndvi_s2_media_sep_oct_2023|ndvi_s2_max_2024|ndvi_s2_int_2024|ndvi_s2_media_sep_oct_2024|crc_s2_media_2022|crc_s2_media_2023|crc_s2_media_2024|vi6t_landsat_max_2022|vi6t_landsat_max_2023|vi6t_landsat_max_2024|lluvia_ciclo_mm_2022|lluvia_ciclo_mm_2023|lluvia_ciclo_mm_2024|ndvi_s2_max_hist_media|ndvi_s2_int_hist_media|ndvi_s2_media_sep_oct_hist_media|crc_s2_media_hist_media|vi6t_landsat_max_hist_media|lluvia_ciclo_mm_hist_media|estado|municipio|lat|pixel_clima|sg_nitrogen_0-5cm_mean|sg_cec_0-5cm_mean|sg_silt_0-5cm_mean,estado|municipio|lat|pixel_clima,sg_nitrogen_0-5cm_mean|sg_cec_0-5cm_mean|sg_silt_0-5cm_mean,curados_extendidos,v1
parcelas_multianio_ubic_est-mun-lat-pix_edaf-cec-silt_v1,curados_extendidos/parcelas_multianio_ubic_est-mun-lat-pix_edaf-cec-silt_v1.csv,multianio,ubic_est-mun-lat-pix,edaf-cec-silt,197,43,ID_POLIGONO|conjunto|rendimiento_t_ha|area_ha|ndvi_s2_int|ndvi_s2_media_sep_oct|crc_s2_media|vi6t_landsat_max|lai_planet_max|lluvia_ciclo_mm|pendiente_grados|elevacion_m|ndvi_s2_max_2022|ndvi_s2_int_2022|ndvi_s2_media_sep_oct_2022|ndvi_s2_max_2023|ndvi_s2_int_2023|ndvi_s2_media_sep_oct_2023|ndvi_s2_max_2024|ndvi_s2_int_2024|ndvi_s2_media_sep_oct_2024|crc_s2_media_2022|crc_s2_media_2023|crc_s2_media_2024|vi6t_landsat_max_2022|vi6t_landsat_max_2023|vi6t_landsat_max_2024|lluvia_ciclo_mm_2022|lluvia_ciclo_mm_2023|lluvia_ciclo_mm_2024|ndvi_s2_max_hist_media|ndvi_s2_int_hist_media|ndvi_s2_media_sep_oct_hist_media|crc_s2_media_hist_media|vi6t_landsat_max_hist_media|lluvia_ciclo_mm_hist_media|estado|municipio|lat|pixel_clima|edaf_grupo|sg_cec_0-5cm_mean|sg_silt_0-5cm_mean,estado|municipio|lat|pixel_clima,edaf_grupo|sg_cec_0-5cm_mean|sg_silt_0-5cm_mean,curados_extendidos,v1
parcelas_multianio_ubic_est-mun-lat-pix_n-edaf-cec-silt_v1,curados_extendidos/parcelas_multianio_ubic_est-mun-lat-pix_n-edaf-cec-silt_v1.csv,multianio,ubic_est-mun-lat-pix,n-edaf-cec-silt,197,44,ID_POLIGONO|conjunto|rendimiento_t_ha|area_ha|ndvi_s2_int|ndvi_s2_media_sep_oct|crc_s2_media|vi6t_landsat_max|lai_planet_max|lluvia_ciclo_mm|pendiente_grados|elevacion_m|ndvi_s2_max_2022|ndvi_s2_int_2022|ndvi_s2_media_sep_oct_2022|ndvi_s2_max_2023|ndvi_s2_int_2023|ndvi_s2_media_sep_oct_2023|ndvi_s2_max_2024|ndvi_s2_int_2024|ndvi_s2_media_sep_oct_2024|crc_s2_media_2022|crc_s2_media_2023|crc_s2_media_2024|vi6t_landsat_max_2022|vi6t_landsat_max_2023|vi6t_landsat_max_2024|lluvia_ciclo_mm_2022|lluvia_ciclo_mm_2023|lluvia_ciclo_mm_2024|ndvi_s2_max_hist_media|ndvi_s2_int_hist_media|ndvi_s2_media_sep_oct_hist_media|crc_s2_media_hist_media|vi6t_landsat_max_hist_media|lluvia_ciclo_mm_hist_media|estado|municipio|lat|pixel_clima|sg_nitrogen_0-5cm_mean|edaf_grupo|sg_cec_0-5cm_mean|sg_silt_0-5cm_mean,estado|municipio|lat|pixel_clima,sg_nitrogen_0-5cm_mean|edaf_grupo|sg_cec_0-5cm_mean|sg_silt_0-5cm_mean,curados_extendidos,v1
parcelas_multianio_ubic_est-lon-lat-pix_reto_v1,curados_reto/parcelas_multianio_ubic_est-lon-lat-pix_reto_v1.csv,multianio,ubic_est-lon-lat-pix,reto,197,40,ID_POLIGONO|conjunto|rendimiento_t_ha|area_ha|ndvi_s2_int|ndvi_s2_media_sep_oct|crc_s2_media|vi6t_landsat_max|lai_planet_max|lluvia_ciclo_mm|pendiente_grados|elevacion_m|ndvi_s2_max_2022|ndvi_s2_int_2022|ndvi_s2_media_sep_oct_2022|ndvi_s2_max_2023|ndvi_s2_int_2023|ndvi_s2_media_sep_oct_2023|ndvi_s2_max_2024|ndvi_s2_int_2024|ndvi_s2_media_sep_oct_2024|crc_s2_media_2022|crc_s2_media_2023|crc_s2_media_2024|vi6t_landsat_max_2022|vi6t_landsat_max_2023|vi6t_landsat_max_2024|lluvia_ciclo_mm_2022|lluvia_ciclo_mm_2023|lluvia_ciclo_mm_2024|ndvi_s2_max_hist_media|ndvi_s2_int_hist_media|ndvi_s2_media_sep_oct_hist_media|crc_s2_media_hist_media|vi6t_landsat_max_hist_media|lluvia_ciclo_mm_hist_media|estado|lon|lat|pixel_clima,estado|lon|lat|pixel_clima,,curados_reto,v1
parcelas_multianio_ubic_est-lon-lat-pix_n_v1,curados_extendidos/parcelas_multianio_ubic_est-lon-lat-pix_n_v1.csv,multianio,ubic_est-lon-lat-pix,n,197,41,ID_POLIGONO|conjunto|rendimiento_t_ha|area_ha|ndvi_s2_int|ndvi_s2_media_sep_oct|crc_s2_media|vi6t_landsat_max|lai_planet_max|lluvia_ciclo_mm|pendiente_grados|elevacion_m|ndvi_s2_max_2022|ndvi_s2_int_2022|ndvi_s2_media_sep_oct_2022|ndvi_s2_max_2023|ndvi_s2_int_2023|ndvi_s2_media_sep_oct_2023|ndvi_s2_max_2024|ndvi_s2_int_2024|ndvi_s2_media_sep_oct_2024|crc_s2_media_2022|crc_s2_media_2023|crc_s2_media_2024|vi6t_landsat_max_2022|vi6t_landsat_max_2023|vi6t_landsat_max_2024|lluvia_ciclo_mm_2022|lluvia_ciclo_mm_2023|lluvia_ciclo_mm_2024|ndvi_s2_max_hist_media|ndvi_s2_int_hist_media|ndvi_s2_media_sep_oct_hist_media|crc_s2_media_hist_media|vi6t_landsat_max_hist_media|lluvia_ciclo_mm_hist_media|estado|lon|lat|pixel_clima|sg_nitrogen_0-5cm_mean,estado|lon|lat|pixel_clima,sg_nitrogen_0-5cm_mean,curados_extendidos,v1
parcelas_multianio_ubic_est-lon-lat-pix_edaf_v1,curados_extendidos/parcelas_multianio_ubic_est-lon-lat-pix_edaf_v1.csv,multianio,ubic_est-lon-lat-pix,edaf,197,41,ID_POLIGONO|conjunto|rendimiento_t_ha|area_ha|ndvi_s2_int|ndvi_s2_media_sep_oct|crc_s2_media|vi6t_landsat_max|lai_planet_max|lluvia_ciclo_mm|pendiente_grados|elevacion_m|ndvi_s2_max_2022|ndvi_s2_int_2022|ndvi_s2_media_sep_oct_2022|ndvi_s2_max_2023|ndvi_s2_int_2023|ndvi_s2_media_sep_oct_2023|ndvi_s2_max_2024|ndvi_s2_int_2024|ndvi_s2_media_sep_oct_2024|crc_s2_media_2022|crc_s2_media_2023|crc_s2_media_2024|vi6t_landsat_max_2022|vi6t_landsat_max_2023|vi6t_landsat_max_2024|lluvia_ciclo_mm_2022|lluvia_ciclo_mm_2023|lluvia_ciclo_mm_2024|ndvi_s2_max_hist_media|ndvi_s2_int_hist_media|ndvi_s2_media_sep_oct_hist_media|crc_s2_media_hist_media|vi6t_landsat_max_hist_media|lluvia_ciclo_mm_hist_media|estado|lon|lat|pixel_clima|edaf_grupo,estado|lon|lat|pixel_clima,edaf_grupo,curados_extendidos,v1
parcelas_multianio_ubic_est-lon-lat-pix_cec_v1,curados_extendidos/parcelas_multianio_ubic_est-lon-lat-pix_cec_v1.csv,multianio,ubic_est-lon-lat-pix,cec,197,41,ID_POLIGONO|conjunto|rendimiento_t_ha|area_ha|ndvi_s2_int|ndvi_s2_media_sep_oct|crc_s2_media|vi6t_landsat_max|lai_planet_max|lluvia_ciclo_mm|pendiente_grados|elevacion_m|ndvi_s2_max_2022|ndvi_s2_int_2022|ndvi_s2_media_sep_oct_2022|ndvi_s2_max_2023|ndvi_s2_int_2023|ndvi_s2_media_sep_oct_2023|ndvi_s2_max_2024|ndvi_s2_int_2024|ndvi_s2_media_sep_oct_2024|crc_s2_media_2022|crc_s2_media_2023|crc_s2_media_2024|vi6t_landsat_max_2022|vi6t_landsat_max_2023|vi6t_landsat_max_2024|lluvia_ciclo_mm_2022|lluvia_ciclo_mm_2023|lluvia_ciclo_mm_2024|ndvi_s2_max_hist_media|ndvi_s2_int_hist_media|ndvi_s2_media_sep_oct_hist_media|crc_s2_media_hist_media|vi6t_landsat_max_hist_media|lluvia_ciclo_mm_hist_media|estado|lon|lat|pixel_clima|sg_cec_0-5cm_mean,estado|lon|lat|pixel_clima,sg_cec_0-5cm_mean,curados_extendidos,v1
parcelas_multianio_ubic_est-lon-lat-pix_silt_v1,curados_extendidos/parcelas_multianio_ubic_est-lon-lat-pix_silt_v1.csv,multianio,ubic_est-lon-lat-pix,silt,197,41,ID_POLIGONO|conjunto|rendimiento_t_ha|area_ha|ndvi_s2_int|ndvi_s2_media_sep_oct|crc_s2_media|vi6t_landsat_max|lai_planet_max|lluvia_ciclo_mm|pendiente_grados|elevacion_m|ndvi_s2_max_2022|ndvi_s2_int_2022|ndvi_s2_media_sep_oct_2022|ndvi_s2_max_2023|ndvi_s2_int_2023|ndvi_s2_media_sep_oct_2023|ndvi_s2_max_2024|ndvi_s2_int_2024|ndvi_s2_media_sep_oct_2024|crc_s2_media_2022|crc_s2_media_2023|crc_s2_media_2024|vi6t_landsat_max_2022|vi6t_landsat_max_2023|vi6t_landsat_max_2024|lluvia_ciclo_mm_2022|lluvia_ciclo_mm_2023|lluvia_ciclo_mm_2024|ndvi_s2_max_hist_media|ndvi_s2_int_hist_media|ndvi_s2_media_sep_oct_hist_media|crc_s2_media_hist_media|vi6t_landsat_max_hist_media|lluvia_ciclo_mm_hist_media|estado|lon|lat|pixel_clima|sg_silt_0-5cm_mean,estado|lon|lat|pixel_clima,sg_silt_0-5cm_mean,curados_extendidos,v1
parcelas_multianio_ubic_est-lon-lat-pix_n-edaf_v1,curados_extendidos/parcelas_multianio_ubic_est-lon-lat-pix_n-edaf_v1.csv,multianio,ubic_est-lon-lat-pix,n-edaf,197,42,ID_POLIGONO|conjunto|rendimiento_t_ha|area_ha|ndvi_s2_int|ndvi_s2_media_sep_oct|crc_s2_media|vi6t_landsat_max|lai_planet_max|lluvia_ciclo_mm|pendiente_grados|elevacion_m|ndvi_s2_max_2022|ndvi_s2_int_2022|ndvi_s2_media_sep_oct_2022|ndvi_s2_max_2023|ndvi_s2_int_2023|ndvi_s2_media_sep_oct_2023|ndvi_s2_max_2024|ndvi_s2_int_2024|ndvi_s2_media_sep_oct_2024|crc_s2_media_2022|crc_s2_media_2023|crc_s2_media_2024|vi6t_landsat_max_2022|vi6t_landsat_max_2023|vi6t_landsat_max_2024|lluvia_ciclo_mm_2022|lluvia_ciclo_mm_2023|lluvia_ciclo_mm_2024|ndvi_s2_max_hist_media|ndvi_s2_int_hist_media|ndvi_s2_media_sep_oct_hist_media|crc_s2_media_hist_media|vi6t_landsat_max_hist_media|lluvia_ciclo_mm_hist_media|estado|lon|lat|pixel_clima|sg_nitrogen_0-5cm_mean|edaf_grupo,estado|lon|lat|pixel_clima,sg_nitrogen_0-5cm_mean|edaf_grupo,curados_extendidos,v1
parcelas_multianio_ubic_est-lon-lat-pix_n-cec_v1,curados_extendidos/parcelas_multianio_ubic_est-lon-lat-pix_n-cec_v1.csv,multianio,ubic_est-lon-lat-pix,n-cec,197,42,ID_POLIGONO|conjunto|rendimiento_t_ha|area_ha|ndvi_s2_int|ndvi_s2_media_sep_oct|crc_s2_media|vi6t_landsat_max|lai_planet_max|lluvia_ciclo_mm|pendiente_grados|elevacion_m|ndvi_s2_max_2022|ndvi_s2_int_2022|ndvi_s2_media_sep_oct_2022|ndvi_s2_max_2023|ndvi_s2_int_2023|ndvi_s2_media_sep_oct_2023|ndvi_s2_max_2024|ndvi_s2_int_2024|ndvi_s2_media_sep_oct_2024|crc_s2_media_2022|crc_s2_media_2023|crc_s2_media_2024|vi6t_landsat_max_2022|vi6t_landsat_max_2023|vi6t_landsat_max_2024|lluvia_ciclo_mm_2022|lluvia_ciclo_mm_2023|lluvia_ciclo_mm_2024|ndvi_s2_max_hist_media|ndvi_s2_int_hist_media|ndvi_s2_media_sep_oct_hist_media|crc_s2_media_hist_media|vi6t_landsat_max_hist_media|lluvia_ciclo_mm_hist_media|estado|lon|lat|pixel_clima|sg_nitrogen_0-5cm_mean|sg_cec_0-5cm_mean,estado|lon|lat|pixel_clima,sg_nitrogen_0-5cm_mean|sg_cec_0-5cm_mean,curados_extendidos,v1
parcelas_multianio_ubic_est-lon-lat-pix_n-silt_v1,curados_extendidos/parcelas_multianio_ubic_est-lon-lat-pix_n-silt_v1.csv,multianio,ubic_est-lon-lat-pix,n-silt,197,42,ID_POLIGONO|conjunto|rendimiento_t_ha|area_ha|ndvi_s2_int|ndvi_s2_media_sep_oct|crc_s2_media|vi6t_landsat_max|lai_planet_max|lluvia_ciclo_mm|pendiente_grados|elevacion_m|ndvi_s2_max_2022|ndvi_s2_int_2022|ndvi_s2_media_sep_oct_2022|ndvi_s2_max_2023|ndvi_s2_int_2023|ndvi_s2_media_sep_oct_2023|ndvi_s2_max_2024|ndvi_s2_int_2024|ndvi_s2_media_sep_oct_2024|crc_s2_media_2022|crc_s2_media_2023|crc_s2_media_2024|vi6t_landsat_max_2022|vi6t_landsat_max_2023|vi6t_landsat_max_2024|lluvia_ciclo_mm_2022|lluvia_ciclo_mm_2023|lluvia_ciclo_mm_2024|ndvi_s2_max_hist_media|ndvi_s2_int_hist_media|ndvi_s2_media_sep_oct_hist_media|crc_s2_media_hist_media|vi6t_landsat_max_hist_media|lluvia_ciclo_mm_hist_media|estado|lon|lat|pixel_clima|sg_nitrogen_0-5cm_mean|sg_silt_0-5cm_mean,estado|lon|lat|pixel_clima,sg_nitrogen_0-5cm_mean|sg_silt_0-5cm_mean,curados_extendidos,v1
parcelas_multianio_ubic_est-lon-lat-pix_edaf-cec_v1,curados_extendidos/parcelas_multianio_ubic_est-lon-lat-pix_edaf-cec_v1.csv,multianio,ubic_est-lon-lat-pix,edaf-cec,197,42,ID_POLIGONO|conjunto|rendimiento_t_ha|area_ha|ndvi_s2_int|ndvi_s2_media_sep_oct|crc_s2_media|vi6t_landsat_max|lai_planet_max|lluvia_ciclo_mm|pendiente_grados|elevacion_m|ndvi_s2_max_2022|ndvi_s2_int_2022|ndvi_s2_media_sep_oct_2022|ndvi_s2_max_2023|ndvi_s2_int_2023|ndvi_s2_media_sep_oct_2023|ndvi_s2_max_2024|ndvi_s2_int_2024|ndvi_s2_media_sep_oct_2024|crc_s2_media_2022|crc_s2_media_2023|crc_s2_media_2024|vi6t_landsat_max_2022|vi6t_landsat_max_2023|vi6t_landsat_max_2024|lluvia_ciclo_mm_2022|lluvia_ciclo_mm_2023|lluvia_ciclo_mm_2024|ndvi_s2_max_hist_media|ndvi_s2_int_hist_media|ndvi_s2_media_sep_oct_hist_media|crc_s2_media_hist_media|vi6t_landsat_max_hist_media|lluvia_ciclo_mm_hist_media|estado|lon|lat|pixel_clima|edaf_grupo|sg_cec_0-5cm_mean,estado|lon|lat|pixel_clima,edaf_grupo|sg_cec_0-5cm_mean,curados_extendidos,v1
parcelas_multianio_ubic_est-lon-lat-pix_edaf-silt_v1,curados_extendidos/parcelas_multianio_ubic_est-lon-lat-pix_edaf-silt_v1.csv,multianio,ubic_est-lon-lat-pix,edaf-silt,197,42,ID_POLIGONO|conjunto|rendimiento_t_ha|area_ha|ndvi_s2_int|ndvi_s2_media_sep_oct|crc_s2_media|vi6t_landsat_max|lai_planet_max|lluvia_ciclo_mm|pendiente_grados|elevacion_m|ndvi_s2_max_2022|ndvi_s2_int_2022|ndvi_s2_media_sep_oct_2022|ndvi_s2_max_2023|ndvi_s2_int_2023|ndvi_s2_media_sep_oct_2023|ndvi_s2_max_2024|ndvi_s2_int_2024|ndvi_s2_media_sep_oct_2024|crc_s2_media_2022|crc_s2_media_2023|crc_s2_media_2024|vi6t_landsat_max_2022|vi6t_landsat_max_2023|vi6t_landsat_max_2024|lluvia_ciclo_mm_2022|lluvia_ciclo_mm_2023|lluvia_ciclo_mm_2024|ndvi_s2_max_hist_media|ndvi_s2_int_hist_media|ndvi_s2_media_sep_oct_hist_media|crc_s2_media_hist_media|vi6t_landsat_max_hist_media|lluvia_ciclo_mm_hist_media|estado|lon|lat|pixel_clima|edaf_grupo|sg_silt_0-5cm_mean,estado|lon|lat|pixel_clima,edaf_grupo|sg_silt_0-5cm_mean,curados_extendidos,v1
parcelas_multianio_ubic_est-lon-lat-pix_cec-silt_v1,curados_extendidos/parcelas_multianio_ubic_est-lon-lat-pix_cec-silt_v1.csv,multianio,ubic_est-lon-lat-pix,cec-silt,197,42,ID_POLIGONO|conjunto|rendimiento_t_ha|area_ha|ndvi_s2_int|ndvi_s2_media_sep_oct|crc_s2_media|vi6t_landsat_max|lai_planet_max|lluvia_ciclo_mm|pendiente_grados|elevacion_m|ndvi_s2_max_2022|ndvi_s2_int_2022|ndvi_s2_media_sep_oct_2022|ndvi_s2_max_2023|ndvi_s2_int_2023|ndvi_s2_media_sep_oct_2023|ndvi_s2_max_2024|ndvi_s2_int_2024|ndvi_s2_media_sep_oct_2024|crc_s2_media_2022|crc_s2_media_2023|crc_s2_media_2024|vi6t_landsat_max_2022|vi6t_landsat_max_2023|vi6t_landsat_max_2024|lluvia_ciclo_mm_2022|lluvia_ciclo_mm_2023|lluvia_ciclo_mm_2024|ndvi_s2_max_hist_media|ndvi_s2_int_hist_media|ndvi_s2_media_sep_oct_hist_media|crc_s2_media_hist_media|vi6t_landsat_max_hist_media|lluvia_ciclo_mm_hist_media|estado|lon|lat|pixel_clima|sg_cec_0-5cm_mean|sg_silt_0-5cm_mean,estado|lon|lat|pixel_clima,sg_cec_0-5cm_mean|sg_silt_0-5cm_mean,curados_extendidos,v1
parcelas_multianio_ubic_est-lon-lat-pix_n-edaf-cec_v1,curados_extendidos/parcelas_multianio_ubic_est-lon-lat-pix_n-edaf-cec_v1.csv,multianio,ubic_est-lon-lat-pix,n-edaf-cec,197,43,ID_POLIGONO|conjunto|rendimiento_t_ha|area_ha|ndvi_s2_int|ndvi_s2_media_sep_oct|crc_s2_media|vi6t_landsat_max|lai_planet_max|lluvia_ciclo_mm|pendiente_grados|elevacion_m|ndvi_s2_max_2022|ndvi_s2_int_2022|ndvi_s2_media_sep_oct_2022|ndvi_s2_max_2023|ndvi_s2_int_2023|ndvi_s2_media_sep_oct_2023|ndvi_s2_max_2024|ndvi_s2_int_2024|ndvi_s2_media_sep_oct_2024|crc_s2_media_2022|crc_s2_media_2023|crc_s2_media_2024|vi6t_landsat_max_2022|vi6t_landsat_max_2023|vi6t_landsat_max_2024|lluvia_ciclo_mm_2022|lluvia_ciclo_mm_2023|lluvia_ciclo_mm_2024|ndvi_s2_max_hist_media|ndvi_s2_int_hist_media|ndvi_s2_media_sep_oct_hist_media|crc_s2_media_hist_media|vi6t_landsat_max_hist_media|lluvia_ciclo_mm_hist_media|estado|lon|lat|pixel_clima|sg_nitrogen_0-5cm_mean|edaf_grupo|sg_cec_0-5cm_mean,estado|lon|lat|pixel_clima,sg_nitrogen_0-5cm_mean|edaf_grupo|sg_cec_0-5cm_mean,curados_extendidos,v1
parcelas_multianio_ubic_est-lon-lat-pix_n-edaf-silt_v1,curados_extendidos/parcelas_multianio_ubic_est-lon-lat-pix_n-edaf-silt_v1.csv,multianio,ubic_est-lon-lat-pix,n-edaf-silt,197,43,ID_POLIGONO|conjunto|rendimiento_t_ha|area_ha|ndvi_s2_int|ndvi_s2_media_sep_oct|crc_s2_media|vi6t_landsat_max|lai_planet_max|lluvia_ciclo_mm|pendiente_grados|elevacion_m|ndvi_s2_max_2022|ndvi_s2_int_2022|ndvi_s2_media_sep_oct_2022|ndvi_s2_max_2023|ndvi_s2_int_2023|ndvi_s2_media_sep_oct_2023|ndvi_s2_max_2024|ndvi_s2_int_2024|ndvi_s2_media_sep_oct_2024|crc_s2_media_2022|crc_s2_media_2023|crc_s2_media_2024|vi6t_landsat_max_2022|vi6t_landsat_max_2023|vi6t_landsat_max_2024|lluvia_ciclo_mm_2022|lluvia_ciclo_mm_2023|lluvia_ciclo_mm_2024|ndvi_s2_max_hist_media|ndvi_s2_int_hist_media|ndvi_s2_media_sep_oct_hist_media|crc_s2_media_hist_media|vi6t_landsat_max_hist_media|lluvia_ciclo_mm_hist_media|estado|lon|lat|pixel_clima|sg_nitrogen_0-5cm_mean|edaf_grupo|sg_silt_0-5cm_mean,estado|lon|lat|pixel_clima,sg_nitrogen_0-5cm_mean|edaf_grupo|sg_silt_0-5cm_mean,curados_extendidos,v1
parcelas_multianio_ubic_est-lon-lat-pix_n-cec-silt_v1,curados_extendidos/parcelas_multianio_ubic_est-lon-lat-pix_n-cec-silt_v1.csv,multianio,ubic_est-lon-lat-pix,n-cec-silt,197,43,ID_POLIGONO|conjunto|rendimiento_t_ha|area_ha|ndvi_s2_int|ndvi_s2_media_sep_oct|crc_s2_media|vi6t_landsat_max|lai_planet_max|lluvia_ciclo_mm|pendiente_grados|elevacion_m|ndvi_s2_max_2022|ndvi_s2_int_2022|ndvi_s2_media_sep_oct_2022|ndvi_s2_max_2023|ndvi_s2_int_2023|ndvi_s2_media_sep_oct_2023|ndvi_s2_max_2024|ndvi_s2_int_2024|ndvi_s2_media_sep_oct_2024|crc_s2_media_2022|crc_s2_media_2023|crc_s2_media_2024|vi6t_landsat_max_2022|vi6t_landsat_max_2023|vi6t_landsat_max_2024|lluvia_ciclo_mm_2022|lluvia_ciclo_mm_2023|lluvia_ciclo_mm_2024|ndvi_s2_max_hist_media|ndvi_s2_int_hist_media|ndvi_s2_media_sep_oct_hist_media|crc_s2_media_hist_media|vi6t_landsat_max_hist_media|lluvia_ciclo_mm_hist_media|estado|lon|lat|pixel_clima|sg_nitrogen_0-5cm_mean|sg_cec_0-5cm_mean|sg_silt_0-5cm_mean,estado|lon|lat|pixel_clima,sg_nitrogen_0-5cm_mean|sg_cec_0-5cm_mean|sg_silt_0-5cm_mean,curados_extendidos,v1
parcelas_multianio_ubic_est-lon-lat-pix_edaf-cec-silt_v1,curados_extendidos/parcelas_multianio_ubic_est-lon-lat-pix_edaf-cec-silt_v1.csv,multianio,ubic_est-lon-lat-pix,edaf-cec-silt,197,43,ID_POLIGONO|conjunto|rendimiento_t_ha|area_ha|ndvi_s2_int|ndvi_s2_media_sep_oct|crc_s2_media|vi6t_landsat_max|lai_planet_max|lluvia_ciclo_mm|pendiente_grados|elevacion_m|ndvi_s2_max_2022|ndvi_s2_int_2022|ndvi_s2_media_sep_oct_2022|ndvi_s2_max_2023|ndvi_s2_int_2023|ndvi_s2_media_sep_oct_2023|ndvi_s2_max_2024|ndvi_s2_int_2024|ndvi_s2_media_sep_oct_2024|crc_s2_media_2022|crc_s2_media_2023|crc_s2_media_2024|vi6t_landsat_max_2022|vi6t_landsat_max_2023|vi6t_landsat_max_2024|lluvia_ciclo_mm_2022|lluvia_ciclo_mm_2023|lluvia_ciclo_mm_2024|ndvi_s2_max_hist_media|ndvi_s2_int_hist_media|ndvi_s2_media_sep_oct_hist_media|crc_s2_media_hist_media|vi6t_landsat_max_hist_media|lluvia_ciclo_mm_hist_media|estado|lon|lat|pixel_clima|edaf_grupo|sg_cec_0-5cm_mean|sg_silt_0-5cm_mean,estado|lon|lat|pixel_clima,edaf_grupo|sg_cec_0-5cm_mean|sg_silt_0-5cm_mean,curados_extendidos,v1
parcelas_multianio_ubic_est-lon-lat-pix_n-edaf-cec-silt_v1,curados_extendidos/parcelas_multianio_ubic_est-lon-lat-pix_n-edaf-cec-silt_v1.csv,multianio,ubic_est-lon-lat-pix,n-edaf-cec-silt,197,44,ID_POLIGONO|conjunto|rendimiento_t_ha|area_ha|ndvi_s2_int|ndvi_s2_media_sep_oct|crc_s2_media|vi6t_landsat_max|lai_planet_max|lluvia_ciclo_mm|pendiente_grados|elevacion_m|ndvi_s2_max_2022|ndvi_s2_int_2022|ndvi_s2_media_sep_oct_2022|ndvi_s2_max_2023|ndvi_s2_int_2023|ndvi_s2_media_sep_oct_2023|ndvi_s2_max_2024|ndvi_s2_int_2024|ndvi_s2_media_sep_oct_2024|crc_s2_media_2022|crc_s2_media_2023|crc_s2_media_2024|vi6t_landsat_max_2022|vi6t_landsat_max_2023|vi6t_landsat_max_2024|lluvia_ciclo_mm_2022|lluvia_ciclo_mm_2023|lluvia_ciclo_mm_2024|ndvi_s2_max_hist_media|ndvi_s2_int_hist_media|ndvi_s2_media_sep_oct_hist_media|crc_s2_media_hist_media|vi6t_landsat_max_hist_media|lluvia_ciclo_mm_hist_media|estado|lon|lat|pixel_clima|sg_nitrogen_0-5cm_mean|edaf_grupo|sg_cec_0-5cm_mean|sg_silt_0-5cm_mean,estado|lon|lat|pixel_clima,sg_nitrogen_0-5cm_mean|edaf_grupo|sg_cec_0-5cm_mean|sg_silt_0-5cm_mean,curados_extendidos,v1
parcelas_multianio_ubic_mun-lon-lat-pix_reto_v1,curados_reto/parcelas_multianio_ubic_mun-lon-lat-pix_reto_v1.csv,multianio,ubic_mun-lon-lat-pix,reto,197,40,ID_POLIGONO|conjunto|rendimiento_t_ha|area_ha|ndvi_s2_int|ndvi_s2_media_sep_oct|crc_s2_media|vi6t_landsat_max|lai_planet_max|lluvia_ciclo_mm|pendiente_grados|elevacion_m|ndvi_s2_max_2022|ndvi_s2_int_2022|ndvi_s2_media_sep_oct_2022|ndvi_s2_max_2023|ndvi_s2_int_2023|ndvi_s2_media_sep_oct_2023|ndvi_s2_max_2024|ndvi_s2_int_2024|ndvi_s2_media_sep_oct_2024|crc_s2_media_2022|crc_s2_media_2023|crc_s2_media_2024|vi6t_landsat_max_2022|vi6t_landsat_max_2023|vi6t_landsat_max_2024|lluvia_ciclo_mm_2022|lluvia_ciclo_mm_2023|lluvia_ciclo_mm_2024|ndvi_s2_max_hist_media|ndvi_s2_int_hist_media|ndvi_s2_media_sep_oct_hist_media|crc_s2_media_hist_media|vi6t_landsat_max_hist_media|lluvia_ciclo_mm_hist_media|municipio|lon|lat|pixel_clima,municipio|lon|lat|pixel_clima,,curados_reto,v1
parcelas_multianio_ubic_mun-lon-lat-pix_n_v1,curados_extendidos/parcelas_multianio_ubic_mun-lon-lat-pix_n_v1.csv,multianio,ubic_mun-lon-lat-pix,n,197,41,ID_POLIGONO|conjunto|rendimiento_t_ha|area_ha|ndvi_s2_int|ndvi_s2_media_sep_oct|crc_s2_media|vi6t_landsat_max|lai_planet_max|lluvia_ciclo_mm|pendiente_grados|elevacion_m|ndvi_s2_max_2022|ndvi_s2_int_2022|ndvi_s2_media_sep_oct_2022|ndvi_s2_max_2023|ndvi_s2_int_2023|ndvi_s2_media_sep_oct_2023|ndvi_s2_max_2024|ndvi_s2_int_2024|ndvi_s2_media_sep_oct_2024|crc_s2_media_2022|crc_s2_media_2023|crc_s2_media_2024|vi6t_landsat_max_2022|vi6t_landsat_max_2023|vi6t_landsat_max_2024|lluvia_ciclo_mm_2022|lluvia_ciclo_mm_2023|lluvia_ciclo_mm_2024|ndvi_s2_max_hist_media|ndvi_s2_int_hist_media|ndvi_s2_media_sep_oct_hist_media|crc_s2_media_hist_media|vi6t_landsat_max_hist_media|lluvia_ciclo_mm_hist_media|municipio|lon|lat|pixel_clima|sg_nitrogen_0-5cm_mean,municipio|lon|lat|pixel_clima,sg_nitrogen_0-5cm_mean,curados_extendidos,v1
parcelas_multianio_ubic_mun-lon-lat-pix_edaf_v1,curados_extendidos/parcelas_multianio_ubic_mun-lon-lat-pix_edaf_v1.csv,multianio,ubic_mun-lon-lat-pix,edaf,197,41,ID_POLIGONO|conjunto|rendimiento_t_ha|area_ha|ndvi_s2_int|ndvi_s2_media_sep_oct|crc_s2_media|vi6t_landsat_max|lai_planet_max|lluvia_ciclo_mm|pendiente_grados|elevacion_m|ndvi_s2_max_2022|ndvi_s2_int_2022|ndvi_s2_media_sep_oct_2022|ndvi_s2_max_2023|ndvi_s2_int_2023|ndvi_s2_media_sep_oct_2023|ndvi_s2_max_2024|ndvi_s2_int_2024|ndvi_s2_media_sep_oct_2024|crc_s2_media_2022|crc_s2_media_2023|crc_s2_media_2024|vi6t_landsat_max_2022|vi6t_landsat_max_2023|vi6t_landsat_max_2024|lluvia_ciclo_mm_2022|lluvia_ciclo_mm_2023|lluvia_ciclo_mm_2024|ndvi_s2_max_hist_media|ndvi_s2_int_hist_media|ndvi_s2_media_sep_oct_hist_media|crc_s2_media_hist_media|vi6t_landsat_max_hist_media|lluvia_ciclo_mm_hist_media|municipio|lon|lat|pixel_clima|edaf_grupo,municipio|lon|lat|pixel_clima,edaf_grupo,curados_extendidos,v1
parcelas_multianio_ubic_mun-lon-lat-pix_cec_v1,curados_extendidos/parcelas_multianio_ubic_mun-lon-lat-pix_cec_v1.csv,multianio,ubic_mun-lon-lat-pix,cec,197,41,ID_POLIGONO|conjunto|rendimiento_t_ha|area_ha|ndvi_s2_int|ndvi_s2_media_sep_oct|crc_s2_media|vi6t_landsat_max|lai_planet_max|lluvia_ciclo_mm|pendiente_grados|elevacion_m|ndvi_s2_max_2022|ndvi_s2_int_2022|ndvi_s2_media_sep_oct_2022|ndvi_s2_max_2023|ndvi_s2_int_2023|ndvi_s2_media_sep_oct_2023|ndvi_s2_max_2024|ndvi_s2_int_2024|ndvi_s2_media_sep_oct_2024|crc_s2_media_2022|crc_s2_media_2023|crc_s2_media_2024|vi6t_landsat_max_2022|vi6t_landsat_max_2023|vi6t_landsat_max_2024|lluvia_ciclo_mm_2022|lluvia_ciclo_mm_2023|lluvia_ciclo_mm_2024|ndvi_s2_max_hist_media|ndvi_s2_int_hist_media|ndvi_s2_media_sep_oct_hist_media|crc_s2_media_hist_media|vi6t_landsat_max_hist_media|lluvia_ciclo_mm_hist_media|municipio|lon|lat|pixel_clima|sg_cec_0-5cm_mean,municipio|lon|lat|pixel_clima,sg_cec_0-5cm_mean,curados_extendidos,v1
parcelas_multianio_ubic_mun-lon-lat-pix_silt_v1,curados_extendidos/parcelas_multianio_ubic_mun-lon-lat-pix_silt_v1.csv,multianio,ubic_mun-lon-lat-pix,silt,197,41,ID_POLIGONO|conjunto|rendimiento_t_ha|area_ha|ndvi_s2_int|ndvi_s2_media_sep_oct|crc_s2_media|vi6t_landsat_max|lai_planet_max|lluvia_ciclo_mm|pendiente_grados|elevacion_m|ndvi_s2_max_2022|ndvi_s2_int_2022|ndvi_s2_media_sep_oct_2022|ndvi_s2_max_2023|ndvi_s2_int_2023|ndvi_s2_media_sep_oct_2023|ndvi_s2_max_2024|ndvi_s2_int_2024|ndvi_s2_media_sep_oct_2024|crc_s2_media_2022|crc_s2_media_2023|crc_s2_media_2024|vi6t_landsat_max_2022|vi6t_landsat_max_2023|vi6t_landsat_max_2024|lluvia_ciclo_mm_2022|lluvia_ciclo_mm_2023|lluvia_ciclo_mm_2024|ndvi_s2_max_hist_media|ndvi_s2_int_hist_media|ndvi_s2_media_sep_oct_hist_media|crc_s2_media_hist_media|vi6t_landsat_max_hist_media|lluvia_ciclo_mm_hist_media|municipio|lon|lat|pixel_clima|sg_silt_0-5cm_mean,municipio|lon|lat|pixel_clima,sg_silt_0-5cm_mean,curados_extendidos,v1
parcelas_multianio_ubic_mun-lon-lat-pix_n-edaf_v1,curados_extendidos/parcelas_multianio_ubic_mun-lon-lat-pix_n-edaf_v1.csv,multianio,ubic_mun-lon-lat-pix,n-edaf,197,42,ID_POLIGONO|conjunto|rendimiento_t_ha|area_ha|ndvi_s2_int|ndvi_s2_media_sep_oct|crc_s2_media|vi6t_landsat_max|lai_planet_max|lluvia_ciclo_mm|pendiente_grados|elevacion_m|ndvi_s2_max_2022|ndvi_s2_int_2022|ndvi_s2_media_sep_oct_2022|ndvi_s2_max_2023|ndvi_s2_int_2023|ndvi_s2_media_sep_oct_2023|ndvi_s2_max_2024|ndvi_s2_int_2024|ndvi_s2_media_sep_oct_2024|crc_s2_media_2022|crc_s2_media_2023|crc_s2_media_2024|vi6t_landsat_max_2022|vi6t_landsat_max_2023|vi6t_landsat_max_2024|lluvia_ciclo_mm_2022|lluvia_ciclo_mm_2023|lluvia_ciclo_mm_2024|ndvi_s2_max_hist_media|ndvi_s2_int_hist_media|ndvi_s2_media_sep_oct_hist_media|crc_s2_media_hist_media|vi6t_landsat_max_hist_media|lluvia_ciclo_mm_hist_media|municipio|lon|lat|pixel_clima|sg_nitrogen_0-5cm_mean|edaf_grupo,municipio|lon|lat|pixel_clima,sg_nitrogen_0-5cm_mean|edaf_grupo,curados_extendidos,v1
parcelas_multianio_ubic_mun-lon-lat-pix_n-cec_v1,curados_extendidos/parcelas_multianio_ubic_mun-lon-lat-pix_n-cec_v1.csv,multianio,ubic_mun-lon-lat-pix,n-cec,197,42,ID_POLIGONO|conjunto|rendimiento_t_ha|area_ha|ndvi_s2_int|ndvi_s2_media_sep_oct|crc_s2_media|vi6t_landsat_max|lai_planet_max|lluvia_ciclo_mm|pendiente_grados|elevacion_m|ndvi_s2_max_2022|ndvi_s2_int_2022|ndvi_s2_media_sep_oct_2022|ndvi_s2_max_2023|ndvi_s2_int_2023|ndvi_s2_media_sep_oct_2023|ndvi_s2_max_2024|ndvi_s2_int_2024|ndvi_s2_media_sep_oct_2024|crc_s2_media_2022|crc_s2_media_2023|crc_s2_media_2024|vi6t_landsat_max_2022|vi6t_landsat_max_2023|vi6t_landsat_max_2024|lluvia_ciclo_mm_2022|lluvia_ciclo_mm_2023|lluvia_ciclo_mm_2024|ndvi_s2_max_hist_media|ndvi_s2_int_hist_media|ndvi_s2_media_sep_oct_hist_media|crc_s2_media_hist_media|vi6t_landsat_max_hist_media|lluvia_ciclo_mm_hist_media|municipio|lon|lat|pixel_clima|sg_nitrogen_0-5cm_mean|sg_cec_0-5cm_mean,municipio|lon|lat|pixel_clima,sg_nitrogen_0-5cm_mean|sg_cec_0-5cm_mean,curados_extendidos,v1
parcelas_multianio_ubic_mun-lon-lat-pix_n-silt_v1,curados_extendidos/parcelas_multianio_ubic_mun-lon-lat-pix_n-silt_v1.csv,multianio,ubic_mun-lon-lat-pix,n-silt,197,42,ID_POLIGONO|conjunto|rendimiento_t_ha|area_ha|ndvi_s2_int|ndvi_s2_media_sep_oct|crc_s2_media|vi6t_landsat_max|lai_planet_max|lluvia_ciclo_mm|pendiente_grados|elevacion_m|ndvi_s2_max_2022|ndvi_s2_int_2022|ndvi_s2_media_sep_oct_2022|ndvi_s2_max_2023|ndvi_s2_int_2023|ndvi_s2_media_sep_oct_2023|ndvi_s2_max_2024|ndvi_s2_int_2024|ndvi_s2_media_sep_oct_2024|crc_s2_media_2022|crc_s2_media_2023|crc_s2_media_2024|vi6t_landsat_max_2022|vi6t_landsat_max_2023|vi6t_landsat_max_2024|lluvia_ciclo_mm_2022|lluvia_ciclo_mm_2023|lluvia_ciclo_mm_2024|ndvi_s2_max_hist_media|ndvi_s2_int_hist_media|ndvi_s2_media_sep_oct_hist_media|crc_s2_media_hist_media|vi6t_landsat_max_hist_media|lluvia_ciclo_mm_hist_media|municipio|lon|lat|pixel_clima|sg_nitrogen_0-5cm_mean|sg_silt_0-5cm_mean,municipio|lon|lat|pixel_clima,sg_nitrogen_0-5cm_mean|sg_silt_0-5cm_mean,curados_extendidos,v1
parcelas_multianio_ubic_mun-lon-lat-pix_edaf-cec_v1,curados_extendidos/parcelas_multianio_ubic_mun-lon-lat-pix_edaf-cec_v1.csv,multianio,ubic_mun-lon-lat-pix,edaf-cec,197,42,ID_POLIGONO|conjunto|rendimiento_t_ha|area_ha|ndvi_s2_int|ndvi_s2_media_sep_oct|crc_s2_media|vi6t_landsat_max|lai_planet_max|lluvia_ciclo_mm|pendiente_grados|elevacion_m|ndvi_s2_max_2022|ndvi_s2_int_2022|ndvi_s2_media_sep_oct_2022|ndvi_s2_max_2023|ndvi_s2_int_2023|ndvi_s2_media_sep_oct_2023|ndvi_s2_max_2024|ndvi_s2_int_2024|ndvi_s2_media_sep_oct_2024|crc_s2_media_2022|crc_s2_media_2023|crc_s2_media_2024|vi6t_landsat_max_2022|vi6t_landsat_max_2023|vi6t_landsat_max_2024|lluvia_ciclo_mm_2022|lluvia_ciclo_mm_2023|lluvia_ciclo_mm_2024|ndvi_s2_max_hist_media|ndvi_s2_int_hist_media|ndvi_s2_media_sep_oct_hist_media|crc_s2_media_hist_media|vi6t_landsat_max_hist_media|lluvia_ciclo_mm_hist_media|municipio|lon|lat|pixel_clima|edaf_grupo|sg_cec_0-5cm_mean,municipio|lon|lat|pixel_clima,edaf_grupo|sg_cec_0-5cm_mean,curados_extendidos,v1
parcelas_multianio_ubic_mun-lon-lat-pix_edaf-silt_v1,curados_extendidos/parcelas_multianio_ubic_mun-lon-lat-pix_edaf-silt_v1.csv,multianio,ubic_mun-lon-lat-pix,edaf-silt,197,42,ID_POLIGONO|conjunto|rendimiento_t_ha|area_ha|ndvi_s2_int|ndvi_s2_media_sep_oct|crc_s2_media|vi6t_landsat_max|lai_planet_max|lluvia_ciclo_mm|pendiente_grados|elevacion_m|ndvi_s2_max_2022|ndvi_s2_int_2022|ndvi_s2_media_sep_oct_2022|ndvi_s2_max_2023|ndvi_s2_int_2023|ndvi_s2_media_sep_oct_2023|ndvi_s2_max_2024|ndvi_s2_int_2024|ndvi_s2_media_sep_oct_2024|crc_s2_media_2022|crc_s2_media_2023|crc_s2_media_2024|vi6t_landsat_max_2022|vi6t_landsat_max_2023|vi6t_landsat_max_2024|lluvia_ciclo_mm_2022|lluvia_ciclo_mm_2023|lluvia_ciclo_mm_2024|ndvi_s2_max_hist_media|ndvi_s2_int_hist_media|ndvi_s2_media_sep_oct_hist_media|crc_s2_media_hist_media|vi6t_landsat_max_hist_media|lluvia_ciclo_mm_hist_media|municipio|lon|lat|pixel_clima|edaf_grupo|sg_silt_0-5cm_mean,municipio|lon|lat|pixel_clima,edaf_grupo|sg_silt_0-5cm_mean,curados_extendidos,v1
parcelas_multianio_ubic_mun-lon-lat-pix_cec-silt_v1,curados_extendidos/parcelas_multianio_ubic_mun-lon-lat-pix_cec-silt_v1.csv,multianio,ubic_mun-lon-lat-pix,cec-silt,197,42,ID_POLIGONO|conjunto|rendimiento_t_ha|area_ha|ndvi_s2_int|ndvi_s2_media_sep_oct|crc_s2_media|vi6t_landsat_max|lai_planet_max|lluvia_ciclo_mm|pendiente_grados|elevacion_m|ndvi_s2_max_2022|ndvi_s2_int_2022|ndvi_s2_media_sep_oct_2022|ndvi_s2_max_2023|ndvi_s2_int_2023|ndvi_s2_media_sep_oct_2023|ndvi_s2_max_2024|ndvi_s2_int_2024|ndvi_s2_media_sep_oct_2024|crc_s2_media_2022|crc_s2_media_2023|crc_s2_media_2024|vi6t_landsat_max_2022|vi6t_landsat_max_2023|vi6t_landsat_max_2024|lluvia_ciclo_mm_2022|lluvia_ciclo_mm_2023|lluvia_ciclo_mm_2024|ndvi_s2_max_hist_media|ndvi_s2_int_hist_media|ndvi_s2_media_sep_oct_hist_media|crc_s2_media_hist_media|vi6t_landsat_max_hist_media|lluvia_ciclo_mm_hist_media|municipio|lon|lat|pixel_clima|sg_cec_0-5cm_mean|sg_silt_0-5cm_mean,municipio|lon|lat|pixel_clima,sg_cec_0-5cm_mean|sg_silt_0-5cm_mean,curados_extendidos,v1
parcelas_multianio_ubic_mun-lon-lat-pix_n-edaf-cec_v1,curados_extendidos/parcelas_multianio_ubic_mun-lon-lat-pix_n-edaf-cec_v1.csv,multianio,ubic_mun-lon-lat-pix,n-edaf-cec,197,43,ID_POLIGONO|conjunto|rendimiento_t_ha|area_ha|ndvi_s2_int|ndvi_s2_media_sep_oct|crc_s2_media|vi6t_landsat_max|lai_planet_max|lluvia_ciclo_mm|pendiente_grados|elevacion_m|ndvi_s2_max_2022|ndvi_s2_int_2022|ndvi_s2_media_sep_oct_2022|ndvi_s2_max_2023|ndvi_s2_int_2023|ndvi_s2_media_sep_oct_2023|ndvi_s2_max_2024|ndvi_s2_int_2024|ndvi_s2_media_sep_oct_2024|crc_s2_media_2022|crc_s2_media_2023|crc_s2_media_2024|vi6t_landsat_max_2022|vi6t_landsat_max_2023|vi6t_landsat_max_2024|lluvia_ciclo_mm_2022|lluvia_ciclo_mm_2023|lluvia_ciclo_mm_2024|ndvi_s2_max_hist_media|ndvi_s2_int_hist_media|ndvi_s2_media_sep_oct_hist_media|crc_s2_media_hist_media|vi6t_landsat_max_hist_media|lluvia_ciclo_mm_hist_media|municipio|lon|lat|pixel_clima|sg_nitrogen_0-5cm_mean|edaf_grupo|sg_cec_0-5cm_mean,municipio|lon|lat|pixel_clima,sg_nitrogen_0-5cm_mean|edaf_grupo|sg_cec_0-5cm_mean,curados_extendidos,v1
parcelas_multianio_ubic_mun-lon-lat-pix_n-edaf-silt_v1,curados_extendidos/parcelas_multianio_ubic_mun-lon-lat-pix_n-edaf-silt_v1.csv,multianio,ubic_mun-lon-lat-pix,n-edaf-silt,197,43,ID_POLIGONO|conjunto|rendimiento_t_ha|area_ha|ndvi_s2_int|ndvi_s2_media_sep_oct|crc_s2_media|vi6t_landsat_max|lai_planet_max|lluvia_ciclo_mm|pendiente_grados|elevacion_m|ndvi_s2_max_2022|ndvi_s2_int_2022|ndvi_s2_media_sep_oct_2022|ndvi_s2_max_2023|ndvi_s2_int_2023|ndvi_s2_media_sep_oct_2023|ndvi_s2_max_2024|ndvi_s2_int_2024|ndvi_s2_media_sep_oct_2024|crc_s2_media_2022|crc_s2_media_2023|crc_s2_media_2024|vi6t_landsat_max_2022|vi6t_landsat_max_2023|vi6t_landsat_max_2024|lluvia_ciclo_mm_2022|lluvia_ciclo_mm_2023|lluvia_ciclo_mm_2024|ndvi_s2_max_hist_media|ndvi_s2_int_hist_media|ndvi_s2_media_sep_oct_hist_media|crc_s2_media_hist_media|vi6t_landsat_max_hist_media|lluvia_ciclo_mm_hist_media|municipio|lon|lat|pixel_clima|sg_nitrogen_0-5cm_mean|edaf_grupo|sg_silt_0-5cm_mean,municipio|lon|lat|pixel_clima,sg_nitrogen_0-5cm_mean|edaf_grupo|sg_silt_0-5cm_mean,curados_extendidos,v1
parcelas_multianio_ubic_mun-lon-lat-pix_n-cec-silt_v1,curados_extendidos/parcelas_multianio_ubic_mun-lon-lat-pix_n-cec-silt_v1.csv,multianio,ubic_mun-lon-lat-pix,n-cec-silt,197,43,ID_POLIGONO|conjunto|rendimiento_t_ha|area_ha|ndvi_s2_int|ndvi_s2_media_sep_oct|crc_s2_media|vi6t_landsat_max|lai_planet_max|lluvia_ciclo_mm|pendiente_grados|elevacion_m|ndvi_s2_max_2022|ndvi_s2_int_2022|ndvi_s2_media_sep_oct_2022|ndvi_s2_max_2023|ndvi_s2_int_2023|ndvi_s2_media_sep_oct_2023|ndvi_s2_max_2024|ndvi_s2_int_2024|ndvi_s2_media_sep_oct_2024|crc_s2_media_2022|crc_s2_media_2023|crc_s2_media_2024|vi6t_landsat_max_2022|vi6t_landsat_max_2023|vi6t_landsat_max_2024|lluvia_ciclo_mm_2022|lluvia_ciclo_mm_2023|lluvia_ciclo_mm_2024|ndvi_s2_max_hist_media|ndvi_s2_int_hist_media|ndvi_s2_media_sep_oct_hist_media|crc_s2_media_hist_media|vi6t_landsat_max_hist_media|lluvia_ciclo_mm_hist_media|municipio|lon|lat|pixel_clima|sg_nitrogen_0-5cm_mean|sg_cec_0-5cm_mean|sg_silt_0-5cm_mean,municipio|lon|lat|pixel_clima,sg_nitrogen_0-5cm_mean|sg_cec_0-5cm_mean|sg_silt_0-5cm_mean,curados_extendidos,v1
parcelas_multianio_ubic_mun-lon-lat-pix_edaf-cec-silt_v1,curados_extendidos/parcelas_multianio_ubic_mun-lon-lat-pix_edaf-cec-silt_v1.csv,multianio,ubic_mun-lon-lat-pix,edaf-cec-silt,197,43,ID_POLIGONO|conjunto|rendimiento_t_ha|area_ha|ndvi_s2_int|ndvi_s2_media_sep_oct|crc_s2_media|vi6t_landsat_max|lai_planet_max|lluvia_ciclo_mm|pendiente_grados|elevacion_m|ndvi_s2_max_2022|ndvi_s2_int_2022|ndvi_s2_media_sep_oct_2022|ndvi_s2_max_2023|ndvi_s2_int_2023|ndvi_s2_media_sep_oct_2023|ndvi_s2_max_2024|ndvi_s2_int_2024|ndvi_s2_media_sep_oct_2024|crc_s2_media_2022|crc_s2_media_2023|crc_s2_media_2024|vi6t_landsat_max_2022|vi6t_landsat_max_2023|vi6t_landsat_max_2024|lluvia_ciclo_mm_2022|lluvia_ciclo_mm_2023|lluvia_ciclo_mm_2024|ndvi_s2_max_hist_media|ndvi_s2_int_hist_media|ndvi_s2_media_sep_oct_hist_media|crc_s2_media_hist_media|vi6t_landsat_max_hist_media|lluvia_ciclo_mm_hist_media|municipio|lon|lat|pixel_clima|edaf_grupo|sg_cec_0-5cm_mean|sg_silt_0-5cm_mean,municipio|lon|lat|pixel_clima,edaf_grupo|sg_cec_0-5cm_mean|sg_silt_0-5cm_mean,curados_extendidos,v1
parcelas_multianio_ubic_mun-lon-lat-pix_n-edaf-cec-silt_v1,curados_extendidos/parcelas_multianio_ubic_mun-lon-lat-pix_n-edaf-cec-silt_v1.csv,multianio,ubic_mun-lon-lat-pix,n-edaf-cec-silt,197,44,ID_POLIGONO|conjunto|rendimiento_t_ha|area_ha|ndvi_s2_int|ndvi_s2_media_sep_oct|crc_s2_media|vi6t_landsat_max|lai_planet_max|lluvia_ciclo_mm|pendiente_grados|elevacion_m|ndvi_s2_max_2022|ndvi_s2_int_2022|ndvi_s2_media_sep_oct_2022|ndvi_s2_max_2023|ndvi_s2_int_2023|ndvi_s2_media_sep_oct_2023|ndvi_s2_max_2024|ndvi_s2_int_2024|ndvi_s2_media_sep_oct_2024|crc_s2_media_2022|crc_s2_media_2023|crc_s2_media_2024|vi6t_landsat_max_2022|vi6t_landsat_max_2023|vi6t_landsat_max_2024|lluvia_ciclo_mm_2022|lluvia_ciclo_mm_2023|lluvia_ciclo_mm_2024|ndvi_s2_max_hist_media|ndvi_s2_int_hist_media|ndvi_s2_media_sep_oct_hist_media|crc_s2_media_hist_media|vi6t_landsat_max_hist_media|lluvia_ciclo_mm_hist_media|municipio|lon|lat|pixel_clima|sg_nitrogen_0-5cm_mean|edaf_grupo|sg_cec_0-5cm_mean|sg_silt_0-5cm_mean,municipio|lon|lat|pixel_clima,sg_nitrogen_0-5cm_mean|edaf_grupo|sg_cec_0-5cm_mean|sg_silt_0-5cm_mean,curados_extendidos,v1
parcelas_multianio_ubic_completa_reto_v1,curados_reto/parcelas_multianio_ubic_completa_reto_v1.csv,multianio,ubic_completa,reto,197,41,ID_POLIGONO|conjunto|rendimiento_t_ha|area_ha|ndvi_s2_int|ndvi_s2_media_sep_oct|crc_s2_media|vi6t_landsat_max|lai_planet_max|lluvia_ciclo_mm|pendiente_grados|elevacion_m|ndvi_s2_max_2022|ndvi_s2_int_2022|ndvi_s2_media_sep_oct_2022|ndvi_s2_max_2023|ndvi_s2_int_2023|ndvi_s2_media_sep_oct_2023|ndvi_s2_max_2024|ndvi_s2_int_2024|ndvi_s2_media_sep_oct_2024|crc_s2_media_2022|crc_s2_media_2023|crc_s2_media_2024|vi6t_landsat_max_2022|vi6t_landsat_max_2023|vi6t_landsat_max_2024|lluvia_ciclo_mm_2022|lluvia_ciclo_mm_2023|lluvia_ciclo_mm_2024|ndvi_s2_max_hist_media|ndvi_s2_int_hist_media|ndvi_s2_media_sep_oct_hist_media|crc_s2_media_hist_media|vi6t_landsat_max_hist_media|lluvia_ciclo_mm_hist_media|estado|municipio|lon|lat|pixel_clima,estado|municipio|lon|lat|pixel_clima,,curados_reto,v1
parcelas_multianio_ubic_completa_n_v1,curados_extendidos/parcelas_multianio_ubic_completa_n_v1.csv,multianio,ubic_completa,n,197,42,ID_POLIGONO|conjunto|rendimiento_t_ha|area_ha|ndvi_s2_int|ndvi_s2_media_sep_oct|crc_s2_media|vi6t_landsat_max|lai_planet_max|lluvia_ciclo_mm|pendiente_grados|elevacion_m|ndvi_s2_max_2022|ndvi_s2_int_2022|ndvi_s2_media_sep_oct_2022|ndvi_s2_max_2023|ndvi_s2_int_2023|ndvi_s2_media_sep_oct_2023|ndvi_s2_max_2024|ndvi_s2_int_2024|ndvi_s2_media_sep_oct_2024|crc_s2_media_2022|crc_s2_media_2023|crc_s2_media_2024|vi6t_landsat_max_2022|vi6t_landsat_max_2023|vi6t_landsat_max_2024|lluvia_ciclo_mm_2022|lluvia_ciclo_mm_2023|lluvia_ciclo_mm_2024|ndvi_s2_max_hist_media|ndvi_s2_int_hist_media|ndvi_s2_media_sep_oct_hist_media|crc_s2_media_hist_media|vi6t_landsat_max_hist_media|lluvia_ciclo_mm_hist_media|estado|municipio|lon|lat|pixel_clima|sg_nitrogen_0-5cm_mean,estado|municipio|lon|lat|pixel_clima,sg_nitrogen_0-5cm_mean,curados_extendidos,v1
parcelas_multianio_ubic_completa_edaf_v1,curados_extendidos/parcelas_multianio_ubic_completa_edaf_v1.csv,multianio,ubic_completa,edaf,197,42,ID_POLIGONO|conjunto|rendimiento_t_ha|area_ha|ndvi_s2_int|ndvi_s2_media_sep_oct|crc_s2_media|vi6t_landsat_max|lai_planet_max|lluvia_ciclo_mm|pendiente_grados|elevacion_m|ndvi_s2_max_2022|ndvi_s2_int_2022|ndvi_s2_media_sep_oct_2022|ndvi_s2_max_2023|ndvi_s2_int_2023|ndvi_s2_media_sep_oct_2023|ndvi_s2_max_2024|ndvi_s2_int_2024|ndvi_s2_media_sep_oct_2024|crc_s2_media_2022|crc_s2_media_2023|crc_s2_media_2024|vi6t_landsat_max_2022|vi6t_landsat_max_2023|vi6t_landsat_max_2024|lluvia_ciclo_mm_2022|lluvia_ciclo_mm_2023|lluvia_ciclo_mm_2024|ndvi_s2_max_hist_media|ndvi_s2_int_hist_media|ndvi_s2_media_sep_oct_hist_media|crc_s2_media_hist_media|vi6t_landsat_max_hist_media|lluvia_ciclo_mm_hist_media|estado|municipio|lon|lat|pixel_clima|edaf_grupo,estado|municipio|lon|lat|pixel_clima,edaf_grupo,curados_extendidos,v1
parcelas_multianio_ubic_completa_cec_v1,curados_extendidos/parcelas_multianio_ubic_completa_cec_v1.csv,multianio,ubic_completa,cec,197,42,ID_POLIGONO|conjunto|rendimiento_t_ha|area_ha|ndvi_s2_int|ndvi_s2_media_sep_oct|crc_s2_media|vi6t_landsat_max|lai_planet_max|lluvia_ciclo_mm|pendiente_grados|elevacion_m|ndvi_s2_max_2022|ndvi_s2_int_2022|ndvi_s2_media_sep_oct_2022|ndvi_s2_max_2023|ndvi_s2_int_2023|ndvi_s2_media_sep_oct_2023|ndvi_s2_max_2024|ndvi_s2_int_2024|ndvi_s2_media_sep_oct_2024|crc_s2_media_2022|crc_s2_media_2023|crc_s2_media_2024|vi6t_landsat_max_2022|vi6t_landsat_max_2023|vi6t_landsat_max_2024|lluvia_ciclo_mm_2022|lluvia_ciclo_mm_2023|lluvia_ciclo_mm_2024|ndvi_s2_max_hist_media|ndvi_s2_int_hist_media|ndvi_s2_media_sep_oct_hist_media|crc_s2_media_hist_media|vi6t_landsat_max_hist_media|lluvia_ciclo_mm_hist_media|estado|municipio|lon|lat|pixel_clima|sg_cec_0-5cm_mean,estado|municipio|lon|lat|pixel_clima,sg_cec_0-5cm_mean,curados_extendidos,v1
parcelas_multianio_ubic_completa_silt_v1,curados_extendidos/parcelas_multianio_ubic_completa_silt_v1.csv,multianio,ubic_completa,silt,197,42,ID_POLIGONO|conjunto|rendimiento_t_ha|area_ha|ndvi_s2_int|ndvi_s2_media_sep_oct|crc_s2_media|vi6t_landsat_max|lai_planet_max|lluvia_ciclo_mm|pendiente_grados|elevacion_m|ndvi_s2_max_2022|ndvi_s2_int_2022|ndvi_s2_media_sep_oct_2022|ndvi_s2_max_2023|ndvi_s2_int_2023|ndvi_s2_media_sep_oct_2023|ndvi_s2_max_2024|ndvi_s2_int_2024|ndvi_s2_media_sep_oct_2024|crc_s2_media_2022|crc_s2_media_2023|crc_s2_media_2024|vi6t_landsat_max_2022|vi6t_landsat_max_2023|vi6t_landsat_max_2024|lluvia_ciclo_mm_2022|lluvia_ciclo_mm_2023|lluvia_ciclo_mm_2024|ndvi_s2_max_hist_media|ndvi_s2_int_hist_media|ndvi_s2_media_sep_oct_hist_media|crc_s2_media_hist_media|vi6t_landsat_max_hist_media|lluvia_ciclo_mm_hist_media|estado|municipio|lon|lat|pixel_clima|sg_silt_0-5cm_mean,estado|municipio|lon|lat|pixel_clima,sg_silt_0-5cm_mean,curados_extendidos,v1
parcelas_multianio_ubic_completa_n-edaf_v1,curados_extendidos/parcelas_multianio_ubic_completa_n-edaf_v1.csv,multianio,ubic_completa,n-edaf,197,43,ID_POLIGONO|conjunto|rendimiento_t_ha|area_ha|ndvi_s2_int|ndvi_s2_media_sep_oct|crc_s2_media|vi6t_landsat_max|lai_planet_max|lluvia_ciclo_mm|pendiente_grados|elevacion_m|ndvi_s2_max_2022|ndvi_s2_int_2022|ndvi_s2_media_sep_oct_2022|ndvi_s2_max_2023|ndvi_s2_int_2023|ndvi_s2_media_sep_oct_2023|ndvi_s2_max_2024|ndvi_s2_int_2024|ndvi_s2_media_sep_oct_2024|crc_s2_media_2022|crc_s2_media_2023|crc_s2_media_2024|vi6t_landsat_max_2022|vi6t_landsat_max_2023|vi6t_landsat_max_2024|lluvia_ciclo_mm_2022|lluvia_ciclo_mm_2023|lluvia_ciclo_mm_2024|ndvi_s2_max_hist_media|ndvi_s2_int_hist_media|ndvi_s2_media_sep_oct_hist_media|crc_s2_media_hist_media|vi6t_landsat_max_hist_media|lluvia_ciclo_mm_hist_media|estado|municipio|lon|lat|pixel_clima|sg_nitrogen_0-5cm_mean|edaf_grupo,estado|municipio|lon|lat|pixel_clima,sg_nitrogen_0-5cm_mean|edaf_grupo,curados_extendidos,v1
parcelas_multianio_ubic_completa_n-cec_v1,curados_extendidos/parcelas_multianio_ubic_completa_n-cec_v1.csv,multianio,ubic_completa,n-cec,197,43,ID_POLIGONO|conjunto|rendimiento_t_ha|area_ha|ndvi_s2_int|ndvi_s2_media_sep_oct|crc_s2_media|vi6t_landsat_max|lai_planet_max|lluvia_ciclo_mm|pendiente_grados|elevacion_m|ndvi_s2_max_2022|ndvi_s2_int_2022|ndvi_s2_media_sep_oct_2022|ndvi_s2_max_2023|ndvi_s2_int_2023|ndvi_s2_media_sep_oct_2023|ndvi_s2_max_2024|ndvi_s2_int_2024|ndvi_s2_media_sep_oct_2024|crc_s2_media_2022|crc_s2_media_2023|crc_s2_media_2024|vi6t_landsat_max_2022|vi6t_landsat_max_2023|vi6t_landsat_max_2024|lluvia_ciclo_mm_2022|lluvia_ciclo_mm_2023|lluvia_ciclo_mm_2024|ndvi_s2_max_hist_media|ndvi_s2_int_hist_media|ndvi_s2_media_sep_oct_hist_media|crc_s2_media_hist_media|vi6t_landsat_max_hist_media|lluvia_ciclo_mm_hist_media|estado|municipio|lon|lat|pixel_clima|sg_nitrogen_0-5cm_mean|sg_cec_0-5cm_mean,estado|municipio|lon|lat|pixel_clima,sg_nitrogen_0-5cm_mean|sg_cec_0-5cm_mean,curados_extendidos,v1
parcelas_multianio_ubic_completa_n-silt_v1,curados_extendidos/parcelas_multianio_ubic_completa_n-silt_v1.csv,multianio,ubic_completa,n-silt,197,43,ID_POLIGONO|conjunto|rendimiento_t_ha|area_ha|ndvi_s2_int|ndvi_s2_media_sep_oct|crc_s2_media|vi6t_landsat_max|lai_planet_max|lluvia_ciclo_mm|pendiente_grados|elevacion_m|ndvi_s2_max_2022|ndvi_s2_int_2022|ndvi_s2_media_sep_oct_2022|ndvi_s2_max_2023|ndvi_s2_int_2023|ndvi_s2_media_sep_oct_2023|ndvi_s2_max_2024|ndvi_s2_int_2024|ndvi_s2_media_sep_oct_2024|crc_s2_media_2022|crc_s2_media_2023|crc_s2_media_2024|vi6t_landsat_max_2022|vi6t_landsat_max_2023|vi6t_landsat_max_2024|lluvia_ciclo_mm_2022|lluvia_ciclo_mm_2023|lluvia_ciclo_mm_2024|ndvi_s2_max_hist_media|ndvi_s2_int_hist_media|ndvi_s2_media_sep_oct_hist_media|crc_s2_media_hist_media|vi6t_landsat_max_hist_media|lluvia_ciclo_mm_hist_media|estado|municipio|lon|lat|pixel_clima|sg_nitrogen_0-5cm_mean|sg_silt_0-5cm_mean,estado|municipio|lon|lat|pixel_clima,sg_nitrogen_0-5cm_mean|sg_silt_0-5cm_mean,curados_extendidos,v1
parcelas_multianio_ubic_completa_edaf-cec_v1,curados_extendidos/parcelas_multianio_ubic_completa_edaf-cec_v1.csv,multianio,ubic_completa,edaf-cec,197,43,ID_POLIGONO|conjunto|rendimiento_t_ha|area_ha|ndvi_s2_int|ndvi_s2_media_sep_oct|crc_s2_media|vi6t_landsat_max|lai_planet_max|lluvia_ciclo_mm|pendiente_grados|elevacion_m|ndvi_s2_max_2022|ndvi_s2_int_2022|ndvi_s2_media_sep_oct_2022|ndvi_s2_max_2023|ndvi_s2_int_2023|ndvi_s2_media_sep_oct_2023|ndvi_s2_max_2024|ndvi_s2_int_2024|ndvi_s2_media_sep_oct_2024|crc_s2_media_2022|crc_s2_media_2023|crc_s2_media_2024|vi6t_landsat_max_2022|vi6t_landsat_max_2023|vi6t_landsat_max_2024|lluvia_ciclo_mm_2022|lluvia_ciclo_mm_2023|lluvia_ciclo_mm_2024|ndvi_s2_max_hist_media|ndvi_s2_int_hist_media|ndvi_s2_media_sep_oct_hist_media|crc_s2_media_hist_media|vi6t_landsat_max_hist_media|lluvia_ciclo_mm_hist_media|estado|municipio|lon|lat|pixel_clima|edaf_grupo|sg_cec_0-5cm_mean,estado|municipio|lon|lat|pixel_clima,edaf_grupo|sg_cec_0-5cm_mean,curados_extendidos,v1
parcelas_multianio_ubic_completa_edaf-silt_v1,curados_extendidos/parcelas_multianio_ubic_completa_edaf-silt_v1.csv,multianio,ubic_completa,edaf-silt,197,43,ID_POLIGONO|conjunto|rendimiento_t_ha|area_ha|ndvi_s2_int|ndvi_s2_media_sep_oct|crc_s2_media|vi6t_landsat_max|lai_planet_max|lluvia_ciclo_mm|pendiente_grados|elevacion_m|ndvi_s2_max_2022|ndvi_s2_int_2022|ndvi_s2_media_sep_oct_2022|ndvi_s2_max_2023|ndvi_s2_int_2023|ndvi_s2_media_sep_oct_2023|ndvi_s2_max_2024|ndvi_s2_int_2024|ndvi_s2_media_sep_oct_2024|crc_s2_media_2022|crc_s2_media_2023|crc_s2_media_2024|vi6t_landsat_max_2022|vi6t_landsat_max_2023|vi6t_landsat_max_2024|lluvia_ciclo_mm_2022|lluvia_ciclo_mm_2023|lluvia_ciclo_mm_2024|ndvi_s2_max_hist_media|ndvi_s2_int_hist_media|ndvi_s2_media_sep_oct_hist_media|crc_s2_media_hist_media|vi6t_landsat_max_hist_media|lluvia_ciclo_mm_hist_media|estado|municipio|lon|lat|pixel_clima|edaf_grupo|sg_silt_0-5cm_mean,estado|municipio|lon|lat|pixel_clima,edaf_grupo|sg_silt_0-5cm_mean,curados_extendidos,v1
parcelas_multianio_ubic_completa_cec-silt_v1,curados_extendidos/parcelas_multianio_ubic_completa_cec-silt_v1.csv,multianio,ubic_completa,cec-silt,197,43,ID_POLIGONO|conjunto|rendimiento_t_ha|area_ha|ndvi_s2_int|ndvi_s2_media_sep_oct|crc_s2_media|vi6t_landsat_max|lai_planet_max|lluvia_ciclo_mm|pendiente_grados|elevacion_m|ndvi_s2_max_2022|ndvi_s2_int_2022|ndvi_s2_media_sep_oct_2022|ndvi_s2_max_2023|ndvi_s2_int_2023|ndvi_s2_media_sep_oct_2023|ndvi_s2_max_2024|ndvi_s2_int_2024|ndvi_s2_media_sep_oct_2024|crc_s2_media_2022|crc_s2_media_2023|crc_s2_media_2024|vi6t_landsat_max_2022|vi6t_landsat_max_2023|vi6t_landsat_max_2024|lluvia_ciclo_mm_2022|lluvia_ciclo_mm_2023|lluvia_ciclo_mm_2024|ndvi_s2_max_hist_media|ndvi_s2_int_hist_media|ndvi_s2_media_sep_oct_hist_media|crc_s2_media_hist_media|vi6t_landsat_max_hist_media|lluvia_ciclo_mm_hist_media|estado|municipio|lon|lat|pixel_clima|sg_cec_0-5cm_mean|sg_silt_0-5cm_mean,estado|municipio|lon|lat|pixel_clima,sg_cec_0-5cm_mean|sg_silt_0-5cm_mean,curados_extendidos,v1
parcelas_multianio_ubic_completa_n-edaf-cec_v1,curados_extendidos/parcelas_multianio_ubic_completa_n-edaf-cec_v1.csv,multianio,ubic_completa,n-edaf-cec,197,44,ID_POLIGONO|conjunto|rendimiento_t_ha|area_ha|ndvi_s2_int|ndvi_s2_media_sep_oct|crc_s2_media|vi6t_landsat_max|lai_planet_max|lluvia_ciclo_mm|pendiente_grados|elevacion_m|ndvi_s2_max_2022|ndvi_s2_int_2022|ndvi_s2_media_sep_oct_2022|ndvi_s2_max_2023|ndvi_s2_int_2023|ndvi_s2_media_sep_oct_2023|ndvi_s2_max_2024|ndvi_s2_int_2024|ndvi_s2_media_sep_oct_2024|crc_s2_media_2022|crc_s2_media_2023|crc_s2_media_2024|vi6t_landsat_max_2022|vi6t_landsat_max_2023|vi6t_landsat_max_2024|lluvia_ciclo_mm_2022|lluvia_ciclo_mm_2023|lluvia_ciclo_mm_2024|ndvi_s2_max_hist_media|ndvi_s2_int_hist_media|ndvi_s2_media_sep_oct_hist_media|crc_s2_media_hist_media|vi6t_landsat_max_hist_media|lluvia_ciclo_mm_hist_media|estado|municipio|lon|lat|pixel_clima|sg_nitrogen_0-5cm_mean|edaf_grupo|sg_cec_0-5cm_mean,estado|municipio|lon|lat|pixel_clima,sg_nitrogen_0-5cm_mean|edaf_grupo|sg_cec_0-5cm_mean,curados_extendidos,v1
parcelas_multianio_ubic_completa_n-edaf-silt_v1,curados_extendidos/parcelas_multianio_ubic_completa_n-edaf-silt_v1.csv,multianio,ubic_completa,n-edaf-silt,197,44,ID_POLIGONO|conjunto|rendimiento_t_ha|area_ha|ndvi_s2_int|ndvi_s2_media_sep_oct|crc_s2_media|vi6t_landsat_max|lai_planet_max|lluvia_ciclo_mm|pendiente_grados|elevacion_m|ndvi_s2_max_2022|ndvi_s2_int_2022|ndvi_s2_media_sep_oct_2022|ndvi_s2_max_2023|ndvi_s2_int_2023|ndvi_s2_media_sep_oct_2023|ndvi_s2_max_2024|ndvi_s2_int_2024|ndvi_s2_media_sep_oct_2024|crc_s2_media_2022|crc_s2_media_2023|crc_s2_media_2024|vi6t_landsat_max_2022|vi6t_landsat_max_2023|vi6t_landsat_max_2024|lluvia_ciclo_mm_2022|lluvia_ciclo_mm_2023|lluvia_ciclo_mm_2024|ndvi_s2_max_hist_media|ndvi_s2_int_hist_media|ndvi_s2_media_sep_oct_hist_media|crc_s2_media_hist_media|vi6t_landsat_max_hist_media|lluvia_ciclo_mm_hist_media|estado|municipio|lon|lat|pixel_clima|sg_nitrogen_0-5cm_mean|edaf_grupo|sg_silt_0-5cm_mean,estado|municipio|lon|lat|pixel_clima,sg_nitrogen_0-5cm_mean|edaf_grupo|sg_silt_0-5cm_mean,curados_extendidos,v1
parcelas_multianio_ubic_completa_n-cec-silt_v1,curados_extendidos/parcelas_multianio_ubic_completa_n-cec-silt_v1.csv,multianio,ubic_completa,n-cec-silt,197,44,ID_POLIGONO|conjunto|rendimiento_t_ha|area_ha|ndvi_s2_int|ndvi_s2_media_sep_oct|crc_s2_media|vi6t_landsat_max|lai_planet_max|lluvia_ciclo_mm|pendiente_grados|elevacion_m|ndvi_s2_max_2022|ndvi_s2_int_2022|ndvi_s2_media_sep_oct_2022|ndvi_s2_max_2023|ndvi_s2_int_2023|ndvi_s2_media_sep_oct_2023|ndvi_s2_max_2024|ndvi_s2_int_2024|ndvi_s2_media_sep_oct_2024|crc_s2_media_2022|crc_s2_media_2023|crc_s2_media_2024|vi6t_landsat_max_2022|vi6t_landsat_max_2023|vi6t_landsat_max_2024|lluvia_ciclo_mm_2022|lluvia_ciclo_mm_2023|lluvia_ciclo_mm_2024|ndvi_s2_max_hist_media|ndvi_s2_int_hist_media|ndvi_s2_media_sep_oct_hist_media|crc_s2_media_hist_media|vi6t_landsat_max_hist_media|lluvia_ciclo_mm_hist_media|estado|municipio|lon|lat|pixel_clima|sg_nitrogen_0-5cm_mean|sg_cec_0-5cm_mean|sg_silt_0-5cm_mean,estado|municipio|lon|lat|pixel_clima,sg_nitrogen_0-5cm_mean|sg_cec_0-5cm_mean|sg_silt_0-5cm_mean,curados_extendidos,v1
parcelas_multianio_ubic_completa_edaf-cec-silt_v1,curados_extendidos/parcelas_multianio_ubic_completa_edaf-cec-silt_v1.csv,multianio,ubic_completa,edaf-cec-silt,197,44,ID_POLIGONO|conjunto|rendimiento_t_ha|area_ha|ndvi_s2_int|ndvi_s2_media_sep_oct|crc_s2_media|vi6t_landsat_max|lai_planet_max|lluvia_ciclo_mm|pendiente_grados|elevacion_m|ndvi_s2_max_2022|ndvi_s2_int_2022|ndvi_s2_media_sep_oct_2022|ndvi_s2_max_2023|ndvi_s2_int_2023|ndvi_s2_media_sep_oct_2023|ndvi_s2_max_2024|ndvi_s2_int_2024|ndvi_s2_media_sep_oct_2024|crc_s2_media_2022|crc_s2_media_2023|crc_s2_media_2024|vi6t_landsat_max_2022|vi6t_landsat_max_2023|vi6t_landsat_max_2024|lluvia_ciclo_mm_2022|lluvia_ciclo_mm_2023|lluvia_ciclo_mm_2024|ndvi_s2_max_hist_media|ndvi_s2_int_hist_media|ndvi_s2_media_sep_oct_hist_media|crc_s2_media_hist_media|vi6t_landsat_max_hist_media|lluvia_ciclo_mm_hist_media|estado|municipio|lon|lat|pixel_clima|edaf_grupo|sg_cec_0-5cm_mean|sg_silt_0-5cm_mean,estado|municipio|lon|lat|pixel_clima,edaf_grupo|sg_cec_0-5cm_mean|sg_silt_0-5cm_mean,curados_extendidos,v1
parcelas_multianio_ubic_completa_n-edaf-cec-silt_v1,curados_extendidos/parcelas_multianio_ubic_completa_n-edaf-cec-silt_v1.csv,multianio,ubic_completa,n-edaf-cec-silt,197,45,ID_POLIGONO|conjunto|rendimiento_t_ha|area_ha|ndvi_s2_int|ndvi_s2_media_sep_oct|crc_s2_media|vi6t_landsat_max|lai_planet_max|lluvia_ciclo_mm|pendiente_grados|elevacion_m|ndvi_s2_max_2022|ndvi_s2_int_2022|ndvi_s2_media_sep_oct_2022|ndvi_s2_max_2023|ndvi_s2_int_2023|ndvi_s2_media_sep_oct_2023|ndvi_s2_max_2024|ndvi_s2_int_2024|ndvi_s2_media_sep_oct_2024|crc_s2_media_2022|crc_s2_media_2023|crc_s2_media_2024|vi6t_landsat_max_2022|vi6t_landsat_max_2023|vi6t_landsat_max_2024|lluvia_ciclo_mm_2022|lluvia_ciclo_mm_2023|lluvia_ciclo_mm_2024|ndvi_s2_max_hist_media|ndvi_s2_int_hist_media|ndvi_s2_media_sep_oct_hist_media|crc_s2_media_hist_media|vi6t_landsat_max_hist_media|lluvia_ciclo_mm_hist_media|estado|municipio|lon|lat|pixel_clima|sg_nitrogen_0-5cm_mean|edaf_grupo|sg_cec_0-5cm_mean|sg_silt_0-5cm_mean,estado|municipio|lon|lat|pixel_clima,sg_nitrogen_0-5cm_mean|edaf_grupo|sg_cec_0-5cm_mean|sg_silt_0-5cm_mean,curados_extendidos,v1
