ID_POLIGONO,n_obs_s2,n_obs_landsat,n_obs_planet,ndvi_s2_max,ndvi_s2_media,ndvi_s2_int,ndvi_s2_doy_max,ndvi_s2_std_media,evi_s2_max,evi_s2_media,evi_s2_int,evi_s2_doy_max,evi_s2_std_media,savi_s2_max,savi_s2_media,savi_s2_int,savi_s2_doy_max,savi_s2_std_media,lai_s2_max,lai_s2_media,lai_s2_int,lai_s2_doy_max,lai_s2_std_media,fapar_s2_max,fapar_s2_media,fapar_s2_int,fapar_s2_doy_max,fapar_s2_std_media,ndwi_s2_media,ndwi_s2_max,ndwi_s2_min,endwi_s2_media,endwi_s2_max,endwi_s2_min,msi_s2_media,msi_s2_max,msi_s2_min,emsi_s2_media,emsi_s2_max,emsi_s2_min,ndti_s2_media,ndti_s2_max,ndti_s2_min,sti_s2_media,sti_s2_max,sti_s2_min,crc_s2_media,crc_s2_max,crc_s2_min,ndvi_s2_media_ago,ndvi_s2_media_may_jul,ndvi_s2_media_sep_oct,vi6t_landsat_media,vi6t_landsat_max,vi6t_landsat_min,ndvi_planet_max,ndvi_planet_media,ndvi_planet_int,ndvi_planet_doy_max,ndvi_planet_std_media,evi_planet_max,evi_planet_media,evi_planet_int,evi_planet_doy_max,evi_planet_std_media,lai_planet_max,lai_planet_media,lai_planet_int,lai_planet_doy_max,lai_planet_std_media,msavi_planet_max,msavi_planet_media,msavi_planet_int,msavi_planet_doy_max,msavi_planet_std_media,ndvi_planet_media_ago,ndvi_planet_media_may_jul,ndvi_planet_media_sep_oct,sensores_confiables
AGC_001,35,12,91,0.745,0.3394,70.9365,265,0.06122857142857143,0.682,0.28068571428571426,59.0465,265,0.06574285714285714,0.499,0.21337142857142857,44.8595,265,0.046342857142857144,1.275,0.30588571428571426,65.197,265,0.1368,0.733,0.3172285714285714,65.6025,265,0.05922857142857143,0.08674285714285714,0.444,-0.117,0.22494285714285714,0.69,-0.053,0.9058857142857143,1.266,0.387,0.7170857142857143,1.114,0.185,0.16297142857142857,0.359,0.057,1.436942857142857,2.125,1.121,0.3024,0.387,-0.065,0.41000000000000003,0.196,0.6277,-0.6244166666666666,-0.596,-0.658,0.836,0.38869230769230767,90.5125,245,0.046054945054945055,0.693,0.2543846153846154,58.878,254,0.03841758241758242,3.142,1.353021978021978,316.378,265,0.1888021978021978,0.638,0.25235164835164836,58.2815,254,0.03901098901098901,0.5211428571428571,0.2386388888888889,0.7496190476190476,3
AGC_002,31,19,89,0.751,0.417258064516129,91.6625,185,0.06270967741935483,0.773,0.3500645161290323,77.0515,185,0.06696774193548387,0.547,0.2646774193548387,57.86,185,0.046870967741935485,1.712,0.4529032258064516,104.4945,185,0.15916129032258064,0.717,0.37570967741935485,83.98649999999999,185,0.055612903225806455,0.07403225806451613,0.351,-0.181,0.2558064516129032,0.619,-0.12,0.9369032258064516,1.446,0.484,0.6924516129032259,1.275,0.239,0.20525806451612905,0.346,0.044,1.5700645161290323,2.07,1.092,0.37570967741935485,0.471,0.153,0.6245,0.4564166666666667,0.447,-0.6226842105263158,-0.58,-0.657,0.835,0.4430674157303371,105.0525,184,0.04449438202247191,0.677,0.2924157303370786,72.381,193,0.036202247191011235,2.805,1.5358314606741572,362.937,184,0.17575280898876405,0.671,0.28852808988764045,70.0405,184,0.03767415730337079,0.721375,0.42703125,0.5626875,3
AGC_003,32,13,63,0.741,0.3956875,84.009,240,0.07425,0.764,0.295375,64.6095,245,0.08712500000000001,0.508,0.22928125,49.1285,245,0.06109375,1.466,0.35571875,82.86,245,0.20153125,0.75,0.32603125,71.2245,245,0.08225,0.0568125,0.426,-0.198,0.24815625,0.692,-0.153,0.9843125,1.502,0.405,0.69528125,1.371,0.183,0.21828125,0.398,0.046,1.6084375,2.334,1.099,0.34796875,0.511,-0.131,0.6433333333333333,0.28533333333333333,0.5845,-0.6451538461538462,-0.612,-0.661,0.829,0.44426984126984126,103.111,286,0.05117460317460317,0.656,0.2679047619047619,62.7205,268,0.045682539682539686,3.126,1.5545238095238094,356.909,241,0.21044444444444443,0.606,0.26966666666666667,62.686499999999995,238,0.0472063492063492,0.7424444444444445,0.2878,0.6782307692307692,3
AGC_004,36,14,97,0.577,0.322,67.527,257,0.10155555555555555,0.518,0.2673611111111111,56.5695,250,0.09927777777777777,0.371,0.20355555555555555,42.759,265,0.07,0.781,0.26366666666666666,56.5555,265,0.19855555555555554,0.578,0.2756388888888889,58.8275,257,0.10011111111111111,-0.003138888888888889,0.276,-0.194,0.1386388888888889,0.503,-0.126,1.0723888888888888,1.489,0.593,0.8402499999999999,1.299,0.352,0.15380555555555556,0.3,0.063,1.393888888888889,1.879,1.138,0.36088888888888887,0.425,0.198,0.45585714285714285,0.23341666666666666,0.49766666666666665,-0.631,-0.616,-0.646,0.7,0.40122680412371137,89.6095,245,0.09677319587628866,0.481,0.25622680412371135,56.816,252,0.06924742268041237,2.599,1.4171340206185568,316.315,261,0.37212371134020616,0.467,0.25,55.174,250,0.07164948453608247,0.5644117647058824,0.28647058823529414,0.59824,3
AGC_005,30,24,88,0.799,0.37356666666666666,94.3275,265,0.07446666666666667,0.79,0.3149666666666667,83.445,265,0.0867,0.567,0.2351,61.2065,265,0.059033333333333333,2.229,0.43946666666666667,144.9125,265,0.2539,0.805,0.29413333333333336,80.64,265,0.08236666666666667,-0.034833333333333334,0.439,-0.267,0.1044,0.704,-0.203,1.2191,1.737,0.401,0.9798666666666667,1.522,0.176,0.1642,0.411,0.05,1.4504666666666666,2.404,1.107,0.4132,0.502,0.17,0.4915,0.288,0.7322,-0.639125,-0.611,-0.66,0.871,0.47275,110.55499999999999,265,0.05414772727272727,0.798,0.3281022727272727,79.371,253,0.055238636363636365,3.345,1.718409090909091,405.8455,265,0.218375,0.78,0.320125,76.998,253,0.05544318181818182,0.605875,0.37082758620689654,0.8168333333333333,3
AGC_006,27,23,77,0.711,0.3725185185185185,84.25150000000001,240,0.06903703703703704,0.607,0.3161481481481481,69.4695,210,0.0758888888888889,0.461,0.247,54.417,240,0.05185185185185185,1.128,0.4169259259259259,94.18599999999999,210,0.1812962962962963,0.689,0.33466666666666667,76.359,240,0.060925925925925925,0.06814814814814815,0.373,-0.145,0.22814814814814816,0.613,-0.091,0.9317407407407408,1.34,0.462,0.7155555555555555,1.204,0.245,0.17951851851851852,0.324,0.035,1.485,1.962,1.073,0.3864444444444444,0.451,0.186,0.6516,0.33836363636363637,0.55725,-0.6101739130434782,-0.561,-0.65,0.813,0.3982337662337662,96.156,248,0.04983116883116883,0.644,0.2737922077922078,65.727,232,0.04023376623376623,2.993,1.3220649350649352,322.642,249,0.19303896103896104,0.621,0.27596103896103896,65.7535,248,0.040779220779220776,0.7289333333333333,0.2540769230769231,0.6658571428571428,3
AGC_007,33,10,64,0.817,0.39960606060606063,84.411,240,0.06066666666666667,0.813,0.3413939393939394,71.6315,235,0.07390909090909091,0.568,0.25657575757575757,54.006,240,0.04896969696969697,2.017,0.5566969696969697,116.552,235,0.25633333333333336,0.867,0.4033333333333333,85.116,240,0.06106060606060606,0.16721212121212123,0.542,-0.095,0.3382121212121212,0.751,-0.029,0.7827272727272727,1.213,0.3,0.5745454545454546,1.066,0.144,0.21393939393939393,0.376,0.053,1.6082121212121212,2.218,1.114,0.2696363636363636,0.442,-0.268,0.7515714285714286,0.30963636363636365,0.457375,-0.642,-0.616,-0.656,0.907,0.429078125,99.5845,238,0.042484375,0.823,0.30415625,69.802,227,0.04084375,3.663,1.5505,353.435,238,0.18746875,0.728,0.305609375,69.8685,238,0.04075,0.8446153846153847,0.33490909090909093,0.5024545454545455,3
AGC_008,31,15,85,0.604,0.3558709677419355,76.877,245,0.06293548387096774,0.485,0.2739032258064516,58.5695,245,0.06793548387096775,0.37,0.214,45.621,265,0.04809677419354839,0.695,0.27599999999999997,60.649499999999996,265,0.14012903225806453,0.564,0.2904193548387097,63.43,245,0.063,0.008161290322580644,0.29,-0.211,0.1782258064516129,0.558,-0.14,1.0499677419354838,1.538,0.555,0.7893548387096774,1.33,0.285,0.18264516129032257,0.322,0.053,1.4851612903225806,1.96,1.113,0.36906451612903224,0.458,0.004,0.5301666666666667,0.30827272727272725,0.49142857142857144,-0.6344666666666666,-0.6,-0.654,0.738,0.41403529411764706,93.601,248,0.05391764705882353,0.506,0.2573764705882353,58.7275,266,0.04329411764705882,2.647,1.424,321.251,249,0.20538823529411765,0.5,0.25371764705882355,57.4975,253,0.04387058823529412,0.6288,0.3263448275862069,0.6245555555555555,3
AGC_009,34,17,74,0.607,0.35094117647058826,78.603,210,0.07520588235294118,0.482,0.24229411764705883,53.504,210,0.062441176470588236,0.37,0.19358823529411764,42.5225,210,0.04411764705882353,0.706,0.21629411764705883,50.545,210,0.10697058823529412,0.558,0.30011764705882354,67.2005,210,0.06,0.07100000000000001,0.399,-0.07,0.26141176470588234,0.656,0.04,0.9022058823529412,1.16,0.432,0.6265588235294117,0.931,0.209,0.20455882352941177,0.349,0.095,1.5425,2.077,1.213,0.30076470588235293,0.4,-0.275,0.569,0.30291666666666667,0.42075,-0.6494705882352941,-0.632,-0.66,0.713,0.3991216216216216,97.2155,203,0.06393243243243243,0.443,0.2254054054054054,55.63,214,0.03647297297297297,2.479,1.3321351351351352,321.921,231,0.23674324324324325,0.444,0.22875675675675675,55.8755,214,0.03614864864864865,0.6585833333333333,0.3064,0.5147368421052632,3
AGC_010,34,14,84,0.689,0.385,85.2175,185,0.048911764705882356,0.647,0.3106470588235294,68.218,185,0.050529411764705885,0.471,0.23747058823529413,51.9555,185,0.03411764705882353,1.189,0.35205882352941176,82.5905,185,0.11597058823529412,0.633,0.33926470588235297,75.5035,185,0.04391176470588235,0.0893235294117647,0.368,-0.175,0.2644705882352941,0.615,-0.122,0.9073529411764706,1.427,0.469,0.6775294117647059,1.28,0.246,0.1998529411764706,0.335,0.035,1.552029411764706,2.028,1.074,0.3155588235294118,0.436,-0.248,0.568,0.3879166666666667,0.5017142857142858,-0.6247142857142857,-0.601,-0.654,0.772,0.4327142857142857,103.861,184,0.04466666666666667,0.57,0.275702380952381,67.868,186,0.03525,2.53,1.4214404761904762,339.5795,249,0.17507142857142857,0.566,0.27182142857142855,66.6255,186,0.03617857142857143,0.6591875,0.38914814814814813,0.6329411764705882,3
AGC_011,32,29,69,0.623,0.36012500000000003,82.2045,240,0.0663125,0.57,0.28371875,65.0685,257,0.0620625,0.418,0.22240625,50.553,257,0.04409375,0.907,0.30915625,75.9215,257,0.13640625,0.623,0.3000625,70.132,257,0.06303125,0.039,0.332,-0.184,0.21040625,0.553,-0.112,0.9943125,1.46,0.507,0.739625,1.263,0.294,0.18725,0.321,0.057,1.4976875,1.955,1.122,0.34596875,0.451,-0.289,0.58375,0.33825,0.493875,-0.625551724137931,-0.6,-0.646,0.726,0.42468115942028983,101.9385,238,0.0648695652173913,0.527,0.2646231884057971,63.3805,232,0.044521739130434786,2.479,1.4078260869565218,334.6905,238,0.24028985507246378,0.508,0.2642898550724638,63.195,232,0.04643478260869565,0.6698461538461539,0.3408095238095238,0.6331538461538462,3
AGC_012,31,24,78,0.699,0.40696774193548385,89.5995,265,0.08080645161290323,0.655,0.33958064516129033,74.7605,237,0.08574193548387098,0.461,0.263,57.411,237,0.05909677419354838,1.078,0.43290322580645163,99.3485,237,0.19,0.716,0.3764193548387097,84.2905,237,0.07696774193548388,0.11367741935483872,0.394,-0.099,0.2843225806451613,0.624,-0.013,0.8495806451612903,1.228,0.442,0.6278387096774194,1.042,0.234,0.1954516129032258,0.335,0.071,1.5294838709677419,2.014,1.159,0.34935483870967743,0.419,0.077,0.6384,0.34323076923076923,0.6203333333333333,-0.620625,-0.599,-0.647,0.783,0.43515384615384617,102.904,238,0.0752051282051282,0.583,0.2881153846153846,69.5,270,0.056782051282051285,2.901,1.507346153846154,360.5145,241,0.29035897435897434,0.55,0.2888846153846154,68.844,261,0.05694871794871795,0.6978,0.33625925925925926,0.7057692307692308,3
AGC_013,30,24,77,0.753,0.39,89.058,265,0.0524,0.747,0.31296666666666667,72.033,270,0.0578,0.518,0.2432,55.435500000000005,270,0.04033333333333333,1.403,0.3892,97.432,270,0.13186666666666666,0.82,0.3505,81.461,270,0.04973333333333333,0.11453333333333333,0.497,-0.145,0.2681,0.723,-0.092,0.8739333333333333,1.341,0.338,0.6765,1.204,0.162,0.18663333333333335,0.371,0.045,1.5183333333333333,2.188,1.095,0.32426666666666665,0.452,-0.141,0.5816,0.305,0.6981666666666666,-0.611,-0.576,-0.654,0.823,0.403974025974026,101.8955,265,0.045337662337662336,0.655,0.2647922077922078,67.7725,268,0.0348961038961039,3.239,1.4342077922077923,368.0265,268,0.19103896103896104,0.612,0.2654415584415584,67.0935,268,0.0358961038961039,0.6552142857142857,0.26642307692307693,0.7684285714285715,3
AGC_014,30,16,82,0.72,0.4257333333333333,95.9925,225,0.03406666666666667,0.694,0.35083333333333333,77.0075,195,0.04203333333333333,0.482,0.2631,58.076499999999996,195,0.028333333333333332,1.178,0.4459666666666666,100.0025,195,0.1046,0.703,0.36870000000000003,84.6615,237,0.03816666666666667,0.08786666666666666,0.41,-0.205,0.2735666666666667,0.68,-0.143,0.9374333333333333,1.519,0.42,0.6952,1.334,0.192,0.21983333333333333,0.377,0.038,1.6348,2.215,1.08,0.3429333333333333,0.427,-0.072,0.6855714285714285,0.42366666666666664,0.4825,-0.632125,-0.601,-0.656,0.816,0.47647560975609754,111.8545,238,0.027109756097560975,0.573,0.30291463414634145,70.8405,232,0.027634146341463415,2.904,1.631890243902439,379.645,231,0.13125609756097562,0.572,0.3011463414634146,70.1505,221,0.02854878048780488,0.777875,0.43272,0.6335882352941177,3
AGC_015,33,24,89,0.634,0.3422121212121212,78.9215,265,0.07745454545454546,0.587,0.2863030303030303,66.806,270,0.0767878787878788,0.424,0.22015151515151515,50.6955,265,0.05454545454545454,0.934,0.2945151515151515,76.348,265,0.15493939393939393,0.676,0.2935151515151515,70.166,270,0.06772727272727273,0.008969696969696968,0.367,-0.182,0.1666969696969697,0.619,-0.103,1.0406666666666666,1.45,0.468,0.788,1.236,0.238,0.16936363636363636,0.331,0.069,1.436,1.995,1.15,0.376,0.447,0.172,0.442,0.2788333333333333,0.5805,-0.6170833333333333,-0.588,-0.641,0.748,0.4141011235955056,94.919,248,0.06475280898876404,0.567,0.27348314606741575,63.744,253,0.05134831460674157,2.701,1.4397640449438203,330.3185,249,0.24034831460674158,0.563,0.26685393258426965,61.528,253,0.05197752808988764,0.5353125,0.31317241379310345,0.68225,3
AGC_016,31,18,88,0.679,0.38729032258064516,83.8595,225,0.05687096774193549,0.634,0.3119677419354839,65.64,210,0.0602258064516129,0.467,0.23951612903225805,50.3955,210,0.04183870967741935,1.109,0.3700322580645161,76.9705,210,0.1296774193548387,0.659,0.3417741935483871,75.041,210,0.052,0.058193548387096776,0.325,-0.177,0.22380645161290322,0.579,-0.133,0.9611612903225807,1.434,0.516,0.7315806451612903,1.315,0.272,0.18487096774193548,0.333,0.034,1.4983548387096775,2.006,1.071,0.36035483870967744,0.457,0.004,0.6598333333333334,0.3821818181818182,0.4231666666666667,-0.6305555555555555,-0.595,-0.654,0.783,0.43507954545454547,99.718,238,0.04245454545454545,0.605,0.27829545454545457,65.5385,193,0.034147727272727274,2.832,1.512318181818182,346.9215,216,0.1771931818181818,0.556,0.2768181818181818,64.06700000000001,206,0.03444318181818182,0.7431875,0.3715333333333333,0.5464705882352942,3
AGC_017,35,22,88,0.609,0.3776285714285714,80.04299999999999,245,0.06885714285714285,0.511,0.2968857142857143,63.3185,210,0.061085714285714285,0.388,0.22811428571428571,48.1595,210,0.042942857142857144,0.768,0.31134285714285714,66.4095,210,0.12268571428571429,0.595,0.3261428571428571,70.17999999999999,245,0.06357142857142857,0.056542857142857145,0.425,-0.175,0.24268571428571428,0.66,-0.08,0.9594285714285714,1.431,0.408,0.6854857142857143,1.183,0.208,0.20445714285714287,0.36,0.084,1.5480571428571428,2.133,1.183,0.3368285714285714,0.435,-0.303,0.5628333333333333,0.3049090909090909,0.5261,-0.6211818181818182,-0.595,-0.642,0.716,0.42664772727272726,97.2885,248,0.055625,0.501,0.26792045454545454,61.94,236,0.032795454545454544,2.607,1.5132954545454544,347.25600000000003,249,0.2340909090909091,0.472,0.26129545454545455,59.691,236,0.03338636363636364,0.6451176470588236,0.34232142857142855,0.6447777777777778,3
AGC_018,32,19,87,0.706,0.4230625,88.30850000000001,215,0.05171875,0.705,0.3573125,72.98,200,0.06359375,0.502,0.2679375,54.7015,215,0.04240625,1.357,0.4728125,94.04050000000001,210,0.160625,0.67,0.356375,75.0385,210,0.05015625,0.043187500000000004,0.294,-0.234,0.23084375000000001,0.577,-0.157,1.00796875,1.613,0.548,0.73584375,1.376,0.269,0.209375,0.342,0.066,1.57771875,2.042,1.142,0.387125,0.476,-0.054,0.6898,0.41207692307692306,0.48914285714285716,-0.638421052631579,-0.618,-0.676,0.791,0.4746551724137931,112.561,221,0.038241379310344825,0.611,0.3069770114942529,72.5975,224,0.03582758620689655,2.77,1.6245977011494253,379.35200000000003,249,0.15089655172413793,0.604,0.30149425287356324,71.3085,214,0.03632183908045977,0.7586428571428572,0.4104642857142857,0.62705,3
AGC_019,34,16,93,0.762,0.37391176470588233,75.836,215,0.05005882352941177,0.799,0.3438235294117647,67.7955,215,0.058176470588235295,0.567,0.25308823529411767,50.5105,215,0.03864705882352941,1.906,0.5166470588235295,93.952,215,0.17761764705882352,0.797,0.35311764705882354,71.5555,217,0.04761764705882353,0.07538235294117647,0.43,-0.176,0.23349999999999999,0.691,-0.116,0.9515,1.43,0.4,0.7302058823529411,1.265,0.183,0.18744117647058825,0.374,0.046,1.5161470588235295,2.2,1.096,0.34347058823529414,0.409,0.202,0.7294285714285714,0.33215384615384613,0.3322857142857143,-0.6320625,-0.592,-0.653,0.848,0.40979569892473117,93.816,215,0.04417204301075269,0.7,0.269505376344086,62.5125,222,0.03652688172043011,3.207,1.4505161290322581,334.6235,230,0.17787096774193548,0.688,0.26801075268817204,61.948,216,0.036731182795698925,0.7926666666666666,0.3717878787878788,0.43807407407407406,3
AGC_020,37,20,88,0.793,0.3585945945945946,79.7215,215,0.04902702702702703,0.847,0.3328648648648649,74.139,215,0.053918918918918916,0.591,0.24802702702702703,54.9055,215,0.035297297297297296,2.24,0.5251081081081082,117.48049999999999,215,0.1800810810810811,0.829,0.3481081081081081,77.4215,217,0.047324324324324325,0.06667567567567567,0.468,-0.191,0.23545945945945945,0.71,-0.134,0.9737567567567568,1.474,0.366,0.73464864864864865,1.316,0.172,0.20078378378378378,0.368,0.053,1.5653783783783783,2.173,1.112,0.3581621621621622,0.451,0.179,0.7776000000000001,0.3426923076923077,0.3528181818181818,-0.62425,-0.599,-0.657,0.882,0.43229545454545454,97.1275,221,0.04694318181818182,0.744,0.3037840909090909,68.044,211,0.036931818181818184,3.464,1.531943181818182,346.013,230,0.18976136363636364,0.725,0.3059659090909091,68.359,216,0.03759090909090909,0.8486153846153845,0.3970344827586207,0.44912,3
AGC_021,33,28,77,0.664,0.33384848484848484,72.307,265,0.0730909090909091,0.675,0.2734848484848485,60.1775,260,0.07842424242424242,0.452,0.20745454545454545,45.166,265,0.054181818181818185,1.125,0.29087878787878785,66.394,265,0.18654545454545454,0.69,0.29154545454545455,64.2985,260,0.072,0.02921212121212121,0.369,-0.174,0.19606060606060605,0.632,-0.088,1.0203939393939394,1.429,0.467,0.7592121212121212,1.201,0.235,0.18578787878787878,0.365,0.075,1.4943333333333333,2.17,1.164,0.33790909090909094,0.424,0.061,0.321,0.25516666666666665,0.5994444444444444,-0.6196071428571428,-0.587,-0.646,0.742,0.373948051948052,89.4415,261,0.06115584415584416,0.597,0.24155844155844156,58.856,280,0.050155844155844155,2.55,1.2716363636363637,301.664,256,0.23872727272727273,0.556,0.23362337662337662,56.666,267,0.049935064935064936,0.3978666666666667,0.28814285714285715,0.6933529411764706,3
AGC_022,33,17,78,0.575,0.339030303030303,74.885,225,0.06612121212121212,0.504,0.2701818181818182,58.6395,220,0.06466666666666666,0.386,0.20857575757575758,45.0535,217,0.044515151515151515,0.798,0.2737272727272727,59.911,210,0.14272727272727273,0.547,0.2785151515151515,62.875,220,0.06448484848484848,-0.01115151515151515,0.215,-0.223,0.15196969696969698,0.479,-0.156,1.0952727272727272,1.582,0.653,0.8364848484848485,1.379,0.357,0.174,0.299,0.048,1.4570303030303031,1.86,1.101,0.3760909090909091,0.455,-0.066,0.5501666666666667,0.3244166666666667,0.40814285714285714,-0.631,-0.607,-0.647,0.681,0.4041025641025641,95.333,238,0.05855128205128205,0.462,0.24582051282051282,58.0535,221,0.04428205128205128,2.293,1.3641153846153846,320.4565,217,0.23305128205128206,0.469,0.24147435897435898,56.4945,221,0.04584615384615385,0.6446153846153846,0.35534615384615387,0.549125,3
AGC_023,39,16,97,0.658,0.3558974358974359,74.7225,225,0.037564102564102565,0.627,0.29635897435897435,62.0415,205,0.04330769230769231,0.46,0.22305128205128205,46.5155,215,0.03005128205128205,1.057,0.3253589743589744,67.315,215,0.09628205128205128,0.639,0.30048717948717946,63.7265,210,0.03833333333333333,0.01376923076923077,0.325,-0.199,0.17961538461538462,0.597,-0.128,1.0496153846153846,1.497,0.512,0.794025641025641,1.295,0.253,0.18135897435897436,0.339,0.052,1.4830769230769232,2.027,1.11,0.3634871794871795,0.427,0.207,0.6387142857142857,0.2927142857142857,0.4228,-0.6359375,-0.618,-0.648,0.779,0.42086597938144327,95.8555,245,0.033814432989690724,0.597,0.26028865979381444,59.4415,211,0.030247422680412372,2.761,1.4228659793814433,321.54949999999997,245,0.14784536082474226,0.555,0.2532061855670103,57.615,211,0.03054639175257732,0.7213999999999999,0.3276486486486486,0.5406,3
AGC_024,32,15,82,0.685,0.3729375,82.22,245,0.045375,0.604,0.2976875,65.325,245,0.04534375,0.438,0.22690625,49.514,245,0.03209375,0.953,0.32009375,73.903,245,0.093375,0.69,0.3173125,71.36149999999999,245,0.0431875,0.026781250000000003,0.335,-0.21,0.20003125,0.625,-0.14,1.028375,1.532,0.5,0.766375,1.331,0.232,0.19221875,0.368,0.066,1.52103125,2.171,1.143,0.3575,0.461,0.077,0.6024,0.26892307692307693,0.631,-0.6364666666666666,-0.606,-0.66,0.815,0.444609756097561,100.452,248,0.04136585365853659,0.529,0.27846341463414637,62.475,256,0.029804878048780487,3.165,1.6351341463414635,371.9545,249,0.18704878048780488,0.535,0.27213414634146343,60.606,248,0.03123170731707317,0.6811333333333334,0.32121428571428573,0.7326470588235294,3
AGC_025,39,16,95,0.616,0.3275128205128205,75.8775,257,0.05525641025641026,0.553,0.25774358974358974,60.7815,250,0.05674358974358974,0.396,0.1967179487179487,45.703,265,0.03992307692307692,0.777,0.23648717948717948,61.4915,265,0.11164102564102564,0.607,0.2804615384615385,66.612,270,0.05287179487179487,0.015923076923076925,0.318,-0.188,0.16692307692307692,0.587,-0.128,1.032205128205128,1.467,0.519,0.7965641025641026,1.296,0.261,0.1641794871794872,0.332,0.062,1.4255897435897436,1.995,1.132,0.3294102564102564,0.417,0.009,0.4154285714285714,0.2411333333333333,0.5602222222222222,-0.641,-0.624,-0.654,0.766,0.4205894736842105,95.727,245,0.041473684210526315,0.525,0.25462105263157897,57.9505,256,0.03252631578947368,2.674,1.428178947368421,324.11,245,0.17197894736842106,0.51,0.24818947368421052,56.304,256,0.03296842105263158,0.4978571428571429,0.33169444444444446,0.6427692307692308,3
AGC_026,32,21,86,0.575,0.349875,77.3335,257,0.04884375,0.478,0.27303125,59.783,257,0.0435625,0.35,0.21196875,46.007999999999996,257,0.030875,0.621,0.26078125,59.367000000000004,257,0.084875,0.578,0.31059375,69.613,280,0.044875,0.03615625,0.271,-0.177,0.18165625,0.567,-0.125,0.98109375,1.431,0.576,0.76825,1.288,0.278,0.1563125,0.352,0.028,1.4015625,2.091,1.059,0.3453125,0.427,0.121,0.49616666666666664,0.29791666666666666,0.535,-0.6231904761904762,-0.579,-0.665,0.664,0.3909186046511628,92.044,248,0.04830232558139535,0.423,0.2444418604651163,56.9745,209,0.03013953488372093,2.53,1.4086744186046511,335.81,249,0.22276744186046513,0.401,0.23693023255813953,54.8575,221,0.030430232558139536,0.5661428571428572,0.3276071428571429,0.6258947368421053,3
AGC_027,37,13,93,0.723,0.377027027027027,78.072,225,0.07835135135135135,0.746,0.3402162162162162,69.771,220,0.09737837837837837,0.527,0.2501891891891892,51.3415,225,0.06454054054054054,1.862,0.5181891891891892,100.87899999999999,217,0.32116216216216215,0.749,0.357,73.799,220,0.0824054054054054,0.0712972972972973,0.4,-0.179,0.2324054054054054,0.663,-0.128,0.9488918918918918,1.439,0.438,0.7286756756756757,1.3,0.208,0.1858108108108108,0.367,0.039,1.5079459459459459,2.17,1.083,0.3374864864864865,0.435,0.055,0.7097142857142856,0.32125000000000004,0.4078,-0.6273076923076923,-0.607,-0.65,0.837,0.4437204301075269,99.154,238,0.06863440860215053,0.685,0.29910752688172043,66.5835,226,0.06287096774193549,3.235,1.5804086021505377,351.7925,238,0.2735806451612903,0.674,0.29538709677419356,65.7925,216,0.06317204301075269,0.8002666666666667,0.3122,0.5525517241379311,3
AGC_028,33,17,82,0.519,0.3209090909090909,70.8055,270,0.08957575757575757,0.429,0.24463636363636362,53.7825,235,0.0743030303030303,0.323,0.1982121212121212,43.2095,265,0.05281818181818182,0.546,0.22454545454545455,52.117,265,0.13254545454545455,0.539,0.28593939393939394,64.038,270,0.06587878787878788,0.03648484848484849,0.269,-0.112,0.20124242424242425,0.554,-0.003,0.9595454545454546,1.254,0.584,0.7039090909090909,1.009,0.291,0.17336363636363636,0.341,0.084,1.4396666666666667,2.042,1.184,0.35269696969696973,0.408,0.03,0.4318571428571429,0.2703333333333333,0.48683333333333334,-0.6290588235294118,-0.59,-0.65,0.654,0.3554024390243902,84.626,248,0.07995121951219512,0.396,0.21963414634146342,52.67,256,0.04964634146341464,2.297,1.203048780487805,288.1955,248,0.2888170731707317,0.395,0.22021951219512195,52.5155,248,0.04908536585365854,0.5018333333333334,0.28846875,0.5523750000000001,3
AGC_029,35,12,86,0.627,0.29851428571428573,65.2275,257,0.0568,0.542,0.24111428571428573,52.3535,270,0.058742857142857145,0.388,0.1866,40.3275,265,0.04217142857142857,0.756,0.2154,48.986000000000004,265,0.11288571428571428,0.655,0.2765714285714286,60.207,270,0.05291428571428571,0.0378,0.343,-0.129,0.1733142857142857,0.595,-0.065,0.9721142857142857,1.297,0.497,0.7683714285714286,1.139,0.256,0.14734285714285714,0.328,0.055,1.3754857142857142,1.981,1.116,0.3171428571428571,0.408,-0.033,0.41314285714285715,0.193,0.54125,-0.6175833333333334,-0.585,-0.654,0.774,0.3884302325581395,87.1785,257,0.04482558139534884,0.602,0.24477906976744185,54.8265,256,0.037116279069767444,2.859,1.3384883720930232,300.6595,261,0.18755813953488373,0.561,0.2423139534883721,54.009,256,0.037546511627906974,0.5150714285714286,0.2395483870967742,0.6723913043478261,3
AGC_030,30,10,63,0.628,0.33986666666666665,75.478,240,0.0723,0.509,0.2502333333333333,55.586,260,0.0698,0.378,0.19876666666666667,43.8165,257,0.0492,0.731,0.2415,56.9295,257,0.13616666666666666,0.624,0.289,65.18,260,0.06453333333333333,0.05653333333333334,0.392,-0.147,0.23206666666666667,0.639,-0.027,0.9469666666666666,1.35,0.441,0.6814333333333333,1.061,0.222,0.1912,0.335,0.083,1.4995333333333334,2.016,1.184,0.3138666666666667,0.447,-0.103,0.5568,0.2394,0.5284285714285715,-0.6381,-0.631,-0.645,0.744,0.40034920634920634,93.143,246,0.05917460317460317,0.499,0.2366031746031746,54.6965,256,0.046365079365079366,2.416,1.3202539682539682,303.64050000000003,238,0.22507936507936507,0.474,0.2358095238095238,54.0315,256,0.04684126984126984,0.653,0.29214285714285715,0.5735833333333333,3
AGC_031,33,14,86,0.626,0.3852424242424242,83.3265,240,0.09290909090909091,0.547,0.3162121212121212,67.3275,237,0.09984848484848485,0.396,0.24284848484848484,51.185,240,0.0713030303030303,0.832,0.36793939393939395,79.7935,265,0.21242424242424243,0.632,0.35284848484848486,77.1605,237,0.08424242424242424,0.10357575757575757,0.378,-0.142,0.294969696969697,0.634,-0.042,0.8686060606060606,1.336,0.454,0.6127575757575757,1.1,0.226,0.21545454545454545,0.372,0.084,1.591909090909091,2.192,1.19,0.30178787878787877,0.45,-0.231,0.5836,0.34925,0.518,-0.6249285714285714,-0.6,-0.646,0.723,0.4365232558139535,100.16799999999999,246,0.0802906976744186,0.497,0.29543023255813955,69.2375,248,0.06962790697674419,2.507,1.4979767441860465,345.0095,249,0.33951162790697675,0.509,0.2909651162790698,67.181,248,0.07059302325581396,0.6513333333333333,0.3648387096774194,0.6388823529411765,3
AGC_032,35,17,87,0.705,0.3913142857142857,81.619,225,0.06377142857142858,0.693,0.33831428571428573,69.8625,235,0.07248571428571429,0.497,0.2550857142857143,52.4975,217,0.047857142857142855,1.344,0.44294285714285714,88.5405,217,0.17965714285714285,0.73,0.3597714285714286,75.594,235,0.05502857142857143,0.06922857142857143,0.342,-0.181,0.24337142857142857,0.6,-0.113,0.9441428571428572,1.453,0.492,0.7039142857142857,1.265,0.25,0.19528571428571428,0.342,0.05,1.5292571428571429,2.046,1.105,0.36005714285714285,0.446,0.016,0.6865714285714285,0.3446923076923077,0.47814285714285715,-0.6282352941176471,-0.6,-0.658,0.796,0.40539080459770116,96.5025,221,0.05110344827586207,0.596,0.26689655172413795,65.122,224,0.03891954022988506,2.941,1.4276551724137931,338.7285,238,0.19916091954022988,0.631,0.26575862068965517,64.1295,221,0.038689655172413795,0.7639230769230769,0.3115294117647059,0.5834705882352941,3
AGC_033,31,28,70,0.608,0.3250967741935484,75.2825,265,0.10016129032258064,0.5,0.26025806451612904,60.402,265,0.10258064516129033,0.385,0.20667741935483872,47.2505,265,0.07248387096774193,0.821,0.2786451612903226,70.6975,265,0.22806451612903225,0.576,0.28119354838709676,66.171,257,0.0996774193548387,0.037,0.35,-0.139,0.19103225806451613,0.584,-0.064,0.9862903225806452,1.325,0.494,0.750258064516129,1.143,0.27,0.17012903225806453,0.327,0.06,1.4444193548387096,1.993,1.13,0.3634516129032258,0.442,0.102,0.4271666666666667,0.26175,0.5633333333333334,-0.6156428571428572,-0.584,-0.646,0.698,0.37297142857142856,89.8645,261,0.08565714285714286,0.491,0.23374285714285714,56.815999999999995,253,0.06412857142857142,2.45,1.2423285714285714,300.28950000000003,249,0.32092857142857145,0.494,0.2357857142857143,56.8665,253,0.06545714285714285,0.5127272727272727,0.29424,0.6500714285714286,3
AGC_034,32,12,70,0.596,0.34665625,71.433,220,0.06475,0.46,0.26446875,53.3795,225,0.07178125,0.357,0.20825,42.196,225,0.04990625,0.65,0.26853125,53.256499999999996,225,0.1455,0.533,0.3068125,62.461999999999996,220,0.05525,0.07190625,0.273,-0.145,0.24359375,0.518,-0.069,0.90721875,1.345,0.574,0.66425,1.151,0.32,0.18484375,0.298,0.064,1.48328125,1.853,1.139,0.3041875,0.409,-0.229,0.5518571428571428,0.2998,0.44942857142857146,-0.6419166666666667,-0.629,-0.651,0.682,0.39540000000000003,89.93599999999999,238,0.057557142857142855,0.449,0.23415714285714287,53.1215,222,0.04761428571428571,2.285,1.277542857142857,288.907,238,0.23231428571428572,0.437,0.2317142857142857,52.2745,222,0.04642857142857143,0.6423076923076924,0.31286363636363634,0.5373333333333333,3
AGC_035,34,18,83,0.716,0.3786764705882353,78.9585,257,0.05685294117647059,0.614,0.3059705882352941,63.4975,245,0.06011764705882353,0.446,0.23026470588235293,47.8495,257,0.04188235294117647,0.982,0.3358235294117647,70.6675,257,0.12611764705882353,0.703,0.31791176470588234,67.457,257,0.053088235294117644,0.041705882352941176,0.384,-0.215,0.2243529411764706,0.658,-0.134,1.006764705882353,1.549,0.451,0.7420588235294118,1.311,0.209,0.20561764705882352,0.371,0.059,1.5718529411764706,2.189,1.126,0.3383529411764706,0.445,-0.051,0.598,0.2887692307692308,0.578,-0.6267222222222222,-0.578,-0.658,0.822,0.4213614457831325,96.351,246,0.04573493975903614,0.618,0.2786265060240964,61.888,253,0.03426506024096385,3.109,1.469987951807229,330.5725,241,0.1773012048192771,0.577,0.26796385542168677,59.6675,253,0.035048192771084334,0.691,0.27679310344827585,0.668952380952381,3
AGC_036,33,20,88,0.683,0.3794848484848485,83.461,185,0.05824242424242424,0.656,0.3126969696969697,70.548,185,0.058545454545454546,0.474,0.23912121212121212,53.2505,185,0.03990909090909091,1.207,0.3514848484848485,85.094,185,0.12542424242424244,0.617,0.33145454545454545,74.1025,185,0.057151515151515155,0.061575757575757575,0.335,-0.19,0.2442121212121212,0.62,-0.129,0.9578181818181818,1.471,0.505,0.7022121212121212,1.298,0.236,0.20400000000000001,0.382,0.047,1.5603030303030303,2.244,1.098,0.34493939393939393,0.458,-0.103,0.5931666666666666,0.37981818181818183,0.4262222222222222,-0.6219,-0.584,-0.65,0.765,0.42463636363636365,99.5655,184,0.049375,0.624,0.28260227272727273,69.1195,179,0.039488636363636365,2.363,1.3978522727272726,325.51599999999996,216,0.1895340909090909,0.58,0.2771931818181818,66.908,186,0.040340909090909094,0.6707500000000001,0.41923333333333335,0.5328235294117647,3
AGC_037,37,15,91,0.644,0.35848648648648646,74.468,257,0.04272972972972973,0.555,0.2911891891891892,60.259,215,0.049432432432432435,0.415,0.21891891891891893,45.2565,215,0.03397297297297297,0.857,0.30594594594594593,62.4205,215,0.10497297297297298,0.6,0.30648648648648646,63.514,257,0.038675675675675675,0.03864864864864865,0.29,-0.196,0.21335135135135136,0.579,-0.131,0.9885405405405405,1.488,0.552,0.7324594594594594,1.301,0.268,0.18967567567567567,0.353,0.057,1.5078378378378379,2.096,1.121,0.3224054054054054,0.424,-0.074,0.6072857142857143,0.28683333333333333,0.4689,-0.628,-0.616,-0.647,0.79,0.4350769230769231,96.964,245,0.03531868131868132,0.517,0.2684615384615385,60.0005,271,0.03183516483516483,2.913,1.4747582417582417,329.9105,245,0.14683516483516484,0.504,0.261978021978022,58.411,243,0.03234065934065934,0.6913333333333334,0.312625,0.6108,3
AGC_038,35,13,71,0.685,0.40208571428571427,79.0115,220,0.06788571428571429,0.609,0.32657142857142857,63.3355,215,0.07328571428571429,0.46,0.25385714285714284,49.341499999999996,215,0.05022857142857143,1.061,0.40154285714285715,74.791,215,0.159,0.655,0.3869714285714286,75.6755,240,0.05817142857142857,0.13865714285714287,0.42,-0.089,0.3169142857142857,0.668,-0.006,0.8008285714285714,1.196,0.411,0.5745142857142858,1.015,0.2,0.20385714285714285,0.349,0.07,1.5493142857142856,2.078,1.151,0.3172857142857143,0.403,0.12,0.6505714285714286,0.33,0.4673,-0.6406923076923077,-0.617,-0.653,0.764,0.4123521126760563,93.192,246,0.05495774647887324,0.563,0.25673239436619716,58.5,236,0.0433943661971831,2.731,1.3898732394366198,310.96299999999997,238,0.2221549295774648,0.534,0.2582676056338028,58.212,236,0.043014084507042256,0.7271538461538462,0.3129,0.5135882352941177,3
AGC_039,36,15,86,0.666,0.33025,68.512,225,0.05011111111111111,0.626,0.27769444444444447,57.3005,215,0.049833333333333334,0.464,0.21322222222222223,44.0425,215,0.034083333333333334,1.091,0.30669444444444444,62.0735,215,0.10133333333333333,0.665,0.3042222222222222,63.075,235,0.04475,0.057944444444444444,0.365,-0.14,0.22005555555555556,0.633,-0.074,0.9482777777777778,1.326,0.467,0.7124166666666667,1.162,0.226,0.1783611111111111,0.351,0.057,1.4666944444444445,2.083,1.121,0.3248888888888889,0.401,-0.235,0.6471666666666667,0.2946666666666667,0.3413,-0.6254666666666666,-0.585,-0.648,0.755,0.398,87.6705,225,0.04425581395348837,0.591,0.25777906976744186,55.588,222,0.03233720930232558,2.79,1.3769767441860465,303.063,211,0.17168604651162792,0.559,0.2566279069767442,55.303,222,0.032906976744186044,0.7095,0.33366666666666667,0.44079999999999997,3
AGC_040,42,15,97,0.697,0.3442857142857143,76.2165,265,0.04964285714285714,0.625,0.2783095238095238,62.924,250,0.05038095238095238,0.452,0.20847619047619048,46.519,265,0.03469047619047619,1.016,0.27814285714285714,66.861,265,0.10130952380952381,0.697,0.3011190476190476,67.3185,280,0.048595238095238094,0.03316666666666667,0.414,-0.187,0.1865952380952381,0.663,-0.118,1.0210714285714286,1.463,0.417,0.7901904761904762,1.27,0.204,0.17402380952380953,0.358,0.068,1.4653809523809525,2.115,1.148,0.3248809523809524,0.43,0.007,0.42728571428571427,0.223,0.5815833333333333,-0.6404666666666666,-0.621,-0.657,0.828,0.4374536082474227,98.855,245,0.04088659793814433,0.618,0.26963917525773196,60.952,248,0.032350515463917526,2.915,1.5027216494845361,338.5245,245,0.17955670103092783,0.593,0.26548453608247424,59.832,248,0.03306185567010309,0.5457857142857143,0.30883333333333335,0.6943928571428571,3
AGC_041,34,14,72,0.664,0.3997352941176471,80.2845,210,0.057029411764705884,0.592,0.307,60.9925,195,0.06285294117647058,0.436,0.2373235294117647,47.101,205,0.04470588235294118,0.972,0.35202941176470587,68.2015,205,0.1375,0.615,0.3557941176470588,70.5205,210,0.053911764705882353,0.10973529411764706,0.347,-0.138,0.3100294117647059,0.606,-0.057,0.8541470588235294,1.322,0.489,0.5958529411764706,1.122,0.249,0.22555882352941176,0.345,0.065,1.631764705882353,2.065,1.139,0.3028235294117647,0.396,-0.045,0.6018571428571429,0.4114,0.443,-0.6446428571428572,-0.63,-0.659,0.747,0.4290555555555556,98.6935,203,0.041,0.578,0.25419444444444445,58.737,200,0.036291666666666667,2.403,1.3927361111111112,319.153,224,0.16318055555555555,0.53,0.2504027777777778,57.615,200,0.03684722222222222,0.696,0.38245454545454544,0.5443529411764706,3
AGC_042,36,12,72,0.668,0.3973055555555556,79.66,220,0.06286111111111112,0.568,0.31972222222222224,63.24100000000001,237,0.07447222222222222,0.417,0.24555555555555555,48.6055,217,0.050472222222222224,0.899,0.382,73.246,225,0.1711111111111111,0.682,0.3665833333333333,73.0125,260,0.05825,0.10930555555555556,0.414,-0.131,0.29983333333333334,0.669,-0.043,0.8619722222222223,1.307,0.417,0.6079166666666667,1.095,0.2,0.2157777777777778,0.357,0.078,1.5914166666666667,2.116,1.17,0.31419444444444444,0.427,0.032,0.6397142857142858,0.31825000000000003,0.4968,-0.6485000000000001,-0.633,-0.659,0.77,0.4403888888888889,97.8105,238,0.05254166666666667,0.58,0.26663888888888887,59.293,236,0.04919444444444444,2.73,1.4814166666666666,326.7965,238,0.22279166666666667,0.537,0.265625,58.5745,236,0.04961111111111111,0.7279285714285714,0.3404736842105263,0.5590555555555555,3
AGC_043,32,16,81,0.723,0.36365625,84.582,287,0.04953125,0.692,0.29571875,69.5165,280,0.05690625,0.466,0.22078125,51.479,280,0.03878125,1.106,0.321375,82.855,280,0.12190625,0.719,0.29440625,70.3325,280,0.05309375,0.011281250000000001,0.426,-0.218,0.16753125,0.687,-0.162,1.0770625,1.559,0.407,0.837875,1.387,0.188,0.17775,0.375,0.035,1.48478125,2.207,1.073,0.3528125,0.448,0.154,0.31814285714285717,0.3505,0.7018333333333333,-0.632375,-0.606,-0.659,0.842,0.4072345679012346,103.4475,299,0.031234567901234567,0.603,0.2546172839506173,64.495,266,0.028530864197530863,2.846,1.405925925925926,346.8515,285,0.13728395061728396,0.566,0.246641975308642,62.791,266,0.02882716049382716,0.4180625,0.37263999999999997,0.7722666666666667,3
AGC_044,39,19,90,0.685,0.3324871794871795,71.6465,200,0.047461538461538465,0.707,0.2976666666666667,64.5755,205,0.05417948717948718,0.508,0.22476923076923078,48.3905,205,0.03679487179487179,1.35,0.35425641025641025,77.6125,205,0.1270769230769231,0.701,0.3086153846153846,67.2075,210,0.04576923076923077,0.038230769230769235,0.325,-0.165,0.20971794871794872,0.591,-0.084,0.992,1.396,0.511,0.733025641025641,1.184,0.258,0.18825641025641027,0.33,0.063,1.5003846153846154,1.985,1.134,0.35735897435897435,0.45,0.151,0.6345000000000001,0.2997142857142857,0.36254545454545456,-0.6189473684210526,-0.595,-0.645,0.766,0.3885,88.989,203,0.04088888888888889,0.609,0.26505555555555554,60.445,205,0.03482222222222222,2.747,1.3394,307.6535,230,0.1665,0.606,0.2624666666666667,59.611,203,0.03565555555555556,0.7103333333333333,0.3420625,0.46164,3
AGC_045,32,19,86,0.714,0.415125,87.653,240,0.0568125,0.683,0.34346875,72.27799999999999,237,0.0615625,0.474,0.260625,54.51,237,0.0420625,1.132,0.43528125,92.35799999999999,237,0.14125000000000001,0.709,0.35028125,75.1905,237,0.048,0.05859375,0.348,-0.216,0.24890625,0.634,-0.129,0.98,1.554,0.486,0.70740625,1.301,0.225,0.21509375,0.368,0.078,1.5965625,2.169,1.17,0.367375,0.467,-0.16,0.6822,0.36915384615384617,0.545,-0.6377368421052632,-0.617,-0.672,0.814,0.46563953488372095,110.604,238,0.044813953488372096,0.65,0.30865116279069765,72.8075,236,0.03719767441860465,2.802,1.5772558139534885,370.2545,249,0.1695232558139535,0.61,0.30503488372093024,72.0795,236,0.03874418604651163,0.7477857142857143,0.36714814814814817,0.6666,3
AGC_046,36,13,88,0.709,0.3680833333333333,71.441,240,0.051027777777777776,0.631,0.30974999999999997,59.6125,225,0.06072222222222222,0.465,0.23277777777777778,45.0655,225,0.041555555555555554,1.08,0.3581388888888889,65.468,225,0.138,0.674,0.33505555555555555,64.215,240,0.05308333333333333,0.08825,0.377,-0.15,0.2556388888888889,0.661,-0.1,0.8981388888888889,1.355,0.454,0.6794166666666667,1.225,0.205,0.1895,0.379,0.041,1.5184444444444445,2.225,1.087,0.311,0.416,-0.091,0.6597142857142857,0.28991666666666666,0.4369,-0.6193846153846154,-0.584,-0.643,0.84,0.4079090909090909,90.8525,238,0.038988636363636364,0.556,0.2604659090909091,57.999,236,0.034352272727272724,3.087,1.3629318181818182,303.6825,238,0.1682840909090909,0.553,0.25939772727272725,57.3705,243,0.035375000000000004,0.7472666666666666,0.2773448275862069,0.5597391304347826,3
AGC_047,34,17,78,0.714,0.36267647058823527,80.8265,240,0.05073529411764706,0.614,0.29708823529411765,64.935,245,0.060294117647058824,0.448,0.2248235294117647,49.042,245,0.04079411764705882,1.012,0.3385,78.0975,245,0.13908823529411765,0.686,0.29894117647058827,68.2385,257,0.049558823529411766,0.0044117647058823555,0.33,-0.22,0.17791176470588235,0.6,-0.162,1.081264705882353,1.567,0.507,0.8165294117647058,1.392,0.252,0.1916764705882353,0.355,0.052,1.5255,2.105,1.11,0.37023529411764705,0.465,-0.076,0.6324,0.31014285714285716,0.5382857142857143,-0.6344117647058823,-0.607,-0.651,0.818,0.4193846153846154,99.159,241,0.03666666666666667,0.571,0.2737948717948718,64.6255,247,0.03744871794871795,3.074,1.475320512820513,341.97,241,0.15125641025641026,0.565,0.26546153846153847,62.5285,247,0.03757692307692308,0.7298461538461538,0.2899259259259259,0.6715,3
AGC_048,32,16,87,0.716,0.36846875,76.348,257,0.096625,0.626,0.2944375,61.101,257,0.10071875,0.457,0.22693750000000001,46.8565,257,0.06984375,1.07,0.33240625,70.183,257,0.21346875,0.71,0.33003125,68.2455,257,0.09096875,0.069375,0.404,-0.158,0.23171875,0.664,-0.08,0.94528125,1.382,0.433,0.7155625,1.181,0.207,0.1866875,0.369,0.073,1.50975,2.201,1.16,0.333375,0.42,-0.08,0.5356000000000001,0.243,0.5599,-0.625875,-0.61,-0.644,0.806,0.4465402298850575,97.5905,245,0.0867816091954023,0.591,0.28933333333333333,62.6595,254,0.06501149425287356,3.199,1.6038850574712644,351.3545,245,0.3523218390804598,0.598,0.28783908045977014,62.0255,246,0.06635632183908045,0.6520666666666667,0.29370967741935483,0.677125,3
AGC_049,31,24,81,0.644,0.33170967741935486,80.072,285,0.06596774193548387,0.513,0.2553225806451613,62.307,237,0.05567741935483871,0.394,0.2052258064516129,49.3395,265,0.04032258064516129,0.769,0.2498064516129032,70.486,265,0.09919354838709678,0.571,0.28938709677419355,70.9695,237,0.05112903225806452,0.043000000000000003,0.266,-0.106,0.20203225806451613,0.542,-0.011,0.9478387096774193,1.238,0.583,0.7069354838709677,1.028,0.299,0.1685483870967742,0.324,0.081,1.4308064516129033,1.961,1.18,0.3502258064516129,0.411,-0.033,0.46599999999999997,0.26821428571428574,0.6074,-0.6231666666666666,-0.604,-0.651,0.759,0.38622222222222224,93.7745,248,0.05781481481481481,0.501,0.24058024691358024,59.5125,248,0.03811111111111111,2.672,1.3041234567901234,318.656,248,0.22108641975308643,0.531,0.2410493827160494,58.8895,248,0.03735802469135802,0.5306000000000001,0.29210344827586204,0.6876428571428571,3
AGC_050,32,13,87,0.753,0.38556250000000003,79.3665,215,0.051125,0.775,0.3433125,69.0685,215,0.05946875,0.558,0.25734375,52.1465,217,0.04053125,1.762,0.49309375,92.993,217,0.16671875,0.78,0.3560625,73.725,217,0.05453125,0.07684375,0.432,-0.183,0.24571875,0.69,-0.115,0.937625,1.45,0.399,0.6990625,1.263,0.185,0.195125,0.371,0.067,1.53125,2.187,1.143,0.35825,0.423,0.118,0.7291666666666666,0.3426666666666667,0.4025714285714286,-0.6246153846153846,-0.589,-0.651,0.838,0.41958620689655174,97.6685,215,0.045505747126436784,0.789,0.27839080459770116,65.087,227,0.03510344827586207,3.197,1.4885517241379311,347.8775,230,0.18491954022988505,0.684,0.2756206896551724,64.3745,222,0.03547126436781609,0.79525,0.36520588235294116,0.4726818181818182,3
AGC_051,32,15,83,0.693,0.39978125,88.26350000000001,185,0.071625,0.613,0.32034375,72.448,185,0.07846875,0.449,0.249,55.3665,185,0.0539375,1.053,0.392375,93.2075,185,0.17846875,0.671,0.35825,80.1565,237,0.06909375,0.0665,0.331,-0.179,0.251375,0.588,-0.122,0.94703125,1.446,0.507,0.69203125,1.288,0.262,0.20640625,0.328,0.051,1.5668125,1.984,1.109,0.37809375,0.467,0.225,0.6348,0.3990909090909091,0.46122222222222226,-0.6361333333333333,-0.613,-0.654,0.775,0.4415301204819277,106.7875,185,0.05957831325301205,0.574,0.27267469879518075,67.786,186,0.04918072289156627,2.827,1.5047349397590362,361.8845,231,0.22486746987951808,0.568,0.2735542168674699,67.7145,186,0.04963855421686747,0.7271666666666666,0.38696875,0.55925,3
AGC_052,33,16,73,0.714,0.3791818181818182,84.9985,210,0.0720909090909091,0.688,0.29957575757575755,66.185,210,0.0733939393939394,0.502,0.23315151515151514,50.917500000000004,210,0.05096969696969697,1.428,0.3647575757575757,81.7005,210,0.1729090909090909,0.711,0.338,75.843,210,0.06442424242424243,0.06642424242424243,0.408,-0.15,0.24721212121212122,0.666,-0.079,0.9403939393939394,1.357,0.427,0.6882424242424242,1.18,0.205,0.2023939393939394,0.363,0.053,1.5560606060606061,2.156,1.115,0.3545151515151515,0.453,-0.013,0.6688333333333333,0.30154545454545456,0.4494444444444444,-0.6346875,-0.614,-0.656,0.79,0.4242876712328767,102.0305,221,0.054602739726027395,0.586,0.27079452054794523,65.4375,214,0.04338356164383562,2.903,1.4715890410958905,351.507,231,0.21463013698630137,0.608,0.27393150684931505,65.694,221,0.04426027397260274,0.7545714285714286,0.30011764705882354,0.544,3
AGC_053,36,13,86,0.602,0.2940833333333333,63.626,257,0.057833333333333334,0.496,0.22477777777777777,48.675,275,0.05566666666666667,0.377,0.17716666666666667,38.0905,265,0.04011111111111111,0.716,0.182,41.7125,265,0.10327777777777777,0.557,0.24158333333333334,53.475500000000004,257,0.05011111111111111,-0.018805555555555555,0.278,-0.186,0.11030555555555556,0.548,-0.131,1.0891666666666666,1.457,0.568,0.8793055555555556,1.304,0.295,0.13722222222222222,0.321,0.038,1.3466666666666667,1.949,1.08,0.3579722222222222,0.431,0.116,0.3382857142857143,0.20208333333333334,0.525,-0.6290769230769231,-0.609,-0.652,0.695,0.3838604651162791,85.625,257,0.053488372093023255,0.479,0.22895348837209303,50.631,254,0.03847674418604651,2.373,1.3088255813953489,292.1745,246,0.2002325581395349,0.444,0.2236046511627907,49.2075,268,0.03855813953488372,0.42678571428571427,0.2905,0.6117916666666666,3
AGC_054,36,17,96,0.576,0.33305555555555555,69.8365,235,0.05388888888888889,0.512,0.27344444444444443,57.144,220,0.05583333333333333,0.391,0.2116111111111111,44.1685,215,0.03858333333333333,0.767,0.2756388888888889,57.211,215,0.10997222222222222,0.563,0.3071388888888889,64.4325,220,0.04802777777777778,0.057499999999999996,0.272,-0.136,0.2113611111111111,0.537,-0.08,0.93625,1.317,0.574,0.71875,1.177,0.303,0.16616666666666666,0.312,0.04,1.4299722222222222,1.909,1.085,0.32558333333333334,0.407,-0.045,0.5552857142857143,0.27708333333333335,0.42044444444444445,-0.6222941176470588,-0.599,-0.641,0.71,0.393,88.32300000000001,238,0.046322916666666665,0.514,0.24314583333333334,54.989,211,0.03507291666666667,2.591,1.3312604166666666,299.6245,238,0.18626041666666668,0.479,0.23977083333333332,53.9865,226,0.03509375,0.6619285714285714,0.2921891891891892,0.5299259259259259,3
AGC_055,32,30,71,0.6,0.383375,82.05,265,0.0864375,0.493,0.3076875,65.1635,185,0.095125,0.377,0.237125,49.664,265,0.06534375,0.854,0.3606875,75.3975,205,0.2359375,0.529,0.3200625,69.1665,265,0.08884375,0.0398125,0.36,-0.178,0.22425,0.597,-0.068,0.99040625,1.439,0.477,0.70659375,1.157,0.256,0.20153125,0.351,0.095,1.536125,2.1,1.211,0.36553125000000003,0.457,-0.096,0.5395,0.33675,0.5238571428571429,-0.6313,-0.603,-0.649,0.71,0.4452112676056338,102.2295,248,0.07792957746478874,0.529,0.2882394366197183,67.7265,236,0.06383098591549295,2.416,1.5076338028169014,346.674,249,0.29883098591549295,0.504,0.28561971830985916,66.6035,236,0.06543661971830986,0.6346428571428572,0.3729130434782609,0.6427857142857143,3
AGC_056,31,31,72,0.588,0.2867096774193548,72.1625,265,0.061870967741935484,0.484,0.22538709677419355,57.168,245,0.05445161290322581,0.363,0.1800967741935484,44.8735,265,0.03996774193548387,0.675,0.18958064516129033,58.5175,265,0.10248387096774193,0.577,0.2394516129032258,62.65,280,0.056741935483870964,-0.006387096774193548,0.283,-0.164,0.13070967741935485,0.556,-0.099,1.0608709677419355,1.396,0.564,0.8352903225806452,1.226,0.289,0.14561290322580644,0.327,0.047,1.3659032258064516,1.978,1.1,0.3540967741935484,0.433,-0.133,0.47375,0.23092307692307693,0.5006666666666667,-0.6108709677419355,-0.582,-0.65,0.734,0.37144444444444447,87.219,248,0.05533333333333333,0.464,0.24197222222222223,57.354,256,0.03818055555555556,2.598,1.246736111111111,293.8515,249,0.20222222222222222,0.484,0.23744444444444443,55.927499999999995,248,0.03877777777777778,0.5544,0.2718695652173913,0.6010714285714286,3
AGC_057,32,20,87,0.581,0.3271875,72.7235,245,0.10309375,0.517,0.25778125,57.8295,245,0.08265625,0.388,0.2070625,45.877,245,0.05928125,0.762,0.25034375,60.3005,245,0.1514375,0.596,0.30759375,69.3695,245,0.084,0.066875,0.351,-0.071,0.229,0.587,0.041,0.904125,1.16,0.485,0.66696875,0.934,0.263,0.1731875,0.301,0.08,1.44215625,1.871,1.179,0.33640625,0.389,0.058,0.42,0.25669230769230766,0.5297142857142857,-0.6184499999999999,-0.586,-0.642,0.696,0.37533333333333335,82.8145,248,0.06936781609195403,0.482,0.2453103448275862,55.041,253,0.04588505747126437,2.529,1.2981264367816092,289.1245,248,0.2646091954022989,0.497,0.24371264367816092,53.9675,253,0.04551724137931035,0.5014,0.2823793103448276,0.5915,3
AGC_058,34,15,92,0.649,0.33897058823529413,70.26350000000001,265,0.05614705882352941,0.552,0.273,56.7215,235,0.06073529411764706,0.405,0.20794117647058824,42.8675,265,0.042470588235294114,0.819,0.26873529411764707,55.6755,265,0.12,0.629,0.28655882352941175,59.955,270,0.05517647058823529,0.018970588235294114,0.329,-0.19,0.1751470588235294,0.599,-0.12,1.029,1.469,0.508,0.7894411764705882,1.274,0.252,0.17105882352941176,0.349,0.065,1.4529117647058825,2.077,1.14,0.3427941176470588,0.437,-0.174,0.5438333333333334,0.22245454545454546,0.5301111111111111,-0.6228666666666667,-0.611,-0.639,0.801,0.4163804347826087,91.08,245,0.04901086956521739,0.539,0.26375,57.7195,259,0.04091304347826087,3.101,1.4768152173913043,325.1485,245,0.21769565217391304,0.526,0.25705434782608694,56.071,243,0.04079347826086956,0.6687333333333333,0.2514545454545455,0.64372,3
AGC_059,34,23,81,0.738,0.4528235294117647,92.6965,225,0.06173529411764706,0.748,0.3845588235294118,77.527,237,0.07658823529411765,0.513,0.2878529411764706,58.2365,237,0.05273529411764706,1.395,0.5522647058823529,108.9675,237,0.22141176470588236,0.751,0.4012352941176471,82.3885,237,0.06535294117647059,0.12914705882352942,0.428,-0.184,0.33997058823529414,0.7,-0.098,0.8613823529411765,1.461,0.404,0.59382352941176475,1.23,0.178,0.25320588235294117,0.392,0.077,1.7486470588235294,2.291,1.168,0.33888235294117647,0.447,-0.054,0.7218571428571429,0.4123076923076923,0.503125,-0.6298695652173913,-0.583,-0.654,0.837,0.487679012345679,111.8185,221,0.051444444444444445,0.598,0.3088271604938272,72.18350000000001,224,0.04965432098765432,2.737,1.5621975308641975,356.4155,231,0.22882716049382718,0.612,0.31362962962962965,72.579,221,0.04960493827160494,0.7997058823529412,0.3817083333333333,0.6274210526315789,3
AGC_060,33,18,82,0.55,0.3428787878787879,74.58,225,0.0636969696969697,0.446,0.25054545454545457,54.839,235,0.05512121212121212,0.337,0.20163636363636364,43.693,225,0.03996969696969697,0.574,0.2313939393939394,52.381,225,0.09606060606060605,0.523,0.30633333333333335,67.4505,235,0.050272727272727274,0.06178787878787879,0.333,-0.101,0.23745454545454545,0.582,0.001,0.9133030303030303,1.23,0.507,0.6555454545454545,1.007,0.268,0.18545454545454546,0.312,0.08,1.475090909090909,1.913,1.177,0.3160909090909091,0.408,-0.103,0.503,0.29591666666666666,0.48828571428571427,-0.6398333333333334,-0.612,-0.653,0.655,0.4013536585365854,90.9515,248,0.05529268292682927,0.409,0.23880487804878048,54.919,253,0.03578048780487805,2.322,1.3904268292682926,314.9645,248,0.21376829268292682,0.428,0.23914634146341462,54.2855,253,0.03514634146341464,0.5772666666666667,0.33075,0.5836250000000001,3
AGC_061,31,15,83,0.666,0.3905483870967742,75.844,225,0.07609677419354839,0.647,0.3203225806451613,61.856500000000004,225,0.08058064516129032,0.476,0.24870967741935485,48.13,225,0.05674193548387097,1.164,0.3939032258064516,72.753,225,0.17935483870967742,0.659,0.3599032258064516,69.442,237,0.07225806451612904,0.11861290322580645,0.434,-0.103,0.28838709677419355,0.681,-0.016,0.839,1.231,0.398,0.6163225806451613,1.035,0.192,0.19396774193548386,0.355,0.078,1.5197096774193548,2.113,1.17,0.33119354838709675,0.415,-0.01,0.6416666666666667,0.2753333333333333,0.5268888888888889,-0.6198,-0.588,-0.649,0.758,0.3866626506024096,93.691,238,0.06602409638554217,0.621,0.25427710843373497,60.683,235,0.0466144578313253,2.521,1.2996746987951808,315.735,245,0.2538433734939759,0.564,0.25390361445783133,60.4685,235,0.046686746987951805,0.7084166666666667,0.2818181818181818,0.5861176470588235,3
AGC_062,37,15,85,0.479,0.2987567567567568,65.6745,245,0.09745945945945945,0.445,0.23840540540540542,52.402,220,0.09616216216216215,0.315,0.1830810810810811,39.981,220,0.07024324324324324,0.541,0.20427027027027028,47.9025,220,0.1822972972972973,0.484,0.271027027027027,61.107,237,0.08386486486486486,0.06978378378378379,0.352,-0.177,0.23475675675675675,0.574,-0.112,0.9358918918918919,1.43,0.492,0.7021621621621622,1.254,0.275,0.18364864864864866,0.317,0.049,1.487027027027027,1.94,1.103,0.25494594594594594,0.429,-0.138,0.42528571428571427,0.2541538461538462,0.4068888888888889,-0.6188666666666667,-0.576,-0.639,0.599,0.3542,81.4405,246,0.0874,0.359,0.2214,51.3635,247,0.06672941176470588,1.91,1.1523411764705882,261.4765,246,0.34289411764705885,0.35,0.2169764705882353,49.7225,246,0.06943529411764705,0.4882,0.29415384615384615,0.5314736842105263,3
AGC_063,34,13,85,0.649,0.3372058823529412,77.67099999999999,287,0.06679411764705882,0.559,0.26426470588235296,61.024499999999996,195,0.07488235294117647,0.396,0.20026470588235296,45.947,300,0.05170588235294118,0.817,0.26038235294117645,65.9105,300,0.16014705882352942,0.618,0.26373529411764707,62.5125,290,0.06929411764705883,-0.011911764705882353,0.338,-0.226,0.14702941176470588,0.607,-0.162,1.1103529411764705,1.587,0.511,0.853,1.39,0.253,0.1748529411764706,0.352,0.046,1.4670882352941177,2.105,1.097,0.34202941176470586,0.457,-0.048,0.3444285714285714,0.29246153846153844,0.6022857142857143,-0.6340769230769231,-0.609,-0.66,0.767,0.40087058823529415,99.0855,299,0.053,0.527,0.24630588235294118,61.211,266,0.04609411764705882,2.58,1.3698470588235294,331.8375,285,0.19994117647058823,0.489,0.23769411764705883,59.089999999999996,266,0.04735294117647059,0.4541875,0.3496296296296296,0.6916470588235294,3
AGC_064,34,17,71,0.621,0.36767647058823527,81.191,245,0.08658823529411765,0.56,0.2896470588235294,64.5085,195,0.08294117647058824,0.419,0.2275294117647059,49.967,210,0.056852941176470585,0.937,0.32541176470588234,74.9485,210,0.17723529411764707,0.597,0.3190882352941177,71.941,210,0.07620588235294118,0.0456764705882353,0.28,-0.129,0.2325,0.55,-0.009,0.9597941176470588,1.302,0.578,0.6755882352941176,1.022,0.3,0.2013235294117647,0.33,0.096,1.532735294117647,1.995,1.215,0.37020588235294116,0.449,0.137,0.5961666666666666,0.29953846153846153,0.456,-0.6372941176470588,-0.62,-0.654,0.715,0.4204647887323944,99.6255,238,0.08277464788732394,0.514,0.258,61.999,253,0.05874647887323944,2.513,1.4263521126760563,335.8945,249,0.3135774647887324,0.519,0.2605633802816901,62.03,253,0.058845070422535214,0.673,0.30626315789473685,0.5652222222222222,3
AGC_065,32,15,78,0.775,0.42903125,97.501,185,0.06790625,0.77,0.35181250000000003,82.28,185,0.0818125,0.545,0.26796875,61.7315,185,0.05559375,1.923,0.5045,129.1075,185,0.22684375,0.725,0.39121875,90.4615,195,0.07065625,0.09815625,0.377,-0.191,0.2829375,0.648,-0.141,0.914125,1.478,0.458,0.6728125,1.343,0.216,0.21903125,0.368,0.047,1.62646875,2.171,1.101,0.34715625,0.47,-0.011,0.7302500000000001,0.45208333333333334,0.47255555555555556,-0.6450666666666667,-0.605,-0.665,0.848,0.4859871794871795,118.7025,185,0.06185897435897436,0.68,0.3008461538461539,77.26950000000001,186,0.05494871794871795,3.184,1.6744615384615384,408.07,231,0.2544230769230769,0.687,0.3046923076923077,77.935,186,0.055705128205128206,0.8039999999999999,0.452,0.5491111111111111,3
AGC_066,36,16,90,0.612,0.2807777777777778,64.947,185,0.06155555555555556,0.535,0.22075,52.777,185,0.059805555555555556,0.398,0.17280555555555555,40.493,185,0.043333333333333335,0.82,0.17383333333333334,49.2365,185,0.11616666666666667,0.534,0.22636111111111112,54.079,185,0.06041666666666667,-0.023666666666666666,0.245,-0.194,0.12383333333333334,0.482,-0.095,1.0959722222222221,1.483,0.615,0.8376111111111111,1.212,0.355,0.15494444444444444,0.29,0.087,1.3856388888888889,1.822,1.19,0.35644444444444445,0.419,0.029,0.332,0.21561538461538463,0.4402,-0.624625,-0.601,-0.649,0.708,0.35713333333333336,84.5105,245,0.054622222222222225,0.495,0.22973333333333334,54.515,254,0.0423,2.394,1.2079444444444445,284.895,245,0.21135555555555555,0.486,0.22281111111111113,52.9865,186,0.04253333333333333,0.43066666666666664,0.26925,0.54,3
AGC_067,29,11,63,0.736,0.42917241379310345,82.8015,225,0.044586206896551725,0.664,0.33648275862068966,63.881499999999996,235,0.0593448275862069,0.48,0.25624137931034485,48.872,235,0.04013793103448276,1.19,0.429,78.45349999999999,235,0.16231034482758622,0.736,0.3600344827586207,67.654,260,0.048758620689655176,0.050413793103448276,0.468,-0.285,0.2446551724137931,0.715,-0.196,1.0444137931034483,1.801,0.363,0.7493448275862069,1.499,0.167,0.22558620689655173,0.372,0.081,1.630103448275862,2.186,1.177,0.37289655172413794,0.502,0.144,0.707,0.3538888888888889,0.49775,-0.6469090909090909,-0.625,-0.659,0.823,0.4407142857142857,102.0145,225,0.03315873015873016,0.586,0.2664761904761905,61.814,260,0.030396825396825398,2.906,1.5257936507936507,348.8555,238,0.14936507936507937,0.578,0.2627777777777778,60.608,246,0.03123809523809524,0.7934444444444445,0.3407,0.5815333333333333,3
AGC_068,36,14,96,0.692,0.33525,76.3405,257,0.06441666666666666,0.634,0.2679722222222222,63.092000000000006,257,0.06469444444444444,0.451,0.20466666666666666,47.489,265,0.04588888888888889,1.019,0.2753888888888889,72.158,265,0.13397222222222221,0.688,0.2913611111111111,66.93900000000001,270,0.06052777777777778,0.020499999999999997,0.374,-0.201,0.17255555555555555,0.638,-0.116,1.0438888888888889,1.505,0.458,0.80875,1.265,0.222,0.1713888888888889,0.353,0.066,1.4579722222222222,2.103,1.143,0.3377222222222222,0.416,0.022,0.4225,0.20661538461538462,0.5916,-0.6349285714285714,-0.606,-0.653,0.819,0.43892708333333336,97.925,245,0.05048958333333333,0.64,0.2821875,63.1795,254,0.0400625,2.908,1.5361979166666666,340.925,245,0.21139583333333334,0.61,0.27734375,61.9855,256,0.04103125,0.5619411764705883,0.2835625,0.6976071428571429,3
AGC_069,34,22,95,0.661,0.3987058823529412,83.6945,265,0.05629411764705882,0.621,0.32335294117647057,68.7445,280,0.061794117647058826,0.443,0.2483235294117647,52.414,280,0.04176470588235294,0.989,0.3705,80.4565,280,0.12688235294117647,0.685,0.3509705882352941,73.962,280,0.05661764705882353,0.02741176470588235,0.307,-0.201,0.18864705882352942,0.579,-0.135,1.0136470588235293,1.508,0.532,0.7721176470588236,1.318,0.268,0.1753529411764706,0.331,0.05,1.4620588235294119,1.998,1.107,0.3941764705882353,0.456,0.254,0.5504285714285714,0.29841666666666666,0.608625,-0.6256818181818182,-0.595,-0.642,0.769,0.43242105263157893,97.088,248,0.034736842105263156,0.564,0.27089473684210524,61.7605,266,0.02731578947368421,2.876,1.5787368421052632,356.465,248,0.15042105263157896,0.567,0.2654736842105263,59.9,253,0.02705263157894737,0.6215,0.3169090909090909,0.686047619047619,3
AGC_070,35,13,66,0.714,0.3776,77.5435,257,0.11434285714285715,0.662,0.2937142857142857,60.485,260,0.10531428571428572,0.454,0.2258,46.349000000000004,260,0.07331428571428572,1.056,0.3355714285714286,69.16250000000001,260,0.2102857142857143,0.748,0.35528571428571426,73.204,260,0.0912,0.12065714285714285,0.47,-0.072,0.2873142857142857,0.715,0.021,0.8280571428571428,1.159,0.365,0.6108285714285714,0.966,0.168,0.1906857142857143,0.373,0.079,1.517542857142857,2.199,1.179,0.2885714285714286,0.388,-0.074,0.5142857142857142,0.23825000000000002,0.6137777777777778,-0.6507692307692308,-0.633,-0.657,0.806,0.4338030303030303,95.729,246,0.10587878787878788,0.555,0.25501515151515153,56.0905,236,0.07227272727272727,2.861,1.4968181818181818,330.9335,257,0.40234848484848484,0.541,0.2551818181818182,55.702,246,0.07151515151515152,0.6336428571428572,0.2882105263157895,0.6846428571428571,3
AGC_071,37,13,91,0.637,0.3499189189189189,73.1015,265,0.06713513513513514,0.524,0.2790810810810811,58.4495,250,0.06805405405405406,0.394,0.2117027027027027,44.153999999999996,265,0.047621621621621625,0.769,0.2779189189189189,58.132,265,0.13572972972972974,0.598,0.2921891891891892,61.26,270,0.0632972972972973,0.024081081081081084,0.326,-0.187,0.1895945945945946,0.606,-0.116,1.015864864864865,1.462,0.512,0.7658918918918919,1.262,0.247,0.1797027027027027,0.35,0.062,1.4776486486486486,2.082,1.132,0.33783783783783783,0.432,-0.184,0.5038571428571429,0.27075,0.5109,-0.6276923076923077,-0.618,-0.643,0.772,0.425032967032967,94.996,245,0.05827472527472528,0.498,0.25865934065934065,58.3035,271,0.04494505494505494,2.83,1.4543406593406594,325.8045,245,0.22174725274725274,0.478,0.2522967032967033,56.754,252,0.04559340659340659,0.6085333333333334,0.3149705882352941,0.6304583333333333,3
AGC_072,31,23,81,0.757,0.3705806451612903,86.2405,265,0.04529032258064516,0.658,0.2894193548387097,67.0875,265,0.05145161290322581,0.488,0.2259032258064516,51.8655,265,0.03612903225806451,1.198,0.3286774193548387,83.3055,265,0.11119354838709677,0.748,0.32583870967741935,77.258,265,0.045806451612903226,0.09867741935483872,0.521,-0.154,0.2461290322580645,0.723,-0.101,0.8998064516129032,1.364,0.317,0.7061935483870968,1.227,0.161,0.1767741935483871,0.367,0.038,1.4831612903225806,2.171,1.08,0.31561290322580643,0.443,-0.206,0.5678,0.2913076923076923,0.6626666666666666,-0.6126521739130435,-0.575,-0.655,0.828,0.4074320987654321,101.4545,261,0.037814814814814815,0.641,0.26680246913580247,68.1285,270,0.030493827160493828,3.273,1.4239382716049382,362.343,253,0.15853086419753087,0.647,0.26608641975308645,67.1935,253,0.031074074074074073,0.63125,0.29188888888888886,0.7636428571428572,3
AGC_073,34,14,86,0.509,0.30770588235294116,66.7595,235,0.09511764705882353,0.454,0.24123529411764705,51.532000000000004,235,0.08955882352941176,0.325,0.18614705882352942,39.68,235,0.067,0.565,0.2091764705882353,46.5265,235,0.1723529411764706,0.526,0.2771764705882353,60.749,235,0.07567647058823529,0.08485294117647059,0.417,-0.184,0.2509705882352941,0.637,-0.121,0.9247058823529412,1.45,0.437,0.6979411764705882,1.277,0.231,0.18991176470588236,0.327,0.043,1.5139117647058824,1.996,1.09,0.2454705882352941,0.431,-0.378,0.4655714285714286,0.2576363636363636,0.4145,-0.6183571428571428,-0.58,-0.642,0.614,0.3585697674418605,81.4855,246,0.08393023255813953,0.358,0.21954651162790698,49.920500000000004,268,0.059186046511627906,1.88,1.1229883720930232,250.391,246,0.3334186046511628,0.351,0.21309302325581395,47.8925,246,0.061430232558139536,0.5158,0.285,0.5352,3
AGC_074,32,13,76,0.812,0.38753125,80.17999999999999,240,0.0610625,0.815,0.33618750000000003,69.6715,225,0.0670625,0.584,0.25628125,52.894,240,0.047,1.993,0.4805625,102.7945,240,0.17571875,0.851,0.37090625,77.2165,240,0.05865625,0.110875,0.507,-0.123,0.28571875,0.737,-0.036,0.87265625,1.282,0.329,0.63840625,1.079,0.152,0.20784375,0.377,0.079,1.578375,2.217,1.172,0.344125,0.425,0.105,0.7336666666666667,0.2439090909090909,0.526625,-0.6192307692307693,-0.586,-0.648,0.898,0.4363026315789474,97.0845,238,0.04601315789473684,0.786,0.30078947368421055,65.7925,235,0.03881578947368421,3.377,1.5488157894736843,343.2095,241,0.1798421052631579,0.738,0.3060921052631579,67.0925,238,0.03940789473684211,0.8338461538461538,0.2773333333333333,0.6202777777777778,3
AGC_075,37,15,92,0.605,0.3379189189189189,71.9805,185,0.05575675675675676,0.545,0.26735135135135135,58.1415,185,0.05697297297297298,0.403,0.20551351351351352,44.495,185,0.039675675675675676,0.87,0.2582432432432432,60.2205,185,0.1151081081081081,0.557,0.30302702702702705,64.6125,237,0.05051351351351351,0.04540540540540541,0.289,-0.18,0.20256756756756755,0.529,-0.125,0.9735405405405405,1.44,0.552,0.7464594594594595,1.286,0.314,0.17013513513513515,0.325,0.041,1.4427837837837838,1.967,1.085,0.30967567567567567,0.417,-0.196,0.5471666666666667,0.32458333333333333,0.3831818181818182,-0.6361333333333333,-0.6,-0.664,0.697,0.41357608695652176,93.9495,235,0.0486195652173913,0.521,0.25821739130434784,60.1435,182,0.03870652173913044,2.476,1.4329565217391305,324.238,245,0.19227173913043477,0.466,0.2543804347826087,58.598,185,0.03897826086956522,0.6332,0.34427586206896554,0.5082142857142857,3
AGC_076,32,17,77,0.67,0.359875,82.262,265,0.05846875,0.588,0.278125,64.254,265,0.06175,0.44,0.21459375,48.8885,265,0.043625,0.992,0.28409375,70.917,265,0.12621875,0.658,0.28921875,68.375,270,0.052125,0.0339375,0.43,-0.181,0.20834375,0.65,-0.079,1.01040625,1.444,0.404,0.7391875,1.175,0.214,0.19321875,0.343,0.087,1.51346875,2.046,1.191,0.34115625,0.439,-0.368,0.414,0.33525,0.5904285714285714,-0.6404117647058823,-0.612,-0.674,0.778,0.4214675324675325,103.988,285,0.04597402597402597,0.595,0.2651428571428571,66.47,268,0.03612987012987013,2.725,1.4327402597402596,349.236,285,0.1725064935064935,0.569,0.26076623376623376,64.9545,268,0.03666233766233766,0.49246153846153845,0.36525,0.73675,3
AGC_077,29,18,76,0.623,0.316448275862069,72.236,285,0.06313793103448276,0.498,0.24462068965517242,55.438,265,0.06093103448275862,0.386,0.19593103448275861,44.0985,265,0.04327586206896552,0.766,0.23220689655172413,57.73950000000001,265,0.11989655172413793,0.591,0.2682413793103448,62.3715,265,0.060655172413793104,0.014448275862068967,0.366,-0.183,0.14644827586206896,0.589,-0.125,1.040551724137931,1.451,0.474,0.8321724137931035,1.288,0.263,0.14544827586206896,0.316,0.039,1.3696896551724138,1.937,1.083,0.3640689655172414,0.453,0.033,0.4604,0.22890909090909092,0.5775,-0.6190555555555556,-0.577,-0.654,0.732,0.38432894736842105,86.853,248,0.05844736842105263,0.521,0.2421578947368421,56.024,253,0.04276315789473684,2.728,1.3395,306.6435,248,0.24046052631578949,0.538,0.24019736842105263,55.014,253,0.04255263157894737,0.5597692307692308,0.2747307692307692,0.665625,3
AGC_078,31,11,61,0.744,0.3414838709677419,73.10600000000001,240,0.06664516129032258,0.676,0.25703225806451613,56.1245,235,0.06016129032258065,0.481,0.19919354838709677,43.1685,240,0.042516129032258064,1.194,0.26703225806451614,61.969500000000004,240,0.1192258064516129,0.738,0.32125806451612904,69.5235,260,0.053548387096774196,0.10293548387096774,0.491,-0.096,0.27219354838709675,0.724,-0.002,0.8606129032258064,1.215,0.347,0.6308709677419355,1.007,0.162,0.19148387096774194,0.368,0.082,1.5146774193548387,2.17,1.182,0.263,0.368,-0.276,0.6296666666666667,0.21736363636363637,0.5041428571428571,-0.6459090909090909,-0.63,-0.654,0.85,0.3847704918032787,90.012,238,0.04437704918032787,0.669,0.23378688524590163,54.657,236,0.032459016393442626,3.01,1.3161639344262295,309.6265,238,0.18204918032786885,0.623,0.23463934426229507,54.461,236,0.032344262295081964,0.7643636363636364,0.23552380952380952,0.5834545454545454,3
AGC_079,30,12,68,0.689,0.3658666666666667,74.391,240,0.07696666666666667,0.577,0.28573333333333334,57.897499999999994,245,0.08626666666666667,0.419,0.22213333333333332,44.9655,235,0.057866666666666663,0.911,0.3307333333333333,66.25800000000001,235,0.19656666666666667,0.677,0.34696666666666665,70.77250000000001,240,0.07296666666666667,0.11963333333333333,0.369,-0.088,0.28926666666666667,0.61,-0.016,0.8335666666666667,1.196,0.466,0.6157666666666667,1.037,0.245,0.1947,0.332,0.053,1.5321333333333333,2.006,1.114,0.2942666666666667,0.383,-0.012,0.6598,0.2727272727272727,0.49325,-0.6409166666666667,-0.626,-0.659,0.792,0.3992352941176471,91.195,238,0.061191176470588235,0.587,0.24125,54.449,236,0.05527941176470588,2.967,1.3648529411764705,307.91,238,0.2588970588235294,0.543,0.24332352941176472,54.5825,236,0.05626470588235294,0.7304999999999999,0.2569047619047619,0.5727857142857142,3
AGC_080,29,11,62,0.801,0.37048275862068963,83.94500000000001,240,0.06251724137931035,0.712,0.2886896551724138,65.5985,240,0.07848275862068965,0.523,0.21927586206896552,49.567,240,0.054758620689655174,1.48,0.3697241379310345,90.223,240,0.1969655172413793,0.805,0.33513793103448275,77.343,240,0.06351724137931035,0.10175862068965517,0.482,-0.128,0.26713793103448275,0.722,-0.058,0.8949655172413793,1.298,0.355,0.675344827586207,1.128,0.164,0.19924137931034483,0.38,0.058,1.564,2.234,1.126,0.2809655172413793,0.374,0,0.7273333333333334,0.24918181818181817,0.5382,-0.6514545454545455,-0.634,-0.664,0.892,0.43066129032258066,103.44,241,0.049951612903225806,0.679,0.25870967741935486,63.7845,246,0.04308064516129032,3.385,1.495758064516129,359.2535,241,0.2033225806451613,0.705,0.2606935483870968,63.5415,246,0.04466129032258064,0.8276666666666667,0.30013636363636365,0.6693076923076923,3
AGC_081,34,14,63,0.775,0.34288235294117647,75.565,240,0.06282352941176471,0.71,0.24905882352941175,53.708,240,0.06185294117647059,0.525,0.1935294117647059,41.338,240,0.04320588235294118,1.495,0.2571764705882353,56.7395,240,0.12338235294117647,0.759,0.29005882352941176,63.98,240,0.055,0.056,0.425,-0.145,0.21188235294117647,0.684,-0.077,0.963735294117647,1.34,0.406,0.7412352941176471,1.171,0.19,0.17761764705882352,0.395,0.053,1.483470588235294,2.33,1.114,0.3022941176470588,0.436,-0.28,0.6671666666666667,0.25885714285714284,0.4731666666666667,-0.6467857142857143,-0.633,-0.661,0.857,0.39680952380952383,96.8565,238,0.04979365079365079,0.629,0.23457142857142857,56.954,235,0.03666666666666667,3.25,1.3850793650793651,336.9695,241,0.19328571428571428,0.645,0.23603174603174604,56.702,238,0.036793650793650795,0.7873,0.26925,0.5886666666666667,3
AGC_082,37,14,84,0.636,0.38175675675675674,80.1855,225,0.052054054054054055,0.541,0.2977027027027027,62.0555,237,0.0512972972972973,0.383,0.22689189189189188,47.207,210,0.036216216216216214,0.73,0.3085675675675676,64.132,210,0.09802702702702702,0.587,0.324,68.2265,237,0.045675675675675674,0.08113513513513514,0.311,-0.149,0.28935135135135137,0.599,-0.049,0.9014594594594595,1.352,0.529,0.6130540540540541,1.106,0.252,0.2289189189189189,0.359,0.089,1.6342432432432432,2.127,1.196,0.2991081081081081,0.409,-0.154,0.619,0.34514285714285714,0.43122222222222223,-0.6325714285714286,-0.607,-0.657,0.733,0.4391904761904762,99.009,238,0.042845238095238096,0.449,0.2623333333333333,59.9915,198,0.029357142857142856,2.301,1.3914761904761905,313.63100000000003,231,0.15711904761904763,0.463,0.2590952380952381,58.7795,221,0.030023809523809526,0.6977777777777777,0.35785185185185187,0.5610555555555555,3
AGC_083,36,17,84,0.674,0.35505555555555557,74.168,220,0.042861111111111114,0.645,0.28597222222222224,58.2175,220,0.04583333333333333,0.464,0.21869444444444444,44.417,220,0.03180555555555556,1.091,0.3158611111111111,62.697,217,0.10311111111111111,0.654,0.28991666666666666,61.17,220,0.03911111111111111,0.009222222222222224,0.301,-0.213,0.20083333333333334,0.57,-0.127,1.054111111111111,1.543,0.541,0.7573055555555556,1.293,0.277,0.20691666666666667,0.351,0.068,1.5661666666666667,2.092,1.147,0.35786111111111113,0.448,-0.212,0.6536666666666667,0.2950714285714286,0.461125,-0.6317058823529412,-0.594,-0.656,0.757,0.4170595238095238,94.973,238,0.032607142857142855,0.573,0.26621428571428574,60.1315,236,0.02686904761904762,2.604,1.3777619047619047,312.5925,216,0.12826190476190477,0.562,0.2597857142857143,58.3135,216,0.027226190476190477,0.7360769230769231,0.3274444444444444,0.5655,3
AGC_084,33,14,86,0.672,0.3993333333333333,87.32050000000001,257,0.0973939393939394,0.596,0.32503030303030306,71.3745,257,0.09796969696969697,0.436,0.24766666666666667,53.903499999999994,265,0.06766666666666667,1.155,0.3923939393939394,89.6915,265,0.2446969696969697,0.637,0.3324848484848485,74.137,257,0.09409090909090909,0.038454545454545457,0.322,-0.162,0.23263636363636364,0.58,-0.046,0.9930606060606061,1.392,0.531,0.6946363636363636,1.107,0.276,0.21324242424242423,0.343,0.108,1.5786060606060606,2.057,1.245,0.38075757575757574,0.456,0.188,0.4448571428571429,0.35941666666666666,0.6244285714285714,-0.6345714285714286,-0.613,-0.65,0.764,0.44726744186046513,102.5255,299,0.09191860465116279,0.512,0.2793953488372093,65.217,289,0.06797674418604652,2.683,1.5342558139534883,352.027,256,0.3357906976744186,0.515,0.2749767441860465,63.3435,265,0.06945348837209302,0.5271176470588236,0.3800689655172414,0.7234117647058823,3
AGC_085,33,20,86,0.56,0.32521212121212123,70.891,240,0.06384848484848485,0.471,0.2575454545454545,55.8125,257,0.05948484848484848,0.357,0.20184848484848486,43.347500000000004,257,0.04090909090909091,0.651,0.2404848484848485,53.75,257,0.11636363636363636,0.559,0.27915151515151515,62.052,257,0.05572727272727273,0.02209090909090909,0.247,-0.161,0.17384848484848486,0.521,-0.118,1.0012424242424243,1.387,0.608,0.7767575757575758,1.268,0.32,0.1616969696969697,0.32,0.024,1.422939393939394,1.966,1.05,0.3532121212121212,0.452,-0.058,0.5091666666666667,0.28791666666666665,0.42375,-0.6174,-0.574,-0.651,0.686,0.3665697674418605,86.5245,248,0.0576046511627907,0.432,0.23346511627906977,55.3745,253,0.03983720930232558,2.324,1.221220930232558,287.4045,249,0.21603488372093024,0.445,0.2297674418604651,54.093,253,0.04059302325581395,0.5773333333333334,0.31542857142857145,0.5378888888888889,3
AGC_086,37,15,94,0.644,0.3227837837837838,68.1795,265,0.04902702702702703,0.557,0.25756756756756755,54.8605,265,0.05089189189189189,0.417,0.196,41.563,265,0.03532432432432432,0.862,0.23516216216216215,51.1475,265,0.09748648648648649,0.636,0.2772702702702703,59.058,270,0.049486486486486486,0.0032972972972972964,0.353,-0.195,0.14372972972972972,0.603,-0.137,1.0662162162162163,1.485,0.482,0.8492972972972973,1.319,0.25,0.15532432432432433,0.343,0.046,1.4097567567567568,2.048,1.096,0.3442972972972973,0.418,0.091,0.368,0.21483333333333335,0.5759,-0.636,-0.612,-0.648,0.744,0.3912553191489362,87.43900000000001,257,0.03795744680851064,0.552,0.23898936170212767,52.7615,255,0.029542553191489362,2.745,1.3493829787234042,302.566,265,0.154468085106383,0.503,0.2310531914893617,50.821,265,0.029138297872340426,0.4777142857142857,0.2705142857142857,0.65824,3
AGC_087,34,16,91,0.615,0.34458823529411764,69.8125,215,0.05135294117647059,0.57,0.2832647058823529,57.1535,215,0.054,0.43,0.21761764705882353,43.8725,215,0.036941176470588234,0.933,0.302,58.3125,215,0.114,0.604,0.31358823529411767,63.639,220,0.049852941176470586,0.0526764705882353,0.274,-0.155,0.20450000000000002,0.536,-0.11,0.9525882352941176,1.368,0.573,0.741,1.248,0.304,0.1653235294117647,0.309,0.029,1.4321764705882354,1.898,1.06,0.33452941176470585,0.418,0.019,0.5885714285714285,0.3295,0.36922222222222223,-0.6229375,-0.603,-0.641,0.726,0.39406593406593404,87.855,222,0.042,0.507,0.2427032967032967,54.11,226,0.03354945054945055,2.605,1.3406813186813187,299.4845,238,0.17151648351648352,0.503,0.23805494505494507,53.1,216,0.03371428571428572,0.6724285714285714,0.3013125,0.5101153846153846,3
AGC_088,29,23,71,0.706,0.3991034482758621,86.9305,240,0.05779310344827586,0.611,0.3259310344827586,70.5415,270,0.06989655172413793,0.449,0.2528620689655172,54.56,265,0.047241379310344826,1,0.41020689655172415,91.6375,265,0.16010344827586206,0.722,0.36082758620689653,79.412,270,0.0523448275862069,0.10720689655172413,0.439,-0.145,0.27389655172413796,0.681,-0.098,0.8746896551724138,1.339,0.396,0.6628620689655172,1.218,0.193,0.19420689655172413,0.354,0.037,1.535448275862069,2.117,1.077,0.34806896551724137,0.435,-0.008,0.6305999999999999,0.33375,0.611,-0.6106086956521739,-0.564,-0.653,0.798,0.39198591549295775,100.17,238,0.04980281690140845,0.631,0.25483098591549297,65.4665,268,0.04219718309859155,2.977,1.331774647887324,347.8795,241,0.18549295774647886,0.597,0.25698591549295774,65.4475,268,0.04249295774647888,0.6964166666666667,0.27416666666666667,0.6935384615384615,3
AGC_089,30,11,64,0.743,0.3721333333333333,76.8625,220,0.03713333333333333,0.659,0.29163333333333336,59.568,215,0.043166666666666666,0.482,0.22503333333333334,46.1505,215,0.028233333333333333,1.171,0.3408,69.2445,215,0.09153333333333333,0.708,0.3415666666666667,70.2155,220,0.0353,0.10876666666666666,0.432,-0.141,0.28563333333333335,0.676,-0.076,0.8744666666666666,1.33,0.398,0.6407666666666667,1.165,0.194,0.2066,0.356,0.056,1.5718666666666667,2.108,1.118,0.2970333333333333,0.413,-0.198,0.7086666666666667,0.326,0.382,-0.642,-0.623,-0.651,0.826,0.3881875,93.3275,225,0.027359375,0.629,0.23659375,57.3745,236,0.022015625,2.905,1.31771875,315.325,225,0.120296875,0.596,0.23790625,57.3525,236,0.02228125,0.7843,0.3014090909090909,0.46714285714285714,3
AGC_090,32,14,89,0.668,0.35703125,82.5865,240,0.056375,0.617,0.28890625,67.684,237,0.06025,0.432,0.2229375,51.861,237,0.042749999999999996,0.944,0.3091875,79.3115,237,0.1319375,0.654,0.2924375,70.3705,237,0.050749999999999997,0.004062499999999998,0.313,-0.216,0.180375,0.6,-0.128,1.06765625,1.553,0.526,0.7846875,1.296,0.251,0.19078124999999999,0.356,0.074,1.5071875000000001,2.108,1.16,0.37971875,0.446,-0.031,0.5836,0.31476923076923075,0.541,-0.6300714285714286,-0.608,-0.643,0.775,0.4331685393258427,99.773,238,0.049561797752808986,0.584,0.2801123595505618,64.6395,253,0.0429438202247191,2.662,1.4731123595505617,336.445,249,0.1952696629213483,0.579,0.27323595505617976,62.8375,253,0.044101123595505616,0.6680625,0.34114285714285714,0.63705,3
AGC_091,34,25,88,0.709,0.40358823529411764,86.1515,265,0.06441176470588235,0.716,0.3482941176470588,74.896,257,0.06367647058823529,0.494,0.2640588235294118,56.244,257,0.04388235294117647,1.263,0.4360294117647059,95.625,257,0.14073529411764707,0.732,0.37708823529411767,81.2375,280,0.047088235294117646,0.1135,0.424,-0.131,0.2876764705882353,0.65,-0.026,0.8534705882352941,1.302,0.407,0.6166176470588235,1.056,0.214,0.1995,0.373,0.088,1.5348235294117647,2.191,1.194,0.33141176470588235,0.415,-0.225,0.5302,0.29208333333333336,0.6278,-0.62652,-0.596,-0.652,0.812,0.4129318181818182,99.23349999999999,248,0.05239772727272727,0.602,0.27986363636363637,69.2805,256,0.03628409090909091,2.938,1.448909090909091,352.4575,249,0.2077159090909091,0.599,0.2755568181818182,67.393,248,0.03642045454545455,0.5885625,0.3136774193548387,0.7101875,3
AGC_092,31,25,90,0.685,0.30929032258064515,68.386,285,0.06541935483870968,0.605,0.253,56.111000000000004,285,0.06296774193548386,0.444,0.1957741935483871,43.165,285,0.04470967741935484,1.027,0.24948387096774194,57.742,285,0.1300967741935484,0.67,0.2819032258064516,62.37,285,0.053354838709677416,0.04432258064516129,0.384,-0.138,0.19625806451612904,0.61,-0.056,0.9674516129032258,1.321,0.448,0.7323548387096774,1.12,0.246,0.1656774193548387,0.326,0.071,1.4215806451612902,1.974,1.154,0.3136451612903226,0.407,-0.23,0.2915,0.2327,0.57825,-0.61548,-0.579,-0.648,0.77,0.35905555555555557,82.5555,285,0.04622222222222222,0.603,0.23643333333333333,56.131,280,0.0351,2.811,1.2485777777777778,289.2635,285,0.17657777777777778,0.518,0.2298111111111111,53.61,299,0.03484444444444444,0.37106666666666666,0.25110714285714286,0.6736818181818182,3
AGC_093,38,14,90,0.586,0.3399736842105263,71.1195,235,0.055605263157894734,0.504,0.2735,57.301,237,0.05847368421052632,0.373,0.20955263157894738,43.8635,237,0.04063157894736842,0.691,0.26444736842105265,57.0705,237,0.118,0.561,0.30194736842105263,62.818,237,0.053684210526315786,0.040473684210526314,0.288,-0.189,0.1961842105263158,0.535,-0.135,0.982578947368421,1.466,0.556,0.7554473684210526,1.312,0.304,0.16794736842105262,0.309,0.041,1.434342105263158,1.903,1.085,0.32126315789473686,0.421,-0.146,0.536,0.3134166666666667,0.3879090909090909,-0.6337857142857143,-0.61,-0.666,0.716,0.41155555555555556,92.879,245,0.0475,0.448,0.2564666666666667,58.5515,182,0.03816666666666667,2.527,1.4181555555555556,317.977,238,0.18984444444444445,0.455,0.25205555555555553,57.0495,235,0.03864444444444445,0.6342666666666666,0.33686206896551724,0.5014444444444445,3
AGC_094,32,32,68,0.673,0.28765625,69.4535,265,0.04615625,0.616,0.21615625,52.907000000000004,265,0.05096875,0.459,0.16896875,40.7535,265,0.036375,1.069,0.16990625,51.208999999999996,265,0.09721874999999999,0.612,0.21853125,55.3515,265,0.04790625,-0.03278125,0.399,-0.209,0.11396875000000001,0.636,-0.137,1.14340625,1.532,0.436,0.886375,1.321,0.225,0.1586875,0.325,0.06,1.40721875,1.971,1.127,0.342125,0.466,-0.149,0.25780000000000003,0.2693846153846154,0.5673333333333334,-0.62475,-0.596,-0.649,0.759,0.36677941176470585,89.4125,285,0.04098529411764706,0.572,0.22355882352941175,55.4035,267,0.031558823529411764,2.541,1.2451470588235294,299.7595,285,0.16729411764705882,0.557,0.2187058823529412,53.926,267,0.03139705882352941,0.3767142857142857,0.2911,0.7187692307692307,3
AGC_095,33,16,81,0.572,0.3354848484848485,71.645,217,0.05863636363636364,0.501,0.2685757575757576,56.7945,217,0.05606060606060606,0.387,0.21045454545454545,44.3465,217,0.03860606060606061,0.762,0.2662424242424242,56.3865,217,0.11003030303030303,0.571,0.29354545454545455,64.047,237,0.049272727272727274,0.02118181818181818,0.272,-0.167,0.17596969696969697,0.535,-0.095,1.0103636363636364,1.403,0.573,0.771969696969697,1.21,0.306,0.16527272727272727,0.32,0.055,1.4226363636363637,1.951,1.116,0.3643939393939394,0.439,0.019,0.5365714285714286,0.2895,0.43833333333333335,-0.63075,-0.592,-0.652,0.703,0.36691358024691356,87.60600000000001,248,0.05017283950617284,0.451,0.229320987654321,55.2635,221,0.03537037037037037,2.519,1.267111111111111,302.0385,248,0.19328395061728396,0.459,0.22796296296296298,54.6165,221,0.0351358024691358,0.6325833333333334,0.29558064516129035,0.53,3
AGC_096,32,16,80,0.531,0.28628125,64.87,245,0.05646875,0.409,0.2136875,48.1685,237,0.051250000000000004,0.306,0.17025,38.022,245,0.03790625,0.481,0.16028125,39.82,245,0.0911875,0.506,0.22740625,53.6115,237,0.05065625,-0.03465625,0.224,-0.204,0.1278125,0.464,-0.111,1.123,1.514,0.64,0.8419375,1.255,0.37,0.16884375,0.296,0.07,1.429625,1.849,1.152,0.3566875,0.44,-0.246,0.4766,0.24525,0.40071428571428575,-0.62775,-0.589,-0.654,0.661,0.3707125,83.656,248,0.0526125,0.451,0.2207125,50.264,236,0.036875,2.308,1.249675,282.1675,248,0.2064,0.42,0.2145375,48.283,236,0.03675,0.569076923076923,0.29112,0.52445,3
AGC_097,34,28,76,0.663,0.3358529411764706,70.584,285,0.06214705882352941,0.679,0.2787058823529412,59.4035,260,0.06273529411764706,0.448,0.2107058823529412,44.4645,260,0.04402941176470588,1.037,0.28511764705882353,60.9915,260,0.1323529411764706,0.668,0.29161764705882354,62.477,260,0.05585294117647059,0.04229411764705882,0.393,-0.158,0.21961764705882353,0.668,-0.057,0.9872058823529412,1.379,0.442,0.7131764705882353,1.126,0.203,0.19611764705882354,0.38,0.095,1.5223235294117647,2.236,1.211,0.32941176470588235,0.426,0.048,0.2928,0.25366666666666665,0.593,-0.6176071428571428,-0.586,-0.644,0.714,0.3579342105263158,86.32300000000001,286,0.0509078947368421,0.568,0.2327763157894737,57.235,280,0.03775,2.439,1.190907894736842,285.494,256,0.1880921052631579,0.533,0.22455263157894736,54.8725,267,0.037144736842105265,0.3704,0.2802857142857143,0.676625,3
AGC_098,33,12,88,0.694,0.362,76.175,265,0.09233333333333334,0.583,0.2771818181818182,59.2395,270,0.07718181818181818,0.433,0.21584848484848485,46.026,265,0.05572727272727273,0.946,0.28515151515151516,62.7835,265,0.14796969696969697,0.677,0.3233030303030303,67.711,270,0.07742424242424242,0.07030303030303031,0.355,-0.108,0.23357575757575758,0.617,-0.011,0.9176969696969697,1.249,0.481,0.6851818181818182,1.029,0.24,0.18054545454545454,0.34,0.085,1.4777272727272728,2.035,1.19,0.32836363636363636,0.405,-0.147,0.4003333333333333,0.2905,0.5894444444444444,-0.6341666666666667,-0.614,-0.655,0.787,0.41370454545454544,95.631,256,0.0745909090909091,0.626,0.24972727272727274,58.160000000000004,256,0.0485,2.88,1.4373068181818183,334.8985,265,0.29164772727272725,0.582,0.24802272727272728,57.579,256,0.04896590909090909,0.501,0.3106969696969697,0.7108095238095238,3
AGC_099,37,15,93,0.683,0.32551351351351354,70.3265,260,0.039486486486486484,0.707,0.2613783783783784,56.5315,260,0.042891891891891895,0.48,0.20075675675675675,43.048,260,0.03018918918918919,1.164,0.24956756756756757,55.1695,260,0.08224324324324324,0.711,0.25894594594594594,56.891,260,0.0397027027027027,-0.027135135135135137,0.325,-0.221,0.1137027027027027,0.599,-0.151,1.1267027027027028,1.567,0.513,0.8892972972972973,1.358,0.252,0.15197297297297296,0.344,0.056,1.391081081081081,2.058,1.12,0.3768918918918919,0.463,-0.086,0.3555,0.2306923076923077,0.5838,-0.6246,-0.603,-0.651,0.751,0.4101290322580645,92.4425,257,0.029451612903225805,0.572,0.25729032258064516,57.4685,254,0.025580645161290324,2.63,1.4431182795698925,324.633,264,0.11697849462365591,0.526,0.2501827956989247,55.764,254,0.025268817204301075,0.4694,0.28459375,0.670923076923077,3
AGC_100,33,15,86,0.694,0.34493939393939393,80.325,245,0.06493939393939394,0.661,0.28354545454545454,66.2465,245,0.07278787878787879,0.466,0.218,50.649,245,0.05006060606060606,1.142,0.31242424242424244,82.41449999999999,245,0.1630909090909091,0.67,0.2763939393939394,68.07600000000001,245,0.06636363636363636,-0.004242424242424243,0.324,-0.211,0.15754545454545454,0.606,-0.137,1.0893030303030302,1.536,0.516,0.8283939393939393,1.318,0.248,0.17733333333333334,0.355,0.059,1.4716666666666667,2.109,1.127,0.3790909090909091,0.464,0.023,0.5128333333333334,0.294,0.586,-0.6281333333333333,-0.615,-0.647,0.807,0.41330232558139535,100.6285,246,0.052302325581395345,0.595,0.2701627906976744,64.772,236,0.04743023255813954,2.779,1.3920232558139534,336.548,249,0.19832558139534884,0.572,0.26545348837209304,63.9665,246,0.04783720930232558,0.6426000000000001,0.3176333333333333,0.6654375,3
AGC_101,30,15,82,0.567,0.3026333333333333,68.0985,237,0.05466666666666667,0.467,0.2339,52.126,237,0.0529,0.337,0.18356666666666666,40.8025,237,0.0382,0.575,0.1953,47.187,237,0.09843333333333333,0.541,0.23996666666666666,55.5515,237,0.04763333333333333,-0.03,0.232,-0.206,0.1327,0.501,-0.108,1.1134,1.522,0.627,0.8341000000000001,1.247,0.334,0.1693,0.307,0.077,1.4306333333333334,1.889,1.168,0.363,0.454,0.005,0.5048,0.24475,0.44,-0.6266666666666667,-0.579,-0.657,0.693,0.3845487804878049,86.504,248,0.049439024390243905,0.421,0.23947560975609755,53.666000000000004,247,0.03635365853658536,2.38,1.305841463414634,292.2485,248,0.18753658536585366,0.413,0.23137804878048782,51.649,248,0.036329268292682924,0.5862142857142857,0.3042142857142857,0.5588888888888889,3
AGC_102,32,16,87,0.604,0.32478125,70.8075,237,0.04975,0.489,0.24434375,53.097,237,0.04921875,0.351,0.19103125,41.3,237,0.034875,0.614,0.21353125,48.5065,237,0.09528125,0.569,0.25890625,57.8165,237,0.04396875,-0.022468750000000003,0.248,-0.217,0.149,0.529,-0.122,1.1071875,1.557,0.605,0.82028125,1.283,0.309,0.18021875,0.326,0.072,1.4680312500000001,1.968,1.157,0.364875,0.459,0.018,0.52,0.24833333333333332,0.473,-0.6313125,-0.584,-0.656,0.732,0.3997241379310345,89.1485,238,0.04232183908045977,0.437,0.24159770114942528,53.563,242,0.03450574712643678,2.525,1.371022988505747,303.371,249,0.16593103448275862,0.434,0.23357471264367816,51.4155,248,0.03471264367816092,0.6259333333333333,0.3083214285714286,0.57655,3
AGC_103,34,16,95,0.736,0.38888235294117646,77.5685,225,0.0711764705882353,0.753,0.3528529411764706,68.9615,215,0.07976470588235295,0.539,0.26029411764705884,51.3795,215,0.05276470588235294,1.786,0.5265294117647059,95.5035,217,0.23144117647058823,0.777,0.3749705882352941,74.4915,237,0.06826470588235294,0.1018235294117647,0.438,-0.163,0.2681764705882353,0.695,-0.091,0.9001764705882352,1.392,0.396,0.6752058823529412,1.204,0.182,0.1978235294117647,0.377,0.061,1.545,2.217,1.132,0.3294705882352941,0.405,-0.08,0.719,0.3431666666666667,0.3895,-0.6304375,-0.59,-0.651,0.832,0.43242105263157893,95.7405,225,0.06269473684210526,0.695,0.28717894736842103,64.065,222,0.05078947368421052,3.222,1.544421052631579,343.607,230,0.2548947368421053,0.667,0.2864842105263158,63.4565,222,0.05202105263157895,0.7954666666666667,0.36263636363636365,0.4952692307692308,3
AGC_104,33,22,91,0.622,0.3573939393939394,78.334,237,0.05906060606060606,0.515,0.2881212121212121,63.49400000000001,257,0.0583030303030303,0.375,0.22263636363636363,48.666999999999994,237,0.04106060606060606,0.698,0.2994545454545455,68.96050000000001,237,0.11875757575757576,0.599,0.31281818181818183,70.458,237,0.05327272727272727,0.041939393939393936,0.282,-0.175,0.20293939393939395,0.547,-0.114,0.982909090909091,1.427,0.564,0.7510909090909091,1.26,0.295,0.1763030303030303,0.331,0.043,1.468060606060606,2.003,1.089,0.35078787878787876,0.444,-0.029,0.5678333333333333,0.3333333333333333,0.46914285714285714,-0.6172272727272727,-0.575,-0.651,0.742,0.41202197802197804,96.173,248,0.046373626373626374,0.552,0.26991208791208793,63.8395,182,0.03684615384615385,2.546,1.398989010989011,326.1985,249,0.1793076923076923,0.481,0.26415384615384613,61.8515,248,0.037307692307692306,0.648,0.3844705882352941,0.5699411764705883,3
AGC_105,31,16,80,0.627,0.3733548387096774,85.7975,265,0.040161290322580645,0.525,0.30412903225806454,69.7085,237,0.041741935483870965,0.377,0.23193548387096774,52.7635,237,0.02867741935483871,0.709,0.3164193548387097,78.2,237,0.08361290322580646,0.581,0.3071935483870968,72.7745,237,0.037806451612903226,0.0060967741935483875,0.235,-0.224,0.1822258064516129,0.521,-0.162,1.052741935483871,1.58,0.625,0.7906129032258065,1.387,0.318,0.188,0.329,0.036,1.5079032258064515,1.986,1.075,0.38470967741935486,0.444,0.261,0.5526666666666666,0.3318333333333333,0.5513333333333333,-0.6241875,-0.599,-0.645,0.753,0.4086125,100.867,248,0.0296125,0.489,0.2584375,63.530499999999996,257,0.0251375,2.654,1.3681625,332.7625,249,0.11975,0.491,0.2505875,61.596000000000004,248,0.0251,0.6358571428571429,0.3421851851851852,0.6634285714285715,3
AGC_106,31,15,83,0.607,0.3548387096774194,78.3605,185,0.051032258064516126,0.512,0.2749677419354839,60.2345,195,0.05054838709677419,0.38,0.21225806451612902,46.2755,210,0.034774193548387095,0.756,0.2767096774193548,63.332,185,0.11225806451612903,0.575,0.30129032258064514,67.5525,237,0.05112903225806451,0.056935483870967744,0.322,-0.168,0.22503225806451613,0.581,-0.116,0.9598709677419355,1.408,0.524,0.7231290322580646,1.263,0.272,0.18725806451612903,0.341,0.039,1.5066451612903227,2.049,1.082,0.31887096774193546,0.447,-0.13,0.5428571428571428,0.3482727272727273,0.4101666666666667,-0.6224666666666666,-0.593,-0.655,0.703,0.3985301204819277,96.044,184,0.049012048192771086,0.488,0.2476265060240964,60.4815,199,0.03471084337349398,2.402,1.3346024096385543,323.084,238,0.1989156626506024,0.459,0.24333734939759036,58.7375,186,0.035590361445783134,0.6354666666666666,0.3728620689655172,0.569,3
AGC_107,36,21,86,0.691,0.44475000000000003,93.2705,215,0.05588888888888889,0.614,0.36777777777777776,76.226,235,0.06169444444444445,0.436,0.2743888888888889,56.781,235,0.043361111111111114,0.946,0.45158333333333334,92.7385,235,0.13411111111111113,0.645,0.3728888888888889,78.3845,237,0.05725,0.06708333333333333,0.341,-0.258,0.27997222222222223,0.627,-0.166,0.9944444444444445,1.709,0.494,0.6942777777777778,1.421,0.231,0.24416666666666667,0.376,0.078,1.7045,2.211,1.173,0.37027777777777776,0.482,0.212,0.6711428571428572,0.41100000000000003,0.524,-0.6397142857142857,-0.619,-0.652,0.795,0.49346511627906975,110.607,221,0.04211627906976744,0.521,0.3019418604651163,68.62349999999999,237,0.03781395348837209,2.473,1.6108488372093024,358.6185,216,0.18238372093023256,0.539,0.29822093023255813,67.134,221,0.039267441860465116,0.7444444444444445,0.4163448275862069,0.6351666666666667,3
AGC_108,31,27,66,0.54,0.3069677419354839,65.304,245,0.06203225806451613,0.467,0.2333548387096774,50.0555,250,0.05919354838709678,0.318,0.18596774193548388,39.458999999999996,250,0.043193548387096777,0.516,0.19519354838709677,43.0175,250,0.11203225806451612,0.489,0.25267741935483873,54.729499999999994,245,0.05261290322580645,-0.01103225806451613,0.19,-0.169,0.14725806451612902,0.484,-0.077,1.056709677419355,1.409,0.685,0.7890645161290323,1.17,0.35,0.1636774193548387,0.325,0.087,1.409258064516129,1.969,1.192,0.3628709677419355,0.439,0.053,0.3611666666666667,0.2273,0.497125,-0.6265925925925926,-0.601,-0.684,0.654,0.3516212121212121,82.2135,248,0.05248484848484848,0.425,0.21122727272727274,49.6665,256,0.038015151515151516,2.188,1.1737424242424241,276.572,248,0.18668181818181817,0.412,0.20907575757575758,48.597,248,0.03833333333333333,0.46090909090909093,0.2755714285714286,0.5786923076923077,3
AGC_109,32,31,79,0.541,0.32546875000000003,71.657,265,0.096125,0.492,0.27603125,61.912,265,0.09621875,0.375,0.21284375,47.123,265,0.06684375,0.8,0.29165625,69.0845,265,0.20975,0.509,0.28659375,64.492,280,0.09840625,0.029312500000000002,0.257,-0.161,0.2044375,0.55,-0.06,0.998625,1.385,0.595,0.72078125,1.131,0.292,0.188625,0.344,0.094,1.48965625,2.055,1.209,0.3529375,0.427,0.058,0.398,0.2915,0.492875,-0.6085806451612903,-0.576,-0.633,0.615,0.36935443037974686,86.929,248,0.08715189873417721,0.465,0.2498481012658228,59.492000000000004,270,0.06556962025316455,2.098,1.2328987341772153,290.219,248,0.3160126582278481,0.445,0.24256962025316456,57.338,267,0.066126582278481,0.4683333333333333,0.31295833333333334,0.565,3
AGC_110,32,15,82,0.56,0.33796875,75.38850000000001,185,0.0840625,0.482,0.2750625,61.595,280,0.08484375000000001,0.346,0.21184375,47.303999999999995,185,0.05859375,0.674,0.27871875,67.496,280,0.183,0.525,0.28121875,63.366,280,0.08609375,0.007343750000000002,0.2,-0.182,0.16125,0.482,-0.13,1.0474375,1.449,0.677,0.809125,1.301,0.359,0.16671875,0.329,0.034,1.4381875,1.999,1.07,0.3666875,0.441,0.114,0.44657142857142856,0.31225,0.49933333333333335,-0.6230666666666667,-0.6,-0.65,0.728,0.38740243902439025,92.3075,248,0.06803658536585366,0.499,0.25002439024390244,59.8215,253,0.04887804878048781,2.521,1.311658536585366,305.6365,249,0.25626829268292683,0.507,0.2445731707317073,58.3405,253,0.049975609756097564,0.52475,0.34088,0.6163124999999999,3
AGC_111,29,19,77,0.68,0.3526206896551724,80.88600000000001,245,0.05941379310344828,0.608,0.274448275862069,64.038,245,0.054206896551724136,0.441,0.21858620689655173,50.213,245,0.038689655172413795,0.961,0.2977586206896552,75.971,245,0.11093103448275862,0.688,0.3167931034482759,73.4255,245,0.048310344827586206,0.07975862068965517,0.419,-0.142,0.24144827586206896,0.644,-0.065,0.9071379310344827,1.335,0.411,0.678344827586207,1.145,0.217,0.17986206896551724,0.332,0.058,1.4708620689655172,2,1.125,0.3257931034482759,0.452,-0.122,0.4908,0.24454545454545454,0.6084285714285714,-0.6169473684210526,-0.579,-0.667,0.74,0.3751948051948052,91.04899999999999,265,0.053285714285714283,0.586,0.2435974025974026,60.138,247,0.038103896103896105,2.7,1.2687402597402597,313.6605,265,0.21416883116883118,0.541,0.2432987012987013,59.078,247,0.03858441558441558,0.5862727272727273,0.26565384615384613,0.6640625,3
AGC_112,38,15,93,0.65,0.34560526315789475,76.9385,240,0.05639473684210526,0.569,0.2849736842105263,64.4395,235,0.059789473684210524,0.422,0.2168421052631579,48.3605,240,0.040973684210526315,0.894,0.2929473684210526,70.4705,240,0.1241578947368421,0.653,0.30010526315789476,68.627,257,0.05628947368421053,0.01018421052631579,0.321,-0.199,0.16592105263157894,0.586,-0.135,1.0448947368421053,1.499,0.515,0.8013684210526316,1.313,0.264,0.1681842105263158,0.341,0.06,1.4391578947368422,2.044,1.128,0.36226315789473684,0.437,0.095,0.5588333333333333,0.2382142857142857,0.5402,-0.6324666666666666,-0.607,-0.654,0.804,0.4488494623655914,99.1715,245,0.0542258064516129,0.551,0.28531182795698923,62.5665,235,0.04147311827956989,3.14,1.6148924731182797,353.772,245,0.22134408602150538,0.552,0.2804516129032258,61.248,243,0.042623655913978493,0.6722941176470588,0.3115,0.65436,3
AGC_113,32,14,68,0.676,0.354625,67.8715,220,0.051875,0.562,0.27709375,52.2095,215,0.0555,0.426,0.21553125,40.8495,215,0.0384375,0.917,0.30640625,53.7445,215,0.11746875,0.655,0.3450625,66.3615,240,0.04415625,0.13084375,0.367,-0.069,0.2896875,0.614,-0.01,0.80828125,1.15,0.465,0.60909375,1.022,0.241,0.18081250000000001,0.322,0.036,1.48253125,1.955,1.076,0.2706875,0.383,0.007,0.6368571428571429,0.26990000000000003,0.429375,-0.6467857142857143,-0.627,-0.663,0.763,0.37211764705882355,85.3655,238,0.04175,0.527,0.21960294117647058,50.9165,232,0.033455882352941176,2.782,1.238485294117647,283.3375,241,0.17373529411764707,0.508,0.22125,50.820499999999996,225,0.03348529411764706,0.7281538461538462,0.24915,0.4978571428571429,3
AGC_114,35,14,91,0.648,0.33922857142857143,71.355,240,0.08185714285714285,0.59,0.2769714285714286,58.1205,237,0.08077142857142858,0.428,0.21371428571428572,44.713,237,0.05657142857142857,0.91,0.29845714285714287,62.572,237,0.16574285714285714,0.633,0.30882857142857145,65.56,237,0.07388571428571429,0.06454285714285714,0.341,-0.127,0.21757142857142858,0.591,-0.054,0.9316285714285715,1.292,0.493,0.7160857142857143,1.115,0.259,0.17,0.34,0.059,1.4486285714285714,2.038,1.125,0.32865714285714287,0.393,-0.012,0.5722857142857143,0.24275,0.48375,-0.6240714285714286,-0.586,-0.646,0.806,0.39904395604395604,90.5235,238,0.06878021978021978,0.565,0.2528131868131868,56.5605,235,0.051967032967032964,2.851,1.3705164835164836,311.716,245,0.2622967032967033,0.538,0.2512197802197802,56.2885,235,0.052,0.6644117647058824,0.2771818181818182,0.5846,3
AGC_115,34,14,86,0.55,0.3296764705882353,73.689,240,0.08538235294117646,0.523,0.26635294117647057,59.3415,235,0.08600000000000001,0.372,0.20573529411764707,45.503,235,0.06370588235294118,0.732,0.26426470588235296,62.5275,235,0.17220588235294118,0.565,0.29444117647058826,67.114,235,0.07264705882352941,0.07852941176470588,0.403,-0.181,0.24914705882352942,0.642,-0.12,0.9291764705882353,1.441,0.442,0.6989705882352941,1.274,0.223,0.19355882352941176,0.34,0.04,1.5294411764705882,2.037,1.084,0.2863235294117647,0.43,-0.332,0.5188333333333334,0.2971666666666667,0.4355,-0.6202142857142857,-0.585,-0.641,0.67,0.3888023255813954,90.148,246,0.06502325581395349,0.441,0.2463488372093023,57.635999999999996,247,0.05253488372093023,2.082,1.2269651162790698,280.5045,246,0.25315116279069766,0.421,0.2436046511627907,56.4365,253,0.055732558139534885,0.5942,0.31196296296296294,0.5736,3
AGC_116,32,16,80,0.688,0.37559375,84.3185,240,0.0434375,0.567,0.29846875,67.011,240,0.05134375,0.437,0.22946875,51.445,265,0.03615625,0.948,0.32271875,79.186,265,0.11628125,0.651,0.321125,74.1455,240,0.04528125,0.047375,0.371,-0.201,0.22315625,0.64,-0.139,0.98753125,1.503,0.462,0.73353125,1.323,0.221,0.196625,0.355,0.048,1.5366875,2.106,1.101,0.34265625,0.431,0.06,0.5509999999999999,0.32658333333333334,0.5448333333333333,-0.6326875,-0.605,-0.658,0.806,0.4292625,102.3295,248,0.0312,0.638,0.2766375,65.56,253,0.027075,2.866,1.454375,342.229,249,0.13205,0.643,0.2722375,64.62650000000001,253,0.0279,0.6344375,0.35208,0.6845333333333333,3
AGC_117,37,14,84,0.621,0.3358108108108108,70.265,257,0.06362162162162162,0.52,0.26094594594594595,54.673500000000004,280,0.06678378378378379,0.387,0.20113513513513515,41.933,265,0.04710810810810811,0.75,0.2430810810810811,51.2505,265,0.1308108108108108,0.59,0.27724324324324323,58.777499999999996,280,0.0615945945945946,-0.005621621621621619,0.261,-0.209,0.1338918918918919,0.528,-0.156,1.0732702702702703,1.529,0.59,0.8544594594594594,1.372,0.311,0.1498108108108108,0.312,0.04,1.385135135135135,1.909,1.084,0.3594864864864865,0.447,-0.017,0.3914285714285714,0.22754545454545455,0.5399090909090909,-0.6360714285714286,-0.613,-0.654,0.722,0.42242857142857143,94.7655,257,0.050976190476190474,0.492,0.25179761904761905,56.328,254,0.040952380952380955,2.467,1.465845238095238,328.405,257,0.19101190476190477,0.455,0.24602380952380953,54.765,268,0.04132142857142857,0.48615384615384616,0.3458333333333333,0.634695652173913,3
AGC_118,32,11,72,0.685,0.32853125,68.9865,240,0.0678125,0.569,0.240625,51.1515,240,0.06840625,0.432,0.19275,40.521,240,0.048,0.954,0.2283125,50.418,240,0.134625,0.65,0.27590625,59.6225,240,0.06790625,0.06071875,0.42,-0.132,0.2364375,0.666,-0.02,0.93846875,1.314,0.414,0.67228125,1.051,0.204,0.19234375,0.348,0.075,1.50240625,2.077,1.166,0.30928125,0.456,-0.185,0.5754285714285714,0.21972727272727272,0.419,-0.6168181818181818,-0.594,-0.649,0.789,0.40419444444444447,85.8245,238,0.05394444444444445,0.601,0.26469444444444445,54.2685,236,0.041694444444444444,2.745,1.3865972222222223,290.432,238,0.2033611111111111,0.563,0.26379166666666665,53.9855,236,0.04101388888888889,0.6954,0.24529166666666666,0.5724375,3
AGC_119,33,17,74,0.668,0.4042727272727273,88.3135,245,0.10151515151515152,0.582,0.2917272727272727,62.93,210,0.08527272727272728,0.433,0.2299090909090909,49.324,210,0.05981818181818182,1.016,0.3233939393939394,70.8825,210,0.16766666666666666,0.628,0.3468787878787879,76.049,210,0.07606060606060606,0.10006060606060606,0.394,-0.07,0.2973939393939394,0.65,0.031,0.8585454545454545,1.158,0.439,0.5921818181818181,0.951,0.215,0.2183939393939394,0.35,0.093,1.5984242424242425,2.087,1.207,0.31545454545454543,0.417,-0.28,0.6338333333333334,0.3324166666666667,0.4935,-0.6432941176470588,-0.621,-0.661,0.766,0.4378108108108108,103.4375,238,0.08264864864864865,0.528,0.26382432432432434,62.7255,253,0.052905405405405406,2.782,1.5123513513513513,355.6715,231,0.2983513513513514,0.536,0.2665135135135135,62.842,253,0.05322972972972973,0.7066153846153846,0.3152105263157895,0.5844736842105264,3
AGC_120,34,13,87,0.798,0.4419411764705882,92.50150000000001,240,0.107,0.785,0.3730294117647059,77.54950000000001,235,0.10932352941176471,0.544,0.2760294117647059,57.4485,225,0.07488235294117647,1.82,0.5797058823529412,117.1605,225,0.3246470588235294,0.817,0.4128529411764706,86.76,237,0.10252941176470588,0.14008823529411765,0.468,-0.105,0.3204705882352941,0.733,-0.019,0.8346470588235294,1.259,0.367,0.6116176470588235,1.068,0.155,0.22120588235294117,0.407,0.073,1.6384411764705882,2.379,1.165,0.3004411764705882,0.408,-0.319,0.779,0.34136363636363637,0.49325,-0.6486153846153846,-0.625,-0.665,0.904,0.5073218390804598,112.5125,238,0.09698850574712643,0.676,0.33255172413793105,74.215,236,0.07301149425287357,3.649,1.877448275862069,414.672,245,0.4095057471264368,0.687,0.3334022988505747,73.8815,225,0.07437931034482759,0.8646153846153846,0.3939722222222222,0.6348181818181818,3
AGC_121,31,8,64,0.761,0.34935483870967743,74.7835,240,0.054870967741935485,0.705,0.27019354838709675,59.037,235,0.054838709677419356,0.499,0.20903225806451614,45.234500000000004,240,0.0384516129032258,1.293,0.3036451612903226,70.18900000000001,240,0.11874193548387096,0.791,0.3291612903225806,71.043,260,0.049741935483870965,0.0974516129032258,0.528,-0.116,0.2639677419354839,0.753,-0.03,0.8796129032258064,1.265,0.313,0.652258064516129,1.065,0.143,0.1915483870967742,0.381,0.077,1.5195806451612903,2.24,1.17,0.2802903225806452,0.393,-0.262,0.6456666666666666,0.20199999999999999,0.5545714285714286,-0.6445000000000001,-0.631,-0.65,0.859,0.40475,91.798,238,0.04396875,0.686,0.251625,57.122,236,0.03315625,3.108,1.401109375,319.141,243,0.176640625,0.643,0.252484375,56.972500000000004,256,0.03346875,0.7517272727272727,0.22871428571428573,0.6491428571428571,3
AGC_122,34,15,82,0.68,0.39173529411764707,80.01950000000001,220,0.06476470588235295,0.604,0.32223529411764706,65.9685,217,0.06491176470588235,0.456,0.24894117647058822,50.9215,217,0.045294117647058825,1.053,0.3971470588235294,79.714,217,0.13938235294117648,0.672,0.37170588235294116,75.6775,220,0.054235294117647055,0.10991176470588235,0.371,-0.121,0.28623529411764703,0.643,-0.057,0.8534705882352941,1.278,0.46,0.6222352941176471,1.126,0.218,0.19920588235294118,0.358,0.062,1.538764705882353,2.117,1.134,0.3355294117647059,0.422,0.107,0.664,0.3671,0.4562,-0.6281333333333333,-0.588,-0.652,0.803,0.39914634146341466,98.8865,238,0.05865853658536585,0.56,0.2512439024390244,61.452,226,0.04019512195121951,2.847,1.384280487804878,342.4445,238,0.2239268292682927,0.546,0.2532560975609756,61.946,226,0.04070731707317073,0.7386666666666667,0.3377741935483871,0.5033333333333333,3
AGC_123,33,15,82,0.607,0.3548787878787879,72.857,205,0.05242424242424242,0.548,0.2868181818181818,59.119,210,0.05593939393939394,0.417,0.224,46.0715,210,0.03957575757575758,0.869,0.31581818181818183,63.893,210,0.11981818181818182,0.599,0.3276060606060606,67.487,220,0.04706060606060606,0.07284848484848486,0.336,-0.133,0.2330909090909091,0.594,-0.08,0.9098787878787878,1.307,0.501,0.6895151515151515,1.174,0.257,0.17533333333333334,0.326,0.043,1.4596060606060606,1.978,1.092,0.3369393939393939,0.42,-0.029,0.5866666666666667,0.3292,0.438,-0.6262,-0.581,-0.658,0.719,0.38352439024390245,90.0025,238,0.04476829268292683,0.492,0.23740243902439023,55.4585,226,0.034951219512195125,2.486,1.2862804878048781,302.557,245,0.17809756097560975,0.484,0.23770731707317072,55.4305,226,0.03564634146341464,0.6664166666666667,0.30689285714285713,0.5082727272727273,3
AGC_124,34,26,86,0.695,0.3523235294117647,78.191,257,0.07932352941176471,0.713,0.2899705882352941,65.245,257,0.07138235294117647,0.497,0.22391176470588237,49.7145,257,0.05029411764705882,1.375,0.3190294117647059,75.976,257,0.15208823529411764,0.709,0.3118529411764706,70.75,257,0.06835294117647059,0.05038235294117647,0.335,-0.115,0.2285294117647059,0.601,0.006,0.9520588235294117,1.265,0.509,0.6797058823529412,0.995,0.256,0.19338235294117648,0.345,0.102,1.5056176470588236,2.064,1.229,0.3458529411764706,0.415,-0.204,0.35750000000000004,0.2916666666666667,0.6275000000000001,-0.622,-0.601,-0.651,0.763,0.39069767441860465,91.247,248,0.06205813953488372,0.582,0.25459302325581395,60.757,256,0.04384883720930233,2.689,1.3474767441860465,317.885,256,0.22967441860465115,0.565,0.2496627906976744,59.0385,256,0.04323255813953488,0.4333529411764706,0.31103703703703706,0.7140588235294117,3
AGC_125,32,16,81,0.706,0.40278125,89.407,225,0.0486875,0.646,0.3225,70.9265,197,0.05321875,0.459,0.2444375,53.754999999999995,197,0.0361875,1.071,0.38687499999999997,87.3515,197,0.1169375,0.694,0.357625,80.9235,220,0.04446875,0.09046875,0.474,-0.205,0.27218749999999997,0.691,-0.141,0.9319375,1.519,0.361,0.6904375,1.328,0.185,0.215,0.361,0.039,1.61065625,2.14,1.082,0.31703125,0.444,-0.218,0.6786666666666666,0.4137692307692308,0.4165,-0.6299375,-0.603,-0.653,0.802,0.44281481481481483,107.3375,221,0.033679012345679014,0.548,0.2809135802469136,67.6885,206,0.02860493827160494,2.837,1.5311234567901235,366.51849999999996,216,0.14277777777777778,0.549,0.2784567901234568,67.22500000000001,221,0.029555555555555554,0.7595000000000001,0.40353846153846157,0.5522,3
AGC_126,28,21,70,0.704,0.34510714285714283,77.5125,265,0.051,0.57,0.26417857142857143,59.2155,240,0.05142857142857143,0.435,0.21167857142857144,46.901,265,0.03696428571428571,0.949,0.28275,67.7175,240,0.107,0.683,0.31142857142857144,69.5245,265,0.047607142857142855,0.08364285714285714,0.423,-0.149,0.2379642857142857,0.676,-0.091,0.90628571428571425,1.352,0.409,0.6945357142857143,1.204,0.195,0.1754642857142857,0.359,0.04,1.46575,2.124,1.084,0.3167142857142857,0.451,-0.107,0.5018,0.2233,0.6064285714285714,-0.6060476190476191,-0.571,-0.655,0.777,0.3412857142857143,89.194,245,0.04037142857142857,0.562,0.21842857142857142,57.652,251,0.030842857142857144,2.869,1.1306857142857143,305.718,245,0.15981428571428571,0.526,0.22055714285714287,57.2855,251,0.03175714285714286,0.5856,0.24395833333333333,0.66575,3
AGC_127,33,18,81,0.571,0.41115151515151516,87.96600000000001,225,0.10906060606060607,0.477,0.2928787878787879,62.754,235,0.087,0.345,0.23166666666666666,49.2715,235,0.06187878787878788,0.607,0.3023939393939394,65.9085,235,0.15442424242424244,0.55,0.3668181818181818,78.8955,235,0.08654545454545455,0.1033030303030303,0.318,-0.032,0.319,0.578,0.126,0.8370909090909091,1.081,0.525,0.5468787878787879,0.8,0.27,0.2318181818181818,0.322,0.133,1.6292121212121211,1.955,1.32,0.3120909090909091,0.392,-0.146,0.537,0.3696666666666667,0.543,-0.6462222222222223,-0.622,-0.66,0.695,0.45698765432098765,101.48949999999999,248,0.10030864197530864,0.43,0.26480246913580247,59.972,253,0.0572962962962963,2.531,1.6271728395061729,362.593,249,0.38022222222222224,0.451,0.26551851851851854,59.523,253,0.05682716049382716,0.6163571428571428,0.387,0.64225,3
AGC_128,38,19,87,0.676,0.4102368421052632,86.925,215,0.05410526315789474,0.577,0.32452631578947366,68.482,200,0.059263157894736844,0.416,0.24639473684210528,51.969500000000004,210,0.040842105263157895,0.862,0.3696052631578947,78.557,210,0.12210526315789474,0.618,0.3423684210526316,72.684,237,0.051394736842105264,0.06610526315789474,0.326,-0.223,0.27207894736842103,0.615,-0.146,0.976421052631579,1.596,0.512,0.6908157894736842,1.361,0.241,0.23457894736842105,0.369,0.066,1.6736052631578948,2.175,1.143,0.3482368421052632,0.462,0.042,0.6532857142857144,0.39453846153846156,0.4663,-0.632578947368421,-0.597,-0.65,0.787,0.4614942528735632,104.9885,221,0.04305747126436782,0.527,0.2782528735632184,64.519,224,0.03474712643678161,2.431,1.4756206896551725,335.2135,216,0.17304597701149424,0.506,0.2765632183908046,63.5765,221,0.03482758620689655,0.732421052631579,0.3929655172413793,0.5744705882352941,3
AGC_129,31,14,60,0.744,0.3843225806451613,85.5325,240,0.08448387096774193,0.634,0.28658064516129034,64.1765,235,0.08974193548387097,0.457,0.22125806451612903,48.887,235,0.0625483870967742,1.089,0.3333548387096774,76.6375,235,0.20761290322580644,0.736,0.35258064516129034,79.459,240,0.08183870967741935,0.11435483870967743,0.44,-0.098,0.28258064516129033,0.675,-0.02,0.8577741935483871,1.225,0.391,0.6417419354838709,1.054,0.195,0.1978709677419355,0.345,0.064,1.550032258064516,2.063,1.141,0.28903225806451616,0.391,-0.152,0.7094,0.33208333333333334,0.5118333333333334,-0.6502142857142857,-0.637,-0.661,0.848,0.4198,107.7145,238,0.06745,0.576,0.24668333333333334,64.065,246,0.052366666666666666,3.279,1.47465,377.392,241,0.2718833333333333,0.6,0.2517666666666667,65.16,246,0.05391666666666667,0.8033333333333333,0.3182105263157895,0.6292727272727273,3
AGC_130,34,19,71,0.65,0.34208823529411764,76.114,210,0.06691176470588235,0.587,0.2617058823529412,58.481,210,0.06735294117647059,0.442,0.2063235294117647,45.896499999999996,210,0.046235294117647055,1.03,0.27291176470588235,64.52550000000001,210,0.14323529411764707,0.627,0.30055882352941177,67.766,210,0.06147058823529412,0.038,0.318,-0.148,0.21332352941176472,0.554,-0.083,0.9772941176470589,1.353,0.528,0.7202941176470589,1.187,0.29,0.1891764705882353,0.338,0.051,1.5063823529411764,2.029,1.109,0.35158823529411765,0.446,-0.112,0.5721428571428571,0.28833333333333333,0.400125,-0.633578947368421,-0.609,-0.657,0.712,0.3903943661971831,93.106,203,0.054225352112676053,0.492,0.2363661971830986,57.205,214,0.043464788732394365,2.493,1.317323943661972,312.2145,231,0.2133098591549296,0.495,0.23928169014084508,57.1245,214,0.04380281690140845,0.6715714285714286,0.2929473684210526,0.5045882352941177,3
AGC_131,33,15,83,0.692,0.37742424242424244,81.418,237,0.05157575757575757,0.681,0.303,63.911,235,0.0553939393939394,0.46,0.2324848484848485,49.0425,235,0.03890909090909091,1.099,0.34206060606060606,72.19,235,0.11718181818181818,0.703,0.30724242424242426,67.8,235,0.04878787878787879,-0.019606060606060606,0.321,-0.262,0.13303030303030303,0.594,-0.202,1.1462424242424243,1.713,0.518,0.9016666666666666,1.51,0.258,0.1675151515151515,0.346,0.041,1.4425757575757576,2.066,1.087,0.4130909090909091,0.499,0.173,0.6414285714285715,0.2886666666666667,0.5291666666666667,-0.6404,-0.598,-0.661,0.81,0.436,100.972,248,0.03983132530120482,0.578,0.27043373493975903,62.658,235,0.03113253012048193,2.992,1.5704578313253013,360.5315,249,0.1593975903614458,0.561,0.26879518072289155,62.093,235,0.03189156626506024,0.7245714285714285,0.3264666666666667,0.6484375,3
AGC_132,30,25,75,0.697,0.3700333333333333,84.2255,265,0.07853333333333333,0.629,0.28253333333333336,64.269,270,0.07503333333333334,0.45,0.2221,50.059,265,0.0525,1.047,0.31593333333333334,77.59899999999999,265,0.15783333333333333,0.735,0.33013333333333333,76.4735,270,0.07416666666666667,0.10626666666666666,0.503,-0.132,0.2622333333333333,0.716,-0.063,0.8784,1.313,0.335,0.6709333333333334,1.149,0.167,0.18376666666666666,0.348,0.053,1.4969666666666666,2.087,1.115,0.3023,0.428,-0.348,0.559,0.294,0.6251666666666666,-0.619,-0.582,-0.655,0.783,0.39868,99.3125,248,0.07949333333333333,0.591,0.25106666666666666,63.3645,270,0.05468,3.019,1.4004,356.266,248,0.31882666666666665,0.561,0.25190666666666667,63.103,248,0.05512,0.6457692307692308,0.2852222222222222,0.7198461538461538,3
AGC_133,30,18,74,0.724,0.42746666666666666,94.774,240,0.07743333333333334,0.675,0.3762333333333333,82.6935,210,0.0949,0.5,0.283,62.3265,240,0.06246666666666666,1.495,0.5865,134.122,225,0.29233333333333333,0.753,0.3977,88.931,240,0.08503333333333334,0.12316666666666666,0.458,-0.194,0.2952666666666667,0.692,-0.135,0.8941333333333333,1.49,0.38,0.6711,1.322,0.186,0.21506666666666666,0.356,0.046,1.6143666666666667,2.121,1.098,0.3398333333333333,0.473,-0.146,0.6792,0.384,0.6513333333333333,-0.6288333333333334,-0.604,-0.644,0.813,0.4519864864864865,110.51350000000001,238,0.06532432432432432,0.65,0.3175,79.2385,229,0.06037837837837838,2.909,1.5565135135135135,384.0735,241,0.2847837837837838,0.654,0.31763513513513514,78.37,229,0.06118918918918919,0.7693333333333333,0.3422608695652174,0.714125,3
AGC_134,31,15,81,0.737,0.42909677419354836,95.2835,185,0.05567741935483871,0.663,0.33774193548387094,76.3295,185,0.055451612903225804,0.48,0.25948387096774195,58.038000000000004,185,0.03845161290322581,1.207,0.4278387096774194,102.68950000000001,185,0.12716129032258064,0.662,0.3696129032258065,83.422,240,0.05058064516129032,0.09916129032258064,0.335,-0.137,0.2958387096774193,0.614,-0.053,0.8800967741935484,1.32,0.501,0.6180322580645161,1.122,0.241,0.22251612903225806,0.354,0.07,1.6184516129032258,2.101,1.154,0.34674193548387094,0.432,-0.073,0.6888,0.44827272727272727,0.45425,-0.6437333333333334,-0.625,-0.662,0.824,0.45479012345679015,112.643,185,0.050333333333333334,0.636,0.27955555555555556,71.7135,187,0.03404938271604938,2.877,1.5252592592592593,377.0695,231,0.18279012345679013,0.608,0.2799753086419753,71.3275,187,0.033950617283950615,0.7506923076923077,0.4201666666666667,0.5447058823529412,3
AGC_135,30,20,75,0.664,0.3339,75.9785,265,0.06166666666666667,0.565,0.26,59.9225,245,0.0548,0.429,0.20763333333333334,47.005,265,0.039266666666666665,0.914,0.2699,67.7115,265,0.1092,0.655,0.3051333333333333,70.7985,245,0.0487,0.0782,0.427,-0.132,0.23043333333333332,0.642,-0.061,0.9046333333333333,1.307,0.403,0.6875333333333333,1.131,0.219,0.1685,0.33,0.054,1.4335333333333333,1.987,1.115,0.3102,0.447,-0.144,0.4662,0.22325,0.602,-0.616,-0.589,-0.652,0.74,0.36076,88.0985,261,0.05408,0.575,0.23506666666666667,57.999,247,0.03577333333333333,2.709,1.21276,301.9495,261,0.2108,0.53,0.23573333333333335,57.48,247,0.03632,0.5503636363636364,0.2546,0.6573333333333333,3
AGC_136,33,18,89,0.63,0.37775757575757574,85.1325,240,0.07327272727272727,0.609,0.3071515151515152,68.6895,257,0.07763636363636364,0.432,0.23493939393939395,52.2605,257,0.05360606060606061,0.922,0.3432727272727273,82.0115,257,0.16321212121212123,0.671,0.33015151515151514,75.6435,257,0.07015151515151515,0.042545454545454546,0.306,-0.197,0.21709090909090908,0.57,-0.13,0.9865757575757576,1.492,0.533,0.7359696969696969,1.302,0.274,0.19115151515151516,0.33,0.047,1.5147878787878788,1.989,1.1,0.3582727272727273,0.449,-0.034,0.5453333333333333,0.3376923076923077,0.5448571428571428,-0.6215555555555555,-0.583,-0.651,0.756,0.42598876404494385,101.271,248,0.05449438202247191,0.49,0.27446067415730335,67.0005,179,0.04544943820224719,2.596,1.4424157303370786,341.136,249,0.20929213483146067,0.498,0.27017977528089887,65.12,248,0.04691011235955056,0.6251333333333333,0.3823548387096774,0.6387777777777778,3
AGC_137,35,16,77,0.707,0.44894285714285714,96.5655,240,0.06802857142857142,0.65,0.3564857142857143,78.014,235,0.08131428571428571,0.463,0.2718857142857143,59.1455,240,0.055914285714285715,1.1,0.46025714285714286,103.5245,240,0.1944857142857143,0.691,0.3829142857142857,82.7305,240,0.06674285714285715,0.08851428571428571,0.517,-0.242,0.3012,0.745,-0.151,0.9422857142857143,1.647,0.324,0.6498571428571428,1.377,0.149,0.24522857142857143,0.377,0.085,1.7036285714285715,2.245,1.188,0.3494857142857143,0.496,-0.398,0.6531428571428571,0.40241666666666664,0.5581111111111111,-0.63975,-0.615,-0.659,0.811,0.5031298701298701,115.408,238,0.056051948051948054,0.574,0.3141948051948052,72.925,226,0.0515974025974026,2.836,1.7236753246753247,393.593,231,0.24045454545454545,0.545,0.3142467532467533,72.818,235,0.05348051948051948,0.7611875,0.4580740740740741,0.6574615384615384,3
AGC_138,33,14,85,0.648,0.3616969696969697,75.6675,240,0.049272727272727274,0.551,0.2942121212121212,61.777,260,0.05181818181818182,0.404,0.22772727272727272,47.501,240,0.03636363636363636,0.811,0.31163636363636366,66.0915,240,0.10845454545454546,0.629,0.2948787878787879,62.9015,260,0.049,0.015484848484848483,0.305,-0.203,0.19118181818181817,0.581,-0.103,1.032181818181818,1.51,0.535,0.7536060606060606,1.23,0.268,0.18881818181818183,0.346,0.072,1.498969696969697,2.061,1.158,0.3887272727272727,0.46,0.225,0.5776666666666667,0.27558333333333335,0.5115,-0.6229285714285714,-0.601,-0.651,0.801,0.41964705882352943,94.7195,245,0.041976470588235296,0.536,0.26227058823529414,58.9465,260,0.03368235294117647,2.901,1.411129411764706,319.4965,245,0.17824705882352943,0.5,0.25983529411764705,58.145,235,0.03491764705882353,0.6686428571428571,0.2705925925925926,0.59128,3
AGC_139,35,15,86,0.604,0.3406571428571429,74.949,240,0.07717142857142857,0.515,0.2692857142857143,59.3475,235,0.08697142857142857,0.366,0.20711428571428572,45.3285,240,0.06205714285714286,0.693,0.2672857142857143,62.4225,240,0.17882857142857142,0.591,0.29285714285714287,65.865,237,0.07408571428571428,0.06602857142857142,0.367,-0.184,0.23968571428571428,0.623,-0.123,0.9482571428571428,1.45,0.469,0.7075714285714286,1.282,0.235,0.19531428571428572,0.347,0.045,1.5356,2.076,1.095,0.2969142857142857,0.442,-0.194,0.5283333333333333,0.29175,0.46244444444444444,-0.6238666666666667,-0.592,-0.645,0.722,0.40144186046511626,92.3325,246,0.05627906976744186,0.478,0.2534883720930233,58.71,247,0.047953488372093026,2.291,1.2900348837209303,292.7895,246,0.2089767441860465,0.469,0.25048837209302327,57.487,253,0.04982558139534884,0.6051333333333333,0.31396153846153846,0.61765,3
AGC_140,32,10,69,0.805,0.4000625,87.4765,240,0.05321875,0.879,0.336625,75.877,240,0.0743125,0.619,0.251625,56.4625,240,0.05175,2.978,0.5755625,137.4725,240,0.2710625,0.863,0.3654375,81.44200000000001,240,0.05846875,0.13184374999999998,0.49,-0.135,0.31084375,0.739,-0.072,0.85,1.315,0.345,0.6221875,1.157,0.151,0.22303125000000001,0.403,0.059,1.6569687499999999,2.352,1.126,0.28259375,0.44,-0.105,0.7321666666666666,0.3096,0.538875,-0.6464,-0.626,-0.661,0.882,0.4621159420289855,105.633,238,0.03481159420289855,0.877,0.3359130434782609,75.3995,236,0.041768115942028984,3.191,1.5621304347826086,353.842,241,0.13166666666666665,0.78,0.33256521739130435,74.9205,243,0.04053623188405797,0.8466428571428571,0.2917826086956522,0.6564666666666666,3
AGC_141,36,16,88,0.665,0.3319722222222222,65.5215,257,0.050861111111111114,0.687,0.2781388888888889,54.8365,255,0.0565,0.436,0.20752777777777778,40.9625,255,0.03947222222222222,0.945,0.2735,52.04,255,0.11297222222222222,0.674,0.2877222222222222,56.2275,270,0.05338888888888889,0.016666666666666666,0.335,-0.182,0.16025,0.601,-0.108,1.03675,1.445,0.501,0.8129166666666666,1.242,0.251,0.15869444444444444,0.34,0.066,1.4130833333333332,2.042,1.143,0.3418333333333333,0.435,0.09,0.38342857142857145,0.20400000000000001,0.5923,-0.622625,-0.596,-0.644,0.804,0.41792045454545457,87.4645,257,0.04121590909090909,0.599,0.26267045454545457,54.9595,254,0.03603409090909091,2.899,1.4740681818181818,309.5105,245,0.175375,0.571,0.25642045454545453,53.247,256,0.03619318181818182,0.4954,0.24335714285714286,0.7171923076923077,3
AGC_142,32,21,87,0.463,0.29578125,65.025,245,0.09115625,0.39,0.233,51.3515,245,0.077625,0.3,0.191,41.622,245,0.056125,0.487,0.2080625,48.7005,245,0.14446875,0.475,0.26325,59.1845,245,0.079125,0.02728125,0.225,-0.107,0.195375,0.472,0.009,0.972375,1.244,0.64,0.70684375,0.988,0.363,0.1746875,0.279,0.089,1.43953125,1.779,1.196,0.36303125,0.407,-0.027,0.3534,0.28523076923076923,0.41685714285714287,-0.6109523809523809,-0.591,-0.641,0.577,0.34618390804597704,78.025,248,0.0843448275862069,0.399,0.22182758620689655,50.9635,251,0.05551724137931034,2.002,1.1512413793103449,260.6985,248,0.29701149425287354,0.412,0.22277011494252874,50.5505,253,0.054206896551724136,0.4451333333333333,0.30917241379310345,0.48995,3
AGC_143,34,17,84,0.629,0.36270588235294116,81.2985,245,0.07035294117647059,0.56,0.2990294117647059,67.3795,245,0.07723529411764705,0.405,0.228,51.1785,245,0.054441176470588236,0.838,0.32023529411764706,76.658,245,0.16788235294117645,0.593,0.29720588235294115,68.336,280,0.07041176470588235,8.823529411764758e-5,0.277,-0.223,0.17211764705882354,0.519,-0.147,1.078529411764706,1.578,0.575,0.8067941176470589,1.353,0.322,0.18544117647058825,0.322,0.061,1.492029411764706,1.957,1.132,0.3871176470588235,0.458,0.045,0.5273333333333333,0.3294615384615385,0.5268571428571429,-0.6314705882352941,-0.603,-0.645,0.751,0.4231666666666667,99.52550000000001,246,0.05939285714285714,0.517,0.2689285714285714,62.809,247,0.05252380952380952,2.547,1.4181547619047619,330.7755,249,0.21196428571428572,0.486,0.26198809523809524,61.195,247,0.052833333333333336,0.6111764705882353,0.3550357142857143,0.6246875,3
AGC_144,36,13,86,0.672,0.35044444444444445,74.607,200,0.04363888888888889,0.642,0.2927777777777778,62.0835,200,0.04577777777777778,0.472,0.22525,47.8005,205,0.03180555555555555,1.124,0.34252777777777776,72.199,205,0.09766666666666667,0.676,0.32708333333333334,69.5025,210,0.03991666666666667,0.07044444444444445,0.321,-0.141,0.23402777777777778,0.603,-0.082,0.9255555555555556,1.331,0.516,0.70075,1.181,0.249,0.18258333333333332,0.353,0.049,1.4893888888888889,2.096,1.103,0.33508333333333334,0.445,-0.154,0.6283333333333333,0.3279166666666667,0.3962,-0.6225384615384615,-0.579,-0.651,0.746,0.39843023255813953,92.55,197,0.040790697674418605,0.59,0.25303488372093025,58.1405,222,0.030279069767441862,2.855,1.3565232558139535,317.03249999999997,211,0.15932558139534883,0.567,0.2537093023255814,58.241,222,0.03054651162790698,0.6973571428571429,0.35596774193548386,0.46485714285714286,3
AGC_145,32,16,86,0.706,0.37890625,78.62950000000001,205,0.06559375,0.685,0.3244375,65.9375,205,0.07793749999999999,0.493,0.2469375,50.5635,205,0.05109375,1.473,0.4511875,86.68,205,0.229625,0.684,0.35040625000000003,72.2565,210,0.06375,0.0635,0.31,-0.157,0.22584375,0.568,-0.109,0.94459375,1.376,0.534,0.72403125,1.248,0.282,0.18234375,0.326,0.038,1.49725,1.974,1.079,0.37234375000000003,0.458,0.25,0.6361428571428571,0.382,0.41714285714285715,-0.62475,-0.591,-0.649,0.778,0.40399999999999997,95.3205,205,0.05663953488372093,0.582,0.25606976744186044,60.0805,205,0.04688372093023256,2.692,1.3902093023255815,328.6485,205,0.22306976744186047,0.592,0.2568604651162791,60.248,205,0.04796511627906977,0.7188461538461538,0.3448709677419355,0.4979545454545454,3
AGC_146,35,21,89,0.68,0.4354571428571429,89.77,215,0.05405714285714286,0.608,0.35365714285714284,72.1915,237,0.059314285714285715,0.428,0.26448571428571427,53.923,215,0.041685714285714284,0.901,0.42091428571428574,84.1065,215,0.126,0.634,0.35988571428571425,73.7315,237,0.04897142857142857,0.04994285714285714,0.308,-0.276,0.26148571428571427,0.602,-0.203,1.0178571428571428,1.774,0.532,0.7145142857142857,1.524,0.25,0.23722857142857143,0.369,0.076,1.6747142857142856,2.174,1.167,0.3695428571428571,0.482,0.063,0.6585714285714286,0.399,0.5214444444444445,-0.6294761904761905,-0.569,-0.645,0.772,0.48313483146067415,107.846,221,0.04273033707865168,0.574,0.30128089887640447,68.1785,224,0.03661797752808989,2.479,1.5883483146067416,353.1795,231,0.16668539325842696,0.55,0.2939438202247191,65.8315,224,0.037966292134831464,0.7320555555555556,0.4105333333333333,0.6241052631578947,3
AGC_147,34,13,88,0.724,0.39808823529411763,81.137,205,0.055058823529411764,0.706,0.3436470588235294,69.649,205,0.05926470588235294,0.514,0.26026470588235295,52.9715,210,0.040705882352941175,1.385,0.4583529411764706,89.8375,210,0.14200000000000002,0.726,0.3790294117647059,76.7995,210,0.052294117647058824,0.09952941176470588,0.343,-0.139,0.2732941176470588,0.601,-0.069,0.8802941176470588,1.324,0.493,0.6548235294117647,1.15,0.252,0.1988235294117647,0.328,0.051,1.5471176470588235,1.988,1.109,0.3491470588235294,0.454,0.024,0.6856666666666666,0.3999,0.4324,-0.6227692307692307,-0.589,-0.651,0.803,0.43786363636363634,100.528,215,0.04895454545454545,0.633,0.28720454545454543,65.6015,211,0.03744318181818182,2.891,1.5311931818181819,351.977,215,0.1851590909090909,0.616,0.2896590909090909,65.9635,211,0.038136363636363635,0.7542142857142857,0.37784375,0.5323636363636364,3
AGC_148,31,12,68,0.769,0.37048387096774194,73.372,240,0.04470967741935484,0.731,0.29758064516129035,58.67,235,0.05032258064516129,0.516,0.2278709677419355,45.0125,240,0.03380645161290322,1.411,0.3634516129032258,71.2895,240,0.11761290322580645,0.798,0.3532258064516129,69.3845,260,0.04496774193548387,0.11696774193548387,0.555,-0.116,0.27706451612903227,0.77,-0.045,0.8570645161290323,1.262,0.288,0.6468709677419355,1.096,0.131,0.19138709677419355,0.381,0.063,1.5265806451612902,2.241,1.134,0.29970967741935484,0.39,0.063,0.6691666666666667,0.1931,0.5275555555555556,-0.6389166666666667,-0.629,-0.646,0.864,0.39858823529411763,90.3105,238,0.030441176470588235,0.734,0.2546176470588235,57.634,236,0.02797058823529412,3.073,1.3688235294117648,310.777,238,0.13292647058823528,0.677,0.2550588235294118,57.165,236,0.028308823529411765,0.7703333333333333,0.2251304347826087,0.6046,3
AGC_149,33,19,71,0.66,0.36912121212121213,82.3445,210,0.07803030303030303,0.616,0.29663636363636364,66.0295,210,0.08203030303030304,0.458,0.23254545454545456,51.352000000000004,210,0.05590909090909091,1.139,0.3520606060606061,80.69,210,0.1916060606060606,0.648,0.33166666666666667,74.8285,210,0.0736060606060606,0.05448484848484848,0.284,-0.14,0.23357575757575758,0.561,-0.066,0.9495454545454546,1.33,0.565,0.6945757575757575,1.15,0.285,0.1961212121212121,0.336,0.059,1.5306363636363636,2.021,1.128,0.37306060606060604,0.443,0.142,0.629,0.2970833333333333,0.468875,-0.6324736842105263,-0.613,-0.654,0.748,0.4172957746478873,97.8625,238,0.06407042253521127,0.538,0.26660563380281693,63.522,253,0.05390140845070423,2.748,1.4330563380281691,334.226,231,0.26222535211267606,0.541,0.2699718309859155,63.441,253,0.05438028169014084,0.7085714285714285,0.29336842105263156,0.5747058823529412,3
AGC_150,33,22,90,0.61,0.3634545454545455,80.1585,225,0.06015151515151515,0.539,0.295969696969697,65.7675,257,0.06227272727272727,0.398,0.22721212121212123,49.997,257,0.04309090909090909,0.788,0.3167878787878788,73.8015,257,0.13136363636363638,0.627,0.3057878787878788,69.1785,257,0.05912121212121212,0.01633333333333333,0.296,-0.207,0.17633333333333334,0.598,-0.148,1.0446969696969697,1.524,0.546,0.8038484848484848,1.35,0.253,0.175,0.37,0.039,1.4656363636363636,2.183,1.082,0.37733333333333335,0.469,0.151,0.5833333333333333,0.3487272727272727,0.435875,-0.6258181818181818,-0.585,-0.654,0.744,0.42183333333333334,97.283,238,0.0485,0.586,0.27545555555555556,64.527,182,0.037533333333333335,2.582,1.4570777777777777,336.0045,238,0.1861,0.49,0.26886666666666664,62.3585,186,0.03846666666666667,0.6774666666666667,0.41284848484848485,0.515235294117647,3
AGC_151,33,17,78,0.757,0.4646363636363636,99.381,185,0.06627272727272727,0.727,0.36636363636363634,80.3065,185,0.07733333333333334,0.517,0.2790909090909091,60.5105,185,0.05427272727272727,1.486,0.5037575757575757,114.86500000000001,185,0.18851515151515152,0.684,0.38996969696969697,84.2615,220,0.06978787878787879,0.062242424242424245,0.484,-0.343,0.26706060606060605,0.733,-0.278,1.0603333333333333,2.084,0.35,0.7726060606060606,1.827,0.155,0.2407878787878788,0.389,0.057,1.6974848484848486,2.283,1.125,0.37933333333333336,0.561,-0.221,0.6921666666666666,0.4409166666666667,0.517,-0.6482941176470588,-0.622,-0.676,0.842,0.512576923076923,120.1635,186,0.04674358974358975,0.64,0.31253846153846154,76.274,186,0.04328205128205128,2.905,1.7802307692307693,412.84499999999997,231,0.18621794871794872,0.658,0.31375641025641027,76.6535,186,0.045230769230769234,0.7894666666666666,0.48,0.5911333333333333,3
AGC_152,34,18,79,0.688,0.4360294117647059,95.483,185,0.08970588235294118,0.576,0.32576470588235296,72.09,185,0.09379411764705882,0.425,0.24991176470588236,55.0035,185,0.06402941176470588,1.007,0.38979411764705885,92.259,185,0.20473529411764707,0.629,0.36267647058823527,80.423,237,0.08602941176470588,0.09935294117647059,0.374,-0.157,0.30573529411764705,0.64,-0.049,0.8917647058823529,1.388,0.476,0.6091470588235294,1.128,0.221,0.23500000000000001,0.369,0.094,1.659470588235294,2.173,1.212,0.31738235294117645,0.459,-0.373,0.6231428571428571,0.3981818181818182,0.538625,-0.6443888888888889,-0.622,-0.661,0.79,0.4813417721518987,118.611,186,0.08036708860759494,0.531,0.28053164556962024,71.2475,186,0.056443037974683544,2.641,1.6362658227848101,399.899,238,0.3090759493670886,0.55,0.2829113924050633,71.552,186,0.05720253164556962,0.7360714285714286,0.4135714285714286,0.6506000000000001,3
AGC_153,31,15,85,0.537,0.3183225806451613,72.303,285,0.09870967741935484,0.499,0.2560322580645161,58.16,280,0.1,0.386,0.20241935483870968,45.517,280,0.07370967741935484,0.77,0.26848387096774196,66.4165,280,0.2109032258064516,0.598,0.29180645161290325,67.517,280,0.08135483870967741,0.08212903225806452,0.391,-0.163,0.24358064516129033,0.63,-0.102,0.9186774193548387,1.39,0.45,0.7025806451612904,1.229,0.23,0.18370967741935484,0.338,0.038,1.4995806451612903,2.039,1.08,0.29335483870967743,0.429,-0.112,0.4588,0.2702727272727273,0.5127142857142857,-0.6215333333333334,-0.6,-0.638,0.641,0.3603647058823529,85.9825,248,0.08867058823529411,0.385,0.2253294117647059,54.0465,186,0.07015294117647058,2.018,1.126670588235294,268.451,249,0.34849411764705884,0.396,0.22417647058823528,53.345,289,0.0728,0.5154,0.3113225806451613,0.6049285714285714,3
AGC_154,34,16,84,0.759,0.4232941176470588,91.1195,225,0.04561764705882353,0.751,0.34302941176470586,73.0535,235,0.05202941176470588,0.509,0.25873529411764706,55.018,235,0.03447058823529412,1.347,0.44691176470588234,94.4765,235,0.1337941176470588,0.784,0.35258823529411765,76.839,235,0.046441176470588236,0.04161764705882353,0.402,-0.266,0.2141764705882353,0.663,-0.195,1.0503823529411764,1.733,0.429,0.7973235294117648,1.497,0.205,0.2003235294117647,0.378,0.057,1.5545882352941176,2.219,1.122,0.3796764705882353,0.498,-0.24,0.7148571428571429,0.3685,0.5105714285714286,-0.643,-0.594,-0.661,0.852,0.4694642857142857,110.1765,238,0.03711904761904762,0.678,0.3014880952380952,71.934,232,0.03254761904761905,3.267,1.7207142857142856,400.7615,238,0.15592857142857142,0.651,0.3012619047619048,70.924,229,0.03304761904761905,0.8144666666666667,0.3709310344827586,0.62,3
AGC_155,33,28,69,0.695,0.3786060606060606,81.2225,265,0.07333333333333333,0.63,0.2916969696969697,63.063,237,0.067,0.439,0.2253030303030303,48.353,237,0.047818181818181815,0.96,0.31196969696969695,69.0445,245,0.13345454545454546,0.642,0.315,67.938,265,0.06903030303030303,0.02593939393939394,0.474,-0.194,0.1761818181818182,0.694,-0.121,1.0385454545454547,1.497,0.359,0.8107878787878788,1.297,0.181,0.16903030303030303,0.331,0.061,1.4492121212121212,1.997,1.133,0.37096969696969695,0.467,-0.222,0.48833333333333334,0.2545454545454545,0.6027777777777777,-0.63725,-0.59,-0.659,0.841,0.41434782608695653,99.265,248,0.048478260869565214,0.632,0.25124637681159423,61.3225,249,0.036304347826086956,3.027,1.446855072463768,347.2835,249,0.1904782608695652,0.642,0.25072463768115943,60.736,248,0.037,0.5867142857142857,0.29143478260869565,0.7473636363636363,3
AGC_156,29,13,62,0.794,0.36982758620689654,81.9855,265,0.05755172413793103,0.848,0.30689655172413793,69.969,260,0.06727586206896552,0.555,0.2316206896551724,51.9365,240,0.046620689655172416,1.823,0.4366206896551724,110.0815,240,0.19358620689655173,0.871,0.35251724137931034,79.026,260,0.054793103448275864,0.10568965517241379,0.564,-0.145,0.26541379310344826,0.774,-0.07,0.8906206896551724,1.342,0.284,0.6762068965517242,1.154,0.13,0.19441379310344828,0.385,0.066,1.5451379310344828,2.272,1.144,0.2962758620689655,0.399,-0.021,0.6218333333333333,0.195375,0.6351428571428571,-0.6425384615384615,-0.614,-0.656,0.874,0.44364516129032255,99.658,241,0.04885483870967742,0.743,0.2874193548387097,64.565,236,0.0435,3.265,1.5446774193548387,348.978,257,0.19541935483870967,0.714,0.2889032258064516,64.8665,257,0.045080645161290324,0.7602857142857142,0.24983333333333332,0.7145,3
AGC_157,34,15,89,0.694,0.3235588235294118,70.5575,265,0.037117647058823526,0.647,0.26794117647058824,58.505,255,0.042029411764705885,0.471,0.2023235294117647,44.148,265,0.029323529411764707,1.112,0.25926470588235295,60.8295,265,0.08588235294117647,0.665,0.2722058823529412,59.992,265,0.03508823529411765,-0.004176470588235295,0.345,-0.186,0.13070588235294117,0.614,-0.119,1.078470588235294,1.458,0.49,0.8605588235294118,1.27,0.24,0.14805882352941177,0.344,0.059,1.380205882352941,2.053,1.125,0.36144117647058827,0.439,0.183,0.3812857142857143,0.22636363636363638,0.6055,-0.6287333333333334,-0.613,-0.646,0.803,0.4232359550561798,89.66,257,0.031314606741573034,0.661,0.27019101123595507,56.911,260,0.02807865168539326,2.943,1.4812359550561798,315.1835,261,0.13276404494382021,0.605,0.2625393258426966,54.8915,260,0.028258426966292136,0.489,0.2716206896551724,0.7159230769230769,3
AGC_158,33,15,84,0.6,0.3154848484848485,70.182,240,0.05387878787878788,0.494,0.24036363636363636,53.5615,237,0.052636363636363634,0.361,0.18775757575757576,41.5895,245,0.036848484848484846,0.652,0.20896969696969697,49.9775,245,0.1020909090909091,0.56,0.25515151515151513,58.481,237,0.048,-0.019848484848484844,0.245,-0.218,0.15645454545454546,0.53,-0.121,1.099030303030303,1.561,0.608,0.8045757575757576,1.28,0.308,0.1853030303030303,0.328,0.079,1.4839090909090908,1.977,1.173,0.3552121212121212,0.46,-0.002,0.48516666666666663,0.2303076923076923,0.49942857142857144,-0.6318,-0.584,-0.651,0.726,0.38529761904761906,88.39750000000001,248,0.04451190476190476,0.452,0.23532142857142857,54.1295,242,0.03428571428571429,2.469,1.310702380952381,298.7885,249,0.17117857142857143,0.46,0.22890476190476192,52.454499999999996,248,0.03469047619047619,0.5940714285714286,0.2785862068965517,0.5960555555555556,3
AGC_159,34,24,89,0.696,0.36823529411764705,79.976,287,0.08614705882352941,0.708,0.3109705882352941,66.8495,257,0.0856764705882353,0.482,0.2303235294117647,49.1845,257,0.05788235294117647,1.26,0.36223529411764704,78.783,257,0.1963529411764706,0.718,0.3205,70.508,290,0.07285294117647059,0.044029411764705886,0.398,-0.194,0.20647058823529413,0.629,-0.124,1.0020882352941176,1.486,0.44,0.7561470588235294,1.288,0.234,0.1836470588235294,0.333,0.063,1.4895588235294117,2.02,1.136,0.3309705882352941,0.44,-0.177,0.3403333333333334,0.3245454545454545,0.6271111111111112,-0.6283333333333333,-0.595,-0.655,0.806,0.422247191011236,100.2885,285,0.07031460674157303,0.626,0.27378651685393257,67.56400000000001,280,0.0502247191011236,2.973,1.4892359550561798,353.0795,285,0.2609213483146067,0.574,0.26469662921348314,64.589,280,0.051146067415730335,0.4468125,0.36996666666666667,0.74,3
AGC_160,34,30,81,0.728,0.3603529411764706,78.525,285,0.08470588235294117,0.628,0.2823823529411765,60.998000000000005,285,0.0795,0.462,0.21473529411764705,46.1445,265,0.05644117647058824,1.092,0.29476470588235293,65.3835,285,0.1597941176470588,0.695,0.3080294117647059,67.5165,285,0.07985294117647058,0.06797058823529412,0.448,-0.146,0.23326470588235296,0.683,-0.059,0.9518823529411765,1.356,0.385,0.7123823529411765,1.144,0.19,0.18973529411764706,0.366,0.069,1.5113235294117646,2.157,1.152,0.30211764705882355,0.423,-0.203,0.33,0.29441666666666666,0.6361111111111111,-0.6210333333333333,-0.595,-0.654,0.797,0.3800246913580247,93.295,285,0.06530864197530864,0.615,0.24338271604938272,60.704499999999996,266,0.046530864197530865,2.749,1.2945555555555555,315.147,285,0.2477777777777778,0.591,0.2368641975308642,58.750499999999995,253,0.04638271604938272,0.41841176470588237,0.3091153846153846,0.7542857142857143,3
AGC_161,32,29,78,0.724,0.38175,86.581,285,0.07715625,0.664,0.31240625,71.41250000000001,280,0.0779375,0.489,0.23978125,54.029,265,0.0545625,1.306,0.37246875,91.178,265,0.17200000000000001,0.735,0.33821875,77.901,280,0.0736875,0.06909375,0.41,-0.148,0.237375,0.673,-0.059,0.943125,1.353,0.425,0.6995625,1.137,0.198,0.19140625,0.37,0.074,1.51478125,2.182,1.162,0.347875,0.425,0.129,0.43816666666666665,0.3071666666666667,0.6739999999999999,-0.6255862068965518,-0.604,-0.647,0.806,0.4532948717948718,101.5835,248,0.05864102564102564,0.611,0.29996153846153845,66.824,256,0.04921794871794872,2.96,1.5787051282051283,349.255,253,0.22225641025641027,0.597,0.29605128205128206,65.58,256,0.0497948717948718,0.5432142857142858,0.32795,0.7554285714285714,3
AGC_162,33,27,77,0.493,0.26203030303030306,60.8425,287,0.075,0.367,0.19472727272727272,44.99,237,0.0633030303030303,0.288,0.15978787878787878,36.29,265,0.04678787878787879,0.431,0.1355151515151515,35.873,265,0.11151515151515151,0.457,0.22736363636363635,53.6175,290,0.06666666666666667,0.012454545454545456,0.228,-0.113,0.13963636363636364,0.469,-0.048,1.0000909090909091,1.259,0.635,0.7951212121212121,1.106,0.366,0.13196969696969696,0.272,0.05,1.3204545454545453,1.754,1.108,0.32615151515151514,0.402,-0.014,0.3551666666666667,0.1982857142857143,0.46316666666666667,-0.6144814814814815,-0.587,-0.652,0.625,0.31036363636363634,75.6335,248,0.050727272727272725,0.375,0.1893246753246753,44.967,239,0.034,2.132,1.0280909090909092,253.6565,248,0.1926233766233766,0.384,0.18946753246753248,44.687,248,0.03409090909090909,0.42911764705882355,0.21570833333333334,0.5628461538461539,3
AGC_163,34,15,91,0.649,0.32838235294117646,70.246,265,0.06373529411764706,0.619,0.2728235294117647,57.9765,255,0.07029411764705883,0.423,0.20623529411764707,43.914500000000004,265,0.04908823529411765,0.907,0.26482352941176474,58.5995,265,0.14155882352941176,0.607,0.2776176470588235,59.4925,265,0.06335294117647058,0.005676470588235296,0.3,-0.181,0.1441470588235294,0.547,-0.113,1.0515882352941177,1.442,0.541,0.8316176470588236,1.257,0.295,0.14982352941176472,0.318,0.057,1.3813529411764707,1.937,1.121,0.3568529411764706,0.425,0.19,0.42014285714285715,0.2429090909090909,0.569,-0.6286666666666667,-0.613,-0.656,0.761,0.42129670329670327,89.565,257,0.052406593406593406,0.556,0.2639230769230769,55.68,254,0.045967032967032966,2.741,1.457857142857143,311.0765,261,0.20373626373626375,0.528,0.2573846153846154,53.9985,265,0.04632967032967033,0.5189333333333334,0.2709,0.6893703703703704,3
AGC_164,40,18,96,0.589,0.327375,69.087,237,0.081425,0.53,0.27695000000000003,58.418,260,0.0867,0.386,0.20965,43.996,260,0.059675,1.066,0.311525,64.478,205,0.21065,0.638,0.28995,61.5695,260,0.084575,0.005900000000000001,0.279,-0.189,0.15945,0.534,-0.123,1.056975,1.469,0.564,0.8188,1.283,0.306,0.16747499999999998,0.316,0.051,1.4417,1.928,1.109,0.362725,0.45,0.196,0.5424285714285715,0.24757142857142858,0.4440909090909091,-0.6312222222222222,-0.608,-0.676,0.773,0.3878125,88.791,245,0.06846875,0.519,0.24727083333333333,57.3535,211,0.055052083333333335,2.76,1.3494166666666667,308.492,245,0.26264583333333336,0.48,0.2415,55.7325,211,0.05553125,0.6412666666666667,0.29062162162162164,0.53004,3
AGC_165,29,24,73,0.671,0.386,82.6085,240,0.054758620689655174,0.613,0.3170344827586207,66.72149999999999,210,0.05731034482758621,0.458,0.2482758620689655,52.274,217,0.03993103448275862,1.07,0.3965862068965517,84.3575,217,0.1269655172413793,0.682,0.3441724137931034,74.053,270,0.04820689655172414,0.08582758620689655,0.374,-0.137,0.2559310344827586,0.616,-0.079,0.8991034482758621,1.32,0.461,0.6746551724137931,1.172,0.242,0.1910344827586207,0.321,0.043,1.5173793103448276,1.961,1.09,0.36324137931034484,0.457,-0.04,0.6364,0.31775,0.5706666666666667,-0.6102916666666667,-0.573,-0.649,0.774,0.3731369863013699,95.241,238,0.04861643835616438,0.552,0.2482054794520548,62.3665,229,0.0353013698630137,2.734,1.233972602739726,319.07399999999996,241,0.18753424657534246,0.571,0.2511232876712329,62.7575,221,0.036095890410958904,0.72375,0.24768,0.6372307692307693,3
AGC_166,32,14,73,0.667,0.39659375,77.565,210,0.05715625,0.572,0.3026875,58.136,205,0.060625,0.424,0.2308125,44.4855,205,0.04275,0.934,0.3375625,61.905,205,0.1433125,0.603,0.34790625,66.637,220,0.0541875,0.0986875,0.336,-0.147,0.311,0.601,-0.04,0.87396875,1.347,0.502,0.58590625,1.085,0.253,0.235375,0.336,0.09,1.653,2.022,1.202,0.293625,0.376,-0.216,0.599,0.436,0.3806,-0.6483571428571429,-0.635,-0.663,0.746,0.42495890410958903,97.76350000000001,225,0.037301369863013696,0.584,0.2446986301369863,56.6055,200,0.034424657534246575,2.5,1.399986301369863,319.7045,224,0.16401369863013698,0.53,0.23857534246575343,54.945,200,0.03532876712328767,0.7076923076923077,0.379875,0.5012352941176471,3
AGC_167,31,25,88,0.702,0.39283870967741935,85.5865,245,0.07012903225806452,0.709,0.33048387096774196,73.029,257,0.07064516129032258,0.49,0.25216129032258067,54.937,257,0.04883870967741936,1.254,0.413,94.14399999999999,257,0.16464516129032258,0.719,0.35680645161290325,78.877,257,0.05883870967741935,0.0912258064516129,0.405,-0.148,0.26680645161290323,0.639,-0.057,0.9033225806451612,1.352,0.427,0.6590322580645162,1.126,0.222,0.20103225806451613,0.371,0.08,1.545,2.182,1.175,0.3395483870967742,0.423,-0.224,0.5262,0.288,0.6151111111111112,-0.62584,-0.595,-0.648,0.801,0.41210227272727273,98.59,248,0.061056818181818184,0.595,0.27440909090909094,67.303,256,0.04604545454545455,2.775,1.417534090909091,340.90500000000003,249,0.24568181818181817,0.584,0.2701363636363636,65.604,248,0.04628409090909091,0.5813125,0.32103333333333334,0.6948235294117647,3
AGC_168,34,18,79,0.684,0.3604705882352941,83.516,205,0.06776470588235294,0.695,0.3049117647058823,71.048,200,0.07541176470588236,0.484,0.23055882352941176,53.0915,205,0.05176470588235294,1.303,0.36364705882352943,91.32650000000001,205,0.2005,0.671,0.30255882352941177,72.0885,200,0.07008823529411765,0.03308823529411765,0.452,-0.193,0.20141176470588235,0.654,-0.1,1.0212058823529413,1.48,0.381,0.7574705882352941,1.223,0.211,0.18885294117647058,0.346,0.079,1.5014411764705882,2.061,1.171,0.36020588235294115,0.446,-0.367,0.35328571428571426,0.36025,0.6092857142857143,-0.6304444444444445,-0.605,-0.65,0.777,0.39936708860759496,102.4355,203,0.052063291139240506,0.675,0.2654810126582279,69.926,193,0.04536708860759494,2.687,1.3821772151898735,353.321,286,0.20821518987341772,0.632,0.25944303797468354,68.1305,193,0.04634177215189873,0.434,0.35584615384615387,0.700125,3
AGC_169,39,16,94,0.701,0.3221794871794872,72.611,265,0.05951282051282051,0.645,0.2650769230769231,61.5065,257,0.06387179487179487,0.461,0.20164102564102565,46.088499999999996,265,0.043974358974358974,1.151,0.27287179487179486,69.1485,265,0.14348717948717948,0.709,0.2796666666666667,64.242,257,0.060333333333333336,0.019820512820512823,0.389,-0.183,0.17053846153846153,0.644,-0.097,1.0372051282051282,1.454,0.445,0.7990512820512821,1.22,0.22,0.16848717948717948,0.348,0.073,1.4422307692307692,2.073,1.158,0.3375897435897436,0.425,-0.06,0.44485714285714284,0.1945714285714286,0.5766,-0.6295,-0.61,-0.652,0.822,0.43246808510638296,94.1485,245,0.05345744680851064,0.634,0.28104255319148935,60.4205,254,0.04958510638297872,2.987,1.5188404255319148,329.379,265,0.22958510638297872,0.599,0.27752127659574466,59.351,250,0.050159574468085104,0.5961333333333333,0.2581935483870968,0.6862413793103448,3
AGC_170,39,17,97,0.534,0.2641025641025641,57.448,237,0.04582051282051282,0.481,0.19784615384615384,43.625,250,0.0451025641025641,0.33,0.1537948717948718,33.559,250,0.03233333333333333,0.55,0.1232051282051282,29.7745,250,0.0802051282051282,0.538,0.20607692307692307,46.21,250,0.046615384615384614,-0.06523076923076923,0.255,-0.206,0.05884615384615385,0.49,-0.139,1.1906410256410256,1.521,0.595,0.9631282051282051,1.325,0.344,0.1294871794871795,0.288,0.051,1.3185897435897436,1.816,1.108,0.3547179487179487,0.429,0.061,0.3608571428571429,0.17757142857142857,0.4271,-0.6354117647058823,-0.614,-0.654,0.738,0.35942268041237113,79.51950000000001,245,0.03985567010309278,0.44,0.2111443298969072,46.0005,248,0.03061855670103093,2.503,1.2483092783505154,274.749,245,0.15476288659793813,0.431,0.20305154639175257,44.1275,243,0.030103092783505155,0.49133333333333334,0.25022222222222223,0.538074074074074,3
AGC_171,31,16,83,0.567,0.3464516129032258,74.091,245,0.05361290322580645,0.518,0.28006451612903227,58.7905,210,0.05335483870967742,0.389,0.2179032258064516,45.7065,210,0.03732258064516129,0.768,0.28480645161290324,60.079499999999996,210,0.11051612903225806,0.531,0.2867096774193548,61.8545,237,0.04909677419354839,-3.225806451612897e-4,0.208,-0.198,0.1785483870967742,0.485,-0.108,1.054258064516129,1.496,0.66,0.7699032258064517,1.246,0.349,0.1882258064516129,0.311,0.07,1.494,1.91,1.152,0.3881935483870968,0.442,0.242,0.5518000000000001,0.3051666666666667,0.4745714285714286,-0.6284375,-0.599,-0.653,0.704,0.39936144578313254,88.4625,248,0.04754216867469879,0.472,0.2527951807228916,55.562000000000005,210,0.0350722891566265,2.407,1.3349759036144577,297.331,249,0.18113253012048192,0.467,0.24663855421686748,53.646,221,0.03572289156626506,0.6209333333333333,0.3249642857142857,0.5792352941176471,3
AGC_172,31,24,74,0.629,0.338741935483871,76.415,265,0.08061290322580646,0.613,0.26648387096774195,60.557,237,0.07135483870967742,0.434,0.21251612903225806,47.875,237,0.05216129032258064,0.953,0.27803225806451615,68.5745,237,0.14016129032258065,0.667,0.3148064516129032,71.4655,237,0.06741935483870967,0.07467741935483871,0.379,-0.107,0.22861290322580646,0.617,-0.034,0.9046129032258065,1.244,0.453,0.6878387096774193,1.079,0.238,0.16906451612903226,0.314,0.053,1.4370967741935483,1.919,1.114,0.32593548387096777,0.416,-0.209,0.5256,0.24736363636363637,0.5615714285714286,-0.6194999999999999,-0.589,-0.656,0.744,0.3775,90.6865,248,0.06816216216216216,0.554,0.2420945945945946,57.109,236,0.04663513513513513,2.907,1.3017432432432432,315.9835,249,0.2681891891891892,0.534,0.24331081081081082,57.3555,249,0.04739189189189189,0.595,0.24628,0.658,3
AGC_173,35,18,93,0.693,0.4308857142857143,91.715,240,0.1088,0.767,0.3909714285714286,82.923,260,0.11497142857142857,0.513,0.28285714285714286,59.895500000000006,260,0.08108571428571429,1.49,0.5437142857142857,114.3625,260,0.28605714285714284,0.796,0.4070285714285714,86.785,260,0.10477142857142857,0.09225714285714286,0.366,-0.189,0.26708571428571426,0.632,-0.109,0.921,1.478,0.476,0.6831714285714285,1.262,0.239,0.20477142857142858,0.362,0.071,1.5701142857142858,2.178,1.156,0.3389142857142857,0.413,0.116,0.6554285714285715,0.33976923076923077,0.619375,-0.6367777777777778,-0.616,-0.646,0.808,0.5006666666666667,111.7055,238,0.10187096774193548,0.66,0.34361290322580645,77.3745,227,0.08172043010752689,3.278,1.8622258064516128,415.5125,238,0.4148279569892473,0.62,0.3347956989247312,74.8015,256,0.08739784946236559,0.7386428571428572,0.3943548387096774,0.7107307692307693,3
AGC_174,37,18,77,0.644,0.3381891891891892,74.944,185,0.060810810810810814,0.559,0.2602972972972973,59.2275,185,0.06064864864864865,0.413,0.20445945945945945,45.8765,185,0.04221621621621622,0.902,0.25535135135135134,62.628,185,0.12256756756756756,0.544,0.2802972972972973,63.5915,185,0.05575675675675676,0.005513513513513512,0.24,-0.206,0.17810810810810812,0.51,-0.141,1.0491891891891891,1.524,0.622,0.780027027027027,1.331,0.334,0.18386486486486486,0.321,0.048,1.4845945945945946,1.958,1.102,0.36348648648648646,0.47,-0.078,0.5085714285714286,0.32780000000000004,0.390375,-0.6355555555555555,-0.599,-0.659,0.73,0.3885064935064935,92.7675,185,0.05246753246753247,0.51,0.23685714285714285,58.1145,186,0.03772727272727273,2.293,1.2926883116883117,307.8465,249,0.196,0.499,0.2353896103896104,57.4065,186,0.03768831168831169,0.6010833333333333,0.36216,0.48694444444444446,3
AGC_175,33,21,88,0.719,0.33375757575757575,78.9675,285,0.06793939393939394,0.687,0.2922121212121212,70.543,280,0.06609090909090909,0.471,0.22136363636363637,52.4935,285,0.04587878787878788,1.176,0.3433030303030303,90.26050000000001,285,0.1464848484848485,0.705,0.29039393939393937,70.5425,280,0.0593030303030303,0.030757575757575758,0.403,-0.158,0.19636363636363635,0.655,-0.057,1.009030303030303,1.377,0.437,0.7476969696969697,1.123,0.215,0.18424242424242424,0.355,0.083,1.4872424242424243,2.115,1.182,0.3630909090909091,0.425,0.21,0.22966666666666669,0.30454545454545456,0.65025,-0.6128095238095238,-0.587,-0.642,0.805,0.3729431818181818,93.357,299,0.048068181818181815,0.614,0.24885227272727273,65.2385,280,0.03723863636363636,2.844,1.2648863636363636,316.7865,287,0.18479545454545454,0.571,0.24198863636363638,62.689,280,0.037375,0.32182352941176473,0.337,0.7148888888888889,3
AGC_176,35,25,86,0.623,0.3600285714285714,76.236,245,0.06922857142857143,0.543,0.2798857142857143,58.602,245,0.056857142857142856,0.395,0.21559999999999999,44.9215,245,0.04045714285714286,0.773,0.27725714285714287,57.817,245,0.10668571428571429,0.631,0.3189714285714286,67.86,245,0.06462857142857142,0.071,0.455,-0.138,0.2386,0.689,-0.06,0.9197714285714286,1.327,0.375,0.6817142857142857,1.139,0.185,0.1842,0.343,0.068,1.4823714285714287,2.048,1.148,0.3099142857142857,0.419,-0.431,0.5471666666666667,0.28325,0.5304444444444445,-0.62232,-0.592,-0.655,0.716,0.3901744186046512,91.1575,249,0.05886046511627907,0.451,0.24201162790697675,56.1295,209,0.036058139534883724,2.788,1.4018720930232558,328.812,249,0.23337209302325582,0.433,0.2351046511627907,53.8955,221,0.03638372093023256,0.6161176470588235,0.3070333333333333,0.6444285714285715,3
AGC_177,33,19,86,0.656,0.37606060606060604,81.341,240,0.05975757575757576,0.563,0.30487878787878786,65.491,257,0.060454545454545455,0.414,0.2337878787878788,50.0405,257,0.04093939393939394,0.847,0.33506060606060606,73.23,257,0.1256060606060606,0.648,0.32575757575757575,71.679,257,0.05645454545454545,0.039636363636363636,0.331,-0.195,0.2121818181818182,0.58,-0.142,0.9934848484848485,1.488,0.505,0.7509393939393939,1.333,0.268,0.18981818181818183,0.331,0.032,1.5186969696969697,1.993,1.066,0.36672727272727274,0.461,0.053,0.6134999999999999,0.3325,0.480625,-0.6238947368421053,-0.577,-0.653,0.769,0.41567441860465115,97.1185,238,0.048290697674418605,0.484,0.2651279069767442,63.0145,248,0.03645348837209302,2.627,1.4012093023255814,326.073,238,0.18855813953488373,0.508,0.26176744186046513,61.432,248,0.037023255813953486,0.6962,0.3717931034482759,0.5709411764705883,3
AGC_178,33,14,84,0.58,0.2960606060606061,66.065,225,0.047757575757575756,0.486,0.23012121212121212,50.1015,237,0.04642424242424242,0.352,0.17906060606060606,38.7675,217,0.03290909090909091,0.627,0.18736363636363637,43.463,217,0.08715151515151515,0.532,0.22672727272727272,52.3575,237,0.04127272727272727,-0.039969696969696974,0.267,-0.202,0.1146969696969697,0.493,-0.117,1.1369090909090909,1.508,0.581,0.8646060606060606,1.269,0.341,0.1613939393939394,0.314,0.065,1.4087878787878787,1.921,1.14,0.36115151515151517,0.445,-0.276,0.5474,0.2332857142857143,0.4455,-0.6295,-0.596,-0.649,0.688,0.3780476190476191,87.925,238,0.040928571428571425,0.481,0.23166666666666666,52.534,236,0.03191666666666667,2.299,1.2571071428571428,290.945,249,0.1531547619047619,0.442,0.22313095238095237,50.645,236,0.031952380952380954,0.6263333333333333,0.2756296296296296,0.5700588235294117,3
AGC_179,34,27,82,0.692,0.3476470588235294,76.488,285,0.0795,0.638,0.29044117647058826,64.84,265,0.083,0.471,0.2191764705882353,48.391,265,0.05723529411764706,1.228,0.33052941176470585,77.3425,265,0.21208823529411763,0.683,0.31141176470588233,69.359,280,0.0755,0.06252941176470588,0.379,-0.147,0.23508823529411765,0.642,-0.055,0.9475588235294118,1.351,0.458,0.6937941176470588,1.125,0.222,0.19355882352941176,0.36,0.082,1.5190588235294118,2.133,1.181,0.3153235294117647,0.424,-0.058,0.3195,0.28763636363636363,0.6377777777777778,-0.6162592592592593,-0.593,-0.646,0.772,0.3785121951219512,91.334,261,0.06392682926829268,0.586,0.2477560975609756,61.561,270,0.04976829268292683,2.668,1.2770365853658536,309.453,285,0.24592682926829268,0.566,0.24236585365853658,59.471,248,0.0509390243902439,0.4069375,0.30172,0.7152941176470589,3
AGC_180,31,16,80,0.742,0.4260967741935484,94.2295,185,0.058806451612903224,0.709,0.34951612903225804,78.42999999999999,185,0.0622258064516129,0.509,0.27,59.9195,185,0.04241935483870968,1.486,0.48058064516129034,113.98400000000001,185,0.16419354838709677,0.69,0.38551612903225807,86.3485,195,0.054870967741935485,0.09848387096774194,0.355,-0.152,0.2833225806451613,0.619,-0.096,0.8879354838709678,1.36,0.478,0.6468709677419355,1.223,0.238,0.212,0.351,0.045,1.5909677419354837,2.088,1.098,0.3754193548387097,0.45,0.23,0.6715,0.4365454545454545,0.4672857142857143,-0.635875,-0.603,-0.655,0.816,0.44025,110.432,185,0.056075,0.658,0.2805875,72.5635,206,0.0396125,2.841,1.4769625,371.147,231,0.210275,0.629,0.282325,72.59,206,0.0394875,0.7536363636363637,0.4018181818181818,0.5501764705882353,3
AGC_181,33,17,86,0.686,0.34615151515151515,79.5505,245,0.06442424242424243,0.645,0.2862121212121212,66.151,235,0.06448484848484848,0.442,0.22372727272727272,51.1685,235,0.044060606060606064,1.009,0.3233333333333333,81.09899999999999,235,0.144,0.686,0.3133030303030303,73.83,270,0.057939393939393936,0.04739393939393939,0.394,-0.167,0.19875757575757577,0.641,-0.085,0.9772424242424242,1.403,0.44,0.7515757575757576,1.189,0.222,0.16857575757575757,0.349,0.057,1.4386666666666668,2.081,1.122,0.36403030303030304,0.429,0.086,0.5597142857142857,0.25325000000000003,0.552,-0.6247058823529412,-0.599,-0.649,0.804,0.38683720930232557,94.361,248,0.05008139534883721,0.553,0.25059302325581395,62.3635,270,0.03924418604651163,2.972,1.3376744186046512,327.782,249,0.19925581395348838,0.564,0.2506046511627907,61.5855,248,0.03952325581395349,0.6374615384615385,0.2829375,0.6202777777777778,3
AGC_182,32,24,78,0.56,0.362375,77.6645,245,0.08059375,0.482,0.29034375,61.948,220,0.0711875,0.362,0.22665625,48.0785,215,0.0518125,0.68,0.307875,66.0005,215,0.14565625000000001,0.548,0.32140625,69.5185,220,0.06999999999999999,0.05659375,0.288,-0.142,0.22865625,0.566,-0.05,0.94065625,1.337,0.557,0.689875,1.117,0.28,0.186125,0.336,0.077,1.48925,2.025,1.171,0.35090625,0.394,0.122,0.5356666666666667,0.2994,0.51525,-0.6234166666666666,-0.589,-0.642,0.672,0.38294871794871793,90.3895,248,0.07235897435897436,0.435,0.24361538461538462,58.188,214,0.04543589743589744,2.427,1.3245512820512821,316.169,249,0.2873974358974359,0.445,0.2391923076923077,56.45,221,0.04732051282051282,0.594,0.3148076923076923,0.5993571428571428,3
AGC_183,34,14,95,0.569,0.34358823529411764,71.218,235,0.09708823529411764,0.495,0.2700294117647059,56.1085,210,0.0898235294117647,0.376,0.20870588235294119,43.35,210,0.06317647058823529,0.748,0.27388235294117647,56.8905,210,0.17447058823529413,0.565,0.3050294117647059,63.691,237,0.08314705882352941,0.04208823529411765,0.298,-0.161,0.1935,0.56,-0.098,0.9833529411764705,1.388,0.546,0.7590882352941176,1.225,0.284,0.165,0.317,0.052,1.4283529411764706,1.938,1.11,0.32991176470588235,0.404,0.108,0.5368571428571429,0.2912727272727273,0.436125,-0.6364285714285715,-0.613,-0.647,0.719,0.41678947368421054,91.9245,245,0.09433684210526316,0.486,0.24934736842105262,54.656,211,0.06292631578947368,2.64,1.463157894736842,323.289,245,0.38386315789473685,0.462,0.24557894736842106,53.68,235,0.0628,0.6275625,0.3088,0.5555,3
AGC_184,37,20,86,0.648,0.41094594594594597,87.664,225,0.03989189189189189,0.596,0.3420810810810811,72.022,237,0.04354054054054054,0.42,0.2562702702702703,53.9315,237,0.029864864864864865,0.881,0.3952972972972973,83.494,237,0.09383783783783783,0.635,0.3449189189189189,73.6345,237,0.03737837837837838,0.0574054054054054,0.325,-0.222,0.2612432432432433,0.616,-0.146,0.9783243243243244,1.576,0.513,0.6918648648648649,1.347,0.239,0.22772972972972974,0.367,0.066,1.6422972972972973,2.16,1.142,0.36083783783783785,0.451,0.14,0.6352857142857143,0.35691666666666666,0.5359,-0.6263,-0.601,-0.644,0.746,0.4671511627906977,105.3515,238,0.0338953488372093,0.522,0.29398837209302325,66.9705,224,0.028081395348837208,2.332,1.476767441860465,330.8145,231,0.1349186046511628,0.502,0.28867441860465115,65.0385,224,0.02908139534883721,0.7141111111111111,0.3691785714285714,0.6474736842105263,3
AGC_185,34,16,86,0.609,0.3522058823529412,79.473,185,0.049029411764705884,0.517,0.2766176470588235,62.618,185,0.055,0.389,0.21620588235294116,48.6105,185,0.03791176470588235,0.786,0.2836764705882353,69.00750000000001,185,0.11664705882352941,0.534,0.28758823529411764,66.5055,185,0.045294117647058825,0.02702941176470588,0.257,-0.195,0.2183235294117647,0.546,-0.102,1.0074705882352941,1.485,0.595,0.7206470588235294,1.23,0.296,0.20573529411764707,0.339,0.072,1.5585882352941176,2.032,1.157,0.3522058823529412,0.45,0.019,0.5168333333333334,0.3344615384615385,0.4897142857142857,-0.627625,-0.599,-0.654,0.692,0.40348837209302324,98.094,185,0.038732558139534884,0.46,0.25438372093023254,62.2325,187,0.03427906976744186,2.146,1.299,310.6325,185,0.16084883720930232,0.456,0.2508953488372093,61.379,221,0.03454651162790698,0.6176428571428572,0.33366666666666667,0.58365,3
AGC_186,35,14,88,0.648,0.36337142857142857,83.0595,205,0.07968571428571429,0.566,0.2849714285714286,65.265,205,0.08094285714285715,0.418,0.21614285714285714,49.089,205,0.0574,0.906,0.2961142857142857,73.37349999999999,205,0.16757142857142857,0.646,0.29865714285714284,70.032,270,0.08162857142857143,0.030885714285714284,0.344,-0.231,0.20385714285714285,0.615,-0.151,1.0386285714285715,1.603,0.496,0.7772,1.36,0.241,0.1954,0.349,0.055,1.5334285714285714,2.077,1.118,0.3256,0.457,-0.171,0.4704285714285714,0.3220769230769231,0.5720000000000001,-0.6387142857142857,-0.619,-0.655,0.753,0.43722727272727274,105.869,246,0.06309090909090909,0.529,0.2712386363636364,65.6505,266,0.05179545454545455,2.466,1.4818068181818183,352.2925,246,0.23456818181818181,0.521,0.2639659090909091,63.995000000000005,253,0.05373863636363636,0.573764705882353,0.37860714285714286,0.6855555555555556,3
AGC_187,36,17,92,0.683,0.3363611111111111,71.13,217,0.04158333333333333,0.656,0.28008333333333335,58.919000000000004,215,0.04577777777777778,0.477,0.21183333333333335,44.4395,215,0.03138888888888889,1.163,0.30583333333333335,63.401,215,0.10369444444444444,0.652,0.2823888888888889,61.104,217,0.042027777777777775,0.0014166666666666663,0.298,-0.204,0.16491666666666666,0.542,-0.145,1.072,1.52,0.545,0.8133888888888889,1.347,0.302,0.17675,0.31,0.053,1.4665833333333333,1.908,1.111,0.36027777777777775,0.436,-0.047,0.6553333333333333,0.3053846153846154,0.3443333333333333,-0.6300588235294118,-0.614,-0.649,0.777,0.4221086956521739,93.7595,225,0.035532608695652175,0.606,0.2604673913043478,58.408500000000004,211,0.03232608695652174,2.86,1.4489239130434783,322.8855,230,0.15625,0.585,0.2581195652173913,57.513,235,0.03289130434782609,0.7424285714285714,0.3677037037037037,0.47910714285714284,3
AGC_188,35,22,85,0.592,0.33445714285714284,73.3805,257,0.08845714285714286,0.555,0.2706571428571429,59.923,257,0.08337142857142857,0.404,0.20968571428571428,46.0265,257,0.05814285714285714,0.89,0.2707428571428572,63.520500000000006,257,0.1726,0.584,0.28677142857142857,64.274,257,0.08114285714285714,0.029914285714285716,0.363,-0.159,0.19974285714285714,0.594,-0.052,0.9934571428571428,1.382,0.477,0.7257714285714286,1.114,0.262,0.18328571428571427,0.337,0.09,1.4770285714285714,2.045,1.198,0.3433428571428571,0.415,-0.161,0.34983333333333333,0.2931666666666667,0.538,-0.6140909090909091,-0.593,-0.639,0.687,0.37427058823529413,88.15650000000001,248,0.07504705882352941,0.468,0.24412941176470587,59.0015,257,0.05492941176470588,2.408,1.2643411764705883,299.18399999999997,249,0.2818941176470588,0.45,0.23807058823529412,56.8375,257,0.0548,0.45476470588235296,0.3137857142857143,0.63675,3
AGC_189,30,21,84,0.592,0.3474333333333333,78.40350000000001,240,0.0485,0.455,0.25426666666666664,57.2555,225,0.0481,0.351,0.20026666666666668,44.7185,225,0.034833333333333334,0.62,0.23403333333333334,56.3495,225,0.09153333333333334,0.517,0.2769333333333333,63.8635,240,0.0427,0.019866666666666668,0.319,-0.18,0.20396666666666666,0.571,-0.107,1.0137666666666667,1.441,0.519,0.7386,1.243,0.275,0.1961,0.386,0.053,1.5325666666666666,2.268,1.113,0.3363,0.441,-0.182,0.5115999999999999,0.2998,0.490375,-0.6288095238095238,-0.589,-0.65,0.712,0.40917857142857145,96.85000000000001,238,0.04236904761904762,0.459,0.24492857142857144,58.088,224,0.031166666666666665,2.417,1.352607142857143,316.0495,249,0.1746309523809524,0.441,0.23982142857142857,56.463,224,0.03141666666666667,0.6319333333333333,0.3554827586206897,0.602125,3
AGC_190,29,25,74,0.643,0.3667241379310345,77.4965,240,0.05720689655172414,0.608,0.30351724137931035,62.925,210,0.059,0.453,0.23806896551724138,49.396499999999996,210,0.041413793103448275,1.038,0.36375862068965514,75.546,210,0.13124137931034482,0.636,0.33120689655172414,70.4155,270,0.05227586206896552,0.06886206896551725,0.363,-0.146,0.23489655172413793,0.622,-0.1,0.9247241379310345,1.344,0.473,0.7007241379310345,1.224,0.236,0.18358620689655172,0.34,0.039,1.4925172413793104,2.041,1.081,0.369551724137931,0.453,0.017,0.6186,0.3266363636363636,0.5176666666666666,-0.61296,-0.566,-0.647,0.745,0.37154054054054053,90.5665,248,0.04568918918918919,0.534,0.24422972972972973,58.9015,232,0.03583783783783784,2.777,1.2297837837837837,302.7675,249,0.17614864864864865,0.534,0.24704054054054053,59.214,221,0.03647297297297297,0.6892142857142857,0.2433846153846154,0.6094615384615385,3
AGC_191,34,19,85,0.613,0.38191176470588234,82.6525,285,0.09647058823529411,0.523,0.30005882352941177,65.1985,235,0.08544117647058823,0.378,0.23591176470588235,50.705,265,0.06038235294117647,0.727,0.32138235294117645,71.456,265,0.1617941176470588,0.603,0.3477058823529412,76.305,270,0.08288235294117648,0.08429411764705882,0.364,-0.078,0.2712058823529412,0.589,0.051,0.8796176470588235,1.176,0.47,0.616,0.916,0.26,0.20244117647058824,0.331,0.102,1.5353529411764706,2.004,1.232,0.34191176470588236,0.412,-0.055,0.4971666666666667,0.31633333333333336,0.553625,-0.6326315789473684,-0.608,-0.648,0.717,0.4201529411764706,93.2885,248,0.08151764705882353,0.491,0.2680470588235294,60.478,253,0.05565882352941177,2.568,1.4578470588235295,324.8875,248,0.3077764705882353,0.511,0.2672705882352941,59.684999999999995,253,0.055223529411764706,0.5571428571428572,0.3315172413793103,0.6347,3
AGC_192,35,30,79,0.659,0.37174285714285715,83.517,245,0.07785714285714286,0.592,0.29745714285714286,67.795,245,0.07205714285714286,0.428,0.22965714285714287,51.5475,245,0.050885714285714284,0.929,0.31805714285714287,77.054,245,0.1428,0.636,0.32645714285714283,74.419,245,0.0662,0.06348571428571428,0.414,-0.141,0.2216857142857143,0.635,-0.066,0.9371142857142857,1.339,0.419,0.7092571428571428,1.156,0.225,0.1748,0.33,0.06,1.4566571428571429,1.989,1.13,0.3366,0.435,-0.139,0.5028,0.3037692307692308,0.5728888888888889,-0.6289333333333333,-0.595,-0.651,0.77,0.43760759493670887,101.9045,248,0.07077215189873418,0.53,0.27629113924050636,65.523,247,0.04756962025316456,2.87,1.5143164556962025,350.83750000000003,249,0.27134177215189875,0.513,0.2739746835443038,64.159,186,0.04808860759493671,0.573375,0.35525,0.6787058823529412,3
AGC_193,31,15,84,0.619,0.3337741935483871,74.05,245,0.048,0.498,0.2590967741935484,57.083,245,0.047419354838709675,0.37,0.20306451612903226,44.3745,245,0.033451612903225805,0.681,0.24829032258064515,57.7125,245,0.09387096774193548,0.577,0.2680967741935484,60.947,270,0.041903225806451616,-0.018580645161290325,0.236,-0.21,0.16035483870967743,0.531,-0.118,1.096032258064516,1.533,0.62,0.8022903225806451,1.271,0.307,0.18880645161290321,0.338,0.073,1.5008709677419354,2.023,1.158,0.3824193548387097,0.455,0.073,0.5178,0.23783333333333334,0.5614285714285714,-0.6306666666666667,-0.587,-0.654,0.757,0.4019642857142857,89.83,248,0.04111904761904762,0.468,0.24783333333333332,55.143,235,0.032202380952380955,2.684,1.3633690476190476,305.281,249,0.15941666666666668,0.482,0.24352380952380953,53.824999999999996,248,0.03269047619047619,0.601375,0.2864814814814815,0.6647647058823529,3
AGC_194,33,14,73,0.651,0.3811818181818182,78.3705,185,0.08757575757575757,0.52,0.2882727272727273,59.7985,185,0.08893939393939394,0.395,0.2282121212121212,47.184,185,0.06233333333333334,0.794,0.31542424242424244,66.3455,185,0.18857575757575756,0.581,0.3461818181818182,69.965,260,0.07042424242424243,0.09842424242424243,0.317,-0.12,0.2674848484848485,0.56,-0.029,0.8618181818181818,1.278,0.524,0.6287878787878788,1.061,0.285,0.1853939393939394,0.308,0.085,1.4822727272727272,1.895,1.188,0.3207878787878788,0.411,-0.187,0.4337142857142857,0.3527777777777778,0.5374,-0.6493571428571429,-0.638,-0.656,0.725,0.408972602739726,94.489,186,0.06279452054794521,0.467,0.237986301369863,56.285000000000004,186,0.05,2.212,1.3467671232876712,310.872,186,0.22954794520547944,0.474,0.23643835616438355,55.3515,186,0.04976712328767123,0.5240714285714285,0.36227272727272725,0.604,3
AGC_195,34,13,86,0.607,0.35308823529411765,75.399,240,0.05855882352941177,0.553,0.2797058823529412,59.026,195,0.06414705882352942,0.391,0.21635294117647058,45.223,195,0.044970588235294116,0.887,0.2954705882352941,64.6645,185,0.13870588235294118,0.576,0.30155882352941177,65.2265,237,0.055,0.04861764705882353,0.304,-0.183,0.22267647058823528,0.583,-0.129,0.9687941176470588,1.45,0.537,0.7238235294117646,1.297,0.266,0.19091176470588236,0.342,0.037,1.5185,2.053,1.077,0.3265294117647059,0.433,-0.101,0.5364285714285715,0.3147272727272727,0.48175,-0.6217692307692307,-0.598,-0.649,0.731,0.41201162790697676,94.364,248,0.04709302325581395,0.472,0.2648139534883721,61.4645,248,0.0402093023255814,2.425,1.3366046511627907,305.73,249,0.18239534883720931,0.492,0.26083720930232557,59.658,248,0.04083720930232558,0.644,0.3466,0.6106111111111111,3
AGC_196,37,18,90,0.768,0.37083783783783786,77.127,225,0.04694594594594594,0.787,0.33075675675675675,67.9855,210,0.0535945945945946,0.556,0.2438918918918919,50.4465,210,0.03543243243243243,1.747,0.4588108108108108,90.9975,210,0.1521081081081081,0.785,0.3358918918918919,69.356,235,0.0472972972972973,0.045864864864864865,0.408,-0.205,0.2292972972972973,0.669,-0.125,1.0105675675675676,1.518,0.425,0.7361081081081081,1.286,0.201,0.2094864864864865,0.364,0.073,1.5797567567567568,2.153,1.158,0.3548108108108108,0.44,-0.096,0.7241428571428572,0.35475,0.321,-0.6337222222222222,-0.592,-0.657,0.864,0.4293777777777778,97.0135,225,0.04008888888888889,0.666,0.28717777777777775,64.6435,216,0.03294444444444444,3.334,1.5425777777777778,348.512,230,0.1685111111111111,0.675,0.28607777777777776,64.2415,216,0.03344444444444444,0.8197142857142857,0.37127272727272725,0.4701904761904762,3
AGC_197,32,15,82,0.554,0.29803125,63.6655,237,0.04284375,0.442,0.21975,46.356,237,0.03946875,0.323,0.176375,37.069,237,0.029093749999999998,0.528,0.17221875,37.441500000000005,237,0.07109375,0.521,0.23553125,51.044,237,0.03659375,-0.030406250000000003,0.206,-0.201,0.1318125,0.47,-0.117,1.11084375,1.507,0.662,0.8345625,1.271,0.364,0.16834375,0.294,0.065,1.42753125,1.839,1.141,0.3633125,0.469,-0.118,0.47833333333333333,0.23891666666666667,0.40985714285714286,-0.6318666666666667,-0.586,-0.665,0.679,0.3618048780487805,82.4515,248,0.03764634146341463,0.471,0.21579268292682927,48.96,236,0.026573170731707316,2.347,1.2234512195121952,278.1965,248,0.14617073170731706,0.433,0.2108780487804878,47.483,236,0.026414634146341463,0.5716153846153846,0.2833846153846154,0.5218421052631579,3
