ID_POLIGONO,n_obs_s2,n_obs_landsat,n_obs_planet,ndvi_s2_max,ndvi_s2_media,ndvi_s2_int,ndvi_s2_doy_max,ndvi_s2_std_media,evi_s2_max,evi_s2_media,evi_s2_int,evi_s2_doy_max,evi_s2_std_media,savi_s2_max,savi_s2_media,savi_s2_int,savi_s2_doy_max,savi_s2_std_media,lai_s2_max,lai_s2_media,lai_s2_int,lai_s2_doy_max,lai_s2_std_media,fapar_s2_max,fapar_s2_media,fapar_s2_int,fapar_s2_doy_max,fapar_s2_std_media,ndwi_s2_media,ndwi_s2_max,ndwi_s2_min,endwi_s2_media,endwi_s2_max,endwi_s2_min,msi_s2_media,msi_s2_max,msi_s2_min,emsi_s2_media,emsi_s2_max,emsi_s2_min,ndti_s2_media,ndti_s2_max,ndti_s2_min,sti_s2_media,sti_s2_max,sti_s2_min,crc_s2_media,crc_s2_max,crc_s2_min,ndvi_s2_media_ago,ndvi_s2_media_may_jul,ndvi_s2_media_sep_oct,vi6t_landsat_media,vi6t_landsat_max,vi6t_landsat_min,ndvi_planet_max,ndvi_planet_media,ndvi_planet_int,ndvi_planet_doy_max,ndvi_planet_std_media,evi_planet_max,evi_planet_media,evi_planet_int,evi_planet_doy_max,evi_planet_std_media,lai_planet_max,lai_planet_media,lai_planet_int,lai_planet_doy_max,lai_planet_std_media,msavi_planet_max,msavi_planet_media,msavi_planet_int,msavi_planet_doy_max,msavi_planet_std_media,ndvi_planet_media_ago,ndvi_planet_media_may_jul,ndvi_planet_media_sep_oct,sensores_confiables
AGC_001,30,11,78,0.745,0.3126333333333333,72.16,265,0.06016666666666667,0.682,0.24856666666666666,59.0715,265,0.05943333333333333,0.499,0.19516666666666665,45.537,265,0.043133333333333336,1.275,0.2552,68.1425,265,0.12073333333333333,0.733,0.28226666666666667,65.6055,265,0.05653333333333333,0.055466666666666664,0.443,-0.117,0.18476666666666666,0.69,-0.053,0.9531000000000001,1.266,0.389,0.7663333333333333,1.114,0.185,0.14913333333333334,0.359,0.057,1.3948333333333334,2.125,1.121,0.32376666666666665,0.387,-0.065,0.3738,0.196,0.6392857142857142,-0.6249090909090909,-0.596,-0.658,0.836,0.3645897435897436,92.044,245,0.04479487179487179,0.693,0.23461538461538461,59.7095,254,0.03408974358974359,3.142,1.2629358974358975,321.433,265,0.1840128205128205,0.638,0.23396153846153847,59.403999999999996,254,0.03447435897435897,0.516,0.23841935483870969,0.7408666666666667,3
AGC_002,27,19,86,0.751,0.4019259259259259,91.6475,185,0.06140740740740741,0.773,0.32714814814814813,75.1455,185,0.06244444444444444,0.547,0.25144444444444447,57.1115,185,0.04455555555555556,1.712,0.40655555555555556,100.8755,185,0.14444444444444443,0.717,0.3541111111111111,82.836,185,0.05374074074074074,0.059259259259259255,0.351,-0.181,0.2358148148148148,0.619,-0.12,0.9616666666666667,1.446,0.484,0.7167037037037037,1.275,0.239,0.19718518518518519,0.346,0.044,1.540037037037037,2.07,1.092,0.37925925925925924,0.471,0.153,0.6245,0.4117,0.421,-0.6226842105263158,-0.58,-0.657,0.835,0.435046511627907,105.575,184,0.04367441860465116,0.669,0.28306976744186046,72.019,184,0.03473255813953489,2.805,1.5060116279069768,364.8035,184,0.17282558139534884,0.671,0.2813953488372093,70.25,184,0.036186046511627906,0.721375,0.4015862068965517,0.5626875,3
AGC_003,26,11,54,0.741,0.36380769230769233,84.122,240,0.06926923076923076,0.666,0.266,63.6805,240,0.07030769230769231,0.497,0.21276923076923077,49.836000000000006,240,0.05046153846153846,1.335,0.2996923076923077,82.033,240,0.15623076923076923,0.723,0.28673076923076923,70.519,240,0.07384615384615384,0.004807692307692309,0.369,-0.198,0.1838076923076923,0.643,-0.153,1.0758076923076922,1.502,0.467,0.7786153846153846,1.371,0.222,0.19707692307692307,0.369,0.046,1.5308076923076923,2.201,1.099,0.3956923076923077,0.511,0.178,0.6572,0.2716,0.5286666666666667,-0.6447272727272727,-0.612,-0.661,0.829,0.42514814814814816,105.3505,286,0.049185185185185186,0.656,0.2531111111111111,64.233,268,0.04140740740740741,3.126,1.4907407407407407,369.313,241,0.20372222222222222,0.606,0.25592592592592595,64.987,238,0.04296296296296296,0.7501428571428571,0.2855,0.6821111111111111,3
AGC_004,21,12,69,0.568,0.2665238095238095,67.80749999999999,265,0.08119047619047619,0.494,0.2121904761904762,55.2285,265,0.07804761904761905,0.371,0.16657142857142856,42.3345,265,0.056428571428571425,0.781,0.16485714285714287,56.107,265,0.14971428571428572,0.54,0.2053809523809524,57.287,265,0.07895238095238095,-0.06452380952380952,0.205,-0.194,0.054952380952380954,0.465,-0.126,1.1916666666666667,1.489,0.682,0.9693333333333334,1.299,0.384,0.12614285714285714,0.3,0.063,1.3117142857142856,1.879,1.138,0.3851904761904762,0.425,0.263,0.4615,0.253,0.45966666666666667,-0.6305833333333334,-0.616,-0.643,0.699,0.371,87.9035,246,0.08644927536231885,0.481,0.23592753623188406,55.6645,252,0.06179710144927536,2.546,1.312768115942029,311.637,265,0.33315942028985507,0.467,0.2298985507246377,54.222,250,0.06389855072463768,0.5495,0.2940714285714286,0.6275714285714286,3
AGC_005,25,24,87,0.799,0.38056,95.9905,265,0.07352,0.79,0.31764000000000003,84.0235,265,0.085319999999999993,0.567,0.23892,62.037,265,0.05876,2.229,0.45272,147.7045,265,0.2592,0.805,0.291,80.732,265,0.08268,-0.04336,0.439,-0.267,0.09456,0.704,-0.203,1.24596,1.737,0.401,1.00904,1.522,0.176,0.16368,0.411,0.05,1.45336,2.404,1.107,0.43196,0.502,0.23,0.5264,0.29444444444444445,0.7382500000000001,-0.639125,-0.611,-0.66,0.871,0.4702413793103448,110.7105,265,0.054022988505747126,0.798,0.3243793103448276,79.0665,253,0.05449425287356322,3.345,1.710873563218391,406.473,265,0.21774712643678162,0.78,0.3175287356321839,76.9395,253,0.054942528735632185,0.605875,0.3593928571428571,0.8168333333333333,3
AGC_006,25,22,72,0.711,0.37176,84.5995,240,0.07116,0.607,0.31544,69.822,210,0.07624,0.461,0.24768,54.889,240,0.05216,1.128,0.41947999999999996,96.1575,210,0.18132,0.689,0.33344,76.591,240,0.06184,0.06420000000000001,0.322,-0.145,0.22464,0.576,-0.091,0.935,1.34,0.516,0.71696,1.204,0.271,0.17836,0.324,0.035,1.47976,1.962,1.073,0.39384,0.451,0.255,0.651,0.33836363636363637,0.55725,-0.609,-0.561,-0.65,0.813,0.39893055555555557,96.331,248,0.049305555555555554,0.644,0.274,65.746,232,0.03931944444444444,2.993,1.3207638888888888,322.0425,249,0.19266666666666665,0.621,0.27652777777777776,65.871,248,0.03975,0.7289333333333333,0.24469565217391304,0.6564615384615384,3
AGC_007,23,10,55,0.817,0.356695652173913,84.0925,240,0.06152173913043478,0.775,0.292,69.201,240,0.06782608695652174,0.568,0.22617391304347825,52.469500000000004,240,0.04695652173913043,1.934,0.38469565217391305,99.41850000000001,240,0.17652173913043478,0.867,0.3646086956521739,83.9725,240,0.05973913043478261,0.13369565217391305,0.542,-0.095,0.29730434782608695,0.751,-0.029,0.8286521739130435,1.213,0.3,0.6213478260869565,1.066,0.144,0.19778260869565217,0.376,0.053,1.5517391304347825,2.218,1.114,0.28456521739130436,0.442,-0.268,0.79,0.3506666666666667,0.457375,-0.642,-0.616,-0.656,0.907,0.39790909090909093,100.589,238,0.040036363636363634,0.7,0.26790909090909093,68.75750000000001,211,0.03603636363636364,3.663,1.4147818181818181,355.746,238,0.1809818181818182,0.728,0.2749090909090909,70.0195,238,0.036690909090909093,0.873875,0.3257894736842105,0.5118,3
AGC_008,30,15,75,0.604,0.35196666666666665,77.478,245,0.062066666666666666,0.485,0.2722333333333333,59.3755,245,0.06676666666666667,0.37,0.2135,46.274,265,0.04736666666666667,0.695,0.2757,62.4255,265,0.13856666666666667,0.564,0.28546666666666665,63.96,245,0.062,0.001666666666666665,0.29,-0.211,0.1688,0.558,-0.14,1.0626,1.538,0.555,0.8031,1.33,0.285,0.1791,0.322,0.053,1.4738,1.96,1.113,0.3776333333333333,0.458,0.004,0.5416,0.30827272727272725,0.49142857142857144,-0.6344666666666666,-0.6,-0.654,0.738,0.4083466666666667,94.371,248,0.05412,0.45,0.24909333333333333,57.776,248,0.041773333333333336,2.647,1.3972933333333333,322.687,249,0.20697333333333334,0.466,0.24690666666666666,56.823,248,0.0426,0.6288,0.3308846153846154,0.6108461538461538,3
AGC_009,32,17,71,0.607,0.35771875,79.692,210,0.07525,0.482,0.24571874999999999,53.93,210,0.0613125,0.37,0.19815625,43.1075,210,0.0445625,0.706,0.227,52.095,210,0.10906249999999999,0.558,0.30871875,68.3975,210,0.061375,0.07196875,0.399,-0.07,0.26178125,0.656,0.04,0.90003125,1.16,0.432,0.626125,0.931,0.209,0.203875,0.349,0.095,1.54053125,2.077,1.213,0.31271875,0.4,-0.275,0.569,0.29672727272727273,0.42075,-0.6494705882352941,-0.632,-0.66,0.713,0.3950845070422535,97.1095,203,0.06416901408450704,0.443,0.22261971830985916,55.604,214,0.036056338028169016,2.375,1.3157605633802818,322.13300000000004,238,0.23766197183098592,0.444,0.22587323943661972,55.844,214,0.03566197183098591,0.6598181818181819,0.3088421052631579,0.5111666666666667,3
AGC_010,29,14,76,0.689,0.38189655172413794,88.99,185,0.045241379310344824,0.647,0.3135862068965517,72.6445,185,0.04741379310344828,0.471,0.24206896551724139,55.857,185,0.0326551724137931,1.189,0.365,92.5175,185,0.11368965517241379,0.633,0.33162068965517244,79.397,185,0.0423448275862069,0.06472413793103449,0.346,-0.175,0.23286206896551723,0.603,-0.122,0.9508965517241379,1.427,0.494,0.7212758620689655,1.28,0.254,0.18924137931034482,0.335,0.035,1.5156206896551725,2.028,1.074,0.3602068965517241,0.436,0.236,0.5871666666666666,0.37336363636363634,0.5092,-0.6247142857142857,-0.601,-0.654,0.772,0.42423684210526313,104.4525,184,0.044,0.57,0.2692894736842105,67.5025,186,0.03327631578947368,2.53,1.389592105263158,341.235,249,0.17364473684210527,0.566,0.2667763157894737,66.5815,186,0.03430263157894737,0.6618666666666667,0.395375,0.6377692307692308,3
AGC_011,28,27,63,0.623,0.3777142857142857,84.511,240,0.06882142857142858,0.57,0.29632142857142857,66.641,257,0.06539285714285714,0.418,0.2330357142857143,51.9905,257,0.04657142857142857,0.907,0.3391071428571429,80.709,257,0.14725,0.623,0.31725,72.0795,257,0.06625,0.05278571428571428,0.332,-0.184,0.23039285714285715,0.553,-0.112,0.9694285714285714,1.46,0.507,0.7121428571428572,1.263,0.294,0.1949642857142857,0.321,0.057,1.5220714285714285,1.955,1.122,0.34785714285714286,0.451,-0.289,0.58375,0.3457272727272727,0.5094285714285715,-0.6268148148148148,-0.608,-0.646,0.726,0.4176190476190476,103.0925,238,0.06380952380952382,0.527,0.2593809523809524,63.8245,232,0.041984126984126985,2.479,1.3852698412698412,338.6265,238,0.2376984126984127,0.508,0.26006349206349205,64.2015,232,0.04374603174603175,0.6698461538461539,0.3255882352941176,0.6236363636363637,3
AGC_012,28,24,73,0.699,0.4190357142857143,92.3075,265,0.08289285714285714,0.655,0.348,76.609,237,0.08771428571428572,0.461,0.2716071428571429,59.5785,237,0.06067857142857143,1.078,0.45685714285714285,105.872,237,0.1970357142857143,0.716,0.3836785714285714,85.256,237,0.07853571428571429,0.11385714285714285,0.369,-0.099,0.2868928571428571,0.624,-0.013,0.8481785714285714,1.228,0.465,0.6244999999999999,1.042,0.234,0.1975,0.335,0.071,1.5359642857142857,2.014,1.159,0.3686785714285714,0.419,0.229,0.6384,0.35808333333333336,0.6302,-0.620625,-0.599,-0.647,0.783,0.4258904109589041,103.184,238,0.07578082191780822,0.583,0.28034246575342464,68.84100000000001,270,0.05626027397260274,2.901,1.4735479452054794,361.7945,241,0.29264383561643836,0.55,0.28105479452054793,68.2765,261,0.05628767123287671,0.6938333333333333,0.3303846153846154,0.7057692307692308,3
AGC_013,28,23,66,0.753,0.4005357142857143,89.778,265,0.05228571428571428,0.747,0.325,73.1195,270,0.05935714285714286,0.518,0.25257142857142856,56.316,270,0.04171428571428572,1.403,0.41535714285714287,99.452,270,0.13832142857142857,0.82,0.3639642857142857,82.42099999999999,270,0.05082142857142857,0.1205,0.497,-0.143,0.2741071428571429,0.723,-0.092,0.8646428571428572,1.334,0.338,0.6686428571428571,1.204,0.162,0.18785714285714286,0.371,0.045,1.5223214285714286,2.188,1.095,0.3349285714285714,0.452,-0.141,0.5816,0.30018181818181816,0.6981666666666666,-0.6123478260869565,-0.576,-0.654,0.823,0.38975757575757575,104.224,265,0.044015151515151514,0.569,0.24766666666666667,65.925,280,0.031212121212121212,3.176,1.3602727272727273,371.219,265,0.18296969696969698,0.587,0.25153030303030305,66.723,265,0.032545454545454544,0.6523333333333333,0.2571428571428571,0.7663636363636364,3
AGC_014,28,16,73,0.72,0.4356785714285714,95.28999999999999,225,0.03410714285714286,0.694,0.3565,75.5745,195,0.04225,0.482,0.2689285714285714,57.5295,195,0.02867857142857143,1.178,0.46460714285714283,99.137,195,0.10803571428571429,0.703,0.37789285714285714,83.09400000000001,237,0.03892857142857143,0.09528571428571428,0.41,-0.205,0.28214285714285714,0.68,-0.143,0.9264285714285715,1.519,0.42,0.6863928571428571,1.334,0.192,0.22275,0.377,0.038,1.6468214285714287,2.215,1.08,0.3469285714285714,0.427,-0.072,0.6855714285714285,0.4209090909090909,0.4825,-0.632125,-0.601,-0.656,0.816,0.4593424657534247,113.3805,238,0.02556164383561644,0.544,0.2908904109589041,70.26,206,0.02410958904109589,2.904,1.5734109589041096,381.8605,231,0.12724657534246575,0.572,0.28975342465753423,70.3335,221,0.024945205479452056,0.7800666666666667,0.4106086956521739,0.6290833333333333,3
AGC_015,30,23,83,0.634,0.33593333333333336,79.4255,265,0.07736666666666667,0.561,0.2781,66.542,265,0.07416666666666667,0.424,0.21613333333333334,51.009,265,0.05333333333333334,0.934,0.2809,76.9905,265,0.14726666666666666,0.599,0.2821666666666667,69.3755,245,0.06693333333333333,-0.003033333333333336,0.282,-0.182,0.15026666666666666,0.515,-0.103,1.0591333333333333,1.45,0.566,0.8074666666666667,1.236,0.325,0.1625,0.318,0.069,1.4124666666666668,1.938,1.15,0.38706666666666667,0.447,0.223,0.443,0.2788333333333333,0.5716,-0.6173043478260869,-0.588,-0.641,0.748,0.4091927710843373,95.4215,248,0.0643012048192771,0.567,0.2689397590361446,63.1995,253,0.049518072289156626,2.701,1.4170240963855423,329.51,249,0.23795180722891565,0.563,0.2632530120481928,61.604,253,0.05036144578313253,0.5335,0.31475,0.6861111111111111,3
AGC_016,15,18,87,0.583,0.22613333333333333,72.392,185,0.04086666666666667,0.49,0.1766,58.428,197,0.0376,0.355,0.1432,45.291,185,0.0278,0.644,0.10540000000000001,60.067499999999995,185,0.06846666666666666,0.554,0.16213333333333332,61.014,197,0.03513333333333333,-0.09633333333333333,0.249,-0.177,-0.0012666666666666696,0.484,-0.133,1.2519333333333333,1.434,0.605,1.0612,1.315,0.35,0.09926666666666667,0.269,0.034,1.2368666666666666,1.74,1.071,0.4058,0.457,0.281,,0.27385714285714285,0.293,-0.6305555555555555,-0.595,-0.654,0.783,0.43764367816091954,99.801,238,0.042482758620689655,0.605,0.28013793103448276,65.5675,193,0.03418390804597701,2.832,1.521735632183908,347.468,216,0.17759770114942527,0.556,0.27870114942528734,64.104,206,0.034482758620689655,0.7431875,0.37703448275862067,0.5464705882352942,3
AGC_017,30,22,81,0.609,0.3673,82.17699999999999,245,0.0685,0.511,0.29096666666666665,64.1635,210,0.058366666666666664,0.388,0.2273,49.928,210,0.041933333333333336,0.768,0.3116333333333333,70.9205,210,0.1198,0.595,0.31073333333333336,70.6065,245,0.0624,0.024066666666666667,0.274,-0.175,0.2026,0.572,-0.08,1.0156666666666667,1.431,0.578,0.7383666666666666,1.183,0.277,0.19203333333333333,0.36,0.084,1.5067,2.133,1.183,0.38206666666666667,0.435,0.265,0.5628333333333333,0.31320000000000003,0.5475,-0.6211818181818182,-0.595,-0.642,0.716,0.4209506172839506,97.791,248,0.05554320987654321,0.501,0.2615432098765432,61.582,236,0.03179012345679012,2.607,1.4887530864197531,348.43,249,0.2333827160493827,0.472,0.25653086419753085,59.6605,236,0.03259259259259259,0.6451176470588236,0.3273076923076923,0.6444,3
AGC_018,28,18,81,0.706,0.4273571428571429,94.411,215,0.04907142857142857,0.688,0.3588571428571429,77.824,210,0.06085714285714286,0.502,0.27171428571428574,59.0185,215,0.04128571428571429,1.357,0.484,104.3565,210,0.15935714285714286,0.67,0.35246428571428573,79.404,210,0.048607142857142856,0.02642857142857143,0.294,-0.234,0.20792857142857143,0.577,-0.157,1.0457857142857143,1.613,0.548,0.7752857142857142,1.376,0.269,0.20264285714285715,0.342,0.066,1.5579285714285713,2.042,1.142,0.4168928571428571,0.476,0.214,0.6898,0.4149090909090909,0.529,-0.6395,-0.618,-0.676,0.791,0.4650246913580247,112.2145,238,0.03761728395061728,0.611,0.2993950617283951,72.2985,224,0.03404938271604938,2.77,1.5896296296296297,377.34,249,0.14988888888888888,0.604,0.2940740740740741,71.10549999999999,214,0.03441975308641975,0.7619166666666667,0.4045,0.6315,3
AGC_019,29,14,86,0.762,0.3946896551724138,76.566,215,0.051103448275862065,0.799,0.3607586206896552,67.4855,215,0.06027586206896552,0.567,0.2669655172413793,50.695,215,0.04017241379310345,1.906,0.5628620689655173,94.0445,215,0.19217241379310346,0.797,0.3712758620689655,71.027,217,0.04924137931034483,0.08620689655172414,0.43,-0.176,0.24562068965517242,0.691,-0.116,0.9356206896551724,1.43,0.4,0.7187931034482758,1.265,0.183,0.19086206896551725,0.374,0.046,1.529793103448276,2.2,1.096,0.3577586206896552,0.409,0.211,0.7351666666666666,0.375,0.344,-0.6315,-0.592,-0.653,0.848,0.40331395348837207,94.08800000000001,215,0.04363953488372093,0.7,0.26376744186046513,62.8175,222,0.03501162790697675,3.207,1.429860465116279,336.2345,230,0.17680232558139536,0.688,0.2626860465116279,62.2905,216,0.03501162790697675,0.8005,0.371,0.42764,3
AGC_020,30,18,78,0.791,0.33866666666666667,80.2285,217,0.047733333333333336,0.826,0.30456666666666665,73.6915,217,0.0491,0.586,0.23043333333333332,54.9245,217,0.0329,2.145,0.4229,114.097,217,0.1385,0.829,0.32876666666666665,77.691,217,0.0446,0.054033333333333336,0.468,-0.178,0.21559999999999999,0.71,-0.107,0.9940333333333333,1.434,0.366,0.7605333333333334,1.241,0.172,0.191,0.368,0.053,1.5325666666666666,2.173,1.112,0.3550333333333333,0.451,0.179,0.77375,0.2922222222222222,0.37677777777777777,-0.6238333333333334,-0.599,-0.657,0.882,0.4265,96.7055,221,0.04676923076923077,0.711,0.29667948717948717,67.516,216,0.035666666666666666,3.464,1.5028589743589744,341.3935,230,0.18887179487179487,0.725,0.30028205128205127,68.2105,216,0.036307692307692305,0.8508333333333333,0.39816,0.43023809523809525,3
AGC_021,31,25,71,0.664,0.32948387096774195,72.4295,265,0.07296774193548387,0.675,0.2695806451612903,60.308,260,0.07687096774193548,0.452,0.20470967741935484,45.2535,265,0.05335483870967742,1.125,0.2800967741935484,66.381,265,0.1775483870967742,0.69,0.28551612903225804,64.361,260,0.07141935483870968,0.02229032258064516,0.369,-0.174,0.18803225806451612,0.612,-0.088,1.0314838709677419,1.429,0.467,0.7683225806451612,1.201,0.245,0.1827741935483871,0.356,0.075,1.481290322580645,2.108,1.164,0.3421290322580645,0.424,0.061,0.321,0.2656363636363636,0.5915,-0.62004,-0.587,-0.646,0.742,0.36550704225352115,89.6575,261,0.059366197183098594,0.583,0.23307042253521126,58.0095,270,0.047915492957746476,2.55,1.2365211267605634,301.2765,256,0.23222535211267606,0.556,0.22604225352112675,56.0895,267,0.04767605633802817,0.40214285714285714,0.28814285714285715,0.693,3
AGC_022,30,15,71,0.575,0.3362,77.531,225,0.06346666666666667,0.501,0.26463333333333333,60.255,217,0.062,0.386,0.20636666666666667,46.6195,217,0.04296666666666667,0.798,0.2672,63.947,210,0.13716666666666666,0.529,0.26876666666666665,64.40350000000001,217,0.061766666666666664,-0.026033333333333332,0.215,-0.223,0.13236666666666666,0.479,-0.156,1.1269666666666667,1.582,0.653,0.8697,1.379,0.357,0.16866666666666666,0.299,0.048,1.4426666666666668,1.86,1.101,0.3963,0.455,0.269,0.5588000000000001,0.3175454545454546,0.44366666666666665,-0.6302,-0.607,-0.647,0.681,0.3966619718309859,95.993,238,0.05630985915492958,0.457,0.23946478873239438,58.1625,224,0.04040845070422535,2.293,1.3360140845070423,320.17900000000003,217,0.2257887323943662,0.457,0.23594366197183098,56.906,216,0.04202816901408451,0.6436363636363637,0.34543478260869565,0.5488666666666666,3
AGC_023,35,15,90,0.658,0.3484285714285714,77.014,225,0.03668571428571429,0.627,0.287,62.777,205,0.04171428571428572,0.46,0.21805714285714287,47.5475,215,0.02937142857142857,1.057,0.31574285714285716,69.7355,215,0.09451428571428572,0.639,0.2886285714285714,64.7065,210,0.03728571428571428,0.0022571428571428586,0.325,-0.199,0.16197142857142857,0.597,-0.128,1.073,1.497,0.512,0.8213428571428572,1.295,0.253,0.17411428571428572,0.339,0.052,1.4600857142857142,2.027,1.11,0.37225714285714284,0.427,0.24,0.6441666666666667,0.304,0.411875,-0.6352666666666666,-0.618,-0.648,0.779,0.4207888888888889,96.144,245,0.03308888888888889,0.597,0.2617555555555556,59.9865,211,0.028777777777777777,2.761,1.4209666666666667,321.489,245,0.14682222222222222,0.555,0.2548,58.178,211,0.029144444444444445,0.7213999999999999,0.3336571428571429,0.5347142857142857,3
AGC_024,30,14,74,0.685,0.38106666666666666,82.78750000000001,245,0.04376666666666667,0.604,0.3032666666666667,65.6315,245,0.044066666666666664,0.438,0.23203333333333334,49.9425,245,0.0316,0.953,0.3330666666666667,74.6195,245,0.09323333333333333,0.69,0.32326666666666665,71.288,245,0.04256666666666667,0.029400000000000006,0.335,-0.21,0.2016,0.625,-0.14,1.0269,1.532,0.5,0.7692,1.331,0.232,0.19223333333333334,0.368,0.066,1.5235,2.171,1.143,0.36833333333333335,0.461,0.172,0.6024,0.2721818181818182,0.631,-0.6366428571428572,-0.606,-0.66,0.815,0.4516891891891892,98.6515,248,0.04127027027027027,0.529,0.2805135135135135,61.2575,256,0.02872972972972973,3.165,1.6540945945945946,363.435,249,0.18847297297297297,0.535,0.27522972972972976,59.539500000000004,248,0.030378378378378378,0.6776923076923077,0.33540000000000003,0.74175,3
AGC_025,35,16,88,0.616,0.34954285714285716,77.1395,257,0.05871428571428571,0.553,0.27302857142857145,60.847500000000004,250,0.060200000000000004,0.396,0.20954285714285714,46.291000000000004,265,0.04262857142857143,0.777,0.2659714285714286,62.716,265,0.1208,0.607,0.29665714285714284,65.872,270,0.05645714285714286,0.021514285714285715,0.318,-0.188,0.17602857142857142,0.587,-0.128,1.0250857142857144,1.467,0.519,0.7883142857142857,1.296,0.261,0.16905714285714285,0.332,0.062,1.4421714285714284,1.995,1.132,0.3495714285714286,0.417,0.207,0.4154285714285714,0.2798181818181818,0.5602222222222222,-0.641,-0.624,-0.654,0.766,0.4182272727272727,96.1465,245,0.04147727272727273,0.525,0.2523977272727273,58.2555,256,0.032443181818181815,2.674,1.419715909090909,325.519,245,0.1731590909090909,0.51,0.24673863636363635,56.649,256,0.033,0.5000769230769231,0.33171875,0.6397916666666666,3
AGC_026,29,21,81,0.575,0.3443103448275862,77.3265,257,0.046275862068965515,0.478,0.2686896551724138,59.421,257,0.04010344827586207,0.35,0.20941379310344826,45.8765,257,0.028413793103448277,0.621,0.25555172413793104,58.95,257,0.07820689655172414,0.578,0.3036896551724138,69.2365,280,0.04179310344827586,0.029724137931034483,0.271,-0.177,0.1714137931034483,0.567,-0.125,0.9939310344827587,1.431,0.576,0.7842068965517242,1.288,0.278,0.15189655172413793,0.352,0.028,1.3884482758620689,2.091,1.059,0.35120689655172416,0.427,0.121,0.49616666666666664,0.2857,0.542,-0.6231904761904762,-0.579,-0.665,0.664,0.38080246913580246,91.77,248,0.04679012345679012,0.423,0.23885185185185184,56.7455,209,0.028691358024691357,2.53,1.3707654320987654,334.4245,249,0.21530864197530863,0.401,0.23144444444444445,54.4985,221,0.02891358024691358,0.5661428571428572,0.3306296296296296,0.6242666666666666,3
AGC_027,24,12,79,0.719,0.2738333333333333,77.5025,240,0.061375,0.664,0.22245833333333334,67.3905,240,0.06191666666666667,0.487,0.17170833333333332,49.9315,240,0.043708333333333335,1.297,0.196375,84.157,240,0.12883333333333333,0.735,0.23716666666666666,73.2,240,0.058166666666666665,-0.024958333333333336,0.344,-0.179,0.10604166666666667,0.585,-0.128,1.121375,1.439,0.501,0.9100416666666666,1.3,0.272,0.143125,0.315,0.039,1.3738333333333332,1.941,1.083,0.350125,0.414,0.109,0.719,0.19757142857142856,0.427625,-0.6269166666666667,-0.607,-0.65,0.837,0.4313164556962025,100.3515,238,0.06751898734177215,0.674,0.2900886075949367,66.8115,216,0.0609873417721519,3.235,1.5383164556962026,354.521,238,0.26931645569620255,0.674,0.2888860759493671,66.468,216,0.06193670886075949,0.8012857142857143,0.3047916666666667,0.5304090909090909,3
AGC_028,32,16,81,0.519,0.316875,71.0835,270,0.08903125,0.411,0.238875,53.5885,270,0.0726875,0.323,0.1946875,43.1485,265,0.0521875,0.546,0.2156875,51.967,265,0.1295625,0.539,0.2800625,64.103,270,0.06515625,0.033093750000000005,0.269,-0.112,0.19593750000000001,0.554,-0.003,0.96603125,1.254,0.584,0.71140625,1.009,0.291,0.17125,0.341,0.084,1.43340625,2.042,1.184,0.35346875,0.408,0.03,0.42883333333333334,0.2703333333333333,0.48683333333333334,-0.6280625,-0.59,-0.65,0.654,0.356641975308642,84.6045,248,0.08,0.396,0.22087654320987654,52.949,256,0.049679012345679015,2.297,1.206493827160494,287.5785,248,0.28876543209876543,0.395,0.22155555555555556,52.8375,248,0.049135802469135806,0.5018333333333334,0.2895483870967742,0.5523750000000001,3
AGC_029,30,11,80,0.627,0.27886666666666665,66.098,257,0.054566666666666666,0.532,0.2169,51.687999999999995,257,0.055966666666666665,0.386,0.17123333333333332,40.0105,257,0.040666666666666663,0.743,0.1747,47.75,257,0.10583333333333333,0.618,0.2499,59.659,257,0.05173333333333333,0.01956666666666667,0.343,-0.129,0.1459,0.588,-0.065,1.0039666666666667,1.297,0.497,0.807,1.139,0.266,0.1361,0.315,0.055,1.3423333333333334,1.936,1.116,0.32393333333333335,0.408,-0.033,0.4114,0.2030909090909091,0.5275000000000001,-0.6182727272727273,-0.585,-0.654,0.774,0.3721,87.036,257,0.0434375,0.575,0.2308,54.764,254,0.0350125,2.859,1.2765125,300.0595,261,0.18045,0.538,0.229675,54.2695,254,0.0354375,0.5024166666666666,0.23733333333333334,0.6658,3
AGC_030,26,10,47,0.628,0.3715,76.199,240,0.07573076923076923,0.509,0.27303846153846156,55.87,260,0.0736923076923077,0.378,0.21761538461538463,44.368,257,0.05223076923076923,0.731,0.2848846153846154,57.948,257,0.14865384615384616,0.624,0.31646153846153846,65.1775,260,0.06892307692307692,0.0711923076923077,0.392,-0.147,0.25146153846153846,0.639,-0.027,0.9235,1.35,0.441,0.6590384615384616,1.061,0.222,0.1981923076923077,0.335,0.083,1.5228076923076923,2.016,1.184,0.3386923076923077,0.447,0.126,0.5568,0.26225,0.5284285714285715,-0.6381,-0.631,-0.645,0.744,0.3669148936170213,93.2625,246,0.05804255319148936,0.499,0.21259574468085107,53.973,256,0.04038297872340425,2.416,1.2068936170212765,299.644,238,0.22361702127659575,0.474,0.2153191489361702,54.1635,256,0.04117021276595745,0.6643333333333333,0.278,0.586375,3
AGC_031,30,14,82,0.626,0.3916,84.8765,240,0.09516666666666666,0.547,0.32406666666666667,68.6825,237,0.10443333333333334,0.396,0.2506333333333333,52.7005,240,0.07486666666666666,0.832,0.3889,84.5085,265,0.22553333333333334,0.632,0.35423333333333334,77.4725,237,0.08786666666666666,0.09313333333333333,0.378,-0.142,0.2831666666666667,0.634,-0.042,0.8865000000000001,1.336,0.454,0.6290333333333333,1.1,0.226,0.21293333333333334,0.372,0.084,1.5848,2.192,1.19,0.3313,0.45,-0.231,0.5836,0.3429090909090909,0.5227142857142857,-0.6249285714285714,-0.6,-0.646,0.723,0.44132926829268293,100.956,246,0.07990243902439025,0.497,0.2978292682926829,69.2795,248,0.06958536585365854,2.507,1.5135975609756098,346.3495,249,0.3404756097560976,0.509,0.2945243902439024,67.611,248,0.07073170731707316,0.6513333333333333,0.3688148148148148,0.6388823529411765,3
AGC_032,31,17,85,0.705,0.3919677419354839,82.616,225,0.06170967741935484,0.693,0.33383870967741935,68.303,235,0.07116129032258064,0.497,0.2551290322580645,52.7515,217,0.04754838709677419,1.344,0.44651612903225807,88.383,217,0.1814516129032258,0.73,0.3570967741935484,74.7,235,0.05370967741935484,0.0667741935483871,0.342,-0.181,0.23770967741935484,0.6,-0.113,0.9523548387096774,1.453,0.492,0.7160322580645161,1.265,0.25,0.1920967741935484,0.342,0.05,1.5191290322580644,2.046,1.105,0.3689677419354839,0.446,0.016,0.6865714285714285,0.3545,0.4563333333333333,-0.6282352941176471,-0.6,-0.658,0.796,0.40134117647058826,96.623,221,0.050164705882352945,0.596,0.2657764705882353,65.304,224,0.0382,2.941,1.4134,339.2465,238,0.19650588235294117,0.631,0.2646,64.342,221,0.03788235294117647,0.7639230769230769,0.3115294117647059,0.5842666666666667,3
AGC_033,26,25,60,0.608,0.31703846153846155,75.917,265,0.09946153846153846,0.5,0.24865384615384614,59.4715,265,0.09673076923076923,0.385,0.20065384615384615,47.347,265,0.06919230769230769,0.821,0.2582307692307692,70.2765,265,0.21111538461538462,0.559,0.2687307692307692,65.675,265,0.09607692307692307,0.021961538461538463,0.299,-0.137,0.17276923076923076,0.557,-0.064,1.0103461538461538,1.321,0.563,0.7735,1.143,0.298,0.16426923076923078,0.327,0.06,1.424923076923077,1.993,1.13,0.38,0.442,0.252,0.4416,0.2666363636363636,0.5609999999999999,-0.61556,-0.584,-0.646,0.685,0.34423333333333334,90.2625,265,0.08045,0.432,0.21351666666666666,56.044999999999995,265,0.05735,2.391,1.1353166666666668,299.523,246,0.2954333333333333,0.445,0.21651666666666666,56.7185,265,0.0586,0.5145,0.29063636363636364,0.638,3
AGC_034,28,11,51,0.596,0.37114285714285716,72.18,220,0.06814285714285714,0.46,0.27964285714285714,53.5495,225,0.07582142857142857,0.357,0.22235714285714286,42.6175,225,0.05292857142857143,0.65,0.30039285714285713,54.157999999999994,225,0.15689285714285714,0.533,0.32157142857142856,62.336,220,0.05889285714285714,0.07235714285714286,0.273,-0.145,0.24821428571428572,0.518,-0.069,0.9081071428571429,1.345,0.574,0.6617142857142857,1.151,0.32,0.18978571428571428,0.298,0.064,1.5001785714285714,1.853,1.139,0.33925,0.409,-0.095,0.5688333333333333,0.35512499999999997,0.44942857142857146,-0.6413636363636364,-0.629,-0.651,0.682,0.37601960784313726,90.5715,238,0.055568627450980394,0.449,0.21888235294117647,52.9605,222,0.0433921568627451,2.285,1.2072941176470589,288.254,238,0.22641176470588234,0.437,0.2197058823529412,52.787,222,0.042627450980392154,0.652875,0.31085714285714283,0.5397000000000001,3
AGC_035,27,17,72,0.716,0.4018888888888889,80.9825,257,0.05781481481481481,0.614,0.327,65.5455,245,0.06011111111111111,0.446,0.2472222222222222,49.663,257,0.041962962962962966,0.982,0.38151851851851853,75.425,257,0.1298888888888889,0.703,0.3400740740740741,69.328,257,0.05388888888888889,0.04714814814814815,0.361,-0.215,0.23629629629629628,0.64,-0.134,0.9934814814814815,1.549,0.471,0.7236296296296296,1.311,0.22,0.21181481481481482,0.363,0.059,1.591037037037037,2.143,1.126,0.3637037037037037,0.445,0.18,0.594,0.32155555555555554,0.606,-0.6252941176470588,-0.578,-0.658,0.822,0.40231944444444445,97.145,246,0.04534722222222222,0.529,0.2615138888888889,61.531,249,0.03245833333333333,3.109,1.397125,332.041,241,0.17718055555555556,0.529,0.2527638888888889,59.5725,246,0.033402777777777774,0.693,0.27365384615384614,0.6554375,3
AGC_036,29,20,83,0.683,0.38224137931034485,85.775,185,0.05437931034482758,0.656,0.3197931034482759,72.581,185,0.05703448275862069,0.474,0.24544827586206897,55.2205,185,0.03962068965517242,1.207,0.3727241379310345,90.112,185,0.1290344827586207,0.617,0.3320344827586207,75.058,185,0.05555172413793103,0.05006896551724138,0.313,-0.19,0.22551724137931034,0.62,-0.129,0.9828620689655173,1.471,0.527,0.7344827586206897,1.298,0.236,0.19658620689655174,0.382,0.047,1.5401379310344827,2.244,1.098,0.3723103448275862,0.458,0.14,0.5931666666666666,0.3702,0.479,-0.6219,-0.584,-0.65,0.765,0.411421686746988,99.455,184,0.048253012048192774,0.624,0.27206024096385545,68.37100000000001,179,0.037506024096385544,2.363,1.352710843373494,324.7805,216,0.18649397590361447,0.58,0.267433734939759,66.199,186,0.03833734939759036,0.6713571428571429,0.40575,0.5241875,3
AGC_037,33,14,84,0.644,0.3611212121212121,76.033,257,0.04133333333333333,0.555,0.2958181818181818,61.438500000000005,215,0.049272727272727274,0.415,0.2236060606060606,46.2565,215,0.03451515151515151,0.857,0.31836363636363635,64.806,215,0.10803030303030303,0.6,0.307,64.971,257,0.03854545454545454,0.031212121212121212,0.29,-0.196,0.20266666666666666,0.579,-0.131,1.0016363636363637,1.488,0.552,0.7472424242424243,1.301,0.268,0.18554545454545454,0.353,0.057,1.4953030303030304,2.096,1.121,0.34245454545454546,0.424,-0.004,0.6093333333333333,0.30172727272727273,0.5075,-0.6288571428571429,-0.617,-0.647,0.79,0.43364285714285716,97.336,245,0.035238095238095235,0.505,0.2646904761904762,59.2725,226,0.03092857142857143,2.913,1.4652380952380952,330.4055,245,0.14626190476190476,0.504,0.2596309523809524,58.0525,243,0.03158333333333333,0.6913333333333334,0.3213,0.6039523809523809,3
AGC_038,30,12,66,0.685,0.4304,81.0415,220,0.06633333333333333,0.609,0.34886666666666666,64.239,215,0.07223333333333333,0.46,0.2716,50.6195,215,0.049633333333333335,1.061,0.4493,77.2905,215,0.1625,0.655,0.41000000000000003,76.25450000000001,240,0.056633333333333334,0.1536,0.42,-0.089,0.3331,0.668,-0.006,0.7793333333333333,1.196,0.411,0.5576333333333333,1.015,0.2,0.20779999999999998,0.349,0.07,1.5627333333333333,2.078,1.151,0.33216666666666667,0.403,0.12,0.6505714285714286,0.400125,0.492625,-0.6423333333333333,-0.617,-0.653,0.764,0.4233939393939394,92.8725,246,0.05496969696969697,0.563,0.26312121212121214,57.7755,236,0.04353030303030303,2.731,1.4290909090909092,311.1645,238,0.223,0.534,0.2649848484848485,57.573,236,0.04331818181818182,0.7271538461538462,0.3365625,0.5169375,3
AGC_039,32,14,77,0.666,0.3501875,69.5435,225,0.05115625,0.626,0.29803124999999997,58.1245,215,0.05109375,0.464,0.22915625,44.9805,215,0.03515625,1.091,0.34771875,63.9545,215,0.10775,0.665,0.323375,63.679,235,0.04603125,0.0611875,0.365,-0.14,0.2225625,0.633,-0.074,0.945625,1.326,0.467,0.7130625,1.162,0.226,0.17853125,0.351,0.057,1.46840625,2.083,1.121,0.3526875,0.401,0.209,0.6471666666666667,0.3353,0.364125,-0.6245714285714286,-0.585,-0.648,0.755,0.3818961038961039,87.7805,225,0.04274025974025974,0.591,0.2451948051948052,55.3285,222,0.030402597402597403,2.79,1.3178181818181818,303.267,211,0.16657142857142856,0.559,0.2450779220779221,55.2295,222,0.030883116883116884,0.7105384615384616,0.3340714285714286,0.4228125,3
AGC_040,35,14,84,0.697,0.3232285714285714,78.565,265,0.05,0.609,0.2533714285714286,62.9045,265,0.0482,0.452,0.19508571428571428,47.7135,265,0.034,1.016,0.24371428571428572,70.3275,265,0.097,0.685,0.2668285714285714,67.2155,270,0.04894285714285714,-0.007599999999999999,0.401,-0.187,0.1334,0.663,-0.118,1.0964285714285715,1.463,0.429,0.8666571428571429,1.27,0.204,0.15685714285714286,0.358,0.068,1.4105142857142856,2.115,1.148,0.3617142857142857,0.43,0.181,0.42728571428571427,0.23046153846153847,0.5972857142857143,-0.6402142857142857,-0.621,-0.657,0.807,0.41873809523809524,99.604,246,0.040464285714285717,0.597,0.2549166666666667,61.05,256,0.030845238095238096,2.88,1.4412261904761905,341.3575,265,0.17916666666666667,0.589,0.25235714285714284,60.324,256,0.03158333333333333,0.5062727272727273,0.30616129032258066,0.6905652173913044,3
AGC_041,26,13,54,0.664,0.42284615384615387,83.1905,210,0.05311538461538461,0.592,0.3248076923076923,63.352,195,0.061230769230769234,0.436,0.2516538461538462,49.403,205,0.04280769230769231,0.972,0.38453846153846155,73.5885,205,0.1383076923076923,0.615,0.3724230769230769,71.638,210,0.05276923076923077,0.11342307692307692,0.347,-0.138,0.3178076923076923,0.606,-0.057,0.8502692307692308,1.322,0.489,0.5896923076923077,1.122,0.249,0.23107692307692307,0.345,0.065,1.6511153846153845,2.065,1.139,0.33334615384615385,0.396,0.186,0.5888,0.4605,0.460625,-0.6435384615384615,-0.63,-0.654,0.747,0.4283518518518519,98.8175,203,0.039407407407407405,0.48,0.2472037037037037,57.828,199,0.033685185185185186,2.403,1.3797407407407407,317.294,224,0.1600925925925926,0.477,0.24709259259259259,57.039,216,0.03492592592592592,0.7039090909090909,0.3876875,0.5272727272727273,3
AGC_042,31,12,65,0.668,0.43012903225806454,82.3965,220,0.06319354838709677,0.568,0.3460645161290323,64.541,237,0.07812903225806452,0.417,0.2665161290322581,50.278999999999996,217,0.052580645161290324,0.899,0.43583870967741933,76.5185,225,0.18558064516129033,0.682,0.3949354838709677,73.831,260,0.06090322580645161,0.12741935483870967,0.414,-0.131,0.32461290322580644,0.669,-0.042,0.8335806451612904,1.307,0.417,0.5785806451612904,1.091,0.2,0.22541935483870967,0.357,0.079,1.6223870967741936,2.116,1.173,0.3355806451612903,0.427,0.145,0.6397142857142858,0.3731111111111111,0.505,-0.6485000000000001,-0.633,-0.659,0.77,0.4238,97.988,238,0.05003076923076923,0.58,0.25372307692307694,59.298,236,0.04433846153846154,2.73,1.4237384615384616,326.238,238,0.21378461538461538,0.537,0.2537076923076923,58.581,236,0.04473846153846154,0.7278333333333333,0.3404736842105263,0.566076923076923,3
AGC_043,29,16,74,0.723,0.35217241379310343,84.47349999999999,287,0.047344827586206895,0.614,0.28093103448275863,67.1685,265,0.0533448275862069,0.452,0.21289655172413793,50.582,265,0.03703448275862069,1.025,0.2996896551724138,80.13799999999999,265,0.11541379310344828,0.698,0.2762413793103448,68.303,290,0.05131034482758621,-0.006551724137931034,0.426,-0.218,0.14196551724137932,0.687,-0.162,1.1142413793103447,1.559,0.407,0.879551724137931,1.387,0.188,0.1686896551724138,0.375,0.035,1.4580344827586207,2.207,1.073,0.3667241379310345,0.448,0.177,0.31666666666666665,0.3458181818181818,0.7031999999999999,-0.632375,-0.606,-0.659,0.842,0.3945135135135135,103.3085,299,0.03022972972972973,0.603,0.24606756756756756,64.5155,266,0.02589189189189189,2.828,1.359527027027027,346.549,287,0.13398648648648648,0.566,0.23847297297297299,62.86,266,0.026081081081081082,0.42033333333333334,0.3766818181818182,0.7670833333333333,3
AGC_044,36,19,84,0.685,0.34441666666666665,72.967,200,0.04791666666666667,0.707,0.3079722222222222,64.6875,205,0.05533333333333333,0.508,0.23305555555555554,48.985,205,0.03766666666666667,1.35,0.37930555555555556,78.901,205,0.13286111111111112,0.701,0.32155555555555554,67.90950000000001,210,0.04652777777777778,0.04530555555555556,0.325,-0.165,0.2185,0.591,-0.084,0.9820555555555556,1.396,0.511,0.7243333333333334,1.184,0.258,0.19133333333333333,0.33,0.063,1.5109444444444444,1.985,1.134,0.36380555555555555,0.45,0.203,0.6345000000000001,0.32725000000000004,0.3689,-0.6189473684210526,-0.595,-0.645,0.766,0.3932857142857143,89.4685,203,0.04096428571428572,0.609,0.26620238095238097,60.24,205,0.03521428571428571,2.747,1.3511309523809523,308.559,230,0.16802380952380952,0.606,0.26498809523809524,59.898,203,0.03595238095238095,0.7103333333333333,0.34860714285714284,0.46943478260869564,3
AGC_045,30,18,81,0.714,0.4161,91.456,240,0.05563333333333333,0.683,0.3516666666666667,77.369,237,0.06076666666666667,0.474,0.2673333333333333,58.496,237,0.0416,1.132,0.45553333333333335,103.5105,237,0.14246666666666666,0.709,0.35173333333333334,79.3035,237,0.0472,0.04636666666666667,0.348,-0.216,0.23316666666666666,0.634,-0.129,1.0039,1.554,0.486,0.7309333333333333,1.301,0.225,0.21073333333333333,0.368,0.078,1.5837333333333334,2.169,1.17,0.3953333333333333,0.467,0.095,0.6822,0.362,0.5781666666666667,-0.6358333333333334,-0.617,-0.646,0.814,0.4605925925925926,110.847,238,0.04441975308641975,0.65,0.30262962962962964,73.264,236,0.03619753086419753,2.802,1.5584691358024692,371.20799999999997,249,0.16941975308641977,0.61,0.30044444444444446,72.5975,236,0.037975308641975306,0.7529230769230769,0.36508,0.6701111111111111,3
AGC_046,32,11,81,0.709,0.35053125,71.939,240,0.0481875,0.631,0.291875,58.9555,225,0.054125,0.465,0.22190625,44.914500000000004,225,0.03725,1.08,0.3313125,65.4175,225,0.1245,0.674,0.3101875,63.542,240,0.04853125,0.06471875,0.377,-0.15,0.22046875,0.661,-0.1,0.93803125,1.355,0.454,0.72578125,1.225,0.205,0.17409375,0.379,0.041,1.46859375,2.225,1.087,0.32640625,0.416,-0.091,0.6623333333333333,0.28991666666666666,0.42557142857142854,-0.6199090909090909,-0.584,-0.643,0.84,0.40828395061728395,91.126,238,0.03840740740740741,0.556,0.2604567901234568,57.8405,236,0.032851851851851854,3.087,1.3651234567901234,303.917,238,0.16761728395061729,0.553,0.25996296296296295,57.383,243,0.033901234567901235,0.7471428571428571,0.28629629629629627,0.5634,3
AGC_047,27,15,60,0.714,0.3767037037037037,84.2435,240,0.05092592592592592,0.614,0.30803703703703705,67.665,245,0.05914814814814815,0.448,0.2357037037037037,51.8795,245,0.04081481481481482,1.012,0.36333333333333334,83.836,245,0.1411111111111111,0.683,0.3104074074074074,71.258,240,0.050222222222222224,0.001296296296296298,0.315,-0.22,0.17637037037037037,0.6,-0.162,1.0841851851851851,1.567,0.524,0.8175555555555556,1.392,0.252,0.1918888888888889,0.355,0.052,1.525037037037037,2.105,1.11,0.39785185185185185,0.465,0.301,0.6324,0.31345454545454543,0.5508,-0.6333333333333333,-0.607,-0.651,0.818,0.39776666666666666,101.2945,241,0.035383333333333336,0.571,0.2517333333333333,63.631,247,0.033166666666666664,3.074,1.3858666666666666,344.5125,241,0.14655,0.565,0.24738333333333334,62.962,247,0.03373333333333333,0.736,0.28395238095238096,0.6563636363636364,3
AGC_048,29,15,74,0.716,0.35120689655172416,78.6425,257,0.09448275862068965,0.626,0.2763793103448276,61.95,257,0.0933448275862069,0.457,0.21710344827586206,48.0075,257,0.06551724137931035,1.07,0.3057586206896552,74.046,257,0.196,0.71,0.3042068965517241,68.9995,257,0.0856551724137931,0.040724137931034486,0.404,-0.158,0.19517241379310346,0.664,-0.08,0.9921724137931034,1.382,0.433,0.7620344827586207,1.181,0.207,0.17448275862068965,0.369,0.073,1.4701724137931034,2.201,1.16,0.3596206896551724,0.42,-0.049,0.5356000000000001,0.243,0.5704285714285714,-0.6254,-0.61,-0.644,0.806,0.4286351351351351,97.70750000000001,245,0.08681081081081081,0.591,0.2751081081081081,62.4125,254,0.06198648648648648,3.199,1.531162162162162,350.4805,245,0.3502297297297297,0.563,0.275,62.2265,245,0.06312162162162162,0.6491666666666667,0.30962962962962964,0.6587222222222222,3
AGC_049,29,24,76,0.644,0.34455172413793106,81.844,285,0.06686206896551725,0.513,0.26517241379310347,63.7485,237,0.05624137931034483,0.394,0.2139655172413793,50.79,265,0.04120689655172414,0.769,0.26948275862068966,73.602,265,0.10255172413793104,0.571,0.2962758620689655,71.1265,237,0.052655172413793104,0.042482758620689655,0.266,-0.106,0.20393103448275862,0.542,-0.011,0.9506896551724138,1.238,0.583,0.7068275862068966,1.028,0.299,0.17155172413793104,0.324,0.081,1.4404827586206896,1.961,1.18,0.3703448275862069,0.411,0.151,0.46599999999999997,0.27253846153846156,0.6074,-0.6231666666666666,-0.604,-0.651,0.759,0.3836842105263158,94.349,248,0.05763157894736842,0.501,0.23882894736842106,59.601,248,0.037763157894736846,2.672,1.2986052631578948,319.0415,248,0.22130263157894736,0.531,0.24019736842105263,59.42,248,0.037026315789473685,0.5354285714285715,0.2724,0.6876428571428571,3
AGC_050,32,13,78,0.753,0.38556250000000003,79.3665,215,0.051125,0.775,0.3433125,69.0685,215,0.05946875,0.558,0.25734375,52.1465,217,0.04053125,1.762,0.49309375,92.993,217,0.16671875,0.78,0.3560625,73.725,217,0.05453125,0.07684375,0.432,-0.183,0.24571875,0.69,-0.115,0.937625,1.45,0.399,0.6990625,1.263,0.185,0.195125,0.371,0.067,1.53125,2.187,1.143,0.35825,0.423,0.118,0.7291666666666666,0.3426666666666667,0.4025714285714286,-0.6246153846153846,-0.589,-0.651,0.838,0.4179102564102564,97.9235,215,0.04441025641025641,0.717,0.2747179487179487,64.799,222,0.03364102564102564,3.197,1.481794871794872,349.867,230,0.18061538461538462,0.684,0.2746025641025641,64.729,222,0.03408974358974359,0.7987272727272727,0.37142857142857144,0.4633,3
AGC_051,27,13,69,0.693,0.40066666666666667,88.48,185,0.07281481481481482,0.613,0.3137037037037037,69.5395,185,0.07888888888888888,0.449,0.2475925925925926,54.483,185,0.05474074074074074,1.053,0.3906296296296296,89.91199999999999,185,0.18381481481481482,0.628,0.35118518518518516,78.7815,220,0.07,0.057,0.313,-0.179,0.2388148148148148,0.559,-0.122,0.965,1.446,0.53,0.7114444444444444,1.288,0.288,0.2024074074074074,0.328,0.051,1.5552962962962964,1.984,1.109,0.3952222222222222,0.467,0.293,0.63425,0.44477777777777777,0.45714285714285713,-0.6376923076923077,-0.615,-0.654,0.775,0.43072463768115943,107.3285,185,0.05994202898550725,0.574,0.26208695652173913,67.556,186,0.04692753623188406,2.827,1.459840579710145,362.9485,231,0.22733333333333333,0.568,0.26481159420289857,67.8335,186,0.04744927536231884,0.7303333333333333,0.3933846153846154,0.5480625,3
AGC_052,26,15,64,0.709,0.36030769230769233,88.132,215,0.06907692307692308,0.659,0.28250000000000003,69.644,215,0.06661538461538462,0.487,0.2246923076923077,54.5155,215,0.04684615384615385,1.285,0.3396923076923077,92.7655,215,0.15057692307692308,0.671,0.3143076923076923,78.354,217,0.05903846153846154,0.03342307692307692,0.315,-0.15,0.20523076923076922,0.595,-0.079,0.9979230769230769,1.357,0.523,0.7466538461538461,1.18,0.255,0.18880769230769232,0.347,0.053,1.5123461538461538,2.064,1.115,0.3922307692307692,0.453,0.178,0.6849999999999999,0.2282857142857143,0.45814285714285713,-0.6340666666666667,-0.614,-0.656,0.783,0.400015625,102.543,238,0.05403125,0.586,0.24909375,65.131,214,0.039609375,2.821,1.37559375,351.5935,216,0.21209375,0.589,0.25375,65.81,216,0.040296875,0.7598181818181818,0.30011764705882354,0.5277857142857143,3
AGC_053,31,12,70,0.602,0.29435483870967744,63.933,257,0.057741935483870965,0.496,0.22632258064516128,49.1255,275,0.05425806451612903,0.377,0.1800967741935484,38.7795,265,0.03935483870967742,0.716,0.19048387096774194,43.353500000000004,265,0.10270967741935484,0.557,0.23948387096774193,53.3615,257,0.049967741935483874,-0.026806451612903223,0.278,-0.186,0.097,0.548,-0.131,1.1066129032258065,1.457,0.568,0.9020322580645161,1.304,0.295,0.1317741935483871,0.321,0.038,1.3315161290322581,1.949,1.08,0.37770967741935485,0.431,0.21,0.32166666666666666,0.1935,0.538875,-0.63075,-0.617,-0.652,0.695,0.37551428571428574,83.9545,257,0.04938571428571428,0.479,0.22304285714285715,49.3065,254,0.0342,2.373,1.277942857142857,285.844,246,0.18805714285714287,0.443,0.2196142857142857,48.2375,254,0.034557142857142856,0.4198,0.2681904761904762,0.6103333333333334,3
AGC_054,31,17,88,0.576,0.341,71.327,235,0.05290322580645161,0.512,0.27958064516129033,57.544,220,0.05403225806451613,0.391,0.21774193548387097,44.8315,215,0.03793548387096774,0.767,0.29170967741935483,58.7945,215,0.10919354838709677,0.563,0.3094193548387097,64.7185,220,0.04780645161290323,0.0547741935483871,0.272,-0.136,0.20258064516129032,0.537,-0.08,0.9428387096774193,1.317,0.574,0.7329354838709677,1.177,0.303,0.15996774193548388,0.312,0.04,1.411258064516129,1.909,1.085,0.34641935483870967,0.407,0.157,0.5552857142857143,0.31720000000000004,0.4196666666666667,-0.6222941176470588,-0.599,-0.641,0.71,0.3847159090909091,88.3565,238,0.045056818181818184,0.487,0.23563636363636364,54.0855,226,0.03359090909090909,2.591,1.3021136363636363,299.098,238,0.18172727272727274,0.479,0.2334090909090909,53.6405,226,0.03371590909090909,0.6611538461538462,0.29047058823529415,0.5235652173913043,3
AGC_055,29,30,66,0.6,0.38924137931034486,84.363,265,0.08803448275862069,0.493,0.3109310344827586,66.4585,185,0.09744827586206897,0.377,0.24155172413793102,51.374,265,0.06720689655172414,0.854,0.3759310344827586,80.018,205,0.2476551724137931,0.529,0.3225862068965517,70.286,265,0.09158620689655173,0.036137931034482755,0.36,-0.178,0.22082758620689655,0.597,-0.068,1.0008275862068965,1.439,0.477,0.715,1.157,0.256,0.20203448275862068,0.351,0.095,1.5377586206896552,2.1,1.211,0.38075862068965516,0.457,-0.096,0.545,0.3573,0.5238571428571429,-0.6313,-0.603,-0.649,0.71,0.4401515151515151,103.0925,248,0.07683333333333334,0.529,0.2799242424242424,66.979,236,0.061636363636363635,2.416,1.4918787878787878,349.368,249,0.29537878787878785,0.504,0.2792727272727273,66.3585,236,0.064,0.6357692307692308,0.36115,0.6471538461538462,3
AGC_056,29,30,67,0.588,0.30089655172413793,72.541,265,0.06431034482758621,0.484,0.23620689655172414,57.4265,245,0.056896551724137934,0.363,0.18875862068965515,45.1305,265,0.04179310344827586,0.675,0.20806896551724138,58.96,265,0.10779310344827586,0.577,0.2510689655172414,62.652,280,0.059,-0.0032758620689655165,0.283,-0.164,0.13513793103448277,0.556,-0.099,1.0555172413793104,1.396,0.564,0.8297241379310345,1.226,0.289,0.1474137931034483,0.327,0.047,1.371896551724138,1.978,1.1,0.36903448275862066,0.433,0.144,0.47375,0.23092307692307693,0.5006666666666667,-0.6111333333333333,-0.582,-0.65,0.734,0.35914925373134327,87.797,248,0.05434328358208955,0.463,0.23085074626865673,56.781,248,0.03662686567164179,2.598,1.203268656716418,295.031,249,0.19970149253731342,0.484,0.2277910447761194,55.713499999999996,248,0.03737313432835821,0.5634615384615385,0.26036363636363635,0.6041666666666666,3
AGC_057,31,20,86,0.581,0.33129032258064517,72.83800000000001,245,0.1033225806451613,0.517,0.26106451612903225,57.9875,245,0.08319354838709678,0.388,0.20958064516129032,45.993,245,0.05967741935483871,0.762,0.25651612903225807,60.558,245,0.1531290322580645,0.596,0.31183870967741933,69.3815,245,0.08412903225806452,0.07061290322580645,0.351,-0.071,0.23390322580645162,0.587,0.041,0.8975806451612903,1.16,0.485,0.660483870967742,0.934,0.263,0.17474193548387096,0.301,0.08,1.4469677419354838,1.871,1.179,0.3358709677419355,0.389,0.058,0.42,0.2614166666666667,0.5297142857142857,-0.6184499999999999,-0.586,-0.642,0.696,0.3732325581395349,83.0035,248,0.06953488372093024,0.482,0.24304651162790697,55.071,253,0.045895348837209304,2.529,1.2891860465116278,289.9065,248,0.26538372093023255,0.497,0.2419186046511628,54.0985,253,0.04556976744186047,0.5014,0.2823793103448276,0.5933684210526315,3
AGC_058,32,13,82,0.649,0.32928125,71.626,265,0.05428125,0.552,0.26759375,58.539,235,0.06040625,0.405,0.2043125,44.0625,265,0.04228125,0.819,0.2589375,58.538,265,0.11884375,0.629,0.27509374999999997,61.225,270,0.05409375,0.003031249999999997,0.319,-0.19,0.153625,0.587,-0.12,1.05728125,1.469,0.518,0.81865625,1.274,0.261,0.16340625,0.349,0.065,1.427875,2.077,1.14,0.3579375,0.437,0.174,0.5356,0.22245454545454546,0.546,-0.6228461538461538,-0.611,-0.639,0.801,0.42184146341463413,92.005,245,0.05035365853658537,0.513,0.2635487804878049,57.3295,235,0.040695121951219514,3.101,1.490829268292683,326.5865,245,0.22015853658536585,0.526,0.2591829268292683,56.22,243,0.040939024390243904,0.6687333333333333,0.2646071428571429,0.6422380952380953,3
AGC_059,20,12,54,0.738,0.40105,92.926,225,0.0555,0.647,0.3209,74.7,225,0.06245,0.48,0.25135,58.3125,225,0.0439,1.192,0.4406,108.6255,225,0.17875,0.701,0.3315,79.801,240,0.055850000000000004,0.05425,0.405,-0.184,0.24115,0.673,-0.098,0.99795,1.461,0.427,0.7318,1.23,0.197,0.2184,0.387,0.077,1.6299,2.271,1.168,0.3994,0.447,0.318,0.7284999999999999,0.35933333333333334,0.49825,-0.632,-0.614,-0.641,0.825,0.38103703703703706,112.574,241,0.05201851851851852,0.557,0.22853703703703704,70.146,225,0.04055555555555555,2.632,1.2335185185185185,355.60450000000003,241,0.21983333333333333,0.585,0.2313148148148148,71.57849999999999,225,0.04077777777777778,0.8028,0.34954545454545455,0.6102857142857142,3
AGC_060,32,17,77,0.55,0.34118750000000003,75.9575,225,0.063125,0.446,0.24925,55.799,235,0.05521875,0.337,0.20146875,44.8705,225,0.04034375,0.574,0.2316875,55.3885,225,0.097125,0.523,0.30334375,68.4105,235,0.050437499999999996,0.05890625,0.333,-0.101,0.233,0.582,0.001,0.91875,1.23,0.507,0.6618125,1.007,0.268,0.183625,0.312,0.08,1.4694375,1.913,1.177,0.32096875,0.408,-0.103,0.503,0.29591666666666666,0.5035000000000001,-0.6394705882352941,-0.612,-0.653,0.655,0.4022207792207792,91.639,248,0.055506493506493504,0.409,0.2362857142857143,54.7515,253,0.035766233766233765,2.322,1.385025974025974,316.311,248,0.2145064935064935,0.428,0.2378831168831169,54.5015,253,0.035233766233766235,0.5815,0.327037037037037,0.5864666666666667,3
AGC_061,28,14,76,0.666,0.37125,76.6855,225,0.07414285714285715,0.647,0.3043214285714286,62.706,225,0.07321428571428572,0.476,0.2385357142857143,49.0725,225,0.05196428571428571,1.164,0.36442857142857144,75.0745,225,0.16135714285714287,0.659,0.3399285714285714,70.2665,237,0.06660714285714286,0.09560714285714286,0.361,-0.103,0.2587857142857143,0.604,-0.016,0.8743214285714286,1.231,0.473,0.6517142857142857,1.035,0.249,0.18310714285714286,0.314,0.078,1.48325,1.921,1.17,0.34985714285714287,0.407,0.198,0.6468,0.2753333333333333,0.5208571428571429,-0.6209285714285714,-0.588,-0.649,0.758,0.37794736842105264,93.9615,238,0.06748684210526316,0.519,0.24375,60.15,231,0.04660526315789474,2.521,1.2722763157894736,316.8215,245,0.25864473684210526,0.536,0.24503947368421053,60.3215,221,0.04689473684210526,0.7101999999999999,0.28703225806451615,0.5742666666666667,3
AGC_062,21,14,67,0.479,0.2490952380952381,64.69,245,0.06652380952380953,0.352,0.19076190476190477,49.9415,245,0.06342857142857143,0.276,0.15357142857142858,39.1555,265,0.04819047619047619,0.417,0.12785714285714286,44.726000000000006,265,0.12052380952380952,0.468,0.19966666666666666,58.18,245,0.05880952380952381,-0.02361904761904762,0.318,-0.177,0.10761904761904761,0.572,-0.112,1.1063333333333334,1.43,0.523,0.8859047619047619,1.254,0.275,0.1411904761904762,0.312,0.049,1.359952380952381,1.911,1.103,0.33914285714285713,0.429,-0.067,0.404,0.17942857142857144,0.4408,-0.6184285714285714,-0.576,-0.639,0.599,0.3254029850746269,78.6145,246,0.06719402985074627,0.351,0.19965671641791044,48.71,266,0.049925373134328356,1.91,1.0669850746268656,259.8595,246,0.2605970149253731,0.35,0.19762686567164178,48.079499999999996,246,0.05253731343283582,0.4996,0.21755555555555556,0.5372,3
AGC_063,29,13,80,0.649,0.34544827586206894,79.036,287,0.06372413793103449,0.559,0.2736551724137931,62.3685,195,0.07024137931034483,0.396,0.20872413793103448,47.224000000000004,300,0.04913793103448276,0.817,0.2813793103448276,69.1485,300,0.1566896551724138,0.618,0.26720689655172414,63.343,290,0.06644827586206896,-0.02196551724137931,0.311,-0.226,0.13306896551724137,0.563,-0.162,1.1341724137931035,1.587,0.539,0.8797241379310344,1.39,0.286,0.17044827586206895,0.338,0.046,1.454,2.026,1.097,0.37282758620689654,0.457,0.053,0.3518,0.3100833333333333,0.605,-0.6340769230769231,-0.609,-0.66,0.767,0.3886875,96.9165,299,0.0508,0.454,0.2354375,58.6875,289,0.0432125,2.58,1.329225,323.4545,285,0.1931625,0.474,0.2279375,57.001,299,0.044725,0.4562,0.3385769230769231,0.7028571428571428,3
AGC_064,29,15,65,0.621,0.3617241379310345,84.1535,245,0.08648275862068966,0.551,0.28020689655172415,65.1235,210,0.0813448275862069,0.419,0.22389655172413794,51.612,210,0.05672413793103448,0.937,0.32,80.1085,210,0.18006896551724139,0.597,0.3067931034482759,72.8085,210,0.07662068965517241,0.03355172413793103,0.28,-0.129,0.21324137931034484,0.55,-0.009,0.9857241379310345,1.302,0.578,0.7050344827586207,1.022,0.3,0.19382758620689655,0.33,0.096,1.5099655172413793,1.995,1.215,0.3882413793103448,0.449,0.183,0.5961666666666666,0.269,0.4735,-0.6382,-0.62,-0.654,0.715,0.4186769230769231,99.373,238,0.08216923076923077,0.514,0.25603076923076923,61.856500000000004,253,0.0568,2.458,1.4148769230769231,333.9955,238,0.31286153846153847,0.519,0.2592307692307692,62.04,253,0.056846153846153845,0.673,0.30633333333333335,0.5538666666666667,3
AGC_065,23,13,62,0.753,0.43578260869565216,97.3005,215,0.06578260869565217,0.731,0.34782608695652173,78.3385,195,0.0752608695652174,0.51,0.2693478260869565,60.292500000000004,195,0.051391304347826086,1.482,0.4997391304347826,117.42399999999999,195,0.2062608695652174,0.725,0.3864347826086956,87.9435,195,0.068,0.08626086956521739,0.376,-0.191,0.26421739130434785,0.648,-0.141,0.9447826086956521,1.478,0.458,0.7118260869565217,1.343,0.216,0.21256521739130435,0.368,0.047,1.6101304347826086,2.171,1.101,0.37917391304347825,0.47,0.141,0.7476666666666667,0.48675,0.4675,-0.6461538461538462,-0.605,-0.665,0.848,0.4662096774193548,119.2615,185,0.06151612903225807,0.68,0.28150000000000003,75.9385,186,0.048419354838709676,3.184,1.5950645161290322,405.516,231,0.24661290322580645,0.687,0.2867096774193548,77.3025,186,0.04932258064516129,0.81225,0.45045454545454544,0.5455,3
AGC_066,34,15,82,0.612,0.27944117647058825,65.1645,185,0.0616764705882353,0.535,0.21808823529411764,52.3845,185,0.05991176470588235,0.398,0.17170588235294118,40.558,185,0.04358823529411765,0.82,0.17291176470588235,49.9115,185,0.11764705882352941,0.534,0.22291176470588236,53.5615,185,0.06023529411764706,-0.027176470588235295,0.245,-0.194,0.11811764705882352,0.482,-0.095,1.1050882352941176,1.483,0.615,0.8485,1.212,0.355,0.15294117647058825,0.29,0.087,1.3803823529411765,1.822,1.19,0.36161764705882354,0.419,0.029,0.332,0.21133333333333335,0.4513333333333333,-0.6241333333333333,-0.601,-0.649,0.708,0.35965853658536584,84.823,245,0.05457317073170732,0.495,0.22869512195121952,54.2855,254,0.042182926829268295,2.394,1.2120487804878048,285.17,245,0.21147560975609755,0.486,0.223,52.965,186,0.04269512195121951,0.43572727272727274,0.27466666666666667,0.5402,3
AGC_067,29,10,58,0.736,0.42917241379310345,82.8015,225,0.044586206896551725,0.664,0.33648275862068966,63.881499999999996,235,0.0593448275862069,0.48,0.25624137931034485,48.872,235,0.04013793103448276,1.19,0.429,78.45349999999999,235,0.16231034482758622,0.736,0.3600344827586207,67.654,260,0.048758620689655176,0.050413793103448276,0.468,-0.285,0.2446551724137931,0.715,-0.196,1.0444137931034483,1.801,0.363,0.7493448275862069,1.499,0.167,0.22558620689655173,0.372,0.081,1.630103448275862,2.186,1.177,0.37289655172413794,0.502,0.144,0.707,0.3538888888888889,0.49775,-0.6491,-0.637,-0.659,0.823,0.4384137931034483,102.051,225,0.03203448275862069,0.553,0.26,61.2855,246,0.02956896551724138,2.906,1.520844827586207,348.317,238,0.14848275862068966,0.578,0.25805172413793104,60.2495,246,0.030586206896551723,0.7934444444444445,0.35283333333333333,0.57075,3
AGC_068,33,14,89,0.692,0.33021212121212123,77.591,257,0.06378787878787878,0.634,0.26415151515151514,64.0625,257,0.06215151515151515,0.451,0.2025151515151515,48.431,265,0.044,1.019,0.2722121212121212,74.6905,265,0.1280909090909091,0.688,0.2818181818181818,67.574,270,0.05857575757575757,0.008727272727272726,0.374,-0.201,0.15706060606060607,0.638,-0.116,1.0661818181818181,1.505,0.458,0.831030303030303,1.265,0.222,0.16612121212121211,0.35,0.066,1.4403636363636363,2.103,1.143,0.34993939393939394,0.416,0.081,0.4225,0.21008333333333334,0.613625,-0.6349285714285714,-0.606,-0.653,0.819,0.4442808988764045,98.2375,245,0.05059550561797753,0.64,0.28530337078651685,63.2105,254,0.03967415730337079,2.908,1.5504719101123596,341.3065,245,0.21337078651685393,0.61,0.2811011235955056,62.133,256,0.040842696629213485,0.5668571428571428,0.28910714285714284,0.6976071428571429,3
AGC_069,33,22,92,0.661,0.4044242424242424,84.084,265,0.05663636363636364,0.621,0.3271818181818182,68.5525,280,0.06221212121212121,0.443,0.25133333333333335,52.411,280,0.04212121212121212,0.989,0.3787878787878788,80.511,280,0.12875757575757577,0.685,0.35618181818181816,73.89,280,0.057151515151515155,0.030909090909090907,0.307,-0.201,0.19393939393939394,0.579,-0.135,1.0080909090909091,1.508,0.532,0.7659393939393939,1.318,0.268,0.17754545454545456,0.331,0.05,1.469090909090909,1.998,1.107,0.3950909090909091,0.456,0.254,0.5504285714285714,0.3064545454545455,0.608625,-0.6256818181818182,-0.595,-0.642,0.769,0.4293695652173913,96.9015,248,0.034760869565217394,0.564,0.26611956521739133,61.371,266,0.027206521739130435,2.876,1.5644782608695653,355.86,248,0.15019565217391304,0.525,0.2613369565217391,59.460499999999996,266,0.02698913043478261,0.6215,0.3169090909090909,0.6864210526315789,3
AGC_070,27,13,58,0.714,0.39844444444444443,78.758,257,0.12314814814814815,0.662,0.3058148148148148,60.450500000000005,260,0.11270370370370371,0.454,0.23833333333333334,47.069,260,0.07966666666666666,1.056,0.3674074074074074,70.9995,260,0.23022222222222222,0.748,0.36818518518518517,72.9095,260,0.09914814814814815,0.12277777777777778,0.47,-0.068,0.2902592592592593,0.715,0.025,0.8232962962962963,1.151,0.365,0.6059629629629629,0.96,0.168,0.19133333333333333,0.373,0.079,1.5188148148148148,2.199,1.179,0.31877777777777777,0.388,0.136,0.5041666666666667,0.3075714285714286,0.621,-0.6507692307692308,-0.633,-0.657,0.806,0.43524137931034484,95.7055,246,0.1066551724137931,0.539,0.25346551724137933,56.457499999999996,266,0.07220689655172413,2.861,1.4966206896551724,328.515,257,0.40363793103448276,0.541,0.25491379310344825,56.288,246,0.07172413793103448,0.6297692307692307,0.289875,0.6803333333333333,3
AGC_071,31,13,84,0.637,0.35125806451612906,74.81400000000001,265,0.07025806451612904,0.524,0.27816129032258063,58.705,250,0.07106451612903227,0.394,0.21348387096774193,44.771,265,0.05038709677419355,0.769,0.2833548387096774,59.964,265,0.14351612903225808,0.589,0.28896774193548386,61.83,257,0.06661290322580646,0.014354838709677421,0.326,-0.187,0.17670967741935484,0.606,-0.116,1.0330322580645162,1.462,0.512,0.7839677419354839,1.262,0.247,0.17519354838709678,0.35,0.062,1.4631290322580646,2.082,1.132,0.35854838709677417,0.432,-0.184,0.504,0.2957777777777778,0.517625,-0.6276923076923077,-0.618,-0.643,0.772,0.4280595238095238,95.0455,245,0.059011904761904765,0.495,0.2598690476190476,57.7295,252,0.04477380952380952,2.83,1.4617619047619048,325.005,245,0.2245,0.478,0.25447619047619047,56.399,252,0.04563095238095238,0.6085333333333334,0.3151,0.6305909090909091,3
AGC_072,28,23,74,0.757,0.36760714285714285,87.142,265,0.04339285714285714,0.658,0.29146428571428573,68.3135,265,0.04767857142857143,0.488,0.22914285714285715,53.1525,265,0.033678571428571426,1.198,0.33599999999999997,86.106,265,0.10417857142857143,0.748,0.3226785714285714,78.193,265,0.04321428571428571,0.08528571428571428,0.521,-0.154,0.22617857142857142,0.723,-0.101,0.9228928571428572,1.364,0.317,0.7343571428571428,1.227,0.161,0.1679642857142857,0.367,0.038,1.4551785714285714,2.171,1.08,0.34435714285714286,0.443,-0.206,0.55275,0.2927272727272727,0.6626666666666666,-0.6126521739130435,-0.575,-0.655,0.828,0.40840540540540543,101.705,261,0.03763513513513513,0.641,0.2656216216216216,67.6935,270,0.029527027027027027,3.273,1.420689189189189,362.7925,253,0.15778378378378377,0.647,0.2660540540540541,66.9545,253,0.03016216216216216,0.6238461538461538,0.29916,0.7636428571428572,3
AGC_073,21,14,65,0.509,0.26904761904761904,66.341,235,0.06385714285714286,0.454,0.20257142857142857,50.4685,235,0.06228571428571429,0.325,0.15904761904761905,39.1265,235,0.04680952380952381,0.565,0.14342857142857143,44.8695,235,0.12133333333333333,0.526,0.21761904761904763,57.4505,235,0.05361904761904762,0.009571428571428573,0.346,-0.184,0.15804761904761905,0.58,-0.121,1.063047619047619,1.45,0.488,0.8372380952380952,1.277,0.272,0.1657142857142857,0.327,0.043,1.4455238095238094,1.996,1.09,0.29219047619047617,0.431,-0.378,0.501,0.1548,0.42242857142857143,-0.6183571428571428,-0.58,-0.642,0.614,0.32850769230769233,79.863,246,0.06383076923076923,0.358,0.20218461538461538,49.3715,268,0.04583076923076923,1.88,1.0520307692307693,255.388,246,0.2570923076923077,0.351,0.19781538461538462,47.924,246,0.047646153846153845,0.5198,0.2101875,0.5394,3
AGC_074,25,13,70,0.812,0.37744,81.367,240,0.06136,0.812,0.31232,68.78,240,0.06732,0.584,0.24384,52.976,240,0.04764,1.993,0.43316,101.4975,240,0.16952,0.851,0.35232,76.8215,240,0.0598,0.09596,0.507,-0.123,0.26448,0.737,-0.036,0.89916,1.282,0.329,0.66772,1.079,0.152,0.19996,0.377,0.079,1.55464,2.217,1.172,0.3582,0.425,0.105,0.7405,0.2683333333333333,0.5198333333333334,-0.6192307692307693,-0.586,-0.648,0.898,0.42115714285714284,97.42099999999999,238,0.04554285714285714,0.737,0.2866,65.7435,232,0.03654285714285714,3.377,1.4883857142857142,343.7245,241,0.17814285714285713,0.738,0.2932571428571429,67.301,238,0.0372,0.8350833333333333,0.2777272727272727,0.5901333333333333,3
AGC_075,33,14,82,0.605,0.33866666666666667,74.313,185,0.05506060606060606,0.545,0.273969696969697,61.211000000000006,185,0.0576969696969697,0.403,0.21242424242424243,47.0915,185,0.040363636363636365,0.87,0.2772727272727273,66.5435,185,0.1200909090909091,0.557,0.30024242424242426,66.96300000000001,237,0.04990909090909091,0.01993939393939394,0.279,-0.18,0.16906060606060605,0.529,-0.125,1.0191818181818182,1.44,0.578,0.7937878787878788,1.286,0.314,0.15972727272727272,0.305,0.041,1.4114545454545455,1.902,1.085,0.3578787878787879,0.417,0.121,0.5471666666666667,0.3191818181818182,0.409,-0.6341428571428571,-0.6,-0.663,0.697,0.41641463414634144,95.29599999999999,235,0.04784146341463415,0.521,0.2574268292682927,60.018,182,0.03769512195121951,2.476,1.438670731707317,327.557,245,0.18928048780487805,0.466,0.25476829268292683,59.0735,185,0.03821951219512195,0.6332,0.34008,0.5093333333333333,3
AGC_076,32,15,76,0.67,0.359875,82.262,265,0.05846875,0.588,0.278125,64.254,265,0.06175,0.44,0.21459375,48.8885,265,0.043625,0.992,0.28409375,70.917,265,0.12621875,0.658,0.28921875,68.375,270,0.052125,0.0339375,0.43,-0.181,0.20834375,0.65,-0.079,1.01040625,1.444,0.404,0.7391875,1.175,0.214,0.19321875,0.343,0.087,1.51346875,2.046,1.191,0.34115625,0.439,-0.368,0.414,0.33525,0.5904285714285714,-0.6382,-0.612,-0.665,0.778,0.41936842105263156,103.841,285,0.046171052631578946,0.595,0.2629605263157895,66.17,268,0.03622368421052632,2.725,1.427578947368421,348.9525,285,0.1735657894736842,0.569,0.25903947368421054,64.7505,268,0.03680263157894737,0.49246153846153845,0.3558695652173913,0.73675,3
AGC_077,27,15,63,0.623,0.3045185185185185,73.1095,285,0.06207407407407407,0.498,0.23603703703703705,56.6075,265,0.05807407407407408,0.386,0.1905925925925926,45.227000000000004,265,0.04151851851851852,0.766,0.221,61.362,265,0.11507407407407408,0.591,0.25262962962962965,62.7745,265,0.05848148148148148,-0.003851851851851851,0.311,-0.183,0.12296296296296295,0.563,-0.125,1.0727407407407408,1.451,0.538,0.8654444444444445,1.288,0.287,0.13825925925925925,0.316,0.039,1.3482962962962963,1.937,1.083,0.37992592592592594,0.453,0.105,0.472,0.22890909090909092,0.5848,-0.6188,-0.577,-0.654,0.7,0.3542857142857143,86.198,285,0.05507936507936508,0.495,0.21885714285714286,55.111,251,0.038142857142857145,2.543,1.2145238095238096,303.134,238,0.22465079365079366,0.454,0.21784126984126984,54.1535,251,0.037936507936507935,0.5687,0.2681304347826087,0.6512,3
AGC_078,31,9,57,0.744,0.3414838709677419,73.10600000000001,240,0.06664516129032258,0.676,0.25703225806451613,56.1245,235,0.06016129032258065,0.481,0.19919354838709677,43.1685,240,0.042516129032258064,1.194,0.26703225806451614,61.969500000000004,240,0.1192258064516129,0.738,0.32125806451612904,69.5235,260,0.053548387096774196,0.10293548387096774,0.491,-0.096,0.27219354838709675,0.724,-0.002,0.8606129032258064,1.215,0.347,0.6308709677419355,1.007,0.162,0.19148387096774194,0.368,0.082,1.5146774193548387,2.17,1.182,0.263,0.368,-0.276,0.6296666666666667,0.21736363636363637,0.5041428571428571,-0.648,-0.637,-0.654,0.85,0.3870701754385965,89.7045,238,0.04364912280701754,0.669,0.23298245614035087,53.876,236,0.031456140350877196,3.01,1.3201929824561403,306.8385,238,0.17817543859649124,0.623,0.23442105263157895,53.8345,236,0.03150877192982456,0.762,0.24033333333333334,0.5834545454545454,3
AGC_079,22,10,50,0.689,0.41454545454545455,77.4325,240,0.07754545454545454,0.577,0.3215909090909091,58.613,245,0.08840909090909091,0.419,0.2500909090909091,46.178000000000004,235,0.06009090909090909,0.911,0.40595454545454546,68.75150000000001,235,0.21545454545454545,0.677,0.38486363636363635,71.78,240,0.0755,0.14618181818181816,0.369,-0.088,0.32277272727272727,0.61,-0.016,0.7936818181818182,1.196,0.466,0.5769090909090909,1.037,0.245,0.20654545454545456,0.332,0.053,1.5707272727272727,2.006,1.114,0.31577272727272726,0.383,0.214,0.6598,0.367,0.5298,-0.6405000000000001,-0.626,-0.659,0.792,0.37272,92.02499999999999,238,0.06136,0.5,0.21744,54.246,246,0.05024,2.967,1.25074,310.192,238,0.25518,0.521,0.22216,55.2665,246,0.05158,0.7384999999999999,0.28113333333333335,0.5392,3
AGC_080,21,11,47,0.801,0.3550952380952381,87.0375,240,0.05490476190476191,0.712,0.2723333333333333,67.8725,240,0.059571428571428574,0.523,0.21161904761904762,52.274,240,0.041999999999999996,1.48,0.3367142857142857,96.06849999999999,240,0.1463809523809524,0.805,0.31423809523809526,79.845,240,0.049190476190476194,0.06728571428571428,0.478,-0.128,0.22361904761904763,0.722,-0.058,0.9513809523809524,1.298,0.358,0.734,1.128,0.164,0.1848095238095238,0.38,0.058,1.5191904761904762,2.234,1.126,0.33114285714285713,0.374,0.264,0.7402500000000001,0.260875,0.5286666666666666,-0.6514545454545455,-0.634,-0.664,0.892,0.4054042553191489,105.3625,241,0.049191489361702125,0.679,0.23502127659574468,63.8975,246,0.03861702127659575,3.385,1.3941489361702128,362.82800000000003,241,0.19972340425531915,0.705,0.24002127659574468,64.73700000000001,246,0.040297872340425533,0.832,0.298125,0.61875,3
AGC_081,29,12,58,0.775,0.35,78.86200000000001,240,0.062344827586206894,0.71,0.2556551724137931,56.556999999999995,240,0.06210344827586207,0.525,0.19975862068965516,43.808,240,0.04372413793103448,1.495,0.27613793103448275,63.341,240,0.12755172413793103,0.759,0.2937586206896552,66.4795,240,0.05610344827586207,0.04851724137931035,0.425,-0.145,0.20317241379310347,0.684,-0.077,0.9777931034482759,1.34,0.406,0.7551724137931034,1.171,0.19,0.17644827586206896,0.395,0.053,1.482896551724138,2.33,1.114,0.32875862068965517,0.436,-0.129,0.6859999999999999,0.2658333333333333,0.49160000000000004,-0.6478333333333334,-0.635,-0.661,0.857,0.3843793103448276,97.878,238,0.05032758620689655,0.629,0.22351724137931034,57.108000000000004,235,0.035534482758620686,3.25,1.3387931034482758,340.3455,241,0.19487931034482758,0.645,0.227,57.227000000000004,238,0.03575862068965517,0.7966666666666666,0.26925,0.5874444444444444,3
AGC_082,20,13,78,0.636,0.4035,87.386,225,0.05045,0.517,0.30569999999999997,64.7335,200,0.04775,0.383,0.2396,50.9105,210,0.0348,0.73,0.3401,72.8155,210,0.0979,0.559,0.3272,70.646,200,0.04575,0.0646,0.272,-0.149,0.2686,0.554,-0.049,0.938,1.352,0.577,0.6508,1.106,0.29,0.22425,0.339,0.089,1.62215,2.033,1.196,0.3643,0.409,0.276,0.6203333333333333,0.4702857142857143,0.48075,-0.6315384615384615,-0.607,-0.657,0.733,0.43215384615384617,99.1,238,0.04253846153846154,0.449,0.2568205128205128,59.662,198,0.02794871794871795,2.301,1.3688846153846155,313.406,231,0.15838461538461537,0.463,0.2542948717948718,58.5745,221,0.028525641025641025,0.6991176470588235,0.35785185185185187,0.5587857142857143,3
AGC_083,34,16,79,0.674,0.3705,75.163,220,0.04341176470588235,0.645,0.2985294117647059,58.745,220,0.046911764705882354,0.464,0.22855882352941176,45.011,220,0.03267647058823529,1.091,0.33949999999999997,63.7775,217,0.10744117647058823,0.654,0.30114705882352943,60.823,220,0.04011764705882353,0.01197058823529412,0.301,-0.213,0.20547058823529413,0.57,-0.127,1.052,1.543,0.541,0.7553235294117647,1.293,0.277,0.2097058823529412,0.351,0.068,1.576970588235294,2.092,1.147,0.37523529411764706,0.448,-0.212,0.6536666666666667,0.30615384615384617,0.461125,-0.6340625,-0.621,-0.656,0.757,0.40837974683544304,95.14999999999999,238,0.031759493670886076,0.552,0.2589113924050633,60.0215,216,0.025632911392405065,2.604,1.3555949367088607,313.522,216,0.12655696202531647,0.562,0.25350632911392407,58.3555,216,0.02621518987341772,0.7368333333333333,0.3274444444444444,0.579125,3
AGC_084,24,13,72,0.672,0.3897083333333333,90.161,257,0.09920833333333333,0.596,0.30595833333333333,71.825,257,0.09358333333333334,0.432,0.23854166666666668,55.2195,257,0.06583333333333333,1.061,0.35783333333333334,95.236,257,0.21883333333333332,0.637,0.31266666666666665,75.0255,257,0.09283333333333334,0.017875000000000002,0.309,-0.162,0.20529166666666668,0.575,-0.046,1.028625,1.392,0.554,0.7307083333333333,1.107,0.279,0.20304166666666668,0.343,0.108,1.5434166666666667,2.057,1.245,0.40125,0.456,0.254,0.4448571428571429,0.363,0.657,-0.6349230769230769,-0.613,-0.65,0.764,0.43748611111111113,104.136,299,0.09434722222222222,0.512,0.2699166666666667,65.717,289,0.06515277777777778,2.683,1.496375,355.023,256,0.3401527777777778,0.515,0.2682638888888889,64.797,265,0.067125,0.5190625,0.3689090909090909,0.726,3
AGC_085,29,20,81,0.56,0.32920689655172414,71.9105,240,0.06441379310344827,0.471,0.2609655172413793,56.201,257,0.06006896551724138,0.357,0.20589655172413793,44.3015,257,0.041827586206896555,0.651,0.2530689655172414,56.317,257,0.1220344827586207,0.559,0.27893103448275863,61.9645,257,0.05672413793103448,0.015517241379310345,0.247,-0.161,0.1639655172413793,0.521,-0.118,1.016,1.387,0.608,0.7956896551724139,1.268,0.32,0.15848275862068967,0.32,0.024,1.4159655172413794,1.966,1.05,0.3722758620689655,0.452,0.181,0.5091666666666667,0.2957,0.4505,-0.6174,-0.574,-0.651,0.686,0.3585679012345679,86.5725,248,0.05614814814814815,0.415,0.22749382716049382,54.6575,248,0.03828395061728395,2.324,1.1899382716049383,285.5665,249,0.2115679012345679,0.432,0.22375308641975308,53.3055,248,0.03901234567901234,0.578,0.31792592592592595,0.5344666666666666,3
AGC_086,34,12,89,0.644,0.3053823529411765,68.944,265,0.04808823529411765,0.557,0.24147058823529413,55.091,265,0.049323529411764704,0.417,0.1866764705882353,42.207499999999996,265,0.03479411764705882,0.862,0.21438235294117647,53.2625,265,0.09541176470588235,0.636,0.25579411764705884,59.016,270,0.04926470588235294,-0.018705882352941176,0.328,-0.195,0.11258823529411764,0.602,-0.137,1.1067941176470588,1.485,0.509,0.8939705882352941,1.319,0.25,0.1438235294117647,0.343,0.046,1.3740294117647058,2.048,1.096,0.3600294117647059,0.418,0.221,0.35433333333333333,0.21483333333333335,0.581125,-0.6393333333333333,-0.631,-0.648,0.744,0.3871685393258427,87.97200000000001,257,0.03741573033707865,0.5,0.23350561797752808,52.528999999999996,264,0.028898876404494383,2.745,1.3340112359550562,303.897,265,0.15296629213483146,0.503,0.22725842696629214,50.941,265,0.028707865168539324,0.4813076923076923,0.2664848484848485,0.6626521739130434,3
AGC_087,31,16,78,0.615,0.34596774193548385,70.254,215,0.05016129032258065,0.57,0.2866774193548387,57.2635,215,0.0527741935483871,0.43,0.22064516129032258,44.1855,215,0.036516129032258066,0.933,0.3130322580645161,59.0175,215,0.11483870967741935,0.604,0.31151612903225806,63.356500000000004,220,0.048935483870967744,0.046612903225806454,0.274,-0.155,0.19016129032258064,0.536,-0.11,0.9672258064516129,1.368,0.573,0.765774193548387,1.248,0.304,0.15712903225806452,0.309,0.029,1.4088709677419355,1.898,1.06,0.34880645161290325,0.418,0.181,0.5885714285714285,0.3295,0.38866666666666666,-0.6229375,-0.603,-0.641,0.726,0.3808717948717949,88.8095,222,0.04221794871794872,0.507,0.23446153846153847,54.095,226,0.03266666666666666,2.605,1.2933333333333332,301.304,238,0.17214102564102565,0.503,0.23176923076923076,53.5375,216,0.0328974358974359,0.6781538461538461,0.30403703703703705,0.4811578947368421,3
AGC_088,24,22,64,0.706,0.394375,87.9635,240,0.05825,0.59,0.31804166666666667,70.1735,265,0.06791666666666667,0.449,0.24983333333333332,55.055,265,0.046375,1,0.39941666666666664,92.9075,265,0.15587499999999999,0.694,0.35125,79.481,240,0.050458333333333334,0.092,0.371,-0.145,0.255625,0.624,-0.098,0.8933333333333333,1.339,0.462,0.6819999999999999,1.218,0.234,0.18629166666666666,0.335,0.037,1.506875,2.015,1.077,0.3675833333333333,0.435,0.09,0.63375,0.3774,0.6014999999999999,-0.6086818181818182,-0.564,-0.651,0.798,0.3744375,99.972,238,0.049609375,0.503,0.240265625,63.7235,265,0.039625,2.977,1.2533125,343.57,241,0.179078125,0.522,0.243671875,64.303,265,0.040140625,0.6981818181818182,0.2683809523809524,0.677,3
AGC_089,29,11,60,0.743,0.38182758620689655,77.013,220,0.03624137931034483,0.659,0.299551724137931,59.67,215,0.041448275862068965,0.482,0.2316206896551724,46.319500000000005,215,0.02810344827586207,1.171,0.356551724137931,69.5355,215,0.09275862068965517,0.708,0.35086206896551725,70.248,220,0.03589655172413793,0.10924137931034483,0.432,-0.141,0.2860344827586207,0.676,-0.076,0.8758965517241379,1.33,0.398,0.643,1.165,0.194,0.2073448275862069,0.356,0.056,1.5757586206896552,2.108,1.118,0.31410344827586206,0.413,0.112,0.7086666666666667,0.326,0.382,-0.642,-0.623,-0.651,0.826,0.3827833333333333,93.2275,225,0.026216666666666666,0.629,0.23131666666666667,57.294000000000004,236,0.020966666666666665,2.905,1.2989333333333333,314.98199999999997,225,0.11903333333333334,0.596,0.23308333333333334,57.2285,236,0.021383333333333334,0.7871111111111111,0.3058095238095238,0.46925,3
AGC_090,29,13,77,0.668,0.34548275862068967,82.9435,240,0.052689655172413793,0.617,0.28248275862068967,67.8685,237,0.05610344827586207,0.432,0.21882758620689655,52.210499999999996,237,0.03993103448275862,0.944,0.3014137931034483,80.0975,237,0.1246551724137931,0.654,0.2791034482758621,70.58200000000001,237,0.04755172413793103,-0.015620689655172416,0.313,-0.216,0.15289655172413794,0.6,-0.128,1.1070689655172414,1.553,0.526,0.8253103448275863,1.296,0.251,0.1813793103448276,0.356,0.074,1.4773793103448276,2.108,1.16,0.39779310344827584,0.446,0.3,0.5836,0.29063636363636364,0.547,-0.6307692307692307,-0.608,-0.643,0.775,0.4207012987012987,101.443,238,0.047714285714285716,0.573,0.2692337662337662,64.594,236,0.03937662337662338,2.662,1.4273506493506494,341.0905,249,0.18835064935064935,0.532,0.2633896103896104,63.521,236,0.040662337662337664,0.6653571428571429,0.34692,0.6172,3
AGC_091,31,24,87,0.709,0.3878064516129032,88.858,265,0.06529032258064515,0.65,0.331741935483871,77.167,280,0.06290322580645161,0.471,0.2554193548387097,58.4025,265,0.044032258064516126,1.127,0.40838709677419355,102.354,265,0.136,0.732,0.35751612903225805,83.35,280,0.04670967741935484,0.08893548387096774,0.383,-0.131,0.25967741935483873,0.65,-0.026,0.8908709677419355,1.302,0.448,0.6500967741935484,1.056,0.214,0.19280645161290322,0.373,0.088,1.5148709677419354,2.191,1.194,0.35461290322580646,0.415,0.16,0.5302,0.29208333333333336,0.654,-0.625875,-0.596,-0.652,0.812,0.4155057471264368,99.31099999999999,248,0.052770114942528736,0.602,0.2812413793103448,69.2595,256,0.03650574712643678,2.938,1.4576781609195402,352.70300000000003,249,0.2089080459770115,0.599,0.27722988505747126,67.426,248,0.03668965517241379,0.5885625,0.3178333333333333,0.7101875,3
AGC_092,28,24,88,0.685,0.3000357142857143,71.3195,285,0.06253571428571429,0.605,0.24610714285714286,59.6165,285,0.061,0.444,0.19282142857142856,46.059,285,0.04375,1.027,0.24632142857142858,67.5435,285,0.12925,0.67,0.2716071428571429,65.172,285,0.051,0.02532142857142857,0.36,-0.138,0.17464285714285716,0.61,-0.056,0.9992142857142857,1.321,0.477,0.7607142857142857,1.12,0.246,0.16092857142857142,0.326,0.071,1.4075714285714285,1.974,1.154,0.3376071428571429,0.407,-0.109,0.2915,0.22844444444444445,0.6183333333333334,-0.6147916666666666,-0.579,-0.648,0.77,0.35260227272727274,82.9185,285,0.045681818181818185,0.513,0.23032954545454545,55.6925,273,0.03448863636363636,2.811,1.2211477272727274,288.947,285,0.17502272727272727,0.518,0.224625,53.5405,299,0.03421590909090909,0.37106666666666666,0.25110714285714286,0.67675,3
AGC_093,33,13,85,0.586,0.3354242424242424,73.286,235,0.053636363636363635,0.504,0.2726363636363636,59.8615,237,0.056151515151515154,0.373,0.21142424242424243,46.156,237,0.03954545454545454,0.691,0.2713030303030303,62.673,237,0.11772727272727272,0.561,0.2929090909090909,64.967,237,0.05163636363636363,0.012636363636363637,0.277,-0.189,0.15915151515151515,0.534,-0.135,1.0342727272727272,1.466,0.568,0.8097272727272727,1.312,0.305,0.1563030303030303,0.303,0.041,1.3993030303030303,1.872,1.085,0.36448484848484847,0.421,0.226,0.5481666666666667,0.30763636363636365,0.407125,-0.6313076923076923,-0.61,-0.648,0.716,0.4071764705882353,93.4415,245,0.04655294117647059,0.448,0.2515058823529412,58.1255,182,0.03695294117647059,2.527,1.400235294117647,318.4805,238,0.18662352941176472,0.455,0.2480470588235294,57.106,235,0.0376,0.6342666666666666,0.3250769230769231,0.49704,3
AGC_094,29,31,65,0.673,0.29986206896551726,69.4155,265,0.048,0.616,0.2229655172413793,52.546,265,0.05220689655172414,0.459,0.17455172413793105,40.5855,265,0.03789655172413793,1.069,0.18424137931034482,50.875499999999995,265,0.1026896551724138,0.612,0.23151724137931035,55.247,265,0.04979310344827586,-0.021448275862068964,0.399,-0.209,0.13058620689655173,0.636,-0.137,1.1224137931034484,1.532,0.436,0.8628275862068966,1.321,0.225,0.16510344827586207,0.325,0.06,1.4270344827586208,1.971,1.127,0.338,0.466,-0.149,0.26375,0.2693846153846154,0.5673333333333334,-0.6239677419354839,-0.596,-0.647,0.759,0.3697384615384615,89.298,285,0.04166153846153846,0.572,0.22512307692307693,55.134,267,0.03193846153846154,2.541,1.2521846153846155,299.129,285,0.17007692307692307,0.557,0.22076923076923077,53.7605,267,0.03181538461538461,0.38325,0.2911,0.7187692307692307,3
AGC_095,32,15,80,0.572,0.33040625,72.034,217,0.057625,0.501,0.2616875,56.631499999999996,217,0.054625,0.387,0.20621875,44.3165,217,0.0379375,0.762,0.25546875,56.2585,217,0.10703125,0.571,0.2859375,64.188,237,0.048625,0.016718749999999998,0.272,-0.167,0.169375,0.535,-0.095,1.019375,1.403,0.573,0.78215625,1.21,0.306,0.16290625,0.32,0.055,1.41578125,1.951,1.116,0.36521875,0.439,0.019,0.543,0.2895,0.43833333333333335,-0.6314,-0.592,-0.652,0.703,0.3686875,87.624,248,0.0500125,0.451,0.230675,55.2825,221,0.0354625,2.519,1.27295,301.9265,248,0.1933125,0.459,0.2293625,54.6505,221,0.0352375,0.6325833333333334,0.29558064516129035,0.53,3
AGC_096,18,11,38,0.44,0.19527777777777777,26.689500000000002,217,0.035055555555555555,0.364,0.1547222222222222,21.434499999999996,217,0.03261111111111111,0.291,0.12522222222222223,16.8205,217,0.024833333333333332,0.441,0.06027777777777778,10.2525,217,0.056,0.375,0.12605555555555556,18.9775,217,0.03111111111111111,-0.13333333333333333,0.078,-0.204,-0.022333333333333334,0.292,-0.111,1.3365,1.514,0.859,1.0848888888888888,1.255,0.55,0.1131111111111111,0.22,0.07,1.2623888888888888,1.565,1.152,0.40405555555555556,0.44,0.248,0.4355,0.20174999999999998,,-0.6307272727272727,-0.605,-0.654,0.661,0.26410526315789473,53.4605,248,0.03286842105263158,0.365,0.16036842105263158,32.194,243,0.022473684210526316,2.308,0.8948421052631579,179.42849999999999,248,0.14468421052631578,0.37,0.1568421052631579,31.598499999999998,243,0.022342105263157896,0.5365,0.24458333333333332,0.661,3
AGC_097,30,25,70,0.663,0.31883333333333336,71.511,285,0.06163333333333333,0.605,0.2534666666666667,57.615500000000004,280,0.058333333333333334,0.446,0.1965,44.026,265,0.0419,1.017,0.24416666666666667,60.168,265,0.11760000000000001,0.648,0.26516666666666666,60.792,280,0.053733333333333334,0.018933333333333337,0.393,-0.158,0.19286666666666666,0.668,-0.057,1.0269666666666666,1.379,0.442,0.7471666666666666,1.126,0.203,0.18956666666666666,0.38,0.095,1.5006,2.236,1.211,0.3429333333333333,0.426,0.048,0.2928,0.2611818181818182,0.6067142857142858,-0.61768,-0.586,-0.644,0.714,0.3488428571428571,86.6845,286,0.05028571428571429,0.545,0.22265714285714286,56.452,267,0.03637142857142857,2.439,1.156942857142857,285.515,256,0.18552857142857143,0.533,0.21601428571428571,54.4225,267,0.03591428571428571,0.3752142857142857,0.2802857142857143,0.6744615384615384,3
AGC_098,30,11,84,0.694,0.3457,77.943,265,0.09223333333333333,0.579,0.2637333333333333,60.617,265,0.07726666666666666,0.433,0.208,47.238,265,0.05603333333333333,0.946,0.2644666666666667,66.15,265,0.146,0.639,0.3033666666666667,68.9115,265,0.07726666666666666,0.04716666666666667,0.343,-0.108,0.20246666666666666,0.592,-0.011,0.9548666666666666,1.249,0.492,0.7233666666666667,1.029,0.257,0.16863333333333333,0.334,0.085,1.4379666666666666,2.008,1.19,0.34963333333333335,0.405,0.249,0.4003333333333333,0.2905,0.6216666666666667,-0.6347272727272727,-0.614,-0.655,0.787,0.4084047619047619,95.94500000000001,256,0.07539285714285714,0.626,0.2449761904761905,58.039500000000004,256,0.04769047619047619,2.88,1.4147738095238096,334.3905,265,0.2938928571428571,0.582,0.2441309523809524,57.9105,256,0.04823809523809524,0.501,0.30853125,0.7073684210526315,3
AGC_099,35,15,89,0.683,0.33771428571428574,71.5615,260,0.04002857142857143,0.707,0.27022857142857143,57.111,260,0.04371428571428571,0.48,0.20802857142857142,43.809999999999995,260,0.030885714285714287,1.164,0.26625714285714286,56.6205,260,0.08502857142857143,0.711,0.26694285714285715,56.4985,260,0.04074285714285714,-0.02682857142857143,0.325,-0.221,0.11517142857142856,0.599,-0.151,1.1298285714285714,1.567,0.513,0.8920285714285714,1.358,0.252,0.15374285714285715,0.344,0.056,1.397657142857143,2.058,1.12,0.3931142857142857,0.463,-0.016,0.3555,0.23316666666666666,0.5838,-0.6246,-0.603,-0.651,0.751,0.41175280898876404,92.7125,257,0.028662921348314607,0.572,0.2578202247191011,57.301,254,0.024685393258426967,2.63,1.4454606741573033,325.15,264,0.11553932584269663,0.526,0.251314606741573,55.735,254,0.02448314606741573,0.4717692307692308,0.28396666666666665,0.670923076923077,3
AGC_100,28,14,80,0.694,0.35178571428571426,83.24600000000001,245,0.06332142857142857,0.661,0.29182142857142856,69.023,245,0.07132142857142858,0.466,0.22667857142857142,53.096,245,0.04939285714285714,1.142,0.33675,87.832,245,0.1657142857142857,0.67,0.27932142857142855,69.738,245,0.06596428571428571,-0.013857142857142858,0.324,-0.211,0.14282142857142857,0.606,-0.137,1.1138571428571429,1.536,0.516,0.8571785714285715,1.318,0.248,0.17289285714285715,0.355,0.059,1.4614642857142857,2.109,1.127,0.41260714285714284,0.464,0.306,0.5484,0.2769090909090909,0.586,-0.6276428571428572,-0.615,-0.647,0.807,0.403175,100.878,246,0.050312499999999996,0.595,0.261575,64.90050000000001,236,0.044175,2.779,1.3565125,337.295,249,0.19345,0.572,0.25775,64.2395,246,0.04465,0.6431666666666667,0.3187857142857143,0.6587333333333333,3
AGC_101,28,14,78,0.567,0.30664285714285716,68.5565,237,0.05317857142857143,0.467,0.23592857142857143,52.291999999999994,237,0.05039285714285714,0.337,0.18628571428571428,41.086,237,0.03696428571428571,0.575,0.2005357142857143,47.409,237,0.09514285714285714,0.541,0.24010714285714285,55.272,237,0.046035714285714284,-0.03471428571428571,0.232,-0.206,0.12492857142857143,0.501,-0.108,1.1256785714285715,1.522,0.627,0.8490357142857143,1.247,0.334,0.16639285714285715,0.307,0.077,1.4224285714285714,1.889,1.168,0.37760714285714286,0.454,0.075,0.5048,0.2444,0.44,-0.6267142857142857,-0.579,-0.657,0.693,0.37741025641025644,86.6405,248,0.048435897435897435,0.415,0.23174358974358975,53.550000000000004,237,0.03491025641025641,2.38,1.2771282051282051,292.273,248,0.18487179487179486,0.413,0.2248974358974359,51.6365,248,0.035102564102564106,0.5838461538461538,0.294,0.556235294117647,3
AGC_102,28,13,75,0.604,0.32207142857142856,71.9545,237,0.046785714285714285,0.489,0.24392857142857144,53.5845,237,0.04575,0.351,0.19232142857142856,42.104,237,0.033107142857142856,0.614,0.21739285714285714,50.415,237,0.09110714285714286,0.569,0.25257142857142856,57.7995,237,0.04139285714285714,-0.03528571428571429,0.248,-0.217,0.12910714285714286,0.529,-0.122,1.1340357142857143,1.557,0.605,0.853,1.283,0.309,0.1724642857142857,0.326,0.072,1.4453928571428571,1.968,1.157,0.3862857142857143,0.459,0.148,0.5448,0.2473,0.4731666666666667,-0.6317692307692307,-0.584,-0.656,0.732,0.38970666666666665,89.748,238,0.04221333333333333,0.437,0.23441333333333333,53.5895,242,0.03198666666666666,2.525,1.3299066666666666,305.10949999999997,249,0.16582666666666668,0.434,0.22733333333333333,51.8175,248,0.03208,0.6245833333333334,0.3070769230769231,0.5716875,3
AGC_103,32,15,89,0.736,0.392,78.781,225,0.0695625,0.753,0.35925,69.8725,215,0.07921875,0.539,0.26546875,52.3315,215,0.05246875,1.786,0.54903125,97.80199999999999,217,0.23715624999999999,0.777,0.3733125,74.6895,237,0.06734375,0.095,0.438,-0.163,0.257125,0.695,-0.091,0.9144375,1.392,0.396,0.692875,1.204,0.182,0.19371875,0.377,0.061,1.533875,2.217,1.132,0.34734375,0.405,0.207,0.719,0.3431666666666667,0.4063333333333333,-0.6312666666666666,-0.59,-0.651,0.832,0.4222696629213483,96.153,225,0.06180898876404495,0.695,0.28152808988764044,64.519,222,0.048179775280898875,3.222,1.5059662921348314,344.49150000000003,230,0.2507752808988764,0.667,0.2808089887640449,64.0995,222,0.0491123595505618,0.7974615384615384,0.36263636363636365,0.4826086956521739,3
AGC_104,26,21,83,0.622,0.3500384615384615,81.056,237,0.05457692307692308,0.513,0.2804615384615385,63.689,237,0.05465384615384615,0.375,0.2196923076923077,50.0165,237,0.03892307692307692,0.698,0.2948846153846154,72.042,237,0.11634615384615385,0.599,0.29384615384615387,69.87650000000001,237,0.051807692307692305,0.01965384615384615,0.282,-0.175,0.17034615384615384,0.547,-0.114,1.025,1.427,0.564,0.797923076923077,1.26,0.295,0.1635,0.316,0.043,1.4259615384615385,1.93,1.089,0.37903846153846155,0.444,0.033,0.5678333333333333,0.34,0.43766666666666665,-0.6192380952380953,-0.58,-0.651,0.742,0.40213253012048195,96.616,248,0.04516867469879518,0.47,0.2596144578313253,63.394,179,0.034216867469879515,2.546,1.3684698795180723,327.7165,249,0.1749156626506024,0.481,0.2559277108433735,61.8085,248,0.03503614457831325,0.6487857142857143,0.36457142857142855,0.5670625,3
AGC_105,28,16,73,0.627,0.3630357142857143,83.654,265,0.03621428571428571,0.525,0.2918928571428571,66.078,237,0.03725,0.377,0.22485714285714287,50.7545,237,0.02582142857142857,0.709,0.29978571428571427,72.897,237,0.076,0.581,0.2940357142857143,69.4425,237,0.03517857142857143,-0.006142857142857143,0.235,-0.224,0.1644642857142857,0.521,-0.162,1.0796785714285715,1.58,0.625,0.8210357142857143,1.387,0.318,0.18192857142857144,0.329,0.036,1.48975,1.986,1.075,0.3914642857142857,0.444,0.279,0.5526666666666666,0.3125,0.5512,-0.6241875,-0.599,-0.645,0.753,0.4078082191780822,102,248,0.029123287671232876,0.489,0.2564931506849315,62.5015,257,0.02402739726027397,2.654,1.364041095890411,332.6175,249,0.119,0.491,0.2502191780821918,61.2645,248,0.024205479452054795,0.6429230769230769,0.34099999999999997,0.6653846153846154,3
AGC_106,29,15,77,0.607,0.35151724137931034,80.2825,185,0.050551724137931034,0.512,0.27582758620689657,61.490500000000004,195,0.050482758620689655,0.38,0.2150344827586207,47.8055,210,0.035,0.756,0.28579310344827585,67.396,185,0.11517241379310345,0.575,0.29651724137931035,68.8755,237,0.05131034482758621,0.04131034482758621,0.292,-0.168,0.2033103448275862,0.559,-0.116,0.9869655172413793,1.408,0.556,0.752,1.263,0.29,0.17882758620689657,0.341,0.039,1.479,2.049,1.082,0.34817241379310343,0.447,0.03,0.5578333333333333,0.3482727272727273,0.4216,-0.6224666666666666,-0.593,-0.655,0.703,0.4029220779220779,96.56,184,0.04896103896103896,0.461,0.24866233766233767,59.737,186,0.034428571428571426,2.402,1.3482207792207792,323.3415,238,0.19975324675324677,0.459,0.2451948051948052,58.4415,186,0.035493506493506494,0.6355,0.39145833333333335,0.569,3
AGC_107,31,20,82,0.691,0.44951612903225807,95.94500000000001,215,0.05235483870967742,0.614,0.36548387096774193,76.507,235,0.06022580645161291,0.436,0.2760967741935484,57.913,235,0.04270967741935484,0.946,0.4625806451612903,96.3625,235,0.13519354838709677,0.645,0.37132258064516127,80.00699999999999,237,0.05554838709677419,0.059774193548387096,0.341,-0.258,0.2695806451612903,0.627,-0.166,1.016516129032258,1.709,0.494,0.7195806451612903,1.421,0.231,0.24251612903225805,0.376,0.078,1.704225806451613,2.211,1.173,0.38603225806451613,0.482,0.261,0.6711428571428572,0.41654545454545455,0.5668333333333333,-0.6397,-0.619,-0.652,0.795,0.4903780487804878,111.67699999999999,221,0.04081707317073171,0.521,0.29784146341463413,68.7655,237,0.03626829268292683,2.473,1.601329268292683,361.997,216,0.17820731707317072,0.539,0.2953048780487805,67.566,221,0.03796341463414634,0.7479411764705882,0.41444444444444445,0.6338235294117647,3
AGC_108,29,27,60,0.54,0.31196551724137933,66.4945,245,0.062379310344827583,0.467,0.2353103448275862,50.345,250,0.05910344827586207,0.318,0.1893103448275862,40.158,250,0.043517241379310345,0.516,0.2026551724137931,44.56,250,0.11375862068965517,0.489,0.2527931034482759,54.6975,245,0.053275862068965514,-0.015655172413793106,0.19,-0.169,0.1404137931034483,0.484,-0.077,1.067206896551724,1.409,0.685,0.800896551724138,1.17,0.35,0.16144827586206897,0.325,0.087,1.4031034482758622,1.969,1.192,0.37982758620689655,0.439,0.168,0.3632,0.23944444444444443,0.497125,-0.6265925925925926,-0.601,-0.684,0.605,0.33525,82.444,261,0.051283333333333334,0.367,0.19886666666666666,48.764,289,0.03725,2.079,1.1151833333333334,277.089,261,0.18221666666666667,0.365,0.19773333333333334,48.054500000000004,289,0.037333333333333336,0.46090909090909093,0.2797,0.578,3
AGC_109,29,30,71,0.541,0.319,71.656,265,0.09627586206896552,0.492,0.26520689655172414,59.693,265,0.09520689655172414,0.375,0.2073793103448276,46.0965,265,0.067,0.8,0.2810344827586207,67.5215,265,0.2110344827586207,0.509,0.274448275862069,63.4435,280,0.09875862068965517,0.019,0.257,-0.161,0.1909655172413793,0.55,-0.06,1.020655172413793,1.385,0.595,0.742551724137931,1.131,0.292,0.18544827586206897,0.344,0.094,1.481551724137931,2.055,1.209,0.36237931034482757,0.427,0.058,0.398,0.2777,0.5,-0.6082333333333333,-0.576,-0.633,0.615,0.35738028169014086,87.0225,248,0.08452112676056338,0.465,0.23853521126760563,58.942,270,0.0625774647887324,2.098,1.1929295774647888,291.5815,248,0.30690140845070424,0.445,0.23259154929577464,56.9085,267,0.06329577464788733,0.47558333333333336,0.3058181818181818,0.5644,3
AGC_110,29,15,78,0.56,0.3279310344827586,76.2675,185,0.08055172413793103,0.458,0.2641034482758621,61.2815,185,0.08051724137931035,0.346,0.20582758620689653,47.424,185,0.05620689655172414,0.664,0.26355172413793104,67.9395,265,0.17424137931034483,0.484,0.2647241379310345,63.161500000000004,237,0.08355172413793104,-0.00858620689655172,0.2,-0.182,0.1383103448275862,0.482,-0.13,1.0790689655172414,1.449,0.677,0.8449655172413794,1.301,0.359,0.15855172413793103,0.329,0.034,1.4142413793103448,1.999,1.07,0.3807241379310345,0.441,0.247,0.444,0.30954545454545457,0.499,-0.6230666666666667,-0.6,-0.65,0.728,0.38366666666666666,92.543,248,0.06743589743589744,0.499,0.2468846153846154,59.801500000000004,253,0.04808974358974359,2.521,1.2974358974358975,305.638,249,0.2553205128205128,0.507,0.2418205128205128,58.5505,253,0.04915384615384615,0.5247333333333334,0.33425,0.6152666666666666,3
AGC_111,27,17,70,0.68,0.35214814814814815,81.8485,245,0.06018518518518518,0.608,0.27444444444444444,65.065,245,0.053814814814814815,0.441,0.2199259259259259,51.350500000000004,245,0.03866666666666667,0.961,0.3012962962962963,79.575,245,0.11125925925925927,0.688,0.31296296296296294,73.291,245,0.04833333333333333,0.07225925925925926,0.353,-0.142,0.2328888888888889,0.612,-0.065,0.9172962962962963,1.335,0.481,0.688037037037037,1.145,0.242,0.17703703703703705,0.332,0.058,1.4615925925925926,2,1.125,0.3392222222222222,0.452,-0.122,0.4908,0.2571,0.61,-0.6127647058823529,-0.579,-0.652,0.74,0.3624428571428571,92.903,265,0.0523,0.586,0.23331428571428572,59.515,247,0.0349,2.7,1.2144428571428572,315.3955,265,0.21021428571428571,0.541,0.23504285714285714,59.627,247,0.035442857142857144,0.5862727272727273,0.2635217391304348,0.6626666666666666,3
AGC_112,33,14,87,0.65,0.3396666666666667,78.726,240,0.05487878787878788,0.562,0.27615151515151515,65.0995,240,0.05418181818181818,0.422,0.2136969696969697,49.771499999999996,240,0.03766666666666667,0.894,0.2828181818181818,74.30799999999999,240,0.11257575757575758,0.653,0.288030303030303,68.8295,257,0.053393939393939396,-0.006515151515151515,0.321,-0.199,0.14242424242424243,0.583,-0.135,1.0755757575757576,1.499,0.515,0.8352727272727273,1.313,0.265,0.15945454545454546,0.325,0.06,1.4113636363636364,1.969,1.128,0.38384848484848483,0.437,0.281,0.5432,0.25433333333333336,0.54975,-0.6315,-0.607,-0.654,0.804,0.4385862068965517,98.3525,245,0.05241379310344828,0.534,0.2781724137931034,62.554,236,0.0392183908045977,3.14,1.579425287356322,350.717,245,0.21559770114942528,0.552,0.27393103448275863,61.424,243,0.04020689655172414,0.6597857142857143,0.2956551724137931,0.65436,3
AGC_113,26,10,57,0.676,0.3934615384615385,70.54650000000001,220,0.05226923076923077,0.562,0.3097692307692308,53.571,215,0.05738461538461539,0.426,0.24084615384615385,42.467,215,0.03923076923076923,0.917,0.37130769230769234,57.22,215,0.12815384615384615,0.655,0.37553846153846154,67.1135,240,0.044653846153846155,0.14676923076923076,0.367,-0.069,0.3109230769230769,0.614,-0.01,0.7842692307692308,1.15,0.465,0.5836923076923077,1.022,0.241,0.18884615384615386,0.322,0.036,1.5073076923076922,1.955,1.076,0.29923076923076924,0.383,0.115,0.6368571428571429,0.3464285714285714,0.4495,-0.6494,-0.627,-0.663,0.763,0.3628421052631579,85.699,238,0.040210526315789474,0.493,0.21017543859649124,50.6055,225,0.030473684210526316,2.782,1.2019298245614034,284.685,241,0.1675438596491228,0.508,0.213,50.967,225,0.030578947368421053,0.7327777777777778,0.26953333333333335,0.4887692307692308,3
AGC_114,32,12,84,0.648,0.3424375,73.0495,240,0.08184375,0.59,0.2833125,59.659,237,0.08109375,0.428,0.219,46.237500000000004,237,0.0565,0.91,0.314,66.2565,237,0.168875,0.633,0.30921875,66.344,237,0.0738125,0.05828125,0.341,-0.127,0.20678125,0.591,-0.054,0.9434375,1.292,0.493,0.731375,1.115,0.259,0.1648125,0.34,0.059,1.43234375,2.038,1.125,0.34771875,0.393,0.221,0.5722857142857143,0.2566363636363636,0.5075,-0.6248333333333334,-0.586,-0.643,0.806,0.38610714285714287,90.8005,238,0.06791666666666667,0.502,0.2394047619047619,56.293,243,0.049595238095238095,2.851,1.3184285714285715,312.238,245,0.26020238095238096,0.532,0.23972619047619048,56.2685,243,0.04988095238095238,0.6588461538461539,0.2757741935483871,0.5863157894736842,3
AGC_115,26,14,76,0.55,0.3067692307692308,71.2865,240,0.07461538461538461,0.46,0.2403076923076923,56.4945,237,0.07296153846153847,0.333,0.19088461538461537,44.0775,237,0.05515384615384616,0.603,0.22696153846153846,58.525000000000006,237,0.14792307692307693,0.556,0.2600769230769231,64.37650000000001,237,0.06323076923076923,0.03880769230769231,0.403,-0.181,0.19284615384615383,0.642,-0.12,1.006076923076923,1.441,0.442,0.7847692307692308,1.274,0.223,0.17411538461538462,0.34,0.04,1.4715,2.037,1.084,0.3200769230769231,0.43,-0.332,0.513,0.24071428571428571,0.44666666666666666,-0.6202142857142857,-0.585,-0.641,0.67,0.3687763157894737,86.514,246,0.05501315789473684,0.441,0.2318421052631579,55.4495,247,0.04476315789473684,2.082,1.1772631578947368,273.5755,246,0.21544736842105264,0.421,0.23044736842105262,54.606,253,0.04780263157894737,0.5942,0.23175,0.5794117647058824,3
AGC_116,26,15,75,0.688,0.3645,85.898,240,0.03980769230769231,0.567,0.28673076923076923,67.657,240,0.04734615384615384,0.437,0.22330769230769232,52.524,265,0.03346153846153846,0.948,0.3084230769230769,82.0395,265,0.10896153846153846,0.651,0.302,73.806,240,0.04223076923076923,0.02126923076923077,0.371,-0.201,0.18465384615384617,0.64,-0.139,1.035346153846154,1.503,0.462,0.7868461538461539,1.323,0.221,0.18061538461538462,0.355,0.048,1.4831923076923077,2.106,1.101,0.36838461538461537,0.431,0.18,0.5483333333333333,0.3127,0.5525,-0.6324666666666666,-0.605,-0.658,0.802,0.4244266666666667,102.331,246,0.030973333333333332,0.638,0.27129333333333333,65.2715,253,0.02672,2.866,1.4389333333333334,342.233,249,0.132,0.643,0.26682666666666666,64.37950000000001,253,0.027506666666666665,0.6344375,0.34552173913043477,0.677923076923077,3
AGC_117,30,12,78,0.621,0.34073333333333333,72.62049999999999,257,0.0644,0.505,0.26076666666666665,55.6575,265,0.0651,0.387,0.2055,43.568999999999996,265,0.04683333333333333,0.75,0.25133333333333335,55.0305,265,0.1306,0.586,0.2729333333333333,59.2525,270,0.0626,-0.021599999999999998,0.261,-0.209,0.10986666666666667,0.528,-0.156,1.1032666666666666,1.529,0.59,0.8898333333333334,1.372,0.311,0.14033333333333334,0.312,0.04,1.3564666666666667,1.909,1.084,0.3965666666666667,0.447,0.272,0.3843333333333333,0.2472,0.559875,-0.6396666666666667,-0.63,-0.654,0.722,0.42144871794871797,93.8215,257,0.05035897435897436,0.492,0.24966666666666668,55.713,254,0.0401025641025641,2.467,1.4581538461538461,324.5465,257,0.1895897435897436,0.455,0.24457692307692308,54.149,268,0.04055128205128205,0.4814,0.3433333333333333,0.634695652173913,3
AGC_118,25,10,62,0.685,0.33232,71.84100000000001,240,0.06888,0.569,0.2478,54.534,240,0.06872,0.432,0.20072,43.842,240,0.04872,0.954,0.24992,58.4585,240,0.1412,0.65,0.27144,61.6775,240,0.0698,0.04796,0.42,-0.132,0.22084,0.666,-0.02,0.96616,1.314,0.414,0.6968799999999999,1.051,0.204,0.18968,0.348,0.075,1.49508,2.077,1.166,0.35352,0.456,-0.051,0.598,0.238,0.42025,-0.6136,-0.594,-0.644,0.789,0.3935483870967742,86.8655,238,0.054112903225806454,0.601,0.25209677419354837,53.897999999999996,236,0.038887096774193546,2.745,1.3364193548387098,292.534,238,0.20325806451612904,0.563,0.25467741935483873,54.2815,236,0.03851612903225807,0.6961538461538461,0.2554,0.5514166666666667,3
AGC_119,33,17,72,0.668,0.4042727272727273,88.3135,245,0.10151515151515152,0.582,0.2917272727272727,62.93,210,0.08527272727272728,0.433,0.2299090909090909,49.324,210,0.05981818181818182,1.016,0.3233939393939394,70.8825,210,0.16766666666666666,0.628,0.3468787878787879,76.049,210,0.07606060606060606,0.10006060606060606,0.394,-0.07,0.2973939393939394,0.65,0.031,0.8585454545454545,1.158,0.439,0.5921818181818181,0.951,0.215,0.2183939393939394,0.35,0.093,1.5984242424242425,2.087,1.207,0.31545454545454543,0.417,-0.28,0.6338333333333334,0.3324166666666667,0.4935,-0.6432941176470588,-0.621,-0.661,0.766,0.4310555555555556,103.6065,238,0.08348611111111111,0.528,0.25822222222222224,62.7845,253,0.05291666666666667,2.782,1.4861805555555556,355.628,231,0.301875,0.536,0.2611527777777778,63,253,0.05322222222222222,0.7072499999999999,0.3152105263157895,0.5801111111111111,3
AGC_120,24,12,76,0.798,0.347875,89.4185,240,0.12066666666666667,0.708,0.26745833333333335,72.072,240,0.101875,0.52,0.20658333333333334,54.81,240,0.07266666666666667,1.507,0.29,100.74799999999999,240,0.19991666666666666,0.813,0.309375,82.38799999999999,240,0.107875,0.05125,0.458,-0.105,0.20475,0.715,-0.019,0.9736666666666667,1.259,0.376,0.7535,1.068,0.168,0.175375,0.388,0.073,1.4779583333333333,2.274,1.165,0.31375000000000003,0.408,-0.319,0.798,0.24757142857142855,0.49325,-0.6500833333333333,-0.625,-0.665,0.904,0.49923684210526315,113.458,238,0.09828947368421052,0.676,0.3258157894736842,74.232,236,0.07021052631578947,3.649,1.8515,417.8685,245,0.4136842105263158,0.687,0.32871052631578945,74.773,225,0.07198684210526315,0.8646153846153846,0.3781935483870968,0.6175882352941177,3
AGC_121,27,8,54,0.761,0.36837037037037035,75.8595,240,0.053370370370370374,0.705,0.2851111111111111,59.149,235,0.054703703703703706,0.499,0.2202962962962963,45.475,240,0.03833333333333333,1.293,0.336,70.6325,240,0.12329629629629629,0.791,0.3463333333333333,71.3565,260,0.049666666666666665,0.11070370370370371,0.528,-0.116,0.2821851851851852,0.753,-0.03,0.8619259259259259,1.265,0.313,0.6342592592592593,1.065,0.143,0.19996296296296295,0.381,0.077,1.549111111111111,2.24,1.17,0.2890740740740741,0.393,-0.262,0.6856,0.223,0.5545714285714286,-0.6445000000000001,-0.631,-0.65,0.859,0.3988333333333333,92.178,238,0.043055555555555555,0.686,0.2452962962962963,56.670500000000004,236,0.03144444444444444,3.108,1.3761481481481481,317.9185,243,0.1746851851851852,0.643,0.2482037037037037,56.86,256,0.03183333333333333,0.7702,0.23475000000000001,0.6335,3
AGC_122,31,13,73,0.68,0.3898064516129032,80.4535,220,0.0657741935483871,0.604,0.31861290322580643,65.672,217,0.06570967741935484,0.456,0.24758064516129033,51.125,217,0.0462258064516129,1.053,0.394,80.049,217,0.1415483870967742,0.672,0.3639032258064516,75.081,220,0.055419354838709675,0.10154838709677419,0.371,-0.121,0.2754516129032258,0.643,-0.057,0.8687096774193549,1.278,0.46,0.6375161290322581,1.126,0.218,0.19590322580645161,0.358,0.062,1.5286451612903225,2.117,1.134,0.34738709677419355,0.422,0.179,0.6664,0.39544444444444443,0.45455555555555555,-0.6279230769230769,-0.588,-0.652,0.803,0.39950684931506847,98.8425,238,0.05947945205479452,0.522,0.2500684931506849,61.522,216,0.03971232876712329,2.847,1.3782876712328767,340.94,238,0.22536986301369863,0.536,0.25389041095890413,62.278999999999996,216,0.04032876712328767,0.7423,0.3533076923076923,0.49523529411764705,3
AGC_123,30,15,72,0.607,0.35496666666666665,73.6905,205,0.05326666666666667,0.548,0.28953333333333336,59.334500000000006,210,0.0549,0.417,0.22746666666666665,46.708999999999996,210,0.039,0.869,0.32653333333333334,65.3365,210,0.1188,0.599,0.32353333333333334,66.9255,220,0.04643333333333333,0.06126666666666667,0.264,-0.133,0.21706666666666666,0.496,-0.08,0.9302,1.307,0.585,0.7116333333333333,1.174,0.341,0.1692,0.275,0.043,1.4393666666666667,1.766,1.092,0.36116666666666664,0.42,0.234,0.5866666666666667,0.35433333333333333,0.42614285714285716,-0.6262,-0.581,-0.658,0.719,0.37827777777777777,89.407,238,0.04473611111111111,0.469,0.23406944444444444,54.5375,225,0.03409722222222222,2.486,1.2670277777777779,300.3145,245,0.1760138888888889,0.478,0.23483333333333334,54.6595,225,0.034902777777777776,0.6652,0.31896,0.5076666666666667,3
AGC_124,31,24,81,0.677,0.3397741935483871,78.7825,285,0.08041935483870968,0.596,0.2715483870967742,64.0825,265,0.06858064516129032,0.445,0.21367741935483872,49.8095,265,0.04929032258064516,1.044,0.28216129032258064,74.4105,265,0.1393225806451613,0.646,0.29293548387096774,69.098,280,0.0682258064516129,0.03541935483870968,0.331,-0.115,0.20987096774193548,0.601,0.006,0.9773870967741936,1.265,0.515,0.7031935483870968,0.995,0.256,0.18751612903225806,0.345,0.102,1.4858709677419355,2.064,1.229,0.35454838709677416,0.415,-0.204,0.35750000000000004,0.29854545454545456,0.6316666666666667,-0.622375,-0.601,-0.651,0.762,0.3791358024691358,92.09,261,0.06244444444444444,0.582,0.24576543209876542,60.449999999999996,256,0.042123456790123456,2.689,1.303567901234568,317.9165,256,0.23134567901234568,0.565,0.24133333333333334,59.234,256,0.04153086419753087,0.4333529411764706,0.3048461538461538,0.7117142857142857,3
AGC_125,27,15,68,0.706,0.3908888888888889,89.5055,225,0.045481481481481484,0.646,0.3155925925925926,71.313,197,0.04525925925925926,0.459,0.2431851851851852,54.6805,197,0.03151851851851852,1.071,0.38837037037037037,92.07,197,0.103,0.694,0.3452962962962963,80.655,220,0.03966666666666667,0.06307407407407407,0.378,-0.205,0.23985185185185184,0.634,-0.141,0.975037037037037,1.519,0.455,0.7308888888888889,1.328,0.227,0.20466666666666666,0.361,0.039,1.574962962962963,2.14,1.082,0.35514814814814816,0.444,0.135,0.6844,0.382,0.4165,-0.6288,-0.603,-0.653,0.802,0.43083823529411763,108.3695,221,0.03172058823529412,0.548,0.2707794117647059,66.877,206,0.024558823529411765,2.837,1.4826764705882354,367.852,216,0.13813235294117648,0.549,0.2691323529411765,66.897,221,0.02536764705882353,0.7613076923076924,0.41395454545454546,0.5538,3
AGC_126,26,19,62,0.704,0.33303846153846156,78.625,265,0.05076923076923077,0.57,0.25703846153846155,60.506,240,0.050346153846153846,0.435,0.208,48.224000000000004,265,0.03676923076923077,0.949,0.27442307692307694,71.795,240,0.10596153846153847,0.683,0.2967692307692308,69.946,265,0.047115384615384615,0.06415384615384616,0.423,-0.149,0.2151923076923077,0.676,-0.091,0.9371923076923077,1.352,0.409,0.7239230769230769,1.204,0.195,0.16965384615384616,0.359,0.04,1.4483846153846154,2.124,1.084,0.3382307692307692,0.451,-0.107,0.5327500000000001,0.2233,0.6031666666666666,-0.6051578947368421,-0.571,-0.655,0.772,0.3201935483870968,91.589,265,0.038661290322580644,0.494,0.20237096774193547,56.900999999999996,241,0.027193548387096773,2.839,1.0441935483870968,307.075,265,0.15370967741935485,0.525,0.2065,58.219,241,0.02811290322580645,0.5854444444444444,0.22347619047619047,0.6534444444444444,3
AGC_127,33,17,78,0.571,0.41115151515151516,87.96600000000001,225,0.10906060606060607,0.477,0.2928787878787879,62.754,235,0.087,0.345,0.23166666666666666,49.2715,235,0.06187878787878788,0.607,0.3023939393939394,65.9085,235,0.15442424242424244,0.55,0.3668181818181818,78.8955,235,0.08654545454545455,0.1033030303030303,0.318,-0.032,0.319,0.578,0.126,0.8370909090909091,1.081,0.525,0.5468787878787879,0.8,0.27,0.2318181818181818,0.322,0.133,1.6292121212121211,1.955,1.32,0.3120909090909091,0.392,-0.146,0.537,0.3696666666666667,0.543,-0.6459411764705882,-0.622,-0.66,0.695,0.4551025641025641,101.8835,248,0.10026923076923076,0.43,0.2638974358974359,60.105,253,0.057115384615384616,2.531,1.6171153846153845,363.324,249,0.38025641025641027,0.451,0.2650128205128205,59.8255,253,0.05665384615384615,0.6163571428571428,0.387,0.6477857142857143,3
AGC_128,31,16,78,0.676,0.4192258064516129,89.64,215,0.05235483870967742,0.577,0.33003225806451614,69.684,200,0.05861290322580645,0.416,0.2533870967741936,53.667,210,0.041225806451612904,0.862,0.3945483870967742,83.55850000000001,210,0.12716129032258064,0.618,0.34596774193548385,74.4105,237,0.05083870967741935,0.06196774193548387,0.326,-0.223,0.26367741935483874,0.615,-0.146,0.9886451612903225,1.596,0.512,0.7098387096774194,1.361,0.241,0.23103225806451613,0.369,0.066,1.6651612903225805,2.175,1.143,0.3690322580645161,0.461,0.14,0.6532857142857144,0.4036363636363636,0.48233333333333334,-0.633125,-0.612,-0.65,0.787,0.4520897435897436,105.751,221,0.04282051282051282,0.492,0.2686025641025641,64.0705,198,0.03298717948717949,2.431,1.4486025641025642,336.9525,216,0.1746025641025641,0.506,0.2685,63.585,221,0.033346153846153845,0.7380625,0.4018846153846154,0.5666428571428571,3
AGC_129,25,11,55,0.744,0.38056,84.881,240,0.08276,0.634,0.28324,61.177,235,0.08864,0.457,0.22092,47.419,235,0.061720000000000004,1.089,0.34164,72.6585,235,0.21288,0.736,0.34412,77.7555,240,0.08008,0.10148,0.44,-0.098,0.26,0.675,-0.02,0.8818,1.225,0.391,0.6731199999999999,1.054,0.195,0.18664,0.338,0.064,1.5140799999999999,2.033,1.141,0.31252,0.391,-0.152,0.7094,0.3502222222222222,0.5013333333333334,-0.6503636363636364,-0.637,-0.661,0.848,0.4206,108.1905,238,0.06758181818181819,0.576,0.24416363636363636,63.17,246,0.05201818181818182,3.279,1.4762,378.411,241,0.2716909090909091,0.6,0.25081818181818183,64.65650000000001,246,0.053909090909090907,0.8033333333333333,0.3256470588235294,0.6237777777777778,3
AGC_130,30,18,63,0.65,0.3282333333333333,78.2215,210,0.06573333333333334,0.587,0.24806666666666666,59.3575,210,0.0649,0.442,0.2,47.311,210,0.045399999999999996,1.03,0.25893333333333335,68.774,210,0.1404,0.627,0.28373333333333334,69.006,210,0.060200000000000004,0.015133333333333332,0.275,-0.148,0.1825,0.523,-0.083,1.0184,1.353,0.575,0.7632666666666666,1.187,0.319,0.1786,0.313,0.051,1.4731666666666667,1.92,1.109,0.37903333333333333,0.446,0.09,0.5954999999999999,0.24150000000000002,0.4134285714285714,-0.6344444444444445,-0.609,-0.657,0.712,0.3674603174603175,94.414,203,0.05177777777777778,0.492,0.21795238095238095,55.9975,214,0.039,2.422,1.2332698412698413,316.908,238,0.20552380952380953,0.495,0.2228888888888889,57.025999999999996,214,0.03957142857142857,0.6759166666666667,0.2616470588235294,0.4937692307692308,3
AGC_131,31,15,79,0.692,0.3698064516129032,82.176,237,0.04935483870967742,0.681,0.29435483870967744,64.223,235,0.053290322580645165,0.46,0.22638709677419355,49.414,235,0.03735483870967742,1.099,0.3253548387096774,72.953,235,0.11167741935483871,0.703,0.2946774193548387,68.0555,235,0.04625806451612903,-0.032193548387096774,0.321,-0.262,0.11587096774193549,0.594,-0.202,1.1743225806451614,1.713,0.518,0.9315806451612904,1.51,0.258,0.1625483870967742,0.346,0.041,1.429,2.066,1.087,0.4178709677419355,0.499,0.173,0.6475,0.2886666666666667,0.5578,-0.6404,-0.598,-0.661,0.81,0.43353164556962026,101.056,248,0.04021518987341772,0.578,0.26734177215189875,62.548,235,0.03049367088607595,2.992,1.5583291139240507,361.2625,249,0.16055696202531647,0.561,0.265873417721519,61.9785,235,0.03120253164556962,0.7223076923076923,0.33489285714285716,0.6404666666666666,3
AGC_132,28,23,69,0.697,0.37135714285714283,85.41,265,0.07810714285714286,0.629,0.28814285714285715,66.55,270,0.07303571428571429,0.45,0.22692857142857142,51.877,265,0.05110714285714286,1.047,0.32789285714285715,82.5205,265,0.1535,0.735,0.3319285714285714,78.0425,270,0.07353571428571429,0.09910714285714285,0.503,-0.132,0.2515,0.716,-0.063,0.8903928571428571,1.313,0.335,0.6859285714285714,1.149,0.167,0.17857142857142858,0.339,0.053,1.4794285714285713,2.038,1.115,0.3225,0.428,-0.348,0.559,0.30818181818181817,0.6372,-0.6180869565217392,-0.582,-0.648,0.783,0.39504347826086955,100.199,248,0.0801304347826087,0.591,0.24768115942028984,63.213,270,0.05481159420289855,3.019,1.3825652173913043,358.213,248,0.3214347826086957,0.561,0.24933333333333332,63.341,248,0.05534782608695652,0.6396363636363637,0.275875,0.7198461538461538,3
AGC_133,27,17,67,0.724,0.42385185185185187,95.626,240,0.07659259259259259,0.675,0.3722962962962963,83.5475,210,0.0927037037037037,0.5,0.28114814814814815,63.2765,240,0.060925925925925925,1.495,0.5867407407407408,139.3625,225,0.2891111111111111,0.753,0.38885185185185184,88.9405,240,0.0832962962962963,0.11403703703703703,0.432,-0.194,0.28629629629629627,0.656,-0.135,0.9061481481481481,1.49,0.411,0.6808518518518518,1.322,0.217,0.21344444444444444,0.356,0.046,1.6094074074074074,2.121,1.098,0.34933333333333333,0.473,-0.146,0.702,0.384,0.6526,-0.6298823529411764,-0.604,-0.644,0.813,0.44438805970149253,109.58500000000001,238,0.06429850746268657,0.65,0.3088507462686567,77.593,229,0.05858208955223881,2.909,1.5259253731343283,380.06,241,0.2822537313432836,0.654,0.31070149253731344,77.098,229,0.05956716417910448,0.7756000000000001,0.34845,0.7237142857142858,3
AGC_134,27,12,76,0.737,0.4402962962962963,97.539,185,0.053592592592592594,0.663,0.3487037037037037,77.0415,185,0.055185185185185184,0.48,0.2690740740740741,59.2415,185,0.03840740740740741,1.207,0.46096296296296296,105.7025,185,0.1322962962962963,0.662,0.37625925925925924,84.886,240,0.05037037037037037,0.097,0.335,-0.137,0.29118518518518516,0.614,-0.053,0.8861111111111111,1.32,0.501,0.6269629629629629,1.122,0.241,0.22055555555555556,0.354,0.07,1.6142592592592593,2.101,1.154,0.36862962962962964,0.432,0.182,0.6888,0.4752,0.4798,-0.6469166666666667,-0.63,-0.662,0.824,0.4487763157894737,113.216,185,0.04930263157894737,0.636,0.2746842105263158,71.77,187,0.032473684210526314,2.877,1.5016710526315789,378.314,231,0.18175,0.608,0.27571052631578946,71.598,187,0.03226315789473684,0.763,0.428,0.5392,3
AGC_135,27,17,73,0.664,0.357962962962963,78.0525,265,0.06359259259259259,0.565,0.2787037037037037,61.5205,245,0.056407407407407406,0.429,0.22325925925925927,48.749500000000005,265,0.04066666666666667,0.914,0.3064074074074074,71.161,265,0.11603703703703704,0.655,0.32451851851851854,70.6165,245,0.050333333333333334,0.08918518518518519,0.427,-0.132,0.2452962962962963,0.642,-0.061,0.8875555555555555,1.307,0.403,0.6701111111111111,1.131,0.219,0.1741111111111111,0.33,0.054,1.451111111111111,1.987,1.115,0.32785185185185184,0.447,-0.144,0.4662,0.25855555555555554,0.602,-0.6127058823529412,-0.589,-0.65,0.74,0.3570958904109589,88.1015,261,0.05410958904109589,0.575,0.23227397260273971,57.837,247,0.035054794520547945,2.709,1.200794520547945,301.84250000000003,261,0.2107945205479452,0.53,0.23345205479452055,57.415,247,0.03564383561643836,0.5503636363636364,0.2509166666666667,0.6581428571428571,3
AGC_136,30,17,84,0.63,0.3752333333333333,86.0475,240,0.07236666666666666,0.609,0.2991,69.0255,257,0.0753,0.432,0.23133333333333334,52.683,257,0.05293333333333333,0.922,0.33243333333333336,82.847,257,0.15996666666666667,0.671,0.3211,76.1075,257,0.07036666666666666,0.0344,0.306,-0.197,0.20723333333333332,0.57,-0.13,1.0043333333333333,1.492,0.533,0.7541333333333333,1.302,0.274,0.1892,0.33,0.047,1.5100333333333333,1.989,1.1,0.3683666666666667,0.449,-0.034,0.5453333333333333,0.34145454545454546,0.5398333333333334,-0.6238235294117647,-0.6,-0.651,0.756,0.4147619047619048,101.164,248,0.05385714285714286,0.49,0.26698809523809525,66.834,179,0.0443452380952381,2.596,1.3996785714285713,340.153,249,0.20857142857142857,0.498,0.2629166666666667,64.9325,248,0.04577380952380952,0.6336428571428572,0.3823548387096774,0.6379285714285714,3
AGC_137,29,15,60,0.707,0.4507241379310345,98.64099999999999,240,0.06572413793103449,0.65,0.3614827586206897,79.615,235,0.07631034482758621,0.463,0.27813793103448275,60.8125,240,0.05237931034482759,1.1,0.4820689655172414,109.3595,240,0.19058620689655173,0.691,0.3833448275862069,84.58,240,0.062275862068965515,0.06951724137931034,0.325,-0.242,0.2798275862068966,0.604,-0.151,0.9746896551724138,1.647,0.515,0.6798275862068965,1.377,0.249,0.23913793103448275,0.362,0.085,1.6813448275862068,2.139,1.188,0.3883103448275862,0.496,0.035,0.6836666666666666,0.3869,0.5671428571428572,-0.6410666666666667,-0.615,-0.659,0.811,0.48306666666666664,116.2845,238,0.05503333333333334,0.52,0.29206666666666664,72.0015,242,0.047,2.836,1.6428666666666667,394.1245,231,0.23445,0.536,0.2941166666666667,72.3525,225,0.04906666666666667,0.7749090909090909,0.4450909090909091,0.6425555555555555,3
AGC_138,31,11,79,0.648,0.3605483870967742,76.319,240,0.048193548387096774,0.531,0.2900645161290323,61.707,235,0.050451612903225806,0.404,0.22641935483870967,47.7715,240,0.03570967741935484,0.811,0.3074193548387097,66.6635,240,0.10674193548387097,0.602,0.2894193548387097,62.638,240,0.04803225806451613,0.009548387096774191,0.293,-0.203,0.18425806451612903,0.575,-0.103,1.0426774193548387,1.51,0.549,0.7621290322580645,1.23,0.272,0.18664516129032258,0.346,0.072,1.4901935483870967,2.061,1.158,0.3966774193548387,0.46,0.252,0.5776666666666667,0.2857272727272727,0.49957142857142856,-0.626,-0.601,-0.651,0.801,0.41832911392405064,95.079,245,0.04174683544303798,0.503,0.2591518987341772,58.562,235,0.03251898734177215,2.901,1.4012784810126582,319.954,245,0.17743037974683545,0.5,0.2576329113924051,57.989000000000004,235,0.03378481012658228,0.6652307692307692,0.27332,0.5902608695652174,3
AGC_139,26,14,79,0.604,0.3238846153846154,73.786,240,0.06507692307692307,0.515,0.2552307692307692,57.108,235,0.07353846153846154,0.366,0.2008076923076923,44.8535,240,0.05369230769230769,0.693,0.25361538461538463,59.62,240,0.15684615384615386,0.591,0.2645,61.6685,237,0.06792307692307692,0.018846153846153846,0.367,-0.184,0.17184615384615384,0.623,-0.123,1.0365384615384614,1.45,0.469,0.8076153846153846,1.282,0.235,0.17023076923076924,0.347,0.045,1.458923076923077,2.076,1.095,0.3526153846153846,0.442,-0.194,0.5283333333333333,0.2402857142857143,0.4958,-0.6243571428571428,-0.592,-0.645,0.722,0.3974556962025316,93.3615,246,0.05444303797468354,0.478,0.25013924050632913,58.786,247,0.04605063291139241,2.291,1.2776962025316456,295.171,246,0.20073417721518988,0.469,0.2481139240506329,58.062,253,0.04806329113924051,0.6051333333333333,0.29875,0.6237058823529412,3
AGC_140,23,10,57,0.739,0.34069565217391307,84.8935,257,0.04652173913043478,0.781,0.2615217391304348,66.163,257,0.05591304347826087,0.556,0.20230434782608697,50.2345,257,0.041304347826086954,1.749,0.3233478260869565,93.65,257,0.14995652173913043,0.803,0.29556521739130437,75.574,260,0.04830434782608695,0.07295652173913043,0.486,-0.135,0.23647826086956522,0.737,-0.072,0.9431304347826087,1.315,0.35,0.7150869565217391,1.157,0.152,0.19460869565217392,0.403,0.059,1.5541304347826086,2.352,1.126,0.29591304347826086,0.44,-0.105,0.641,0.334,0.5507142857142857,-0.6464,-0.626,-0.661,0.882,0.43043859649122806,106.41799999999999,238,0.031912280701754385,0.79,0.2965964912280702,75.1695,229,0.03382456140350877,3.191,1.4394736842105262,353.818,241,0.12764912280701754,0.78,0.2991578947368421,75.5695,243,0.03392982456140351,0.8567272727272727,0.30870000000000003,0.6068888888888889,3
AGC_141,30,14,84,0.665,0.30796666666666667,67.3855,257,0.05103333333333333,0.589,0.243,53.668499999999995,257,0.05556666666666667,0.419,0.1882,41.138,257,0.039966666666666664,0.867,0.2201,53.057500000000005,257,0.10936666666666667,0.639,0.25206666666666666,55.7555,257,0.054733333333333335,-0.016,0.332,-0.182,0.1167,0.601,-0.108,1.0954,1.445,0.502,0.8743333333333333,1.242,0.251,0.14463333333333334,0.34,0.066,1.371,2.042,1.143,0.36173333333333335,0.435,0.191,0.38342857142857145,0.19736363636363635,0.6015,-0.6257857142857143,-0.605,-0.644,0.804,0.4041904761904762,87.6185,257,0.04036904761904762,0.599,0.25220238095238096,54.822,254,0.03380952380952381,2.899,1.4201547619047619,309.135,245,0.17172619047619048,0.571,0.24686904761904763,53.246,256,0.034023809523809526,0.4895,0.24335714285714286,0.7130434782608696,3
AGC_142,32,21,84,0.463,0.29578125,65.025,245,0.09115625,0.39,0.233,51.3515,245,0.077625,0.3,0.191,41.622,245,0.056125,0.487,0.2080625,48.7005,245,0.14446875,0.475,0.26325,59.1845,245,0.079125,0.02728125,0.225,-0.107,0.195375,0.472,0.009,0.972375,1.244,0.64,0.70684375,0.988,0.363,0.1746875,0.279,0.089,1.43953125,1.779,1.196,0.36303125,0.407,-0.027,0.3534,0.28523076923076923,0.41685714285714287,-0.6109523809523809,-0.591,-0.641,0.577,0.34114285714285714,78.1045,248,0.08342857142857144,0.395,0.2170595238095238,50.44,253,0.054464285714285715,2.002,1.1321547619047618,260.66949999999997,248,0.29482142857142857,0.412,0.21871428571428572,50.1785,253,0.053285714285714283,0.4451333333333333,0.2969259259259259,0.48873684210526314,3
AGC_143,29,15,80,0.629,0.342,82.71600000000001,245,0.0643448275862069,0.56,0.2763448275862069,66.869,245,0.07037931034482758,0.405,0.21482758620689654,51.4745,245,0.04989655172413793,0.838,0.2876206896551724,77.20949999999999,245,0.151,0.583,0.2663103448275862,68.0565,245,0.06548275862068965,-0.03413793103448276,0.235,-0.223,0.12424137931034483,0.514,-0.147,1.1473448275862068,1.578,0.627,0.8787931034482759,1.353,0.326,0.1686896551724138,0.322,0.061,1.438206896551724,1.957,1.132,0.41244827586206895,0.458,0.284,0.5264,0.3093636363636364,0.5372,-0.6324666666666666,-0.611,-0.644,0.751,0.4281125,99.6605,246,0.059375000000000004,0.517,0.2722625,63.009,247,0.0526875,2.547,1.4330625,330.905,249,0.2128375,0.486,0.2655375,61.5095,247,0.0530625,0.61525,0.36253846153846153,0.6246875,3
AGC_144,34,13,80,0.672,0.36476470588235294,74.789,200,0.044941176470588234,0.642,0.3045294117647059,62.073,200,0.047264705882352945,0.472,0.23441176470588235,47.9155,205,0.03276470588235294,1.124,0.3659411764705882,72.41250000000001,205,0.1018235294117647,0.676,0.3411764705882353,69.518,210,0.04135294117647059,0.07932352941176471,0.321,-0.141,0.24723529411764705,0.603,-0.082,0.9106764705882353,1.331,0.516,0.6839117647058823,1.181,0.249,0.18805882352941175,0.353,0.049,1.506529411764706,2.096,1.103,0.3406764705882353,0.445,-0.154,0.6283333333333333,0.37210000000000004,0.3962,-0.6225384615384615,-0.579,-0.651,0.746,0.3950375,92.6865,197,0.039475,0.59,0.2514625,58.585,222,0.02825,2.855,1.3445125,317.142,211,0.1586625,0.567,0.2524375,58.6895,222,0.0284,0.6946153846153846,0.3666551724137931,0.4575,3
AGC_145,30,14,77,0.706,0.3809666666666667,78.807,205,0.06696666666666666,0.685,0.32483333333333336,65.65350000000001,205,0.07886666666666667,0.493,0.24866666666666667,50.647,205,0.051833333333333335,1.473,0.4597,86.9325,205,0.23623333333333332,0.684,0.35083333333333333,72.2045,210,0.06483333333333334,0.06303333333333333,0.31,-0.157,0.2244,0.568,-0.109,0.9450333333333333,1.376,0.534,0.7253333333333334,1.248,0.282,0.18106666666666665,0.322,0.038,1.4925,1.974,1.079,0.3796,0.458,0.251,0.6441666666666667,0.41244444444444445,0.41714285714285715,-0.6267142857142857,-0.591,-0.649,0.778,0.40270129870129867,95.5435,205,0.05676623376623376,0.582,0.25616883116883116,60.273,205,0.046207792207792205,2.692,1.3848831168831168,329.109,205,0.22423376623376623,0.592,0.2574935064935065,60.6305,205,0.04705194805194805,0.7228181818181818,0.36725925925925923,0.4941052631578947,3
AGC_146,32,18,85,0.68,0.43403125,92.113,215,0.05209375,0.608,0.355625,74.45,237,0.05890625,0.428,0.2674375,55.9955,215,0.0419375,0.901,0.43309375,90.131,215,0.12865625,0.634,0.35503125,75.593,237,0.04821875,0.03515625,0.308,-0.276,0.2434375,0.602,-0.203,1.0508125,1.774,0.532,0.74521875,1.524,0.25,0.23334375,0.369,0.076,1.662875,2.174,1.167,0.39209375,0.482,0.242,0.6585714285714286,0.3967272727272727,0.5378571428571428,-0.6334444444444445,-0.617,-0.645,0.772,0.4753764705882353,108.186,221,0.042094117647058824,0.574,0.29254117647058825,67.556,224,0.036011764705882354,2.479,1.5683058823529412,354.09950000000003,231,0.16608235294117646,0.55,0.2862705882352941,65.543,224,0.03727058823529412,0.7351176470588235,0.40086206896551724,0.6257058823529412,3
AGC_147,28,12,84,0.724,0.3821428571428571,83.634,205,0.0515,0.706,0.3309642857142857,69.6765,205,0.0535,0.514,0.25375,54.0015,210,0.03642857142857143,1.385,0.4575714285714286,92.7505,210,0.13410714285714287,0.726,0.34882142857142856,77.2175,210,0.04657142857142857,0.06964285714285715,0.336,-0.139,0.22842857142857143,0.59,-0.069,0.9351785714285714,1.324,0.5,0.71871428571428575,1.15,0.261,0.18114285714285713,0.323,0.051,1.494,1.965,1.109,0.38121428571428573,0.454,0.218,0.6936,0.3999,0.427,-0.62275,-0.589,-0.651,0.803,0.4333095238095238,100.541,215,0.0484047619047619,0.633,0.283702380952381,65.218,211,0.03601190476190476,2.891,1.51425,351.477,215,0.18439285714285714,0.616,0.28675,65.7845,211,0.03677380952380952,0.7542142857142857,0.3831935483870968,0.5152631578947369,3
AGC_148,29,12,61,0.769,0.3795862068965517,74.7135,240,0.04437931034482759,0.731,0.3032758620689655,59.3185,235,0.05013793103448276,0.516,0.23355172413793104,45.8315,240,0.03424137931034483,1.411,0.38182758620689655,73.502,240,0.12151724137931035,0.798,0.3594137931034483,70.5065,260,0.04486206896551724,0.11996551724137931,0.555,-0.116,0.2808965517241379,0.77,-0.045,0.8542413793103448,1.262,0.288,0.6443103448275862,1.096,0.131,0.1936551724137931,0.381,0.063,1.5357241379310345,2.241,1.134,0.3092068965517241,0.39,0.063,0.6691666666666667,0.19977777777777778,0.5505,-0.6389166666666667,-0.629,-0.646,0.864,0.38159016393442624,90.2565,238,0.02940983606557377,0.734,0.23718032786885246,56.775,236,0.025,3.073,1.3031967213114755,310.878,238,0.12931147540983606,0.677,0.24004918032786884,57.0945,236,0.025524590163934425,0.771,0.22776190476190478,0.5975833333333334,3
AGC_149,28,18,62,0.652,0.35182142857142856,83.83749999999999,215,0.07603571428571429,0.582,0.27560714285714283,66.17,215,0.07714285714285714,0.44,0.21964285714285714,52.1085,215,0.053214285714285714,1.014,0.31535714285714284,83.18900000000001,215,0.17575,0.616,0.3097142857142857,75.0695,245,0.07146428571428572,0.03592857142857143,0.284,-0.14,0.20689285714285716,0.561,-0.066,0.9851428571428571,1.33,0.565,0.7344285714285714,1.15,0.285,0.1865,0.336,0.059,1.5020357142857144,2.021,1.128,0.3834642857142857,0.443,0.142,0.629,0.20825,0.4742857142857143,-0.633,-0.613,-0.654,0.748,0.3976290322580645,99.041,238,0.0635483870967742,0.53,0.24943548387096776,62.111,214,0.05041935483870968,2.626,1.3582258064516128,338.411,238,0.25601612903225807,0.529,0.25409677419354837,63.0855,214,0.05095161290322581,0.7090833333333333,0.2675,0.5501428571428572,3
AGC_150,29,21,84,0.61,0.3686206896551724,80.8355,225,0.05720689655172414,0.539,0.29651724137931035,65.355,257,0.058448275862068966,0.398,0.2293448275862069,50.133,257,0.04103448275862069,0.788,0.32317241379310346,73.961,257,0.12679310344827585,0.627,0.30989655172413794,69.6165,257,0.05658620689655172,0.0176551724137931,0.296,-0.207,0.17413793103448277,0.598,-0.148,1.0454137931034482,1.524,0.546,0.812,1.35,0.253,0.17227586206896553,0.37,0.039,1.459551724137931,2.183,1.082,0.3828620689655172,0.469,0.151,0.5833333333333333,0.32939999999999997,0.4745,-0.6275238095238095,-0.585,-0.654,0.744,0.41204761904761905,97.943,238,0.046869047619047616,0.496,0.26520238095238097,64.0885,186,0.03530952380952381,2.582,1.4239047619047618,337.8645,238,0.18161904761904762,0.49,0.26083333333333336,62.3845,186,0.03644047619047619,0.6809285714285714,0.39748275862068966,0.50825,3
AGC_151,29,17,64,0.757,0.4753103448275862,101.1925,185,0.06313793103448276,0.727,0.3749310344827586,81.5615,185,0.076,0.517,0.2870344827586207,61.783,185,0.05341379310344828,1.486,0.5331379310344828,120.758,185,0.19155172413793103,0.684,0.3977931034482759,85.54650000000001,220,0.06896551724137931,0.06624137931034482,0.484,-0.343,0.2723448275862069,0.733,-0.278,1.0567931034482758,2.084,0.35,0.7699310344827586,1.827,0.155,0.2430689655172414,0.389,0.057,1.7058620689655173,2.283,1.125,0.39289655172413795,0.561,-0.221,0.6921666666666666,0.4672222222222222,0.5237499999999999,-0.6482941176470588,-0.622,-0.676,0.842,0.493,121.0795,186,0.04421875,0.64,0.2914375,76.118,186,0.037140625,2.905,1.717109375,415.04699999999997,231,0.178765625,0.658,0.29481250000000003,76.90650000000001,186,0.039171875,0.7928461538461539,0.45386363636363636,0.5824444444444444,3
AGC_152,29,18,75,0.688,0.4656206896551724,99.545,185,0.08910344827586207,0.576,0.35158620689655173,76.553,185,0.09424137931034483,0.425,0.2711034482758621,58.4825,185,0.06486206896551724,1.007,0.4459310344827586,100.9345,185,0.21793103448275863,0.629,0.3896896551724138,84.378,237,0.08551724137931034,0.10255172413793104,0.358,-0.157,0.3137241379310345,0.64,-0.049,0.8841379310344828,1.388,0.476,0.5993448275862069,1.128,0.221,0.2403448275862069,0.369,0.094,1.678655172413793,2.173,1.212,0.35772413793103447,0.459,0.194,0.6438333333333334,0.4508888888888889,0.5757142857142857,-0.6443888888888889,-0.622,-0.661,0.79,0.48449333333333333,119.095,186,0.08042666666666666,0.531,0.2812133333333333,71.065,186,0.056093333333333335,2.641,1.6468533333333333,401.0505,238,0.3120133333333333,0.55,0.2839066666666667,71.6175,186,0.056946666666666666,0.735,0.41433333333333333,0.6506000000000001,3
AGC_153,25,15,64,0.537,0.29364,67.485,285,0.07892,0.499,0.23272,53.817499999999995,280,0.08072,0.386,0.18696000000000002,42.032,280,0.06012,0.77,0.22528,56.384,280,0.1712,0.598,0.26068,63.306,280,0.06896000000000001,0.038919999999999996,0.29,-0.163,0.18772,0.567,-0.102,0.9906,1.39,0.56,0.77776,1.229,0.28,0.16484000000000001,0.338,0.038,1.44072,2.039,1.08,0.32264,0.429,-0.112,0.43466666666666665,0.20514285714285715,0.5127142857142857,-0.6215333333333334,-0.6,-0.638,0.641,0.329734375,81.657,248,0.05928125,0.381,0.20325,51.69,289,0.04921875,2.018,1.04828125,260.276,249,0.23975,0.396,0.20453125,50.781,289,0.051484375,0.50775,0.22305882352941178,0.6049285714285714,3
AGC_154,33,15,77,0.759,0.4213030303030303,90.9625,225,0.04393939393939394,0.751,0.34193939393939393,72.993,235,0.05115151515151515,0.509,0.2574848484848485,54.9455,235,0.03384848484848485,1.347,0.4463030303030303,94.27999999999999,235,0.1332121212121212,0.784,0.3491212121212121,76.8055,235,0.045575757575757575,0.038242424242424244,0.402,-0.266,0.20836363636363636,0.663,-0.195,1.0597575757575757,1.733,0.429,0.8085151515151515,1.497,0.205,0.19815151515151516,0.378,0.057,1.5485454545454544,2.219,1.122,0.3800909090909091,0.498,-0.24,0.7148571428571429,0.3685,0.5141666666666667,-0.6462666666666667,-0.613,-0.661,0.852,0.4658051948051948,112.175,238,0.03561038961038961,0.678,0.29477922077922075,70.8935,232,0.03125974025974026,3.267,1.7054675324675324,404.1665,238,0.15297402597402598,0.651,0.29674025974025975,71.0185,229,0.03192207792207792,0.8144666666666667,0.36208,0.6197857142857143,3
AGC_155,29,27,63,0.695,0.3563448275862069,85.535,265,0.07451724137931034,0.63,0.27113793103448275,66.253,237,0.06741379310344828,0.439,0.21475862068965518,51.7465,237,0.048862068965517244,0.956,0.2841034482758621,79.539,237,0.13124137931034482,0.642,0.2821724137931034,70.0705,265,0.07037931034482758,-0.018965517241379307,0.288,-0.194,0.12127586206896553,0.563,-0.121,1.1146551724137932,1.497,0.554,0.8845862068965518,1.297,0.28,0.15282758620689654,0.331,0.061,1.3965172413793103,1.991,1.133,0.4160689655172414,0.467,0.311,0.48833333333333334,0.2545454545454545,0.653,-0.639,-0.612,-0.659,0.841,0.3972380952380952,99.5765,248,0.04826984126984127,0.604,0.23896825396825397,61.098,248,0.03453968253968254,2.975,1.387047619047619,347.1625,248,0.1910952380952381,0.642,0.23925396825396825,61.008,248,0.035111111111111114,0.58025,0.2801904761904762,0.7474444444444445,3
AGC_156,24,13,55,0.794,0.307125,82.4635,265,0.050875000000000004,0.775,0.23120833333333335,66.6925,240,0.05345833333333333,0.555,0.18266666666666667,51.080999999999996,240,0.03820833333333333,1.823,0.26608333333333334,106.1295,240,0.13445833333333335,0.805,0.27279166666666665,77.032,265,0.045,0.041666666666666664,0.493,-0.145,0.18516666666666667,0.728,-0.07,0.987375,1.342,0.347,0.7716666666666667,1.154,0.161,0.16408333333333333,0.379,0.066,1.4389166666666666,2.233,1.144,0.3105,0.399,-0.021,0.5956,0.195375,0.615,-0.6425384615384615,-0.614,-0.656,0.874,0.41103636363636364,100.631,241,0.046127272727272725,0.743,0.2536,63.5375,236,0.0386,3.23,1.4088181818181817,350.215,241,0.18212727272727272,0.689,0.2570545454545455,64.751,236,0.03978181818181818,0.7534166666666666,0.24983333333333332,0.684125,3
AGC_157,31,14,83,0.694,0.3138709677419355,71.292,265,0.038387096774193545,0.64,0.2514516129032258,58.195,265,0.041967741935483874,0.471,0.19380645161290322,44.343,265,0.029612903225806453,1.112,0.23516129032258065,61.4715,265,0.08541935483870967,0.665,0.2573225806451613,59.9715,265,0.036258064516129035,-0.01829032258064516,0.345,-0.186,0.11261290322580646,0.614,-0.119,1.1026129032258065,1.458,0.49,0.8849354838709678,1.27,0.24,0.14258064516129032,0.344,0.059,1.3640645161290323,2.053,1.125,0.3704193548387097,0.439,0.249,0.3812857142857143,0.22636363636363638,0.613,-0.6279285714285714,-0.613,-0.646,0.803,0.41374698795180725,90.5845,257,0.030566265060240964,0.623,0.2603253012048193,56.5425,254,0.026759036144578315,2.943,1.4413975903614458,316.923,261,0.13004819277108434,0.585,0.2550843373493976,55.176,256,0.027060240963855422,0.4822142857142857,0.26914814814814814,0.7165652173913043,3
AGC_158,29,14,78,0.6,0.32489655172413795,72.2585,240,0.054,0.494,0.2489655172413793,55.1395,237,0.053689655172413794,0.361,0.1957241379310345,43.211999999999996,245,0.038344827586206894,0.652,0.22717241379310343,53.608,245,0.10848275862068965,0.56,0.2566896551724138,58.6335,237,0.04896551724137931,-0.029517241379310343,0.245,-0.218,0.14375862068965517,0.53,-0.121,1.1207241379310344,1.561,0.608,0.8272413793103448,1.28,0.308,0.18213793103448275,0.328,0.079,1.475896551724138,1.977,1.173,0.3847241379310345,0.46,0.131,0.517,0.2555454545454545,0.5026666666666667,-0.632,-0.584,-0.651,0.726,0.3852948717948718,88.9475,248,0.04455128205128205,0.452,0.23403846153846153,53.6845,242,0.03420512820512821,2.469,1.305653846153846,299.53000000000003,249,0.17,0.46,0.2281794871794872,52.2845,248,0.034743589743589744,0.5940714285714286,0.2856296296296296,0.6002,3
AGC_159,25,24,83,0.696,0.33388,84.46000000000001,287,0.08344,0.634,0.2686,70.026,265,0.07712,0.463,0.2062,52.8005,265,0.05476,1.151,0.28396,89.4395,265,0.16788,0.699,0.27016,72.4325,300,0.07052,-0.012479999999999996,0.398,-0.194,0.13708,0.629,-0.124,1.10332,1.486,0.44,0.8535200000000001,1.288,0.234,0.16372,0.318,0.063,1.4258,1.946,1.136,0.37128,0.44,0.119,0.3522,0.31955555555555554,0.65,-0.6283333333333333,-0.595,-0.655,0.806,0.42502409638554217,100.7245,285,0.07127710843373494,0.626,0.2743493975903614,67.5395,280,0.05057831325301205,2.973,1.5036626506024096,354.9325,285,0.2650120481927711,0.574,0.26587951807228916,64.75,280,0.051650602409638556,0.4502,0.3576666666666667,0.74,3
AGC_160,32,28,77,0.728,0.3486875,78.676,285,0.08353125,0.628,0.2683125,59.183,285,0.077875,0.462,0.207,45.3085,265,0.0558125,1.092,0.27618750000000003,63.0505,285,0.156875,0.695,0.2936875,66.5735,285,0.07946875,0.054,0.448,-0.146,0.21396875,0.683,-0.059,0.97671875,1.356,0.385,0.73803125,1.144,0.19,0.182625,0.366,0.069,1.4876875,2.157,1.152,0.31053125,0.423,-0.203,0.33,0.29441666666666666,0.6615714285714286,-0.6211071428571429,-0.595,-0.654,0.797,0.3715844155844156,93.7095,285,0.06506493506493506,0.615,0.23481818181818181,60.7975,266,0.04468831168831169,2.749,1.262948051948052,316.646,285,0.24792207792207793,0.579,0.2295974025974026,59.138,256,0.04479220779220779,0.4114375,0.3091153846153846,0.7623333333333333,3
AGC_161,29,28,71,0.724,0.3778620689655172,87.171,285,0.07796551724137932,0.664,0.30658620689655175,71.043,280,0.07796551724137932,0.489,0.23689655172413793,54.222500000000004,265,0.05503448275862069,1.306,0.3659310344827586,91.862,265,0.1723448275862069,0.735,0.3285862068965517,77.504,280,0.07393103448275862,0.05879310344827586,0.41,-0.148,0.22420689655172416,0.673,-0.059,0.964,1.353,0.425,0.7207241379310345,1.137,0.198,0.1879655172413793,0.37,0.074,1.5053103448275862,2.182,1.162,0.359,0.425,0.129,0.4616,0.3098181818181818,0.6765,-0.6256071428571428,-0.604,-0.647,0.806,0.4304929577464789,101.016,248,0.058014084507042256,0.608,0.2820985915492958,66.4895,257,0.04643661971830986,2.878,1.4862957746478873,346.5425,248,0.2183380281690141,0.595,0.27794366197183096,65.127,267,0.0467887323943662,0.533923076923077,0.32795,0.7473125,3
AGC_162,30,26,70,0.493,0.26476666666666665,62.076499999999996,287,0.07743333333333334,0.367,0.1959,45.963499999999996,237,0.06513333333333333,0.288,0.1627,37.8555,265,0.048966666666666665,0.431,0.1426,39.653999999999996,265,0.11750000000000001,0.457,0.22846666666666668,53.996,290,0.06923333333333333,0.009300000000000001,0.228,-0.113,0.13426666666666667,0.469,-0.048,1.0060333333333333,1.259,0.635,0.8034666666666667,1.106,0.366,0.1295,0.272,0.05,1.3135666666666665,1.754,1.108,0.34073333333333333,0.402,-0.014,0.3551666666666667,0.20015384615384615,0.476,-0.6136538461538461,-0.587,-0.652,0.625,0.30588571428571426,75.639,248,0.050542857142857146,0.368,0.18694285714285713,45.317,236,0.033171428571428574,2.132,1.0121571428571428,253.3975,248,0.19277142857142857,0.384,0.18787142857142858,45.2065,248,0.03331428571428571,0.4308666666666667,0.21804545454545454,0.5644545454545454,3
AGC_163,31,14,81,0.649,0.3273225806451613,70.512,265,0.06283870967741935,0.566,0.26561290322580644,57.611999999999995,265,0.06729032258064516,0.423,0.20348387096774193,43.910000000000004,265,0.04767741935483871,0.907,0.25616129032258067,58.4595,265,0.136,0.607,0.27319354838709675,59.4645,265,0.0617741935483871,3.225806451613125e-5,0.3,-0.181,0.13719354838709677,0.547,-0.113,1.0621290322580645,1.442,0.541,0.8420967741935484,1.257,0.295,0.14790322580645163,0.318,0.057,1.3754193548387097,1.937,1.121,0.3634193548387097,0.425,0.235,0.43366666666666664,0.2429090909090909,0.5682857142857143,-0.6267142857142857,-0.613,-0.647,0.761,0.4141111111111111,90.1885,257,0.05140740740740741,0.53,0.2558395061728395,56.1655,256,0.044098765432098765,2.741,1.4232716049382717,310.7735,261,0.20004938271604938,0.517,0.25076543209876545,54.741,256,0.04482716049382716,0.5189333333333334,0.27588,0.6839999999999999,3
AGC_164,36,16,85,0.589,0.3215,69.767,237,0.07733333333333334,0.53,0.2678055555555556,57.9225,260,0.08202777777777778,0.386,0.20447222222222222,43.958,260,0.05661111111111111,1.054,0.29333333333333333,64.1225,210,0.19377777777777777,0.638,0.2825,61.841,260,0.08025,8.33333333333347e-5,0.279,-0.189,0.14994444444444444,0.534,-0.123,1.070138888888889,1.469,0.564,0.8356388888888889,1.283,0.306,0.16344444444444445,0.316,0.051,1.429861111111111,1.928,1.109,0.3657222222222222,0.45,0.196,0.544,0.23233333333333334,0.4575,-0.629875,-0.608,-0.648,0.773,0.3811058823529412,90.142,245,0.06915294117647058,0.519,0.24063529411764706,57.424,211,0.05554117647058823,2.76,1.323,312.0045,245,0.26381176470588236,0.48,0.23665882352941175,56.4045,211,0.056247058823529414,0.6514615384615384,0.2962727272727273,0.52705,3
AGC_165,26,22,63,0.671,0.38853846153846155,83.8165,240,0.05361538461538461,0.613,0.32684615384615384,68.886,210,0.053384615384615385,0.458,0.25703846153846155,54.142,217,0.037384615384615384,1.07,0.4218461538461538,89.439,217,0.12176923076923077,0.682,0.3505384615384615,75.8785,270,0.04469230769230769,0.07803846153846154,0.332,-0.134,0.245,0.584,-0.079,0.9097692307692308,1.309,0.503,0.6867307692307693,1.172,0.263,0.1858076923076923,0.314,0.043,1.4989615384615385,1.918,1.09,0.39134615384615384,0.457,0.285,0.6545000000000001,0.3285,0.5706666666666667,-0.6074090909090909,-0.573,-0.649,0.774,0.36784126984126986,96.182,238,0.04812698412698413,0.55,0.24231746031746032,61.4345,224,0.03312698412698413,2.734,1.1996666666666667,317.731,241,0.1863968253968254,0.571,0.24619047619047618,62.3335,221,0.03407936507936508,0.723909090909091,0.2584,0.612,3
AGC_166,26,12,63,0.667,0.39876923076923076,79.8495,210,0.052807692307692305,0.572,0.3018461538461538,59.543,205,0.05911538461538461,0.424,0.23173076923076924,45.971000000000004,205,0.04146153846153846,0.934,0.33776923076923077,65.0135,205,0.14065384615384616,0.603,0.3429615384615385,67.7925,220,0.05246153846153846,0.08553846153846154,0.336,-0.147,0.2947692307692308,0.601,-0.04,0.8996153846153846,1.347,0.502,0.6081538461538462,1.085,0.253,0.23176923076923078,0.336,0.095,1.6407692307692308,2.022,1.211,0.3210769230769231,0.373,0.188,0.5958,0.436,0.3975714285714286,-0.6481666666666667,-0.635,-0.66,0.746,0.42404761904761906,97.8145,225,0.0366031746031746,0.48,0.24036507936507936,55.8835,216,0.03247619047619048,2.5,1.3955873015873015,319.72,224,0.16238095238095238,0.49,0.23706349206349206,54.670500000000004,216,0.03382539682539683,0.7076923076923077,0.3798888888888889,0.49946153846153846,3
AGC_167,28,24,84,0.702,0.38442857142857145,88.9405,245,0.07042857142857142,0.694,0.32289285714285715,76.1885,245,0.07135714285714286,0.488,0.24946428571428572,58.032,245,0.04975,1.251,0.40228571428571425,103.021,245,0.16417857142857142,0.7,0.34517857142857145,81.172,245,0.05917857142857143,0.07010714285714285,0.357,-0.148,0.24321428571428572,0.639,-0.057,0.9384642857142858,1.352,0.477,0.6904285714285714,1.126,0.222,0.19625,0.371,0.08,1.53125,2.182,1.175,0.36775,0.423,0.254,0.5262,0.2871111111111111,0.6311428571428571,-0.6260833333333333,-0.595,-0.648,0.801,0.40667857142857144,99.143,248,0.06028571428571428,0.595,0.26789285714285715,66.8065,256,0.045404761904761906,2.775,1.3936309523809525,341.3605,249,0.24339285714285713,0.584,0.2647857142857143,65.3905,248,0.04558333333333334,0.5894,0.3220344827586207,0.6973333333333334,3
AGC_168,31,17,74,0.684,0.3429677419354839,83.30250000000001,205,0.06358064516129032,0.662,0.28383870967741937,70.4285,205,0.06941935483870967,0.484,0.21693548387096775,52.8085,205,0.04803225806451613,1.303,0.31893548387096776,89.8835,205,0.17390322580645162,0.669,0.2805483870967742,71.7275,270,0.06487096774193549,0.013451612903225807,0.452,-0.193,0.1757741935483871,0.654,-0.1,1.0573225806451614,1.48,0.381,0.7930322580645162,1.223,0.211,0.18035483870967742,0.346,0.079,1.4733548387096775,2.061,1.171,0.3647741935483871,0.446,-0.367,0.36116666666666664,0.3332727272727273,0.6006666666666667,-0.6314705882352941,-0.605,-0.65,0.777,0.39755405405405403,100.7795,203,0.05054054054054054,0.675,0.26304054054054055,68.75,193,0.044243243243243247,2.687,1.3707297297297296,347.0085,286,0.20313513513513515,0.632,0.25882432432432434,67.131,193,0.04522972972972973,0.42915384615384616,0.365,0.7185714285714285,3
AGC_169,31,15,89,0.701,0.3195806451612903,74.4725,265,0.057,0.645,0.259741935483871,61.843,257,0.06274193548387097,0.461,0.2015483870967742,47.2655,265,0.04361290322580645,1.151,0.2755806451612903,73.693,265,0.14661290322580645,0.709,0.26925806451612905,64.341,257,0.060000000000000005,0.002322580645161293,0.389,-0.183,0.14506451612903226,0.644,-0.097,1.072741935483871,1.454,0.445,0.8400645161290322,1.22,0.22,0.1599032258064516,0.348,0.073,1.4188064516129033,2.073,1.158,0.3690967741935484,0.425,0.21,0.4214,0.19618181818181818,0.59125,-0.6292666666666666,-0.61,-0.652,0.822,0.4350786516853933,94.556,245,0.053640449438202245,0.634,0.2815842696629213,60.3045,254,0.04974157303370787,2.987,1.5253258426966292,329.7645,265,0.23231460674157303,0.599,0.27891011235955054,59.433,250,0.05051685393258427,0.6063076923076923,0.2614,0.6928214285714286,3
AGC_170,36,16,87,0.534,0.26019444444444445,58.0165,237,0.04519444444444445,0.481,0.19458333333333333,43.944,250,0.043277777777777776,0.33,0.15261111111111111,34.1115,250,0.03152777777777778,0.55,0.12166666666666667,31.176000000000002,250,0.07894444444444444,0.538,0.20052777777777778,46.083999999999996,250,0.04594444444444444,-0.07452777777777778,0.255,-0.206,0.04402777777777778,0.49,-0.139,1.21175,1.521,0.595,0.9889444444444444,1.325,0.344,0.12361111111111112,0.284,0.051,1.3014999999999999,1.797,1.108,0.36730555555555555,0.429,0.207,0.3468333333333333,0.17723076923076922,0.44055555555555553,-0.634875,-0.614,-0.654,0.738,0.3486206896551724,79.632,245,0.038505747126436785,0.44,0.20218390804597702,46.018,248,0.028229885057471264,2.503,1.21,275.8465,245,0.15071264367816092,0.431,0.19506896551724137,44.4295,243,0.027862068965517243,0.4713846153846154,0.2483125,0.534695652173913,3
AGC_171,27,15,76,0.567,0.3387777777777778,74.221,245,0.05059259259259259,0.518,0.272,57.7995,210,0.05011111111111111,0.389,0.21285185185185185,45.319,210,0.03518518518518519,0.768,0.275037037037037,59.184,210,0.10477777777777778,0.531,0.2736296296296296,60.914,237,0.04596296296296296,-0.01111111111111111,0.208,-0.198,0.1622962962962963,0.485,-0.108,1.0788888888888888,1.496,0.66,0.7971111111111111,1.246,0.349,0.18233333333333335,0.311,0.07,1.4757407407407408,1.91,1.152,0.3950740740740741,0.442,0.242,0.5518000000000001,0.297,0.4842,-0.6269333333333333,-0.599,-0.653,0.704,0.40223684210526317,88.6945,248,0.04728947368421053,0.472,0.2533421052631579,55.3495,210,0.03477631578947368,2.407,1.3363947368421052,295.524,249,0.18048684210526317,0.467,0.24744736842105264,53.5545,221,0.03535526315789474,0.6230714285714286,0.33257692307692305,0.5816666666666667,3
AGC_172,29,23,71,0.629,0.33813793103448275,76.64099999999999,265,0.08189655172413793,0.613,0.2632758620689655,60.094,237,0.07175862068965518,0.434,0.21148275862068966,47.7455,237,0.052689655172413793,0.953,0.2731724137931035,68.0495,237,0.14082758620689656,0.667,0.3106551724137931,70.9355,237,0.0683103448275862,0.07041379310344828,0.379,-0.107,0.22279310344827585,0.617,-0.034,0.9108275862068965,1.244,0.453,0.6948275862068966,1.079,0.238,0.16679310344827586,0.314,0.053,1.4303103448275862,1.919,1.114,0.33348275862068966,0.416,-0.209,0.5256,0.24736363636363637,0.5565,-0.6186956521739131,-0.589,-0.656,0.744,0.37366197183098593,90.9155,248,0.06816901408450704,0.554,0.23630985915492958,56.8915,236,0.04567605633802817,2.907,1.2839295774647888,316.666,249,0.26885915492957746,0.534,0.23887323943661973,57.329,249,0.04664788732394366,0.593,0.24875,0.658,3
AGC_173,28,18,82,0.693,0.45914285714285713,93.1,240,0.11628571428571428,0.708,0.41246428571428573,82.7335,237,0.12242857142857143,0.487,0.30060714285714285,60.359500000000004,237,0.08660714285714285,1.296,0.5912857142857143,115.55250000000001,237,0.31157142857142855,0.738,0.43135714285714283,86.789,237,0.11267857142857143,0.10853571428571429,0.355,-0.189,0.2889285714285714,0.625,-0.109,0.8923214285714286,1.478,0.487,0.6555714285714286,1.262,0.241,0.21225,0.36,0.071,1.5948571428571428,2.155,1.156,0.35378571428571426,0.41,0.264,0.6554285714285715,0.3978888888888889,0.6146666666666667,-0.6367777777777778,-0.616,-0.646,0.808,0.5081585365853658,112.066,238,0.10209756097560975,0.647,0.3465731707317073,76.307,248,0.08074390243902439,3.278,1.8913536585365853,417.6615,238,0.4165121951219512,0.62,0.3397317073170732,74.4725,256,0.08731707317073172,0.7398333333333333,0.3867916666666667,0.7107307692307693,3
AGC_174,33,16,73,0.644,0.3431212121212121,74.8525,185,0.06072727272727273,0.559,0.26003030303030306,57.370000000000005,185,0.061636363636363635,0.413,0.206,45.1455,185,0.04303030303030303,0.902,0.26051515151515153,61.7575,185,0.12687878787878787,0.544,0.28024242424242424,61.957,185,0.056606060606060604,0.0028484848484848467,0.24,-0.206,0.1730909090909091,0.51,-0.141,1.0595151515151515,1.524,0.622,0.7941515151515152,1.331,0.334,0.18233333333333335,0.321,0.048,1.4824848484848485,1.958,1.102,0.37424242424242427,0.47,-0.078,0.5085714285714286,0.3252857142857143,0.392,-0.638,-0.599,-0.659,0.73,0.3882876712328767,93.2915,185,0.052561643835616435,0.51,0.23521917808219178,57.8135,186,0.03768493150684932,2.293,1.2887808219178083,309.098,249,0.1963150684931507,0.499,0.23446575342465753,57.3395,186,0.03768493150684932,0.6010833333333333,0.36783333333333335,0.47675,3
AGC_175,32,21,82,0.719,0.33425,79.41250000000001,285,0.06765625,0.687,0.2910625,70.563,280,0.06559375,0.471,0.221625,52.9685,285,0.04571875,1.176,0.34653125,91.848,285,0.1471875,0.705,0.28928125,70.315,280,0.05921875,0.02925,0.403,-0.158,0.1940625,0.655,-0.057,1.01378125,1.377,0.437,0.7529375,1.123,0.215,0.183875,0.355,0.083,1.48709375,2.115,1.182,0.367875,0.425,0.272,0.22966666666666669,0.30319999999999997,0.65025,-0.6128095238095238,-0.587,-0.642,0.805,0.3551341463414634,93.7055,299,0.0465,0.614,0.23657317073170733,65.9085,280,0.03376829268292683,2.844,1.2070975609756098,318.487,287,0.17890243902439024,0.571,0.2310609756097561,63.658,280,0.03410975609756098,0.32182352941176473,0.3153076923076923,0.7163333333333334,3
AGC_176,31,24,76,0.623,0.3504838709677419,77.03949999999999,245,0.06735483870967741,0.543,0.2710967741935484,57.9905,245,0.05393548387096774,0.395,0.21138709677419354,45.069,245,0.03848387096774194,0.773,0.2683548387096774,58.513,245,0.10180645161290322,0.631,0.306,67.373,245,0.062096774193548386,0.05632258064516129,0.455,-0.138,0.2169032258064516,0.689,-0.06,0.9465806451612904,1.327,0.375,0.7125806451612903,1.139,0.185,0.17574193548387096,0.343,0.068,1.4566774193548386,2.048,1.148,0.3269677419354839,0.419,-0.431,0.5456,0.2887272727272727,0.5451428571428572,-0.6219166666666667,-0.592,-0.655,0.716,0.38675,91.2015,249,0.05919736842105263,0.451,0.24077631578947367,56.3935,209,0.03413157894736842,2.788,1.3818026315789473,328.3685,249,0.23548684210526316,0.433,0.23455263157894737,54.274,221,0.03456578947368421,0.6106666666666667,0.3106153846153846,0.6391666666666667,3
AGC_177,29,18,80,0.656,0.3730689655172414,82.434,240,0.05927586206896552,0.563,0.3009655172413793,65.8445,257,0.06020689655172414,0.414,0.2336206896551724,50.9805,257,0.04096551724137931,0.847,0.3393793103448276,76.702,257,0.12813793103448276,0.648,0.3168620689655172,71.46849999999999,257,0.0566551724137931,0.026172413793103446,0.299,-0.195,0.19513793103448276,0.573,-0.142,1.0196896551724137,1.488,0.541,0.7785517241379311,1.333,0.273,0.18486206896551724,0.331,0.032,1.504137931034483,1.993,1.066,0.3882758620689655,0.461,0.201,0.6134999999999999,0.3442,0.467,-0.6265000000000001,-0.596,-0.653,0.769,0.4040875,97.9765,238,0.046925,0.484,0.256925,62.4175,248,0.034475,2.627,1.36015,326.775,238,0.1840875,0.508,0.2540375,61.174,248,0.035075,0.6943076923076923,0.36574074074074076,0.5739333333333333,3
AGC_178,29,14,78,0.58,0.30482758620689654,69.504,225,0.04689655172413793,0.486,0.2374137931034483,52.9965,237,0.04589655172413793,0.352,0.1863448275862069,41.4685,217,0.03303448275862069,0.627,0.20486206896551723,49.511,217,0.08937931034482759,0.532,0.23117241379310344,54.599000000000004,237,0.040827586206896554,-0.05003448275862069,0.214,-0.202,0.10362068965517242,0.493,-0.117,1.158551724137931,1.508,0.651,0.8843793103448275,1.269,0.341,0.16010344827586206,0.314,0.065,1.4064482758620689,1.921,1.14,0.39182758620689656,0.445,0.292,0.5474,0.2381818181818182,0.4778,-0.6295,-0.596,-0.649,0.688,0.36812820512820515,88.2315,238,0.03969230769230769,0.481,0.22505128205128205,51.888,236,0.030115384615384617,2.299,1.226474358974359,290.2145,249,0.14971794871794872,0.442,0.21755128205128205,50.537,236,0.03017948717948718,0.626,0.27684615384615385,0.5787692307692308,3
AGC_179,26,25,76,0.665,0.3088461538461538,75.771,287,0.07973076923076923,0.584,0.25146153846153846,63.652,250,0.07288461538461538,0.406,0.19515384615384615,47.983000000000004,287,0.05196153846153846,0.891,0.24469230769230768,71.452,287,0.1626923076923077,0.649,0.2637307692307692,67.443,290,0.07384615384615384,0.01273076923076923,0.359,-0.147,0.1723076923076923,0.596,-0.055,1.0321538461538462,1.351,0.48,0.7744230769230769,1.125,0.259,0.17211538461538461,0.309,0.082,1.4432692307692307,1.904,1.181,0.35073076923076923,0.424,-0.058,0.3384,0.2968,0.607,-0.6164,-0.593,-0.646,0.772,0.3706842105263158,92.714,261,0.06365789473684211,0.567,0.24096052631578949,61.365,257,0.04805263157894737,2.668,1.243171052631579,312.242,285,0.24277631578947367,0.566,0.23671052631578948,60.1,248,0.04951315789473684,0.4093333333333333,0.30391666666666667,0.7222142857142857,3
AGC_180,26,13,73,0.727,0.4019615384615385,91.8155,195,0.05642307692307692,0.694,0.32269230769230767,73.7465,195,0.05746153846153846,0.494,0.253,57.198,195,0.039615384615384615,1.334,0.4258461538461538,101.74,195,0.14526923076923076,0.69,0.3570384615384615,83.3175,195,0.052307692307692305,0.07507692307692308,0.355,-0.152,0.2489230769230769,0.619,-0.096,0.931076923076923,1.36,0.478,0.6964230769230769,1.223,0.238,0.1983076923076923,0.351,0.045,1.548423076923077,2.088,1.098,0.3852307692307692,0.45,0.302,0.68475,0.42266666666666663,0.4668333333333333,-0.6406153846153846,-0.617,-0.655,0.816,0.4404794520547945,110.662,185,0.055904109589041094,0.584,0.27545205479452056,71.5225,185,0.03826027397260274,2.841,1.4783013698630136,372.2505,231,0.21052054794520547,0.605,0.2786712328767123,72.0595,185,0.03843835616438356,0.7536363636363637,0.40340740740740744,0.541,3
AGC_181,33,17,83,0.686,0.34615151515151515,79.5505,245,0.06442424242424243,0.645,0.2862121212121212,66.151,235,0.06448484848484848,0.442,0.22372727272727272,51.1685,235,0.044060606060606064,1.009,0.3233333333333333,81.09899999999999,235,0.144,0.686,0.3133030303030303,73.83,270,0.057939393939393936,0.04739393939393939,0.394,-0.167,0.19875757575757577,0.641,-0.085,0.9772424242424242,1.403,0.44,0.7515757575757576,1.189,0.222,0.16857575757575757,0.349,0.057,1.4386666666666668,2.081,1.122,0.36403030303030304,0.429,0.086,0.5597142857142857,0.25325000000000003,0.552,-0.6247058823529412,-0.599,-0.649,0.804,0.38021686746987954,92.9535,248,0.04915662650602409,0.553,0.2463734939759036,61.627500000000005,270,0.037590361445783135,2.972,1.3134698795180724,323.0495,249,0.1966265060240964,0.564,0.24674698795180722,60.9335,248,0.03792771084337349,0.6336666666666667,0.2829375,0.633625,3
AGC_182,30,23,76,0.56,0.36413333333333336,78.7345,245,0.08073333333333334,0.482,0.29136666666666666,62.338,220,0.06926666666666667,0.362,0.2283,48.6825,215,0.05073333333333333,0.68,0.3129,67.67699999999999,215,0.14396666666666666,0.548,0.3229,70.5055,220,0.06873333333333333,0.05486666666666667,0.288,-0.142,0.22646666666666665,0.566,-0.05,0.9439333333333333,1.337,0.557,0.6930666666666666,1.117,0.28,0.18536666666666668,0.336,0.077,1.4868333333333332,2.025,1.171,0.3580333333333333,0.394,0.204,0.5356666666666667,0.3095555555555556,0.5225714285714286,-0.6249130434782608,-0.601,-0.642,0.672,0.3794736842105263,91,248,0.07180263157894737,0.435,0.24003947368421052,58.106,214,0.04468421052631579,2.427,1.3084868421052631,316.4625,249,0.28509210526315787,0.445,0.23646052631578948,56.726,221,0.046671052631578946,0.594,0.298125,0.5993571428571428,3
AGC_183,14,13,41,0.569,0.43792857142857144,50.7215,235,0.11421428571428571,0.495,0.3655,41.449999999999996,210,0.11185714285714285,0.376,0.27585714285714286,31.751,210,0.077,0.748,0.4497857142857143,43.0375,210,0.23285714285714285,0.565,0.4107142857142857,45.5915,237,0.09292857142857143,0.13378571428571429,0.298,-0.137,0.30328571428571427,0.56,-0.074,0.8157142857142857,1.333,0.546,0.6004285714285714,1.176,0.284,0.19078571428571428,0.317,0.06,1.503642857142857,1.938,1.128,0.31842857142857145,0.381,0.189,0.5498000000000001,0.38542857142857145,0.538,-0.6357692307692308,-0.613,-0.647,0.719,0.5274634146341464,80.6485,245,0.11709756097560975,0.486,0.3273170731707317,49.175,211,0.08158536585365854,2.64,1.8793170731707316,285.3795,245,0.46126829268292685,0.462,0.32465853658536586,48.319,235,0.08246341463414635,0.6274666666666666,0.401125,0.6152222222222222,3
AGC_184,30,19,82,0.648,0.4422,90.083,225,0.03933333333333333,0.596,0.3622666666666667,72.8645,237,0.04356666666666666,0.42,0.2743,55.2175,237,0.030166666666666668,0.881,0.4436,87.301,237,0.0992,0.635,0.3690333333333333,74.6555,237,0.0379,0.07323333333333333,0.325,-0.222,0.2844333333333333,0.616,-0.146,0.9495333333333333,1.576,0.513,0.6646666666666666,1.347,0.239,0.23783333333333334,0.367,0.066,1.6806,2.16,1.142,0.37693333333333334,0.451,0.27,0.6352857142857143,0.37545454545454543,0.5648571428571428,-0.6270526315789474,-0.601,-0.644,0.746,0.4629878048780488,106.1195,238,0.032914634146341465,0.522,0.2890731707317073,66.63550000000001,224,0.027292682926829268,2.332,1.4659756097560976,333.2795,231,0.13185365853658537,0.502,0.28457317073170735,65.1005,224,0.02828048780487805,0.7152941176470587,0.374,0.6485294117647059,3
AGC_185,31,16,76,0.609,0.3579032258064516,80.87400000000001,185,0.0472258064516129,0.517,0.2852903225806452,64.545,185,0.054161290322580644,0.389,0.22422580645161289,50.253,185,0.03819354838709677,0.786,0.30370967741935484,73.2,185,0.12061290322580645,0.534,0.29016129032258065,67.4635,185,0.045096774193548385,0.015483870967741935,0.257,-0.195,0.20619354838709678,0.546,-0.102,1.0290967741935484,1.485,0.595,0.7389354838709677,1.23,0.296,0.20412903225806453,0.339,0.072,1.5543870967741935,2.032,1.157,0.38303225806451613,0.45,0.133,0.5384,0.32725,0.4897142857142857,-0.627625,-0.599,-0.654,0.692,0.3869078947368421,98.4235,185,0.0375,0.46,0.2421578947368421,60.8135,187,0.031565789473684214,2.146,1.240921052631579,309.6725,185,0.15697368421052632,0.456,0.23994736842105263,60.431000000000004,221,0.03181578947368421,0.6196923076923077,0.32512,0.5765,3
AGC_186,27,14,80,0.648,0.36403703703703705,85.7495,205,0.07837037037037037,0.566,0.2884814814814815,67.418,205,0.07807407407407407,0.418,0.22077777777777777,51.3745,205,0.055740740740740743,0.906,0.30777777777777776,78.6715,205,0.16448148148148148,0.646,0.2938148148148148,72.198,270,0.08025925925925927,0.010111111111111109,0.342,-0.231,0.1751111111111111,0.615,-0.151,1.0812962962962962,1.603,0.496,0.8210000000000001,1.36,0.241,0.18562962962962962,0.349,0.055,1.5017407407407408,2.077,1.118,0.3635555555555556,0.457,0.198,0.4758,0.3408333333333333,0.603,-0.6387142857142857,-0.619,-0.655,0.753,0.43135,104.311,246,0.0623,0.529,0.2649375,64.38550000000001,266,0.0497375,2.466,1.4619625,346.94100000000003,246,0.230675,0.521,0.259,62.9775,253,0.0519625,0.5716875,0.39392,0.6951428571428572,3
AGC_187,33,17,86,0.683,0.34254545454545454,73.389,217,0.04218181818181818,0.656,0.2863030303030303,60.0135,215,0.04681818181818182,0.477,0.21766666666666667,45.7875,215,0.03221212121212121,1.163,0.323030303030303,66.4865,215,0.10848484848484849,0.652,0.28184848484848485,61.189,217,0.042272727272727274,-0.00906060606060606,0.298,-0.204,0.15039393939393939,0.542,-0.145,1.0965151515151514,1.52,0.545,0.8394242424242424,1.347,0.302,0.17272727272727273,0.31,0.053,1.455,1.908,1.111,0.3865757575757576,0.436,0.285,0.6553333333333333,0.32175000000000004,0.3432857142857143,-0.6300588235294118,-0.614,-0.649,0.777,0.41984883720930233,94.26350000000001,225,0.034034883720930234,0.564,0.25763953488372093,58.0055,235,0.030430232558139536,2.86,1.4403023255813954,323.9345,230,0.15333720930232558,0.585,0.25619767441860464,57.56,235,0.031104651162790698,0.7424285714285714,0.3582,0.4746,3
AGC_188,30,21,81,0.566,0.31406666666666666,74.2305,265,0.08393333333333333,0.487,0.24913333333333335,59.1245,265,0.07680000000000001,0.373,0.19656666666666667,46.0455,265,0.05503333333333334,0.771,0.23453333333333334,63.1565,265,0.15606666666666666,0.527,0.25966666666666666,63.403999999999996,245,0.07646666666666667,0.003533333333333335,0.278,-0.159,0.16656666666666667,0.547,-0.052,1.0402333333333333,1.382,0.59,0.7703,1.114,0.307,0.1732,0.337,0.09,1.4444666666666666,2.045,1.198,0.3608,0.415,-0.038,0.36160000000000003,0.2802727272727273,0.5473333333333333,-0.6139523809523809,-0.593,-0.639,0.687,0.36814814814814817,88.4635,248,0.07408641975308643,0.468,0.2407037037037037,59.263,257,0.05354320987654321,2.408,1.2462222222222221,301.099,249,0.2772469135802469,0.45,0.23469135802469135,57.1565,257,0.05334567901234568,0.45476470588235296,0.306962962962963,0.6361428571428571,3
AGC_189,28,20,79,0.592,0.3586785714285714,78.645,240,0.048035714285714286,0.455,0.26225,57.168,225,0.04717857142857143,0.351,0.20667857142857143,44.736,225,0.033928571428571426,0.62,0.2487857142857143,56.388,225,0.09153571428571429,0.517,0.28575,63.5495,240,0.043,0.025214285714285717,0.319,-0.18,0.21232142857142858,0.571,-0.107,1.0049285714285714,1.441,0.519,0.7298214285714286,1.243,0.275,0.19989285714285715,0.386,0.053,1.5462857142857143,2.268,1.113,0.3430357142857143,0.441,-0.182,0.5115999999999999,0.30344444444444446,0.490375,-0.6308,-0.6,-0.65,0.712,0.40284810126582277,97.777,238,0.04212658227848101,0.435,0.23969620253164556,57.7185,248,0.029860759493670886,2.417,1.3297215189873417,318.8465,249,0.17287341772151898,0.44,0.23562025316455695,56.512,248,0.03021518987341772,0.6315714285714286,0.3554827586206897,0.6095384615384616,3
AGC_190,26,21,69,0.643,0.36415384615384616,78.2135,240,0.057499999999999996,0.608,0.2987692307692308,62.2205,210,0.06,0.453,0.23546153846153847,49.366,210,0.042,1.038,0.3591923076923077,75.3655,210,0.13346153846153846,0.616,0.32396153846153847,69.9055,240,0.052384615384615384,0.06365384615384616,0.363,-0.146,0.22742307692307692,0.622,-0.1,0.9337692307692308,1.344,0.473,0.7108076923076923,1.224,0.236,0.18076923076923077,0.34,0.039,1.4840384615384616,2.041,1.081,0.3734230769230769,0.453,0.017,0.6186,0.3484,0.512,-0.6078571428571429,-0.566,-0.647,0.745,0.3536666666666667,90.82000000000001,248,0.04373913043478261,0.505,0.23105797101449274,58.545,214,0.03301449275362319,2.664,1.1563623188405796,302.4995,248,0.1693913043478261,0.534,0.23466666666666666,59.2905,221,0.03369565217391304,0.69175,0.24108000000000002,0.5891818181818181,3
AGC_191,31,18,81,0.613,0.3797741935483871,83.884,285,0.098,0.523,0.3009032258064516,66.9055,235,0.08564516129032258,0.378,0.23838709677419354,52.318,265,0.06074193548387097,0.727,0.32929032258064517,76.171,265,0.164,0.603,0.3450645161290323,77.1935,270,0.0836774193548387,0.07229032258064516,0.297,-0.078,0.2563225806451613,0.553,0.051,0.8975483870967742,1.176,0.55,0.6331935483870967,0.916,0.292,0.19732258064516128,0.331,0.102,1.5181935483870967,2.004,1.232,0.3649032258064516,0.412,0.232,0.5026,0.32136363636363635,0.564,-0.634,-0.612,-0.648,0.717,0.4145432098765432,93.846,248,0.08151851851851852,0.491,0.26362962962962966,60.582499999999996,253,0.05482716049382716,2.568,1.436753086419753,326.797,248,0.30806172839506174,0.511,0.2639135802469136,60.025,253,0.05448148148148148,0.5571428571428572,0.32392592592592595,0.6348333333333334,3
AGC_192,33,28,76,0.659,0.37687878787878787,84.225,245,0.07778787878787878,0.592,0.3020909090909091,68.634,245,0.07245454545454545,0.428,0.23336363636363636,52.169000000000004,245,0.05109090909090909,0.929,0.3286363636363636,78.5555,245,0.145,0.636,0.33021212121212123,74.834,245,0.06651515151515151,0.06551515151515151,0.414,-0.141,0.22342424242424241,0.635,-0.066,0.936060606060606,1.339,0.419,0.7101212121212122,1.156,0.225,0.17524242424242423,0.33,0.06,1.4591818181818181,1.989,1.13,0.3424848484848485,0.435,-0.139,0.5028,0.3068181818181818,0.5728888888888889,-0.6284642857142857,-0.595,-0.651,0.77,0.42948684210526317,101.792,248,0.07057894736842105,0.53,0.271,65.7695,247,0.04635526315789474,2.87,1.4916052631578947,350.3265,249,0.27060526315789474,0.513,0.2691842105263158,64.8555,186,0.04688157894736842,0.5731333333333334,0.3260454545454545,0.6787058823529412,3
AGC_193,28,15,78,0.619,0.3355714285714286,74.6415,245,0.04567857142857143,0.498,0.26135714285714284,57.230999999999995,245,0.04535714285714286,0.37,0.20539285714285713,44.6745,245,0.032357142857142855,0.681,0.25375,58.1135,245,0.092,0.577,0.2657857142857143,60.843,270,0.03982142857142857,-0.023321428571428573,0.236,-0.21,0.1495357142857143,0.531,-0.118,1.108607142857143,1.533,0.62,0.82225,1.271,0.307,0.18292857142857144,0.338,0.073,1.4836785714285714,2.023,1.158,0.39685714285714285,0.455,0.203,0.5178,0.2417,0.5693333333333334,-0.6306666666666667,-0.587,-0.654,0.757,0.3957820512820513,90.14,248,0.04098717948717949,0.468,0.24243589743589744,54.7055,235,0.031064102564102563,2.684,1.3382564102564103,305.42,249,0.1585,0.482,0.23885897435897435,53.622,248,0.03151282051282051,0.601375,0.28432,0.6602142857142856,3
AGC_194,32,14,65,0.651,0.39184375,78.69200000000001,185,0.08828125,0.52,0.2966875,60.033500000000004,185,0.09053125000000001,0.395,0.23484375,47.399,185,0.06328125,0.794,0.3298125,66.7185,185,0.1926875,0.581,0.35465625,70.05,260,0.07178125,0.0995,0.317,-0.12,0.27075,0.56,-0.029,0.8608750000000001,1.278,0.524,0.62553125,1.061,0.285,0.18803125,0.308,0.085,1.49025,1.895,1.188,0.33665625,0.411,0.185,0.4337142857142857,0.3527777777777778,0.5374,-0.6493571428571429,-0.638,-0.656,0.725,0.4038769230769231,94.9325,186,0.06253846153846154,0.467,0.2324153846153846,55.7475,186,0.048907692307692305,2.212,1.3251230769230768,309.8755,186,0.22853846153846155,0.474,0.23215384615384616,54.9655,186,0.04892307692307692,0.5273846153846153,0.3803157894736842,0.6071666666666666,3
AGC_195,31,13,80,0.607,0.3455483870967742,78.60300000000001,240,0.057774193548387094,0.553,0.27561290322580645,61.422000000000004,195,0.06335483870967742,0.391,0.2151290322580645,47.7765,195,0.04467741935483871,0.887,0.2954193548387097,71.327,185,0.13961290322580647,0.576,0.2889032258064516,66.9765,237,0.05467741935483871,0.028,0.304,-0.183,0.19448387096774195,0.583,-0.129,1.0052258064516129,1.45,0.537,0.7622258064516129,1.297,0.266,0.18067741935483872,0.342,0.037,1.4857096774193548,2.053,1.077,0.35280645161290325,0.433,-0.079,0.55,0.3147272727272727,0.5026666666666667,-0.6217692307692307,-0.598,-0.649,0.731,0.40825,95.724,248,0.04655,0.472,0.2595,61.0895,248,0.039025,2.425,1.323325,309.504,249,0.18065,0.492,0.257175,60.0955,248,0.039875,0.6425714285714286,0.3486666666666667,0.616625,3
AGC_196,31,17,79,0.768,0.34161290322580645,78.65350000000001,225,0.04551612903225807,0.782,0.2948387096774194,67.836,215,0.04987096774193549,0.554,0.22212903225806452,51.133,215,0.033774193548387094,1.733,0.387,93.086,215,0.1372258064516129,0.768,0.29116129032258065,69.40899999999999,217,0.044548387096774195,0.0028064516129032257,0.391,-0.205,0.1723225806451613,0.646,-0.125,1.090774193548387,1.518,0.445,0.8160322580645162,1.286,0.219,0.19067741935483873,0.349,0.073,1.518483870967742,2.081,1.158,0.38161290322580643,0.44,0.176,0.7382,0.3185454545454545,0.3157142857142857,-0.6339411764705882,-0.592,-0.657,0.864,0.44155696202531647,97.78,225,0.0389620253164557,0.666,0.29643037974683545,64.563,216,0.032367088607594935,3.334,1.5856708860759494,348.92199999999997,230,0.16786075949367088,0.675,0.2968860759493671,64.48649999999999,216,0.033392405063291136,0.8197142857142857,0.39057142857142857,0.477375,3
AGC_197,30,14,73,0.554,0.28833333333333333,63.927,237,0.042,0.442,0.21096666666666666,46.284,237,0.038033333333333336,0.323,0.17043333333333333,37.283,237,0.0283,0.528,0.15913333333333335,38.0085,237,0.06843333333333333,0.521,0.22223333333333334,50.4175,237,0.0356,-0.04133333333333333,0.206,-0.201,0.11583333333333333,0.47,-0.117,1.1337,1.507,0.662,0.8594666666666667,1.271,0.364,0.16276666666666667,0.294,0.065,1.4108666666666667,1.839,1.141,0.36766666666666664,0.469,-0.118,0.4842,0.23891666666666667,0.4051666666666667,-0.6351428571428571,-0.606,-0.665,0.679,0.3589041095890411,83.0115,248,0.03575342465753425,0.471,0.21187671232876712,48.651,236,0.024726027397260274,2.347,1.2080958904109589,278.03249999999997,248,0.14123287671232876,0.433,0.20813698630136987,47.366,236,0.024575342465753425,0.5746666666666667,0.2771304347826087,0.5235625,3
